# MagicaVoxel @ Ephtracy

# group
o 

# material
mtllib Room.mtl
usemtl palette

# normals
vn -1 0 0
vn 1 0 0
vn 0 0 1
vn 0 0 -1
vn 0 -1 0
vn 0 1 0

# texcoords
vt 0.501953 0.5
vt 0.505859 0.5
vt 0.509766 0.5
vt 0.533203 0.5
vt 0.537109 0.5
vt 0.541016 0.5
vt 0.564453 0.5
vt 0.568359 0.5
vt 0.572266 0.5
vt 0.580078 0.5
vt 0.583984 0.5
vt 0.595703 0.5
vt 0.599609 0.5
vt 0.603516 0.5
vt 0.607422 0.5
vt 0.630859 0.5
vt 0.634766 0.5
vt 0.638672 0.5
vt 0.642578 0.5
vt 0.646484 0.5
vt 0.650391 0.5
vt 0.654297 0.5
vt 0.814453 0.5
vt 0.869141 0.5
vt 0.873047 0.5
vt 0.908203 0.5
vt 0.912109 0.5
vt 0.916016 0.5
vt 0.919922 0.5
vt 0.923828 0.5
vt 0.927734 0.5
vt 0.962891 0.5
vt 0.994141 0.5

# verts
v -10 0 6.4
v -10 0 5.9
v -10 0 5.8
v -10 0 5.1
v -10 0 5
v -10 0 4.1
v -10 0 4
v -10 0 3.1
v -10 0 3
v -10 0 2.1
v -10 0 2
v -10 0 1.1
v -10 0 1
v -10 0 0.0999999
v -10 0 0
v -10 0 -0.9
v -10 0 -1
v -10 0 -1.9
v -10 0 -2
v -10 0 -2.9
v -10 0 -3
v -10 0 -3.9
v -10 0 -4
v -10 0 -4.9
v -10 0 -5
v -10 0 -5.9
v -10 0 -6
v -10 0 -6.4
v -10 0.1 6.4
v -10 0.1 6.2
v -10 0.1 6.1
v -10 0.1 5.9
v -10 0.1 5.8
v -10 0.1 5.5
v -10 0.1 5.4
v -10 0.1 5.1
v -10 0.1 5
v -10 0.1 4.8
v -10 0.1 4.7
v -10 0.1 4.1
v -10 0.1 4
v -10 0.1 3.4
v -10 0.1 3.3
v -10 0.1 3.1
v -10 0.1 3
v -10 0.1 2.7
v -10 0.1 2.6
v -10 0.1 2.1
v -10 0.1 2
v -10 0.1 1.9
v -10 0.1 1.3
v -10 0.1 1.2
v -10 0.1 1.1
v -10 0.1 1
v -10 0.1 0.6
v -10 0.1 0.5
v -10 0.1 0.0999999
v -10 0.1 0
v -10 0.1 -0.0999999
v -10 0.1 -0.2
v -10 0.1 -0.8
v -10 0.1 -0.9
v -10 0.1 -1
v -10 0.1 -1.5
v -10 0.1 -1.6
v -10 0.1 -1.9
v -10 0.1 -2
v -10 0.1 -2.9
v -10 0.1 -3
v -10 0.1 -3.9
v -10 0.1 -4
v -10 0.1 -4.9
v -10 0.1 -5
v -10 0.1 -5.9
v -10 0.1 -6
v -10 0.1 -6.4
v -10 0.3 6.4
v -10 0.3 6.2
v -10 0.3 6.1
v -10 0.3 5.5
v -10 0.3 5.4
v -10 0.3 4.8
v -10 0.3 4.7
v -10 0.3 4.1
v -10 0.3 4
v -10 0.3 3.4
v -10 0.3 3.3
v -10 0.3 2.7
v -10 0.3 2.6
v -10 0.3 2
v -10 0.3 1.9
v -10 0.3 1.3
v -10 0.3 1.2
v -10 0.3 0.6
v -10 0.3 0.5
v -10 0.3 -0.0999999
v -10 0.3 -0.2
v -10 0.3 -0.8
v -10 0.3 -0.9
v -10 0.3 -1.5
v -10 0.3 -1.6
v -10 0.3 -2.2
v -10 0.4 6.4
v -10 0.4 6.2
v -10 0.4 6.1
v -10 0.4 5.5
v -10 0.4 5.4
v -10 0.4 4.8
v -10 0.4 4.7
v -10 0.4 4.1
v -10 0.4 4
v -10 0.4 3.4
v -10 0.4 3.3
v -10 0.4 2.7
v -10 0.4 2.6
v -10 0.4 2
v -10 0.4 1.9
v -10 0.4 1.3
v -10 0.4 1.2
v -10 0.4 0.6
v -10 0.4 0.5
v -10 0.4 -0.0999999
v -10 0.4 -0.2
v -10 0.4 -0.8
v -10 0.4 -0.9
v -10 0.4 -1.5
v -10 0.4 -1.6
v -10 0.4 -2.2
v -10 0.8 6.4
v -10 0.8 6.2
v -10 0.8 6.1
v -10 0.8 5.5
v -10 0.8 5.4
v -10 0.8 4.8
v -10 0.8 4.7
v -10 0.8 4.1
v -10 0.8 4
v -10 0.8 3.4
v -10 0.8 3.3
v -10 0.8 2.7
v -10 0.8 2.6
v -10 0.8 2
v -10 0.8 1.9
v -10 0.8 1.3
v -10 0.8 1.2
v -10 0.8 0.6
v -10 0.8 0.5
v -10 0.8 -0.0999999
v -10 0.8 -0.2
v -10 0.8 -0.8
v -10 0.8 -0.9
v -10 0.8 -1.5
v -10 0.8 -1.6
v -10 0.8 -2.2
v -10 0.9 6.4
v -10 0.9 6.2
v -10 0.9 6.1
v -10 0.9 5.5
v -10 0.9 5.4
v -10 0.9 4.8
v -10 0.9 4.7
v -10 0.9 4.1
v -10 0.9 4
v -10 0.9 3.4
v -10 0.9 3.3
v -10 0.9 2.7
v -10 0.9 2.6
v -10 0.9 2
v -10 0.9 1.9
v -10 0.9 1.3
v -10 0.9 1.2
v -10 0.9 0.6
v -10 0.9 0.5
v -10 0.9 -0.0999999
v -10 0.9 -0.2
v -10 0.9 -0.8
v -10 0.9 -0.9
v -10 0.9 -1.5
v -10 0.9 -1.6
v -10 0.9 -2.2
v -10 1.3 6.4
v -10 1.3 6.2
v -10 1.3 6.1
v -10 1.3 5.5
v -10 1.3 5.4
v -10 1.3 4.8
v -10 1.3 4.7
v -10 1.3 4.1
v -10 1.3 4
v -10 1.3 3.4
v -10 1.3 3.3
v -10 1.3 2.7
v -10 1.3 2.6
v -10 1.3 2
v -10 1.3 1.9
v -10 1.3 1.3
v -10 1.3 1.2
v -10 1.3 0.6
v -10 1.3 0.5
v -10 1.3 -0.0999999
v -10 1.3 -0.2
v -10 1.3 -0.8
v -10 1.3 -0.9
v -10 1.3 -1.5
v -10 1.3 -1.6
v -10 1.3 -2.2
v -10 1.4 6.4
v -10 1.4 6.2
v -10 1.4 6.1
v -10 1.4 5.5
v -10 1.4 5.4
v -10 1.4 4.8
v -10 1.4 4.7
v -10 1.4 4.1
v -10 1.4 4
v -10 1.4 3.4
v -10 1.4 3.3
v -10 1.4 2.7
v -10 1.4 2.6
v -10 1.4 2
v -10 1.4 1.9
v -10 1.4 1.3
v -10 1.4 1.2
v -10 1.4 0.6
v -10 1.4 0.5
v -10 1.4 -0.0999999
v -10 1.4 -0.2
v -10 1.4 -0.8
v -10 1.4 -0.9
v -10 1.4 -1.5
v -10 1.4 -1.6
v -10 1.4 -2.2
v -10 1.8 6.4
v -10 1.8 6.2
v -10 1.8 6.1
v -10 1.8 5.5
v -10 1.8 5.4
v -10 1.8 4.8
v -10 1.8 4.7
v -10 1.8 4.1
v -10 1.8 4
v -10 1.8 3.4
v -10 1.8 3.3
v -10 1.8 2.7
v -10 1.8 2.6
v -10 1.8 2
v -10 1.8 1.9
v -10 1.8 1.3
v -10 1.8 1.2
v -10 1.8 0.6
v -10 1.8 0.5
v -10 1.8 -0.0999999
v -10 1.8 -0.2
v -10 1.8 -0.8
v -10 1.8 -0.9
v -10 1.8 -1.5
v -10 1.8 -1.6
v -10 1.8 -2.2
v -10 1.9 6.4
v -10 1.9 6.2
v -10 1.9 6.1
v -10 1.9 5.5
v -10 1.9 5.4
v -10 1.9 4.8
v -10 1.9 4.7
v -10 1.9 4.1
v -10 1.9 4
v -10 1.9 3.4
v -10 1.9 3.3
v -10 1.9 2.7
v -10 1.9 2.6
v -10 1.9 2
v -10 1.9 1.9
v -10 1.9 1.3
v -10 1.9 1.2
v -10 1.9 0.6
v -10 1.9 0.5
v -10 1.9 -0.0999999
v -10 1.9 -0.2
v -10 1.9 -0.8
v -10 1.9 -0.9
v -10 1.9 -1.5
v -10 1.9 -1.6
v -10 1.9 -2.2
v -10 2.3 6.4
v -10 2.3 6.2
v -10 2.3 6.1
v -10 2.3 5.5
v -10 2.3 5.4
v -10 2.3 4.8
v -10 2.3 4.7
v -10 2.3 4.1
v -10 2.3 4
v -10 2.3 3.4
v -10 2.3 3.3
v -10 2.3 2.7
v -10 2.3 2.6
v -10 2.3 2
v -10 2.3 1.9
v -10 2.3 1.3
v -10 2.3 1.2
v -10 2.3 0.6
v -10 2.3 0.5
v -10 2.3 -0.0999999
v -10 2.3 -0.2
v -10 2.3 -0.8
v -10 2.3 -0.9
v -10 2.3 -1.5
v -10 2.3 -1.6
v -10 2.3 -2.2
v -10 2.4 6.4
v -10 2.4 6.2
v -10 2.4 6.1
v -10 2.4 5.5
v -10 2.4 5.4
v -10 2.4 4.8
v -10 2.4 4.7
v -10 2.4 4.1
v -10 2.4 4
v -10 2.4 3.4
v -10 2.4 3.3
v -10 2.4 2.7
v -10 2.4 2.6
v -10 2.4 2
v -10 2.4 1.9
v -10 2.4 1.3
v -10 2.4 1.2
v -10 2.4 0.6
v -10 2.4 0.5
v -10 2.4 -0.0999999
v -10 2.4 -0.2
v -10 2.4 -0.8
v -10 2.4 -0.9
v -10 2.4 -1.5
v -10 2.4 -1.6
v -10 2.4 -2.2
v -10 2.8 6.4
v -10 2.8 6.2
v -10 2.8 6.1
v -10 2.8 5.5
v -10 2.8 5.4
v -10 2.8 4.8
v -10 2.8 4.7
v -10 2.8 4.1
v -10 2.8 4
v -10 2.8 3.4
v -10 2.8 3.3
v -10 2.8 2.7
v -10 2.8 2.6
v -10 2.8 2
v -10 2.8 1.9
v -10 2.8 1.3
v -10 2.8 1.2
v -10 2.8 0.6
v -10 2.8 0.5
v -10 2.8 -0.0999999
v -10 2.8 -0.2
v -10 2.8 -0.8
v -10 2.8 -0.9
v -10 2.8 -1.5
v -10 2.8 -1.6
v -10 2.8 -2.2
v -10 3.6 6.4
v -10 3.6 6.2
v -10 3.6 6.1
v -10 3.6 5.5
v -10 3.6 5.4
v -10 3.6 4.8
v -10 3.6 4.7
v -10 3.6 4.1
v -10 3.6 4
v -10 3.6 3.4
v -10 3.6 3.3
v -10 3.6 2.7
v -10 3.6 2.6
v -10 3.6 2
v -10 3.6 1.9
v -10 3.6 1.3
v -10 3.6 1.2
v -10 3.6 0.6
v -10 3.6 0.5
v -10 3.6 -0.0999999
v -10 3.6 -0.2
v -10 3.6 -0.8
v -10 3.6 -0.9
v -10 3.6 -1.5
v -10 3.6 -1.6
v -10 3.6 -2.2
v -10 3.8 6.4
v -10 3.8 6.2
v -10 3.8 6.1
v -10 3.8 5.5
v -10 3.8 5.4
v -10 3.8 4.8
v -10 3.8 4.7
v -10 3.8 4.1
v -10 3.8 4
v -10 3.8 3.4
v -10 3.8 3.3
v -10 3.8 2.7
v -10 3.8 2.6
v -10 3.8 2
v -10 3.8 1.9
v -10 3.8 1.3
v -10 3.8 1.2
v -10 3.8 0.6
v -10 3.8 0.5
v -10 3.8 -0.0999999
v -10 3.8 -0.2
v -10 3.8 -0.8
v -10 3.8 -0.9
v -10 3.8 -1.5
v -10 3.8 -1.6
v -10 3.8 -2.2
v -10 3.9 6.4
v -10 3.9 6.2
v -10 3.9 6.1
v -10 3.9 5.5
v -10 3.9 5.4
v -10 3.9 4.8
v -10 3.9 4.7
v -10 3.9 4.1
v -10 3.9 4
v -10 3.9 3.4
v -10 3.9 3.3
v -10 3.9 2.7
v -10 3.9 2.6
v -10 3.9 2
v -10 3.9 1.9
v -10 3.9 1.3
v -10 3.9 1.2
v -10 3.9 0.6
v -10 3.9 0.5
v -10 3.9 -0.0999999
v -10 3.9 -0.2
v -10 3.9 -0.8
v -10 3.9 -0.9
v -10 3.9 -1.5
v -10 3.9 -1.6
v -10 3.9 -2.2
v -10 4.3 6.4
v -10 4.3 6.2
v -10 4.3 6.1
v -10 4.3 5.5
v -10 4.3 5.4
v -10 4.3 4.8
v -10 4.3 4.7
v -10 4.3 4.1
v -10 4.3 4
v -10 4.3 3.4
v -10 4.3 3.3
v -10 4.3 2.7
v -10 4.3 2.6
v -10 4.3 2
v -10 4.3 1.9
v -10 4.3 1.3
v -10 4.3 1.2
v -10 4.3 0.6
v -10 4.3 0.5
v -10 4.3 -0.0999999
v -10 4.3 -0.2
v -10 4.3 -0.8
v -10 4.3 -0.9
v -10 4.3 -1.5
v -10 4.3 -1.6
v -10 4.3 -2.2
v -10 4.4 6.4
v -10 4.4 6.2
v -10 4.4 6.1
v -10 4.4 5.5
v -10 4.4 5.4
v -10 4.4 4.8
v -10 4.4 4.7
v -10 4.4 4.1
v -10 4.4 4
v -10 4.4 3.4
v -10 4.4 3.3
v -10 4.4 2.7
v -10 4.4 2.6
v -10 4.4 2
v -10 4.4 1.9
v -10 4.4 1.3
v -10 4.4 1.2
v -10 4.4 0.6
v -10 4.4 0.5
v -10 4.4 -0.0999999
v -10 4.4 -0.2
v -10 4.4 -0.8
v -10 4.4 -0.9
v -10 4.4 -1.5
v -10 4.4 -1.6
v -10 4.4 -2.2
v -10 4.8 6.4
v -10 4.8 6.2
v -10 4.8 6.1
v -10 4.8 5.5
v -10 4.8 5.4
v -10 4.8 4.8
v -10 4.8 4.7
v -10 4.8 4.1
v -10 4.8 4
v -10 4.8 3.4
v -10 4.8 3.3
v -10 4.8 2.7
v -10 4.8 2.6
v -10 4.8 2
v -10 4.8 1.9
v -10 4.8 1.3
v -10 4.8 1.2
v -10 4.8 0.6
v -10 4.8 0.5
v -10 4.8 -0.0999999
v -10 4.8 -0.2
v -10 4.8 -0.8
v -10 4.8 -0.9
v -10 4.8 -1.5
v -10 4.8 -1.6
v -10 4.8 -2.2
v -10 4.9 6.4
v -10 4.9 -2.2
v -10 5.1 6.4
v -10 5.1 -2.2
v -10 5.2 6.4
v -10 5.2 6.2
v -10 5.2 6.1
v -10 5.2 5.9
v -10 5.2 5.6
v -10 5.2 5.4
v -10 5.2 5.3
v -10 5.2 5.1
v -10 5.2 4.8
v -10 5.2 4.6
v -10 5.2 4.5
v -10 5.2 4.3
v -10 5.2 4
v -10 5.2 3.8
v -10 5.2 3.7
v -10 5.2 3.5
v -10 5.2 3.2
v -10 5.2 3
v -10 5.2 2.9
v -10 5.2 2.7
v -10 5.2 2.4
v -10 5.2 2.2
v -10 5.2 2.1
v -10 5.2 1.9
v -10 5.2 1.6
v -10 5.2 1.4
v -10 5.2 1.3
v -10 5.2 1.1
v -10 5.2 0.8
v -10 5.2 0.6
v -10 5.2 0.5
v -10 5.2 0.3
v -10 5.2 0
v -10 5.2 -0.2
v -10 5.2 -0.3
v -10 5.2 -0.5
v -10 5.2 -0.8
v -10 5.2 -1
v -10 5.2 -1.1
v -10 5.2 -1.3
v -10 5.2 -1.6
v -10 5.2 -1.8
v -10 5.2 -1.9
v -10 5.2 -2.1
v -10 5.2 -2.2
v -10 5.3 6.4
v -10 5.3 6.2
v -10 5.3 6.1
v -10 5.3 5.9
v -10 5.3 5.6
v -10 5.3 5.4
v -10 5.3 5.3
v -10 5.3 5.1
v -10 5.3 4.8
v -10 5.3 4.6
v -10 5.3 4.5
v -10 5.3 4.3
v -10 5.3 4
v -10 5.3 3.8
v -10 5.3 3.7
v -10 5.3 3.5
v -10 5.3 3.2
v -10 5.3 3
v -10 5.3 2.9
v -10 5.3 2.7
v -10 5.3 2.4
v -10 5.3 2.2
v -10 5.3 2.1
v -10 5.3 1.9
v -10 5.3 1.6
v -10 5.3 1.4
v -10 5.3 1.3
v -10 5.3 1.1
v -10 5.3 0.8
v -10 5.3 0.6
v -10 5.3 0.5
v -10 5.3 0.3
v -10 5.3 0
v -10 5.3 -0.2
v -10 5.3 -0.3
v -10 5.3 -0.5
v -10 5.3 -0.8
v -10 5.3 -1
v -10 5.3 -1.1
v -10 5.3 -1.3
v -10 5.3 -1.6
v -10 5.3 -1.8
v -10 5.3 -1.9
v -10 5.3 -2.1
v -10 5.4 6.4
v -10 5.4 6.2
v -10 5.4 6.1
v -10 5.4 5.9
v -10 5.4 5.6
v -10 5.4 5.4
v -10 5.4 5.3
v -10 5.4 5.1
v -10 5.4 4.8
v -10 5.4 4.6
v -10 5.4 4.5
v -10 5.4 4.3
v -10 5.4 4
v -10 5.4 3.8
v -10 5.4 3.7
v -10 5.4 3.5
v -10 5.4 3.2
v -10 5.4 3
v -10 5.4 2.9
v -10 5.4 2.7
v -10 5.4 2.4
v -10 5.4 2.2
v -10 5.4 2.1
v -10 5.4 1.9
v -10 5.4 1.6
v -10 5.4 1.4
v -10 5.4 1.3
v -10 5.4 1.1
v -10 5.4 0.8
v -10 5.4 0.6
v -10 5.4 0.5
v -10 5.4 0.3
v -10 5.4 0
v -10 5.4 -0.2
v -10 5.4 -0.3
v -10 5.4 -0.5
v -10 5.4 -0.8
v -10 5.4 -1
v -10 5.4 -1.1
v -10 5.4 -1.3
v -10 5.4 -1.6
v -10 5.4 -1.8
v -10 5.4 -1.9
v -10 5.4 -2.1
v -10 5.5 6.4
v -10 5.5 6.2
v -10 5.5 6.1
v -10 5.5 5.9
v -10 5.5 5.6
v -10 5.5 5.4
v -10 5.5 5.3
v -10 5.5 5.1
v -10 5.5 4.8
v -10 5.5 4.6
v -10 5.5 4.5
v -10 5.5 4.3
v -10 5.5 4
v -10 5.5 3.8
v -10 5.5 3.7
v -10 5.5 3.5
v -10 5.5 3.2
v -10 5.5 3
v -10 5.5 2.9
v -10 5.5 2.7
v -10 5.5 2.4
v -10 5.5 2.2
v -10 5.5 2.1
v -10 5.5 1.9
v -10 5.5 1.6
v -10 5.5 1.4
v -10 5.5 1.3
v -10 5.5 1.1
v -10 5.5 0.8
v -10 5.5 0.6
v -10 5.5 0.5
v -10 5.5 0.3
v -10 5.5 0
v -10 5.5 -0.2
v -10 5.5 -0.3
v -10 5.5 -0.5
v -10 5.5 -0.8
v -10 5.5 -1
v -10 5.5 -1.1
v -10 5.5 -1.3
v -10 5.5 -1.6
v -10 5.5 -1.8
v -10 5.5 -1.9
v -10 5.5 -2.1
v -10 5.5 -2.2
v -10 5.6 6.4
v -10 5.6 -2.2
v -10 5.8 6.4
v -10 5.8 -2.1
v -10 6 6.4
v -10 6 -2.1
v -10 6 -2.2
v -10 6 -3
v -10 6.2 6.4
v -10 6.2 -2.1
v -10 6.3 6.4
v -10 6.3 6.2
v -10 6.3 6.1
v -10 6.3 5.9
v -10 6.3 5.6
v -10 6.3 5.4
v -10 6.3 5.3
v -10 6.3 5.1
v -10 6.3 4.8
v -10 6.3 4.6
v -10 6.3 4.5
v -10 6.3 4.3
v -10 6.3 4
v -10 6.3 3.8
v -10 6.3 3.7
v -10 6.3 3.5
v -10 6.3 3.2
v -10 6.3 3
v -10 6.3 2.9
v -10 6.3 2.7
v -10 6.3 2.4
v -10 6.3 2.2
v -10 6.3 2.1
v -10 6.3 1.9
v -10 6.3 1.6
v -10 6.3 1.4
v -10 6.3 1.3
v -10 6.3 1.1
v -10 6.3 0.8
v -10 6.3 0.6
v -10 6.3 0.5
v -10 6.3 0.3
v -10 6.3 0
v -10 6.3 -0.2
v -10 6.3 -0.3
v -10 6.3 -0.5
v -10 6.3 -0.8
v -10 6.3 -1
v -10 6.3 -1.1
v -10 6.3 -1.3
v -10 6.3 -1.6
v -10 6.3 -1.8
v -10 6.3 -1.9
v -10 6.3 -2.1
v -10 6.4 6.4
v -10 6.4 6.2
v -10 6.4 6.1
v -10 6.4 5.9
v -10 6.4 5.6
v -10 6.4 5.4
v -10 6.4 5.3
v -10 6.4 5.1
v -10 6.4 4.8
v -10 6.4 4.6
v -10 6.4 4.5
v -10 6.4 4.3
v -10 6.4 4
v -10 6.4 3.8
v -10 6.4 3.7
v -10 6.4 3.5
v -10 6.4 3.2
v -10 6.4 3
v -10 6.4 2.9
v -10 6.4 2.7
v -10 6.4 2.4
v -10 6.4 2.2
v -10 6.4 2.1
v -10 6.4 1.9
v -10 6.4 1.6
v -10 6.4 1.4
v -10 6.4 1.3
v -10 6.4 1.1
v -10 6.4 0.8
v -10 6.4 0.6
v -10 6.4 0.5
v -10 6.4 0.3
v -10 6.4 0
v -10 6.4 -0.2
v -10 6.4 -0.3
v -10 6.4 -0.5
v -10 6.4 -0.8
v -10 6.4 -1
v -10 6.4 -1.1
v -10 6.4 -1.3
v -10 6.4 -1.6
v -10 6.4 -1.8
v -10 6.4 -1.9
v -10 6.4 -2.1
v -10 6.5 6.4
v -10 6.5 6.2
v -10 6.5 6.1
v -10 6.5 5.9
v -10 6.5 5.6
v -10 6.5 5.4
v -10 6.5 5.3
v -10 6.5 5.1
v -10 6.5 4.8
v -10 6.5 4.6
v -10 6.5 4.5
v -10 6.5 4.3
v -10 6.5 4
v -10 6.5 3.8
v -10 6.5 3.7
v -10 6.5 3.5
v -10 6.5 3.2
v -10 6.5 3
v -10 6.5 2.9
v -10 6.5 2.7
v -10 6.5 2.4
v -10 6.5 2.2
v -10 6.5 2.1
v -10 6.5 1.9
v -10 6.5 1.6
v -10 6.5 1.4
v -10 6.5 1.3
v -10 6.5 1.1
v -10 6.5 0.8
v -10 6.5 0.6
v -10 6.5 0.5
v -10 6.5 0.3
v -10 6.5 0
v -10 6.5 -0.2
v -10 6.5 -0.3
v -10 6.5 -0.5
v -10 6.5 -0.8
v -10 6.5 -1
v -10 6.5 -1.1
v -10 6.5 -1.3
v -10 6.5 -1.6
v -10 6.5 -1.8
v -10 6.5 -1.9
v -10 6.5 -2.1
v -10 6.6 6.4
v -10 6.6 6.2
v -10 6.6 6.1
v -10 6.6 5.9
v -10 6.6 5.6
v -10 6.6 5.4
v -10 6.6 5.3
v -10 6.6 5.1
v -10 6.6 4.8
v -10 6.6 4.6
v -10 6.6 4.5
v -10 6.6 4.3
v -10 6.6 4
v -10 6.6 3.8
v -10 6.6 3.7
v -10 6.6 3.5
v -10 6.6 3.2
v -10 6.6 3
v -10 6.6 2.9
v -10 6.6 2.7
v -10 6.6 2.4
v -10 6.6 2.2
v -10 6.6 2.1
v -10 6.6 1.9
v -10 6.6 1.6
v -10 6.6 1.4
v -10 6.6 1.3
v -10 6.6 1.1
v -10 6.6 0.8
v -10 6.6 0.6
v -10 6.6 0.5
v -10 6.6 0.3
v -10 6.6 0
v -10 6.6 -0.2
v -10 6.6 -0.3
v -10 6.6 -0.5
v -10 6.6 -0.8
v -10 6.6 -1
v -10 6.6 -1.1
v -10 6.6 -1.3
v -10 6.6 -1.6
v -10 6.6 -1.8
v -10 6.6 -1.9
v -10 6.6 -2.1
v -10 6.7 6.4
v -10 6.7 -2.1
v -10 6.9 6.4
v -10 6.9 -2.1
v -10 7.1 6.4
v -10 7.1 -2.1
v -10 7.3 6.4
v -10 7.3 -2.1
v -9.9 6 -2.1
v -9.9 6 -2.2
v -9.9 6.2 -2.1
v -9.9 6.2 -2.2
v -9.9 6.3 -2.1
v -9.9 6.3 -2.2
v -9.9 6.4 -2.1
v -9.9 6.4 -2.2
v -9.9 6.5 -2.1
v -9.9 6.5 -2.2
v -9.9 6.6 -2.1
v -9.9 6.6 -2.2
v -9.9 6.7 -2.1
v -9.9 6.7 -2.2
v -9.9 6.9 -2.1
v -9.9 6.9 -2.2
v -9.9 7.1 -2.1
v -9.9 7.1 -2.2
v -9.9 7.3 -2.1
v -9.9 7.3 -2.2
v -9 0.1 1.5
v -9 0.1 1.3
v -9 0.1 -0.4
v -9 0.1 -0.6
v -9 0.8 1.3
v -9 0.8 -0.4
v -9 0.9 1.5
v -9 0.9 -0.6
v -8.3 0.1 2.2
v -8.3 0.1 2.1
v -8.3 0.1 1.7
v -8.3 0.1 1.6
v -8.3 0.5 2.2
v -8.3 0.5 2.1
v -8.3 0.5 1.7
v -8.3 0.5 1.6
v -8.3 0.6 2.2
v -8.3 0.6 1.6
v -7.8 0.1 2.2
v -7.8 0.1 2.1
v -7.8 0.1 1.7
v -7.8 0.1 1.6
v -7.8 0.5 2.2
v -7.8 0.5 2.1
v -7.8 0.5 1.7
v -7.8 0.5 1.6
v -7.1 0.1 1.5
v -7.1 0.1 1.3
v -7.1 0.1 -0.4
v -7.1 0.1 -0.6
v -7.1 0.8 1.5
v -7.1 0.8 1.3
v -7.1 0.8 -0.4
v -7.1 0.8 -0.6
v -6.8 0.1 0.8
v -6.8 0.1 0.7
v -6.8 0.1 0.3
v -6.8 0.1 0.2
v -6.8 0.5 0.8
v -6.8 0.5 0.7
v -6.8 0.5 0.3
v -6.8 0.5 0.2
v -6.8 0.6 0.8
v -6.8 0.6 0.2
v -6.3 0.1 0.8
v -6.3 0.1 0.7
v -6.3 0.1 0.3
v -6.3 0.1 0.2
v -6.3 0.5 0.8
v -6.3 0.5 0.7
v -6.3 0.5 0.3
v -6.3 0.5 0.2
v -5.6 4.3 -0.4
v -5.6 4.3 -0.9
v -5.6 4.5 -0.4
v -5.6 4.5 -0.9
v -5.5 1 -0.4
v -5.5 1 -0.9
v -5.5 1.1 -0.4
v -5.5 1.1 -0.9
v -5.5 1.3 -0.4
v -5.5 1.3 -0.9
v -5.5 1.4 -0.4
v -5.5 1.4 -0.9
v -5.5 4.2 -0.4
v -5.5 4.2 -0.9
v -5.5 4.3 -0.3
v -5.5 4.3 -0.4
v -5.5 4.3 -0.9
v -5.5 4.3 -1
v -5.5 4.5 -0.3
v -5.5 4.5 -0.4
v -5.5 4.5 -0.9
v -5.5 4.5 -1
v -5.5 4.6 -0.4
v -5.5 4.6 -0.9
v -5.4 0.9 -0.4
v -5.4 0.9 -0.9
v -5.4 1 -0.3
v -5.4 1 -0.4
v -5.4 1 -0.9
v -5.4 1 -1
v -5.4 1.1 -0.3
v -5.4 1.1 -0.4
v -5.4 1.1 -0.9
v -5.4 1.1 -1
v -5.4 1.3 -0.3
v -5.4 1.3 -0.4
v -5.4 1.3 -0.9
v -5.4 1.3 -1
v -5.4 1.4 -0.3
v -5.4 1.4 -0.4
v -5.4 1.4 -0.9
v -5.4 1.4 -1
v -5.4 1.5 -0.4
v -5.4 1.5 -0.9
v -5.4 3.9 -0.4
v -5.4 3.9 -0.9
v -5.4 4 -0.4
v -5.4 4 -0.9
v -5.4 4.1 -0.4
v -5.4 4.1 -0.9
v -5.4 4.2 -0.3
v -5.4 4.2 -0.4
v -5.4 4.2 -0.9
v -5.4 4.2 -1
v -5.4 4.3 -0.2
v -5.4 4.3 -0.3
v -5.4 4.3 -0.4
v -5.4 4.3 -0.9
v -5.4 4.3 -1
v -5.4 4.3 -1.1
v -5.4 4.5 -0.2
v -5.4 4.5 -0.3
v -5.4 4.5 -0.4
v -5.4 4.5 -0.9
v -5.4 4.5 -1
v -5.4 4.5 -1.1
v -5.4 4.6 -0.3
v -5.4 4.6 -0.4
v -5.4 4.6 -0.9
v -5.4 4.6 -1
v -5.4 4.7 -0.4
v -5.4 4.7 -0.9
v -5.3 0.1 -0.5
v -5.3 0.1 -0.8
v -5.3 0.3 -0.5
v -5.3 0.3 -0.8
v -5.3 0.4 -0.5
v -5.3 0.4 -0.8
v -5.3 0.5 -0.5
v -5.3 0.5 -0.8
v -5.3 0.6 -0.5
v -5.3 0.6 -0.8
v -5.3 0.9 -0.3
v -5.3 0.9 -0.4
v -5.3 0.9 -0.5
v -5.3 0.9 -0.8
v -5.3 0.9 -0.9
v -5.3 0.9 -1
v -5.3 1 -0.2
v -5.3 1 -0.3
v -5.3 1 -0.4
v -5.3 1 -0.9
v -5.3 1 -1
v -5.3 1 -1.1
v -5.3 1.1 -0.2
v -5.3 1.1 -0.3
v -5.3 1.1 -1
v -5.3 1.1 -1.1
v -5.3 1.3 -0.2
v -5.3 1.3 -0.3
v -5.3 1.3 -1
v -5.3 1.3 -1.1
v -5.3 1.4 -0.2
v -5.3 1.4 -0.3
v -5.3 1.4 -0.4
v -5.3 1.4 -0.9
v -5.3 1.4 -1
v -5.3 1.4 -1.1
v -5.3 1.5 -0.3
v -5.3 1.5 -0.4
v -5.3 1.5 -0.5
v -5.3 1.5 -0.8
v -5.3 1.5 -0.9
v -5.3 1.5 -1
v -5.3 1.6 -0.5
v -5.3 1.6 -0.6
v -5.3 1.6 -0.7
v -5.3 1.6 -0.8
v -5.3 3.8 -0.5
v -5.3 3.8 -0.6
v -5.3 3.8 -0.7
v -5.3 3.8 -0.8
v -5.3 3.9 -0.3
v -5.3 3.9 -0.4
v -5.3 3.9 -0.5
v -5.3 3.9 -0.8
v -5.3 3.9 -0.9
v -5.3 3.9 -1
v -5.3 4 -0.3
v -5.3 4 -0.4
v -5.3 4 -0.9
v -5.3 4 -1
v -5.3 4.1 -0.3
v -5.3 4.1 -0.4
v -5.3 4.1 -0.9
v -5.3 4.1 -1
v -5.3 4.2 -0.2
v -5.3 4.2 -0.3
v -5.3 4.2 -0.4
v -5.3 4.2 -0.9
v -5.3 4.2 -1
v -5.3 4.2 -1.1
v -5.3 4.3 -0.0999999
v -5.3 4.3 -0.2
v -5.3 4.3 -0.3
v -5.3 4.3 -1
v -5.3 4.3 -1.1
v -5.3 4.3 -1.2
v -5.3 4.5 -0.0999999
v -5.3 4.5 -0.2
v -5.3 4.5 -0.3
v -5.3 4.5 -1
v -5.3 4.5 -1.1
v -5.3 4.5 -1.2
v -5.3 4.6 -0.2
v -5.3 4.6 -0.3
v -5.3 4.6 -0.4
v -5.3 4.6 -0.9
v -5.3 4.6 -1
v -5.3 4.6 -1.1
v -5.3 4.7 -0.3
v -5.3 4.7 -0.4
v -5.3 4.7 -0.5
v -5.3 4.7 -0.8
v -5.3 4.7 -0.9
v -5.3 4.7 -1
v -5.3 9 -0.5
v -5.3 9 -0.8
v -5.2 0.1 -0.3
v -5.2 0.1 -0.5
v -5.2 0.1 -0.8
v -5.2 0.1 -0.9
v -5.2 0.1 -1
v -5.2 0.3 -0.3
v -5.2 0.3 -0.5
v -5.2 0.3 -0.8
v -5.2 0.3 -1
v -5.2 0.4 -0.3
v -5.2 0.4 -0.5
v -5.2 0.4 -0.8
v -5.2 0.4 -1
v -5.2 0.5 -0.3
v -5.2 0.5 -0.5
v -5.2 0.5 -0.8
v -5.2 0.5 -1
v -5.2 0.6 -0.3
v -5.2 0.6 -0.5
v -5.2 0.6 -0.8
v -5.2 0.6 -1
v -5.2 0.9 -0.2
v -5.2 0.9 -0.3
v -5.2 0.9 -0.5
v -5.2 0.9 -0.8
v -5.2 0.9 -1
v -5.2 0.9 -1.1
v -5.2 1 -0.0999999
v -5.2 1 -0.2
v -5.2 1 -0.3
v -5.2 1 -1
v -5.2 1 -1.1
v -5.2 1 -1.2
v -5.2 1.1 -0.0999999
v -5.2 1.1 -0.2
v -5.2 1.1 -1.1
v -5.2 1.1 -1.2
v -5.2 1.3 -0.0999999
v -5.2 1.3 -0.2
v -5.2 1.3 -1.1
v -5.2 1.3 -1.2
v -5.2 1.4 -0.0999999
v -5.2 1.4 -0.2
v -5.2 1.4 -0.3
v -5.2 1.4 -1
v -5.2 1.4 -1.1
v -5.2 1.4 -1.2
v -5.2 1.5 -0.2
v -5.2 1.5 -0.3
v -5.2 1.5 -0.5
v -5.2 1.5 -0.8
v -5.2 1.5 -1
v -5.2 1.5 -1.1
v -5.2 1.6 -0.5
v -5.2 1.6 -0.8
v -5.2 3.8 -0.5
v -5.2 3.8 -0.8
v -5.2 3.9 -0.2
v -5.2 3.9 -0.3
v -5.2 3.9 -0.5
v -5.2 3.9 -0.8
v -5.2 3.9 -1
v -5.2 3.9 -1.1
v -5.2 4 -0.2
v -5.2 4 -0.3
v -5.2 4 -1
v -5.2 4 -1.1
v -5.2 4.1 -0.2
v -5.2 4.1 -0.3
v -5.2 4.1 -1
v -5.2 4.1 -1.1
v -5.2 4.2 -0.0999999
v -5.2 4.2 -0.2
v -5.2 4.2 -0.3
v -5.2 4.2 -1
v -5.2 4.2 -1.1
v -5.2 4.2 -1.2
v -5.2 4.3 0
v -5.2 4.3 -0.0999999
v -5.2 4.3 -0.2
v -5.2 4.3 -1.1
v -5.2 4.3 -1.2
v -5.2 4.3 -1.3
v -5.2 4.5 0
v -5.2 4.5 -0.0999999
v -5.2 4.5 -0.2
v -5.2 4.5 -1.1
v -5.2 4.5 -1.2
v -5.2 4.5 -1.3
v -5.2 4.6 -0.0999999
v -5.2 4.6 -0.2
v -5.2 4.6 -0.3
v -5.2 4.6 -1
v -5.2 4.6 -1.1
v -5.2 4.6 -1.2
v -5.2 4.7 -0.2
v -5.2 4.7 -0.3
v -5.2 4.7 -0.4
v -5.2 4.7 -0.5
v -5.2 4.7 -0.8
v -5.2 4.7 -0.9
v -5.2 4.7 -1
v -5.2 4.7 -1.1
v -5.2 9 -0.4
v -5.2 9 -0.5
v -5.2 9 -0.8
v -5.2 9 -0.9
v -5.1 0.9 -0.0999999
v -5.1 0.9 -0.2
v -5.1 0.9 -1.1
v -5.1 0.9 -1.2
v -5.1 1 0
v -5.1 1 -0.0999999
v -5.1 1 -0.2
v -5.1 1 -1.1
v -5.1 1 -1.2
v -5.1 1 -1.3
v -5.1 1.1 0
v -5.1 1.1 -0.0999999
v -5.1 1.1 -1.2
v -5.1 1.1 -1.3
v -5.1 1.3 0
v -5.1 1.3 -0.0999999
v -5.1 1.3 -1.2
v -5.1 1.3 -1.3
v -5.1 1.4 0
v -5.1 1.4 -0.0999999
v -5.1 1.4 -0.2
v -5.1 1.4 -1.1
v -5.1 1.4 -1.2
v -5.1 1.4 -1.3
v -5.1 1.5 -0.0999999
v -5.1 1.5 -0.2
v -5.1 1.5 -1.1
v -5.1 1.5 -1.2
v -5.1 3.9 -0.0999999
v -5.1 3.9 -0.2
v -5.1 3.9 -1.1
v -5.1 3.9 -1.2
v -5.1 4 -0.0999999
v -5.1 4 -0.2
v -5.1 4 -1.1
v -5.1 4 -1.2
v -5.1 4.1 -0.0999999
v -5.1 4.1 -0.2
v -5.1 4.1 -1.1
v -5.1 4.1 -1.2
v -5.1 4.2 0
v -5.1 4.2 -0.0999999
v -5.1 4.2 -0.2
v -5.1 4.2 -1.1
v -5.1 4.2 -1.2
v -5.1 4.2 -1.3
v -5.1 4.3 0.0999999
v -5.1 4.3 0
v -5.1 4.3 -0.0999999
v -5.1 4.3 -1.2
v -5.1 4.3 -1.3
v -5.1 4.3 -1.4
v -5.1 4.5 0.0999999
v -5.1 4.5 0
v -5.1 4.5 -0.0999999
v -5.1 4.5 -1.2
v -5.1 4.5 -1.3
v -5.1 4.5 -1.4
v -5.1 4.6 0
v -5.1 4.6 -0.0999999
v -5.1 4.6 -0.2
v -5.1 4.6 -1.1
v -5.1 4.6 -1.2
v -5.1 4.6 -1.3
v -5.1 4.7 -0.0999999
v -5.1 4.7 -0.2
v -5.1 4.7 -0.3
v -5.1 4.7 -0.4
v -5.1 4.7 -0.9
v -5.1 4.7 -1
v -5.1 4.7 -1.1
v -5.1 4.7 -1.2
v -5.1 9 -0.3
v -5.1 9 -0.4
v -5.1 9 -0.9
v -5.1 9 -1
v -5 0.1 -0.2
v -5 0.1 -0.3
v -5 0.1 -1
v -5 0.1 -1.1
v -5 0.3 -0.2
v -5 0.3 -0.3
v -5 0.3 -1
v -5 0.3 -1.1
v -5 0.4 -0.2
v -5 0.4 -0.3
v -5 0.4 -1
v -5 0.4 -1.1
v -5 0.5 -0.2
v -5 0.5 -0.3
v -5 0.5 -1
v -5 0.5 -1.1
v -5 0.6 -0.2
v -5 0.6 -0.3
v -5 0.6 -1
v -5 0.6 -1.1
v -5 0.9 -0.2
v -5 0.9 -0.3
v -5 0.9 -1
v -5 0.9 -1.1
v -5 1.5 -0.2
v -5 1.5 -0.3
v -5 1.5 -1
v -5 1.5 -1.1
v -5 1.6 -0.3
v -5 1.6 -1
v -5 3.8 -0.3
v -5 3.8 -1
v -5 3.9 -0.2
v -5 3.9 -0.3
v -5 3.9 -1
v -5 3.9 -1.1
v -5 4.7 -0.2
v -5 4.7 -0.3
v -5 4.7 -1
v -5 4.7 -1.1
v -5 9 -0.2
v -5 9 -0.3
v -5 9 -1
v -5 9 -1.1
v -4.2 2.4 -1.8
v -4.2 2.4 -1.9
v -4.2 2.6 -1.8
v -4.2 2.6 -1.9
v -4.2 2.7 -1.8
v -4.2 2.7 -1.9
v -4.2 2.8 -1.8
v -4.2 2.8 -1.9
v -4.1 2.1 -1.8
v -4.1 2.1 -1.9
v -4.1 2.4 -1.8
v -4.1 2.4 -1.9
v -4.1 2.8 -1.8
v -4.1 2.8 -1.9
v -4.1 2.9 -1.8
v -4.1 2.9 -1.9
v -4 1.7 -2
v -4 1.7 -2.1
v -4 1.8 -2.1
v -4 1.9 -2.1
v -4 2.3 -2
v -4 2.3 -2.1
v -3.9 1.6 -2
v -3.9 1.6 -2.1
v -3.9 1.7 -2
v -3.9 1.7 -2.1
v -3.9 2.3 -2
v -3.9 2.3 -2.1
v -3.9 2.4 -2
v -3.9 2.4 -2.1
v -3.8 1.5 -2
v -3.8 1.5 -2.1
v -3.8 1.6 -2
v -3.8 1.6 -2.1
v -3.8 1.8 -1.9
v -3.8 1.8 -2
v -3.8 1.9 -1.9
v -3.8 1.9 -2
v -3.8 2.1 -1.9
v -3.8 2.1 -2
v -3.8 2.2 -1.9
v -3.8 2.2 -2
v -3.8 2.4 -2
v -3.8 2.4 -2.1
v -3.8 2.5 -2
v -3.8 2.5 -2.1
v -3.1 2.5 -2
v -3.1 2.5 -2.1
v -3.1 2.8 -2
v -3.1 2.8 -2.1
v -3.1 2.9 -2
v -3.1 2.9 -2.1
v -3 2.4 -2
v -3 2.4 -2.1
v -3 2.5 -2
v -3 2.5 -2.1
v -2.9 2.3 -2
v -2.9 2.3 -2.1
v -2.9 2.4 -2
v -2.9 2.4 -2.1
v -2.9 2.5 -1.9
v -2.9 2.5 -2
v -2.9 2.8 -1.9
v -2.9 2.8 -2
v -2.8 1.1 -2
v -2.8 1.1 -2.1
v -2.8 1.3 -2.1
v -2.8 1.4 -2.1
v -2.8 1.8 -2.1
v -2.8 1.9 -2.1
v -2.8 2.3 -2
v -2.8 2.3 -2.1
v -2.8 2.4 -1.9
v -2.8 2.4 -2
v -2.8 2.5 -1.9
v -2.8 2.5 -2
v -2.6 2.6 -1.8
v -2.6 2.6 -1.9
v -2.6 2.8 -1.8
v -2.6 2.8 -1.9
v -2.5 2.4 -1.8
v -2.5 2.4 -1.9
v -2.5 2.6 -1.8
v -2.5 2.6 -1.9
v -2.4 2.4 -1.9
v -2.4 2.4 -2
v -2.4 2.6 -1.9
v -2.4 2.6 -2
v -2.3 2.6 -1.9
v -2.3 2.6 -2
v -2.3 2.8 -1.9
v -2.3 2.8 -2
v -1.2 5.3 -1.4
v -1.2 5.3 -1.5
v -1.2 5.8 -1.4
v -1.2 5.8 -1.5
v -1.1 0.1 -1.4
v -1.1 0.1 -2.1
v -1.1 0.2 -1.4
v -1.1 0.2 -1.5
v -1.1 0.3 -1.5
v -1.1 0.3 -1.6
v -1.1 0.3 -2.1
v -1.1 0.4 -2.1
v -1.1 0.5 -1.4
v -1.1 0.5 -1.5
v -1.1 0.6 -1.4
v -1.1 0.6 -1.5
v -1.1 0.8 -2.1
v -1.1 0.9 -1.4
v -1.1 0.9 -1.5
v -1.1 0.9 -2.1
v -1.1 1 -1.4
v -1.1 1 -1.5
v -1.1 1.3 -2.1
v -1.1 1.4 -1.4
v -1.1 1.4 -1.5
v -1.1 1.4 -2.1
v -1.1 1.5 -1.4
v -1.1 1.5 -1.5
v -1.1 1.5 -1.6
v -1.1 1.7 -1.5
v -1.1 1.7 -1.6
v -1.1 1.8 -1.3
v -1.1 1.8 -1.5
v -1.1 1.8 -1.6
v -1.1 1.8 -2.1
v -1.1 1.9 -2.1
v -1.1 2 -1.3
v -1.1 2 -1.4
v -1.1 2.3 -2.1
v -1.1 2.4 -2.1
v -1.1 2.5 -1.4
v -1.1 2.5 -1.6
v -1.1 2.6 -1.3
v -1.1 2.6 -1.4
v -1.1 2.8 -1.3
v -1.1 2.8 -1.6
v -1.1 2.8 -2.1
v -1.1 3.3 -1.3
v -1.1 3.3 -1.5
v -1.1 3.3 -1.6
v -1.1 3.6 -1.5
v -1.1 3.6 -1.6
v -1.1 3.6 -2.1
v -1.1 3.7 -1.5
v -1.1 3.7 -1.6
v -1.1 3.8 -2.1
v -1.1 3.9 -2.1
v -1.1 4 -1.5
v -1.1 4 -2.1
v -1.1 4.2 -1.5
v -1.1 4.2 -2.1
v -1.1 4.3 -1.5
v -1.1 4.3 -2.1
v -1.1 4.4 -2.1
v -1.1 4.7 -1.5
v -1.1 4.7 -2.1
v -1.1 4.8 -1.5
v -1.1 4.8 -2.1
v -1.1 4.9 -1.4
v -1.1 4.9 -1.5
v -1.1 4.9 -2.1
v -1.1 5.1 -2.1
v -1.1 5.2 -1.5
v -1.1 5.2 -2.1
v -1.1 5.3 -1.4
v -1.1 5.3 -1.5
v -1.1 5.3 -2.1
v -1.1 5.5 -2.1
v -1.1 5.6 -2.1
v -1.1 5.7 -1.5
v -1.1 5.7 -2.1
v -1.1 5.8 -1.5
v -1.1 5.8 -2.1
v -1.1 6 -2.1
v -1.1 6.2 -1.5
v -1.1 6.2 -2.1
v -1.1 6.3 -1.5
v -1.1 6.3 -2.1
v -1.1 6.6 -2.1
v -1.1 6.7 -1.5
v -1.1 6.7 -2.1
v -1.1 6.8 -1.5
v -1.1 6.8 -2.1
v -1.1 6.9 -2.1
v -1.1 7.1 -2.1
v -1.1 7.2 -1.5
v -1.1 7.2 -2.1
v -1.1 7.3 -1.5
v -1.1 7.3 -2.1
v -1 4.6 -1.4
v -1 4.6 -1.5
v -1 4.7 -1.5
v -1 4.8 -1.5
v -1 4.9 -1.4
v -1 4.9 -1.5
v -0.900001 4.3 -1.4
v -0.900001 4.3 -1.5
v -0.900001 4.6 -1.4
v -0.900001 4.6 -1.5
v -0.8 4.2 -1.4
v -0.8 4.2 -1.5
v -0.8 4.3 -1.4
v -0.8 4.3 -1.5
v -0.8 5 -1.2
v -0.8 5 -1.4
v -0.8 5.4 -1.2
v -0.8 5.4 -1.4
v -0.7 4.1 -1.4
v -0.7 4.1 -1.5
v -0.7 4.2 -1.4
v -0.7 4.2 -1.5
v -0.7 5.8 -1.4
v -0.7 5.8 -1.5
v -0.7 5.9 -1.4
v -0.7 5.9 -1.5
v -0.6 5.4 -1.2
v -0.6 5.4 -1.4
v -0.6 5.5 -1.2
v -0.6 5.5 -1.4
v -0.6 5.9 -1.4
v -0.6 5.9 -1.5
v -0.6 6 -1.4
v -0.6 6 -1.5
v -0.5 4 -1.4
v -0.5 4 -1.5
v -0.5 4.1 -1.4
v -0.5 4.1 -1.5
v -0.5 6 -1.4
v -0.5 6 -1.5
v -0.5 6.1 -1.4
v -0.5 6.1 -1.5
v -0.400001 3.9 -1.4
v -0.400001 3.9 -1.5
v -0.400001 4 -1.4
v -0.400001 4 -1.5
v -0.400001 5.5 -1.2
v -0.400001 5.5 -1.4
v -0.400001 5.6 -1.2
v -0.400001 5.6 -1.4
v -0.3 3.8 -1.4
v -0.3 3.8 -1.5
v -0.3 3.9 -1.4
v -0.3 3.9 -1.5
v -0.2 4 -1.2
v -0.2 4 -1.4
v -0.2 5.3 -1.2
v -0.2 5.3 -1.4
v -0.2 5.6 -1.2
v -0.2 5.6 -1.4
v -0.2 5.8 -1.2
v -0.2 5.8 -1.4
v -0.1 0.1 -1.3
v -0.1 0.1 -1.6
v -0.1 0.2 -1.3
v -0.1 0.2 -1.4
v -0.1 0.3 -1.4
v -0.1 0.3 -1.5
v -0.1 0.5 -1.3
v -0.1 0.5 -1.4
v -0.1 0.6 -1.3
v -0.1 0.6 -1.4
v -0.1 0.9 -1.3
v -0.1 0.9 -1.4
v -0.1 1 -1.3
v -0.1 1 -1.4
v -0.1 1.4 -1.3
v -0.1 1.4 -1.4
v -0.1 1.5 -1.3
v -0.1 1.5 -1.5
v -0.1 1.5 -1.6
v -0.1 3.7 -1.4
v -0.1 3.7 -1.5
v -0.1 3.8 -1.4
v -0.1 3.8 -1.5
v 0.4 5.2 -1.2
v 0.4 5.2 -1.4
v 0.4 5.3 -1.2
v 0.4 5.3 -1.4
v 0.599999 5 -1.2
v 0.599999 5 -1.4
v 0.599999 5.2 -1.2
v 0.599999 5.2 -1.4
v 0.9 0.1 -1.4
v 0.9 0.1 -1.6
v 0.9 0.2 -1.4
v 0.9 0.2 -1.5
v 0.9 0.3 -1.5
v 0.9 0.3 -1.6
v 0.9 0.5 -1.4
v 0.9 0.5 -1.5
v 0.9 0.6 -1.4
v 0.9 0.6 -1.5
v 0.9 0.9 -1.4
v 0.9 0.9 -1.5
v 0.9 1 -1.4
v 0.9 1 -1.5
v 0.9 1.4 -1.4
v 0.9 1.4 -1.5
v 0.9 1.5 -1.4
v 0.9 1.5 -1.5
v 0.9 1.5 -1.6
v 0.9 1.8 -1.3
v 0.9 1.8 -1.4
v 0.9 2 -1.3
v 0.9 2 -1.4
v 0.9 2 -1.5
v 0.9 2.2 -1.4
v 0.9 2.2 -1.5
v 0.9 2.6 -1.3
v 0.9 2.6 -1.4
v 0.9 2.6 -1.5
v 0.9 2.8 -1.3
v 0.9 2.8 -1.4
v 1.6 2.5 -2
v 1.6 2.5 -2.1
v 1.6 2.8 -2
v 1.6 2.8 -2.1
v 1.6 2.9 -2
v 1.6 2.9 -2.1
v 1.7 2.4 -2
v 1.7 2.4 -2.1
v 1.7 2.5 -2
v 1.7 2.5 -2.1
v 1.8 2.3 -2
v 1.8 2.3 -2.1
v 1.8 2.4 -2
v 1.8 2.4 -2.1
v 1.8 2.5 -1.9
v 1.8 2.5 -2
v 1.8 2.8 -1.9
v 1.8 2.8 -2
v 1.9 1.1 -2
v 1.9 1.1 -2.1
v 1.9 2.3 -2
v 1.9 2.3 -2.1
v 1.9 2.4 -1.9
v 1.9 2.4 -2
v 1.9 2.5 -1.9
v 1.9 2.5 -2
v 2.1 2.6 -1.8
v 2.1 2.6 -1.9
v 2.1 2.8 -1.8
v 2.1 2.8 -1.9
v 2.2 2.4 -1.8
v 2.2 2.4 -1.9
v 2.2 2.6 -1.8
v 2.2 2.6 -1.9
v 2.3 2.4 -1.9
v 2.3 2.4 -2
v 2.3 2.6 -1.9
v 2.3 2.6 -2
v 2.4 2.6 -1.9
v 2.4 2.6 -2
v 2.4 2.8 -1.9
v 2.4 2.8 -2
v 3.3 1.7 -2
v 3.3 1.7 -2.1
v 3.3 2.3 -2
v 3.3 2.3 -2.1
v 3.4 1.6 -2
v 3.4 1.6 -2.1
v 3.4 1.7 -2
v 3.4 1.7 -2.1
v 3.4 2.3 -2
v 3.4 2.3 -2.1
v 3.4 2.4 -2
v 3.4 2.4 -2.1
v 3.5 1.5 -2
v 3.5 1.5 -2.1
v 3.5 1.6 -2
v 3.5 1.6 -2.1
v 3.5 1.8 -1.9
v 3.5 1.8 -2
v 3.5 1.9 -1.9
v 3.5 1.9 -2
v 3.5 2.1 -1.8
v 3.5 2.1 -2
v 3.5 2.2 -1.8
v 3.5 2.2 -2
v 3.5 2.4 -2
v 3.5 2.4 -2.1
v 3.5 2.5 -2
v 3.5 2.5 -2.1
v 3.6 2.4 -1.8
v 3.6 2.4 -1.9
v 3.6 2.6 -1.8
v 3.6 2.6 -1.9
v 3.6 2.7 -1.8
v 3.6 2.7 -1.9
v 3.6 2.8 -1.8
v 3.6 2.8 -1.9
v 3.7 2.2 -1.8
v 3.7 2.2 -1.9
v 3.7 2.4 -1.8
v 3.7 2.4 -1.9
v 3.7 2.8 -1.8
v 3.7 2.8 -1.9
v 3.7 2.9 -1.8
v 3.7 2.9 -1.9
v 4.4 1 -1.9
v 4.4 1 -2
v 4.4 1 -2.1
v 4.4 1.3 -2.1
v 4.4 1.4 -2.1
v 4.4 1.8 -2.1
v 4.4 1.9 -2.1
v 4.4 2.3 -2.1
v 4.4 2.4 -2.1
v 4.4 2.8 -1.9
v 4.4 2.8 -2
v 4.4 2.8 -2.1
v 5.1 1.4 -1.9
v 5.1 1.4 -2
v 5.1 2 -2
v 5.1 2.1 -1.9
v 5.1 2.1 -2
v 5.2 1.3 -1.9
v 5.2 1.3 -2
v 5.2 1.4 -1.9
v 5.2 1.4 -2
v 5.2 2.1 -1.9
v 5.2 2.1 -2
v 5.2 2.2 -1.9
v 5.2 2.2 -2
v 6.7 0.4 1.6
v 6.7 0.4 1.2
v 6.7 0.5 1.6
v 6.7 0.5 1.2
v 6.7 1.1 1.6
v 6.7 1.1 1.2
v 6.7 1.2 1.6
v 6.7 1.2 1.2
v 6.8 0.1 1.6
v 6.8 0.1 1.2
v 6.8 0.2 1.6
v 6.8 0.2 1.2
v 6.8 0.4 1.7
v 6.8 0.4 1.6
v 6.8 0.4 1.2
v 6.8 0.4 1.1
v 6.8 0.5 1.7
v 6.8 0.5 1.6
v 6.8 0.5 1.2
v 6.8 0.5 1.1
v 6.8 1.1 1.7
v 6.8 1.1 1.6
v 6.8 1.1 1.2
v 6.8 1.1 1.1
v 6.8 1.2 1.7
v 6.8 1.2 1.6
v 6.8 1.2 1.2
v 6.8 1.2 1.1
v 6.8 1.4 1.6
v 6.8 1.4 1.2
v 6.8 1.5 1.6
v 6.8 1.5 1.2
v 6.9 0.1 1.7
v 6.9 0.1 1.6
v 6.9 0.1 1.2
v 6.9 0.1 1.1
v 6.9 0.2 1.7
v 6.9 0.2 1.6
v 6.9 0.2 1.2
v 6.9 0.2 1.1
v 6.9 0.4 1.8
v 6.9 0.4 1.7
v 6.9 0.4 1.6
v 6.9 0.4 1.2
v 6.9 0.4 1.1
v 6.9 0.4 1
v 6.9 0.5 1.8
v 6.9 0.5 1.7
v 6.9 0.5 1.1
v 6.9 0.5 1
v 6.9 1.1 1.8
v 6.9 1.1 1.7
v 6.9 1.1 1.1
v 6.9 1.1 1
v 6.9 1.2 1.8
v 6.9 1.2 1.7
v 6.9 1.2 1.6
v 6.9 1.2 1.2
v 6.9 1.2 1.1
v 6.9 1.2 1
v 6.9 1.4 1.7
v 6.9 1.4 1.6
v 6.9 1.4 1.2
v 6.9 1.4 1.1
v 6.9 1.5 1.7
v 6.9 1.5 1.6
v 6.9 1.5 1.2
v 6.9 1.5 1.1
v 7 0.1 1.8
v 7 0.1 1.7
v 7 0.1 1.1
v 7 0.1 1
v 7 0.2 1.8
v 7 0.2 1.7
v 7 0.2 1.1
v 7 0.2 1
v 7 0.4 1.9
v 7 0.4 1.8
v 7 0.4 1.7
v 7 0.4 1.1
v 7 0.4 1
v 7 0.4 0.9
v 7 0.5 1.9
v 7 0.5 1.8
v 7 0.5 1
v 7 0.5 0.9
v 7 1.1 1.9
v 7 1.1 1.8
v 7 1.1 1
v 7 1.1 0.9
v 7 1.2 1.9
v 7 1.2 1.8
v 7 1.2 1.7
v 7 1.2 1.1
v 7 1.2 1
v 7 1.2 0.9
v 7 1.4 1.8
v 7 1.4 1.7
v 7 1.4 1.1
v 7 1.4 1
v 7 1.5 1.8
v 7 1.5 1.7
v 7 1.5 1.1
v 7 1.5 1
v 7.1 0.1 1.9
v 7.1 0.1 1.8
v 7.1 0.1 1
v 7.1 0.1 0.9
v 7.1 0.2 1.9
v 7.1 0.2 1.8
v 7.1 0.2 1
v 7.1 0.2 0.9
v 7.1 0.4 2
v 7.1 0.4 1.9
v 7.1 0.4 1.8
v 7.1 0.4 1
v 7.1 0.4 0.9
v 7.1 0.4 0.8
v 7.1 0.5 2
v 7.1 0.5 1.9
v 7.1 0.5 0.9
v 7.1 0.5 0.8
v 7.1 1.1 2
v 7.1 1.1 1.9
v 7.1 1.1 0.9
v 7.1 1.1 0.8
v 7.1 1.2 2
v 7.1 1.2 1.9
v 7.1 1.2 1.8
v 7.1 1.2 1
v 7.1 1.2 0.9
v 7.1 1.2 0.8
v 7.1 1.4 1.9
v 7.1 1.4 1.8
v 7.1 1.4 1
v 7.1 1.4 0.9
v 7.1 1.5 1.9
v 7.1 1.5 1.8
v 7.1 1.5 1
v 7.1 1.5 0.9
v 7.4 0.4 1.9
v 7.4 0.4 1.8
v 7.4 0.4 1
v 7.4 0.4 0.9
v 7.4 0.5 1.9
v 7.4 0.5 1.8
v 7.4 0.5 1
v 7.4 0.5 0.9
v 7.4 0.6 1.9
v 7.4 0.6 1.8
v 7.4 0.6 1
v 7.4 0.6 0.9
v 7.4 1.1 1.9
v 7.4 1.1 1.8
v 7.4 1.1 1
v 7.4 1.1 0.9
v 7.4 1.2 1.9
v 7.4 1.2 1.8
v 7.4 1.2 1.7
v 7.4 1.2 1
v 7.4 1.2 0.9
v 7.4 1.4 1.8
v 7.4 1.4 1.7
v 7.5 0.1 1.8
v 7.5 0.1 1.7
v 7.5 0.1 1.1
v 7.5 0.1 1
v 7.5 0.2 1.8
v 7.5 0.2 1.7
v 7.5 0.2 1.1
v 7.5 0.2 1
v 7.5 0.4 1.8
v 7.5 0.4 1.7
v 7.5 0.4 1.1
v 7.5 0.4 1
v 7.5 0.4 0.2
v 7.5 0.4 -0.2
v 7.5 0.5 1.9
v 7.5 0.5 1.8
v 7.5 0.5 1.7
v 7.5 0.5 1.1
v 7.5 0.5 1
v 7.5 0.5 0.9
v 7.5 0.5 0.2
v 7.5 0.5 -0.2
v 7.5 0.6 1.9
v 7.5 0.6 1.8
v 7.5 0.6 1.7
v 7.5 0.6 1.1
v 7.5 0.6 1
v 7.5 0.6 0.9
v 7.5 1.1 1.8
v 7.5 1.1 1.7
v 7.5 1.1 1.1
v 7.5 1.1 1
v 7.5 1.1 0.2
v 7.5 1.1 -0.2
v 7.5 1.2 1.8
v 7.5 1.2 1.7
v 7.5 1.2 1.6
v 7.5 1.2 1.2
v 7.5 1.2 1.1
v 7.5 1.2 1
v 7.5 1.2 0.2
v 7.5 1.2 -0.2
v 7.5 1.4 1.7
v 7.5 1.4 1.6
v 7.5 1.4 1.2
v 7.5 1.4 1
v 7.6 0.1 1.7
v 7.6 0.1 1.6
v 7.6 0.1 1.2
v 7.6 0.1 1.1
v 7.6 0.1 0.2
v 7.6 0.1 0.0999999
v 7.6 0.1 0
v 7.6 0.1 -0.2
v 7.6 0.2 1.7
v 7.6 0.2 1.6
v 7.6 0.2 1.2
v 7.6 0.2 1.1
v 7.6 0.2 0.2
v 7.6 0.2 -0.2
v 7.6 0.4 1.7
v 7.6 0.4 1.6
v 7.6 0.4 1.2
v 7.6 0.4 1.1
v 7.6 0.4 0.3
v 7.6 0.4 0.2
v 7.6 0.4 -0.2
v 7.6 0.4 -0.3
v 7.6 0.5 1.8
v 7.6 0.5 1.7
v 7.6 0.5 1.6
v 7.6 0.5 1.2
v 7.6 0.5 1.1
v 7.6 0.5 1
v 7.6 0.5 0.3
v 7.6 0.5 0.2
v 7.6 0.5 -0.2
v 7.6 0.5 -0.3
v 7.6 0.6 1.8
v 7.6 0.6 1.7
v 7.6 0.6 1.6
v 7.6 0.6 1.2
v 7.6 0.6 1.1
v 7.6 0.6 1
v 7.6 1.1 1.7
v 7.6 1.1 1.6
v 7.6 1.1 1.2
v 7.6 1.1 1.1
v 7.6 1.1 0.3
v 7.6 1.1 0.2
v 7.6 1.1 -0.2
v 7.6 1.1 -0.3
v 7.6 1.2 1.7
v 7.6 1.2 1.6
v 7.6 1.2 1.5
v 7.6 1.2 1.3
v 7.6 1.2 1.2
v 7.6 1.2 1.1
v 7.6 1.2 0.3
v 7.6 1.2 0.2
v 7.6 1.2 -0.2
v 7.6 1.2 -0.3
v 7.6 1.4 1.6
v 7.6 1.4 1.5
v 7.6 1.4 1.3
v 7.6 1.4 1.2
v 7.6 1.4 0.2
v 7.6 1.4 -0.2
v 7.6 1.5 0.2
v 7.6 1.5 -0.2
v 7.7 0.1 1.6
v 7.7 0.1 1.5
v 7.7 0.1 1.4
v 7.7 0.1 1.2
v 7.7 0.1 0.3
v 7.7 0.1 0.2
v 7.7 0.1 -0.2
v 7.7 0.1 -0.3
v 7.7 0.2 1.6
v 7.7 0.2 1.2
v 7.7 0.2 0.3
v 7.7 0.2 0.2
v 7.7 0.2 -0.2
v 7.7 0.2 -0.3
v 7.7 0.4 1.6
v 7.7 0.4 1.5
v 7.7 0.4 1.3
v 7.7 0.4 1.2
v 7.7 0.4 0.4
v 7.7 0.4 0.3
v 7.7 0.4 0.2
v 7.7 0.4 -0.2
v 7.7 0.4 -0.3
v 7.7 0.4 -0.4
v 7.7 0.5 1.7
v 7.7 0.5 1.6
v 7.7 0.5 1.5
v 7.7 0.5 1.3
v 7.7 0.5 1.2
v 7.7 0.5 1.1
v 7.7 0.5 0.4
v 7.7 0.5 0.3
v 7.7 0.5 -0.3
v 7.7 0.5 -0.4
v 7.7 0.6 1.7
v 7.7 0.6 1.6
v 7.7 0.6 1.5
v 7.7 0.6 1.3
v 7.7 0.6 1.2
v 7.7 0.6 1.1
v 7.7 1.1 1.6
v 7.7 1.1 1.5
v 7.7 1.1 1.3
v 7.7 1.1 1.2
v 7.7 1.1 0.4
v 7.7 1.1 0.3
v 7.7 1.1 -0.3
v 7.7 1.1 -0.4
v 7.7 1.1 -1.9
v 7.7 1.1 -2
v 7.7 1.2 1.6
v 7.7 1.2 1.5
v 7.7 1.2 1.3
v 7.7 1.2 1.2
v 7.7 1.2 0.4
v 7.7 1.2 0.3
v 7.7 1.2 0.2
v 7.7 1.2 -0.2
v 7.7 1.2 -0.3
v 7.7 1.2 -0.4
v 7.7 1.3 -2
v 7.7 1.4 1.5
v 7.7 1.4 1.3
v 7.7 1.4 0.3
v 7.7 1.4 0.2
v 7.7 1.4 -0.2
v 7.7 1.4 -0.3
v 7.7 1.4 -2
v 7.7 1.5 0.3
v 7.7 1.5 0.2
v 7.7 1.5 -0.2
v 7.7 1.5 -0.3
v 7.7 2 -2
v 7.7 2.1 -2
v 7.7 2.7 -1.9
v 7.7 2.7 -2
v 7.8 0.1 0.4
v 7.8 0.1 0.3
v 7.8 0.1 -0.3
v 7.8 0.1 -0.4
v 7.8 0.2 0.4
v 7.8 0.2 0.3
v 7.8 0.2 -0.3
v 7.8 0.2 -0.4
v 7.8 0.4 1.5
v 7.8 0.4 1.3
v 7.8 0.4 0.5
v 7.8 0.4 0.4
v 7.8 0.4 0.3
v 7.8 0.4 -0.3
v 7.8 0.4 -0.4
v 7.8 0.4 -0.5
v 7.8 0.5 1.6
v 7.8 0.5 1.5
v 7.8 0.5 1.3
v 7.8 0.5 1.2
v 7.8 0.5 0.5
v 7.8 0.5 0.4
v 7.8 0.5 -0.4
v 7.8 0.5 -0.5
v 7.8 0.6 1.6
v 7.8 0.6 1.5
v 7.8 0.6 1.3
v 7.8 0.6 1.2
v 7.8 1.1 1.5
v 7.8 1.1 1.3
v 7.8 1.1 0.5
v 7.8 1.1 0.4
v 7.8 1.1 -0.4
v 7.8 1.1 -0.5
v 7.8 1.2 1.5
v 7.8 1.2 1.3
v 7.8 1.2 0.5
v 7.8 1.2 0.4
v 7.8 1.2 0.3
v 7.8 1.2 -0.3
v 7.8 1.2 -0.4
v 7.8 1.2 -0.5
v 7.8 1.4 0.4
v 7.8 1.4 0.3
v 7.8 1.4 -0.3
v 7.8 1.4 -0.4
v 7.8 1.5 0.4
v 7.8 1.5 0.3
v 7.8 1.5 -0.3
v 7.8 1.5 -0.4
v 7.9 0.1 0.5
v 7.9 0.1 0.4
v 7.9 0.1 -0.4
v 7.9 0.1 -0.5
v 7.9 0.2 0.5
v 7.9 0.2 0.4
v 7.9 0.2 -0.4
v 7.9 0.2 -0.5
v 7.9 0.4 0.6
v 7.9 0.4 0.5
v 7.9 0.4 0.4
v 7.9 0.4 -0.4
v 7.9 0.4 -0.5
v 7.9 0.4 -0.6
v 7.9 0.5 0.6
v 7.9 0.5 0.5
v 7.9 0.5 -0.5
v 7.9 0.5 -0.6
v 7.9 1.1 0.6
v 7.9 1.1 0.5
v 7.9 1.1 -0.5
v 7.9 1.1 -0.6
v 7.9 1.2 0.6
v 7.9 1.2 0.5
v 7.9 1.2 0.4
v 7.9 1.2 -0.4
v 7.9 1.2 -0.5
v 7.9 1.2 -0.6
v 7.9 1.4 0.5
v 7.9 1.4 0.4
v 7.9 1.4 -0.4
v 7.9 1.4 -0.5
v 7.9 1.5 0.5
v 7.9 1.5 0.4
v 7.9 1.5 -0.4
v 7.9 1.5 -0.5
v 8.2 0.4 1.5
v 8.2 0.4 1.1
v 8.2 0.4 0.5
v 8.2 0.4 0.4
v 8.2 0.4 -0.4
v 8.2 0.4 -0.5
v 8.2 0.5 1.5
v 8.2 0.5 1.1
v 8.2 0.5 0.5
v 8.2 0.5 0.4
v 8.2 0.5 -0.4
v 8.2 0.5 -0.5
v 8.2 0.6 0.5
v 8.2 0.6 0.4
v 8.2 0.6 -0.4
v 8.2 0.6 -0.5
v 8.2 1.1 1.5
v 8.2 1.1 1.1
v 8.2 1.1 0.5
v 8.2 1.1 0.4
v 8.2 1.1 -0.4
v 8.2 1.1 -0.5
v 8.2 1.2 1.5
v 8.2 1.2 1.1
v 8.2 1.2 0.5
v 8.2 1.2 0.4
v 8.2 1.2 0.3
v 8.2 1.2 -0.4
v 8.2 1.2 -0.5
v 8.2 1.4 0.4
v 8.2 1.4 0.3
v 8.3 0.1 1.5
v 8.3 0.1 1.1
v 8.3 0.1 0.4
v 8.3 0.1 0.3
v 8.3 0.1 -0.3
v 8.3 0.1 -0.4
v 8.3 0.2 1.5
v 8.3 0.2 1.1
v 8.3 0.2 0.4
v 8.3 0.2 0.3
v 8.3 0.2 -0.3
v 8.3 0.2 -0.4
v 8.3 0.4 1.6
v 8.3 0.4 1.5
v 8.3 0.4 1.1
v 8.3 0.4 1
v 8.3 0.4 0.4
v 8.3 0.4 0.3
v 8.3 0.4 -0.3
v 8.3 0.4 -0.4
v 8.3 0.5 1.6
v 8.3 0.5 1.5
v 8.3 0.5 1.1
v 8.3 0.5 1
v 8.3 0.5 0.5
v 8.3 0.5 0.4
v 8.3 0.5 0.3
v 8.3 0.5 -0.3
v 8.3 0.5 -0.4
v 8.3 0.5 -0.5
v 8.3 0.6 0.5
v 8.3 0.6 0.4
v 8.3 0.6 0.3
v 8.3 0.6 -0.3
v 8.3 0.6 -0.4
v 8.3 0.6 -0.5
v 8.3 1.1 1.6
v 8.3 1.1 1.5
v 8.3 1.1 1.1
v 8.3 1.1 1
v 8.3 1.1 0.4
v 8.3 1.1 0.3
v 8.3 1.1 -0.3
v 8.3 1.1 -0.4
v 8.3 1.2 1.6
v 8.3 1.2 1.5
v 8.3 1.2 1.1
v 8.3 1.2 1
v 8.3 1.2 0.4
v 8.3 1.2 0.3
v 8.3 1.2 0.2
v 8.3 1.2 -0.2
v 8.3 1.2 -0.3
v 8.3 1.2 -0.4
v 8.3 1.4 1.5
v 8.3 1.4 1.1
v 8.3 1.4 0.3
v 8.3 1.4 0.2
v 8.3 1.4 -0.2
v 8.3 1.4 -0.4
v 8.3 1.5 1.5
v 8.3 1.5 1.1
v 8.4 0.1 1.6
v 8.4 0.1 1.5
v 8.4 0.1 1.1
v 8.4 0.1 1
v 8.4 0.1 0.3
v 8.4 0.1 0.2
v 8.4 0.1 -0.2
v 8.4 0.1 -0.3
v 8.4 0.2 1.6
v 8.4 0.2 1.5
v 8.4 0.2 1.1
v 8.4 0.2 1
v 8.4 0.2 0.3
v 8.4 0.2 0.2
v 8.4 0.2 -0.2
v 8.4 0.2 -0.3
v 8.4 0.4 1.7
v 8.4 0.4 1.6
v 8.4 0.4 1.5
v 8.4 0.4 1.1
v 8.4 0.4 1
v 8.4 0.4 0.9
v 8.4 0.4 0.3
v 8.4 0.4 0.2
v 8.4 0.4 -0.2
v 8.4 0.4 -0.3
v 8.4 0.5 1.7
v 8.4 0.5 1.6
v 8.4 0.5 1
v 8.4 0.5 0.9
v 8.4 0.5 0.4
v 8.4 0.5 0.3
v 8.4 0.5 0.2
v 8.4 0.5 -0.2
v 8.4 0.5 -0.3
v 8.4 0.5 -0.4
v 8.4 0.6 0.4
v 8.4 0.6 0.3
v 8.4 0.6 0.2
v 8.4 0.6 -0.2
v 8.4 0.6 -0.3
v 8.4 0.6 -0.4
v 8.4 1.1 1.7
v 8.4 1.1 1.6
v 8.4 1.1 1
v 8.4 1.1 0.9
v 8.4 1.1 0.3
v 8.4 1.1 0.2
v 8.4 1.1 -0.2
v 8.4 1.1 -0.3
v 8.4 1.2 1.7
v 8.4 1.2 1.6
v 8.4 1.2 1.5
v 8.4 1.2 1.1
v 8.4 1.2 1
v 8.4 1.2 0.9
v 8.4 1.2 0.3
v 8.4 1.2 0.2
v 8.4 1.2 0.0999999
v 8.4 1.2 -0.0999999
v 8.4 1.2 -0.2
v 8.4 1.2 -0.3
v 8.4 1.4 1.6
v 8.4 1.4 1.5
v 8.4 1.4 1.1
v 8.4 1.4 1
v 8.4 1.4 0.2
v 8.4 1.4 0.0999999
v 8.4 1.4 -0.0999999
v 8.4 1.4 -0.2
v 8.4 1.5 1.6
v 8.4 1.5 1.5
v 8.4 1.5 1.1
v 8.4 1.5 1
v 8.5 0.1 1.7
v 8.5 0.1 1.6
v 8.5 0.1 1
v 8.5 0.1 0.9
v 8.5 0.1 0.2
v 8.5 0.1 0.0999999
v 8.5 0.1 0
v 8.5 0.1 -0.2
v 8.5 0.2 1.7
v 8.5 0.2 1.6
v 8.5 0.2 1
v 8.5 0.2 0.9
v 8.5 0.2 0.2
v 8.5 0.2 -0.2
v 8.5 0.4 1.8
v 8.5 0.4 1.7
v 8.5 0.4 1.6
v 8.5 0.4 1
v 8.5 0.4 0.9
v 8.5 0.4 0.8
v 8.5 0.4 0.2
v 8.5 0.4 0.0999999
v 8.5 0.4 -0.0999999
v 8.5 0.4 -0.2
v 8.5 0.5 1.8
v 8.5 0.5 1.7
v 8.5 0.5 0.9
v 8.5 0.5 0.8
v 8.5 0.5 0.3
v 8.5 0.5 0.2
v 8.5 0.5 0.0999999
v 8.5 0.5 -0.0999999
v 8.5 0.5 -0.2
v 8.5 0.5 -0.3
v 8.5 0.6 0.3
v 8.5 0.6 0.2
v 8.5 0.6 0.0999999
v 8.5 0.6 -0.0999999
v 8.5 0.6 -0.2
v 8.5 0.6 -0.3
v 8.5 1.1 1.8
v 8.5 1.1 1.7
v 8.5 1.1 0.9
v 8.5 1.1 0.8
v 8.5 1.1 0.2
v 8.5 1.1 0.0999999
v 8.5 1.1 -0.0999999
v 8.5 1.1 -0.2
v 8.5 1.2 1.8
v 8.5 1.2 1.7
v 8.5 1.2 1.6
v 8.5 1.2 1
v 8.5 1.2 0.9
v 8.5 1.2 0.8
v 8.5 1.2 0.2
v 8.5 1.2 0.0999999
v 8.5 1.2 -0.0999999
v 8.5 1.2 -0.2
v 8.5 1.4 1.7
v 8.5 1.4 1.6
v 8.5 1.4 1
v 8.5 1.4 0.9
v 8.5 1.4 0.0999999
v 8.5 1.4 -0.0999999
v 8.5 1.5 1.7
v 8.5 1.5 1.6
v 8.5 1.5 1
v 8.5 1.5 0.9
v 8.6 0.1 1.8
v 8.6 0.1 1.7
v 8.6 0.1 0.9
v 8.6 0.1 0.8
v 8.6 0.2 1.8
v 8.6 0.2 1.7
v 8.6 0.2 0.9
v 8.6 0.2 0.8
v 8.6 0.4 1.9
v 8.6 0.4 1.8
v 8.6 0.4 1.7
v 8.6 0.4 0.9
v 8.6 0.4 0.8
v 8.6 0.4 0.7
v 8.6 0.4 0.0999999
v 8.6 0.4 -0.0999999
v 8.6 0.5 1.9
v 8.6 0.5 1.8
v 8.6 0.5 0.8
v 8.6 0.5 0.7
v 8.6 0.5 0.2
v 8.6 0.5 0.0999999
v 8.6 0.5 -0.0999999
v 8.6 0.5 -0.2
v 8.6 0.6 0.2
v 8.6 0.6 0.0999999
v 8.6 0.6 -0.0999999
v 8.6 0.6 -0.2
v 8.6 1.1 1.9
v 8.6 1.1 1.8
v 8.6 1.1 0.8
v 8.6 1.1 0.7
v 8.6 1.1 0.0999999
v 8.6 1.1 -0.0999999
v 8.6 1.2 1.9
v 8.6 1.2 1.8
v 8.6 1.2 1.7
v 8.6 1.2 0.9
v 8.6 1.2 0.8
v 8.6 1.2 0.7
v 8.6 1.2 0.0999999
v 8.6 1.2 -0.0999999
v 8.6 1.4 1.8
v 8.6 1.4 1.7
v 8.6 1.4 0.9
v 8.6 1.4 0.8
v 8.6 1.5 1.8
v 8.6 1.5 1.7
v 8.6 1.5 0.9
v 8.6 1.5 0.8
v 8.9 0.4 1.8
v 8.9 0.4 1.7
v 8.9 0.4 0.9
v 8.9 0.4 0.8
v 8.9 0.5 1.8
v 8.9 0.5 1.7
v 8.9 0.5 0.9
v 8.9 0.5 0.8
v 8.9 0.6 1.8
v 8.9 0.6 1.7
v 8.9 0.6 0.9
v 8.9 0.6 0.8
v 8.9 1.1 1.8
v 8.9 1.1 1.7
v 8.9 1.1 0.9
v 8.9 1.1 0.8
v 8.9 1.2 1.8
v 8.9 1.2 1.7
v 8.9 1.2 1.6
v 8.9 1.2 0.9
v 8.9 1.2 0.8
v 8.9 1.4 1.7
v 8.9 1.4 1.6
v 9 0.1 1.7
v 9 0.1 1.6
v 9 0.1 1
v 9 0.1 0.9
v 9 0.2 1.7
v 9 0.2 1.6
v 9 0.2 1
v 9 0.2 0.9
v 9 0.4 1.7
v 9 0.4 1.6
v 9 0.4 1
v 9 0.4 0.9
v 9 0.5 1.8
v 9 0.5 1.7
v 9 0.5 1.6
v 9 0.5 1
v 9 0.5 0.9
v 9 0.5 0.8
v 9 0.6 1.8
v 9 0.6 1.7
v 9 0.6 1.6
v 9 0.6 1
v 9 0.6 0.9
v 9 0.6 0.8
v 9 1.1 1.7
v 9 1.1 1.6
v 9 1.1 1
v 9 1.1 0.9
v 9 1.2 1.7
v 9 1.2 1.6
v 9 1.2 1.5
v 9 1.2 1.1
v 9 1.2 1
v 9 1.2 0.9
v 9 1.4 1.6
v 9 1.4 1.5
v 9 1.4 1.1
v 9 1.4 0.9
v 9.1 0.1 1.6
v 9.1 0.1 1.5
v 9.1 0.1 1.1
v 9.1 0.1 1
v 9.1 0.2 1.6
v 9.1 0.2 1.5
v 9.1 0.2 1.1
v 9.1 0.2 1
v 9.1 0.4 1.6
v 9.1 0.4 1.5
v 9.1 0.4 1.1
v 9.1 0.4 1
v 9.1 0.5 1.7
v 9.1 0.5 1.6
v 9.1 0.5 1.5
v 9.1 0.5 1.1
v 9.1 0.5 1
v 9.1 0.5 0.9
v 9.1 0.6 1.7
v 9.1 0.6 1.6
v 9.1 0.6 1.5
v 9.1 0.6 1.1
v 9.1 0.6 1
v 9.1 0.6 0.9
v 9.1 1.1 1.6
v 9.1 1.1 1.5
v 9.1 1.1 1.1
v 9.1 1.1 1
v 9.1 1.2 1.6
v 9.1 1.2 1.5
v 9.1 1.2 1.4
v 9.1 1.2 1.2
v 9.1 1.2 1.1
v 9.1 1.2 1
v 9.1 1.4 1.5
v 9.1 1.4 1.4
v 9.1 1.4 1.2
v 9.1 1.4 1.1
v 9.2 0.1 1.5
v 9.2 0.1 1.4
v 9.2 0.1 1.3
v 9.2 0.1 1.1
v 9.2 0.2 1.5
v 9.2 0.2 1.1
v 9.2 0.4 1.5
v 9.2 0.4 1.4
v 9.2 0.4 1.2
v 9.2 0.4 1.1
v 9.2 0.5 1.6
v 9.2 0.5 1.5
v 9.2 0.5 1.4
v 9.2 0.5 1.2
v 9.2 0.5 1.1
v 9.2 0.5 1
v 9.2 0.6 1.6
v 9.2 0.6 1.5
v 9.2 0.6 1.4
v 9.2 0.6 1.2
v 9.2 0.6 1.1
v 9.2 0.6 1
v 9.2 1.1 1.5
v 9.2 1.1 1.4
v 9.2 1.1 1.2
v 9.2 1.1 1.1
v 9.2 1.2 1.5
v 9.2 1.2 1.4
v 9.2 1.2 1.2
v 9.2 1.2 1.1
v 9.2 1.4 1.4
v 9.2 1.4 1.2
v 9.3 0.4 1.4
v 9.3 0.4 1.2
v 9.3 0.5 1.5
v 9.3 0.5 1.4
v 9.3 0.5 1.2
v 9.3 0.5 1.1
v 9.3 0.6 1.5
v 9.3 0.6 1.4
v 9.3 0.6 1.2
v 9.3 0.6 1.1
v 9.3 1.1 1.4
v 9.3 1.1 1.2
v 9.3 1.2 1.4
v 9.3 1.2 1.2
v 9.9 0.1 6.4
v 9.9 0.1 6.2
v 9.9 0.1 6.1
v 9.9 0.1 5.9
v 9.9 0.1 5.8
v 9.9 0.1 5.5
v 9.9 0.1 5.4
v 9.9 0.1 5.1
v 9.9 0.1 5
v 9.9 0.1 4.8
v 9.9 0.1 4.7
v 9.9 0.1 4.1
v 9.9 0.1 4
v 9.9 0.1 3.4
v 9.9 0.1 3.3
v 9.9 0.1 3.1
v 9.9 0.1 3
v 9.9 0.1 2.7
v 9.9 0.1 2.6
v 9.9 0.1 2.1
v 9.9 0.1 2
v 9.9 0.1 1.9
v 9.9 0.1 1.3
v 9.9 0.1 1.2
v 9.9 0.1 1.1
v 9.9 0.1 1
v 9.9 0.1 0.6
v 9.9 0.1 0.5
v 9.9 0.1 0.0999999
v 9.9 0.1 0
v 9.9 0.1 -0.0999999
v 9.9 0.1 -0.2
v 9.9 0.1 -0.8
v 9.9 0.1 -0.9
v 9.9 0.1 -1
v 9.9 0.1 -1.5
v 9.9 0.1 -1.6
v 9.9 0.1 -1.9
v 9.9 0.1 -2
v 9.9 0.1 -2.1
v 9.9 0.3 6.4
v 9.9 0.3 6.2
v 9.9 0.3 6.1
v 9.9 0.3 5.5
v 9.9 0.3 5.4
v 9.9 0.3 4.8
v 9.9 0.3 4.7
v 9.9 0.3 4.1
v 9.9 0.3 4
v 9.9 0.3 3.4
v 9.9 0.3 3.3
v 9.9 0.3 2.7
v 9.9 0.3 2.6
v 9.9 0.3 2
v 9.9 0.3 1.9
v 9.9 0.3 1.3
v 9.9 0.3 1.2
v 9.9 0.3 0.6
v 9.9 0.3 0.5
v 9.9 0.3 -0.0999999
v 9.9 0.3 -0.2
v 9.9 0.3 -0.8
v 9.9 0.3 -0.9
v 9.9 0.3 -1.5
v 9.9 0.3 -1.6
v 9.9 0.3 -2.1
v 9.9 0.4 6.4
v 9.9 0.4 6.2
v 9.9 0.4 6.1
v 9.9 0.4 5.5
v 9.9 0.4 5.4
v 9.9 0.4 4.8
v 9.9 0.4 4.7
v 9.9 0.4 4.1
v 9.9 0.4 4
v 9.9 0.4 3.4
v 9.9 0.4 3.3
v 9.9 0.4 2.7
v 9.9 0.4 2.6
v 9.9 0.4 2
v 9.9 0.4 1.9
v 9.9 0.4 1.3
v 9.9 0.4 1.2
v 9.9 0.4 0.6
v 9.9 0.4 0.5
v 9.9 0.4 -0.0999999
v 9.9 0.4 -0.2
v 9.9 0.4 -0.8
v 9.9 0.4 -0.9
v 9.9 0.4 -1.5
v 9.9 0.4 -1.6
v 9.9 0.4 -2.1
v 9.9 0.8 6.4
v 9.9 0.8 6.2
v 9.9 0.8 6.1
v 9.9 0.8 5.5
v 9.9 0.8 5.4
v 9.9 0.8 4.8
v 9.9 0.8 4.7
v 9.9 0.8 4.1
v 9.9 0.8 4
v 9.9 0.8 3.4
v 9.9 0.8 3.3
v 9.9 0.8 2.7
v 9.9 0.8 2.6
v 9.9 0.8 2
v 9.9 0.8 1.9
v 9.9 0.8 1.3
v 9.9 0.8 1.2
v 9.9 0.8 0.6
v 9.9 0.8 0.5
v 9.9 0.8 -0.0999999
v 9.9 0.8 -0.2
v 9.9 0.8 -0.8
v 9.9 0.8 -0.9
v 9.9 0.8 -1.5
v 9.9 0.8 -1.6
v 9.9 0.8 -2.1
v 9.9 0.9 6.4
v 9.9 0.9 6.2
v 9.9 0.9 6.1
v 9.9 0.9 5.5
v 9.9 0.9 5.4
v 9.9 0.9 4.8
v 9.9 0.9 4.7
v 9.9 0.9 4.1
v 9.9 0.9 4
v 9.9 0.9 3.4
v 9.9 0.9 3.3
v 9.9 0.9 2.7
v 9.9 0.9 2.6
v 9.9 0.9 2
v 9.9 0.9 1.9
v 9.9 0.9 1.3
v 9.9 0.9 1.2
v 9.9 0.9 0.6
v 9.9 0.9 0.5
v 9.9 0.9 -0.0999999
v 9.9 0.9 -0.2
v 9.9 0.9 -0.8
v 9.9 0.9 -0.9
v 9.9 0.9 -1.5
v 9.9 0.9 -1.6
v 9.9 0.9 -2.1
v 9.9 1.3 6.4
v 9.9 1.3 6.2
v 9.9 1.3 6.1
v 9.9 1.3 5.5
v 9.9 1.3 5.4
v 9.9 1.3 4.8
v 9.9 1.3 4.7
v 9.9 1.3 4.1
v 9.9 1.3 4
v 9.9 1.3 3.4
v 9.9 1.3 3.3
v 9.9 1.3 2.7
v 9.9 1.3 2.6
v 9.9 1.3 2
v 9.9 1.3 1.9
v 9.9 1.3 1.3
v 9.9 1.3 1.2
v 9.9 1.3 0.6
v 9.9 1.3 0.5
v 9.9 1.3 -0.0999999
v 9.9 1.3 -0.2
v 9.9 1.3 -0.8
v 9.9 1.3 -0.9
v 9.9 1.3 -1.5
v 9.9 1.3 -1.6
v 9.9 1.3 -2.1
v 9.9 1.4 6.4
v 9.9 1.4 6.2
v 9.9 1.4 6.1
v 9.9 1.4 5.5
v 9.9 1.4 5.4
v 9.9 1.4 4.8
v 9.9 1.4 4.7
v 9.9 1.4 4.1
v 9.9 1.4 4
v 9.9 1.4 3.4
v 9.9 1.4 3.3
v 9.9 1.4 2.7
v 9.9 1.4 2.6
v 9.9 1.4 2
v 9.9 1.4 1.9
v 9.9 1.4 1.3
v 9.9 1.4 1.2
v 9.9 1.4 0.6
v 9.9 1.4 0.5
v 9.9 1.4 -0.0999999
v 9.9 1.4 -0.2
v 9.9 1.4 -0.8
v 9.9 1.4 -0.9
v 9.9 1.4 -1.5
v 9.9 1.4 -1.6
v 9.9 1.4 -2.1
v 9.9 1.8 6.4
v 9.9 1.8 6.2
v 9.9 1.8 6.1
v 9.9 1.8 5.5
v 9.9 1.8 5.4
v 9.9 1.8 4.8
v 9.9 1.8 4.7
v 9.9 1.8 4.1
v 9.9 1.8 4
v 9.9 1.8 3.4
v 9.9 1.8 3.3
v 9.9 1.8 2.7
v 9.9 1.8 2.6
v 9.9 1.8 2
v 9.9 1.8 1.9
v 9.9 1.8 1.3
v 9.9 1.8 1.2
v 9.9 1.8 0.6
v 9.9 1.8 0.5
v 9.9 1.8 -0.0999999
v 9.9 1.8 -0.2
v 9.9 1.8 -0.8
v 9.9 1.8 -0.9
v 9.9 1.8 -1.5
v 9.9 1.8 -1.6
v 9.9 1.8 -2.1
v 9.9 1.9 6.4
v 9.9 1.9 6.2
v 9.9 1.9 6.1
v 9.9 1.9 5.5
v 9.9 1.9 5.4
v 9.9 1.9 4.8
v 9.9 1.9 4.7
v 9.9 1.9 4.1
v 9.9 1.9 4
v 9.9 1.9 3.4
v 9.9 1.9 3.3
v 9.9 1.9 2.7
v 9.9 1.9 2.6
v 9.9 1.9 2
v 9.9 1.9 1.9
v 9.9 1.9 1.3
v 9.9 1.9 1.2
v 9.9 1.9 0.6
v 9.9 1.9 0.5
v 9.9 1.9 -0.0999999
v 9.9 1.9 -0.2
v 9.9 1.9 -0.8
v 9.9 1.9 -0.9
v 9.9 1.9 -1.5
v 9.9 1.9 -1.6
v 9.9 1.9 -2.1
v 9.9 2.3 6.4
v 9.9 2.3 6.2
v 9.9 2.3 6.1
v 9.9 2.3 5.5
v 9.9 2.3 5.4
v 9.9 2.3 4.8
v 9.9 2.3 4.7
v 9.9 2.3 4.1
v 9.9 2.3 4
v 9.9 2.3 3.4
v 9.9 2.3 3.3
v 9.9 2.3 2.7
v 9.9 2.3 2.6
v 9.9 2.3 2
v 9.9 2.3 1.9
v 9.9 2.3 1.3
v 9.9 2.3 1.2
v 9.9 2.3 0.6
v 9.9 2.3 0.5
v 9.9 2.3 -0.0999999
v 9.9 2.3 -0.2
v 9.9 2.3 -0.8
v 9.9 2.3 -0.9
v 9.9 2.3 -1.5
v 9.9 2.3 -1.6
v 9.9 2.3 -2.1
v 9.9 2.4 6.4
v 9.9 2.4 6.2
v 9.9 2.4 6.1
v 9.9 2.4 5.5
v 9.9 2.4 5.4
v 9.9 2.4 4.8
v 9.9 2.4 4.7
v 9.9 2.4 4.1
v 9.9 2.4 4
v 9.9 2.4 3.4
v 9.9 2.4 3.3
v 9.9 2.4 2.7
v 9.9 2.4 2.6
v 9.9 2.4 2
v 9.9 2.4 1.9
v 9.9 2.4 1.3
v 9.9 2.4 1.2
v 9.9 2.4 0.6
v 9.9 2.4 0.5
v 9.9 2.4 -0.0999999
v 9.9 2.4 -0.2
v 9.9 2.4 -0.8
v 9.9 2.4 -0.9
v 9.9 2.4 -1.5
v 9.9 2.4 -1.6
v 9.9 2.4 -2.1
v 9.9 2.8 6.4
v 9.9 2.8 6.2
v 9.9 2.8 6.1
v 9.9 2.8 5.5
v 9.9 2.8 5.4
v 9.9 2.8 4.8
v 9.9 2.8 4.7
v 9.9 2.8 4.1
v 9.9 2.8 4
v 9.9 2.8 3.4
v 9.9 2.8 3.3
v 9.9 2.8 2.7
v 9.9 2.8 2.6
v 9.9 2.8 2
v 9.9 2.8 1.9
v 9.9 2.8 1.3
v 9.9 2.8 1.2
v 9.9 2.8 0.6
v 9.9 2.8 0.5
v 9.9 2.8 -0.0999999
v 9.9 2.8 -0.2
v 9.9 2.8 -0.8
v 9.9 2.8 -0.9
v 9.9 2.8 -1.5
v 9.9 2.8 -1.6
v 9.9 2.8 -2.1
v 9.9 3.6 6.4
v 9.9 3.6 6.2
v 9.9 3.6 6.1
v 9.9 3.6 5.5
v 9.9 3.6 5.4
v 9.9 3.6 4.8
v 9.9 3.6 4.7
v 9.9 3.6 4.1
v 9.9 3.6 4
v 9.9 3.6 3.4
v 9.9 3.6 3.3
v 9.9 3.6 2.7
v 9.9 3.6 2.6
v 9.9 3.6 2
v 9.9 3.6 1.9
v 9.9 3.6 1.3
v 9.9 3.6 1.2
v 9.9 3.6 0.6
v 9.9 3.6 0.5
v 9.9 3.6 -0.0999999
v 9.9 3.6 -0.2
v 9.9 3.6 -0.8
v 9.9 3.6 -0.9
v 9.9 3.6 -1.5
v 9.9 3.6 -1.6
v 9.9 3.6 -2.1
v 9.9 3.8 6.4
v 9.9 3.8 6.2
v 9.9 3.8 6.1
v 9.9 3.8 5.5
v 9.9 3.8 5.4
v 9.9 3.8 4.8
v 9.9 3.8 4.7
v 9.9 3.8 4.1
v 9.9 3.8 4
v 9.9 3.8 3.4
v 9.9 3.8 3.3
v 9.9 3.8 2.7
v 9.9 3.8 2.6
v 9.9 3.8 2
v 9.9 3.8 1.9
v 9.9 3.8 1.3
v 9.9 3.8 1.2
v 9.9 3.8 0.6
v 9.9 3.8 0.5
v 9.9 3.8 -0.0999999
v 9.9 3.8 -0.2
v 9.9 3.8 -0.8
v 9.9 3.8 -0.9
v 9.9 3.8 -1.5
v 9.9 3.8 -1.6
v 9.9 3.8 -2.1
v 9.9 3.9 6.4
v 9.9 3.9 6.2
v 9.9 3.9 6.1
v 9.9 3.9 5.5
v 9.9 3.9 5.4
v 9.9 3.9 4.8
v 9.9 3.9 4.7
v 9.9 3.9 4.1
v 9.9 3.9 4
v 9.9 3.9 3.4
v 9.9 3.9 3.3
v 9.9 3.9 2.7
v 9.9 3.9 2.6
v 9.9 3.9 2
v 9.9 3.9 1.9
v 9.9 3.9 1.3
v 9.9 3.9 1.2
v 9.9 3.9 0.6
v 9.9 3.9 0.5
v 9.9 3.9 -0.0999999
v 9.9 3.9 -0.2
v 9.9 3.9 -0.8
v 9.9 3.9 -0.9
v 9.9 3.9 -1.5
v 9.9 3.9 -1.6
v 9.9 3.9 -2.1
v 9.9 4.3 6.4
v 9.9 4.3 6.2
v 9.9 4.3 6.1
v 9.9 4.3 5.5
v 9.9 4.3 5.4
v 9.9 4.3 4.8
v 9.9 4.3 4.7
v 9.9 4.3 4.1
v 9.9 4.3 4
v 9.9 4.3 3.4
v 9.9 4.3 3.3
v 9.9 4.3 2.7
v 9.9 4.3 2.6
v 9.9 4.3 2
v 9.9 4.3 1.9
v 9.9 4.3 1.3
v 9.9 4.3 1.2
v 9.9 4.3 0.6
v 9.9 4.3 0.5
v 9.9 4.3 -0.0999999
v 9.9 4.3 -0.2
v 9.9 4.3 -0.8
v 9.9 4.3 -0.9
v 9.9 4.3 -1.5
v 9.9 4.3 -1.6
v 9.9 4.3 -2.1
v 9.9 4.4 6.4
v 9.9 4.4 6.2
v 9.9 4.4 6.1
v 9.9 4.4 5.5
v 9.9 4.4 5.4
v 9.9 4.4 4.8
v 9.9 4.4 4.7
v 9.9 4.4 4.1
v 9.9 4.4 4
v 9.9 4.4 3.4
v 9.9 4.4 3.3
v 9.9 4.4 2.7
v 9.9 4.4 2.6
v 9.9 4.4 2
v 9.9 4.4 1.9
v 9.9 4.4 1.3
v 9.9 4.4 1.2
v 9.9 4.4 0.6
v 9.9 4.4 0.5
v 9.9 4.4 -0.0999999
v 9.9 4.4 -0.2
v 9.9 4.4 -0.8
v 9.9 4.4 -0.9
v 9.9 4.4 -1.5
v 9.9 4.4 -1.6
v 9.9 4.4 -2.1
v 9.9 4.8 6.4
v 9.9 4.8 6.2
v 9.9 4.8 6.1
v 9.9 4.8 5.5
v 9.9 4.8 5.4
v 9.9 4.8 4.8
v 9.9 4.8 4.7
v 9.9 4.8 4.1
v 9.9 4.8 4
v 9.9 4.8 3.4
v 9.9 4.8 3.3
v 9.9 4.8 2.7
v 9.9 4.8 2.6
v 9.9 4.8 2
v 9.9 4.8 1.9
v 9.9 4.8 1.3
v 9.9 4.8 1.2
v 9.9 4.8 0.6
v 9.9 4.8 0.5
v 9.9 4.8 -0.0999999
v 9.9 4.8 -0.2
v 9.9 4.8 -0.8
v 9.9 4.8 -0.9
v 9.9 4.8 -1.5
v 9.9 4.8 -1.6
v 9.9 4.8 -2.1
v 9.9 4.9 6.4
v 9.9 4.9 -2.1
v 9.9 5.1 6.4
v 9.9 5.1 -2.1
v 9.9 5.2 6.4
v 9.9 5.2 6.2
v 9.9 5.2 6.1
v 9.9 5.2 5.9
v 9.9 5.2 5.6
v 9.9 5.2 5.4
v 9.9 5.2 5.3
v 9.9 5.2 5.1
v 9.9 5.2 4.8
v 9.9 5.2 4.6
v 9.9 5.2 4.5
v 9.9 5.2 4.3
v 9.9 5.2 4
v 9.9 5.2 3.8
v 9.9 5.2 3.7
v 9.9 5.2 3.5
v 9.9 5.2 3.2
v 9.9 5.2 3
v 9.9 5.2 2.9
v 9.9 5.2 2.7
v 9.9 5.2 2.4
v 9.9 5.2 2.2
v 9.9 5.2 2.1
v 9.9 5.2 1.9
v 9.9 5.2 1.6
v 9.9 5.2 1.4
v 9.9 5.2 1.3
v 9.9 5.2 1.1
v 9.9 5.2 0.8
v 9.9 5.2 0.6
v 9.9 5.2 0.5
v 9.9 5.2 0.3
v 9.9 5.2 0
v 9.9 5.2 -0.2
v 9.9 5.2 -0.3
v 9.9 5.2 -0.5
v 9.9 5.2 -0.8
v 9.9 5.2 -1
v 9.9 5.2 -1.1
v 9.9 5.2 -1.3
v 9.9 5.2 -1.6
v 9.9 5.2 -1.8
v 9.9 5.2 -1.9
v 9.9 5.2 -2.1
v 9.9 5.3 6.4
v 9.9 5.3 6.2
v 9.9 5.3 6.1
v 9.9 5.3 5.9
v 9.9 5.3 5.6
v 9.9 5.3 5.4
v 9.9 5.3 5.3
v 9.9 5.3 5.1
v 9.9 5.3 4.8
v 9.9 5.3 4.6
v 9.9 5.3 4.5
v 9.9 5.3 4.3
v 9.9 5.3 4
v 9.9 5.3 3.8
v 9.9 5.3 3.7
v 9.9 5.3 3.5
v 9.9 5.3 3.2
v 9.9 5.3 3
v 9.9 5.3 2.9
v 9.9 5.3 2.7
v 9.9 5.3 2.4
v 9.9 5.3 2.2
v 9.9 5.3 2.1
v 9.9 5.3 1.9
v 9.9 5.3 1.6
v 9.9 5.3 1.4
v 9.9 5.3 1.3
v 9.9 5.3 1.1
v 9.9 5.3 0.8
v 9.9 5.3 0.6
v 9.9 5.3 0.5
v 9.9 5.3 0.3
v 9.9 5.3 0
v 9.9 5.3 -0.2
v 9.9 5.3 -0.3
v 9.9 5.3 -0.5
v 9.9 5.3 -0.8
v 9.9 5.3 -1
v 9.9 5.3 -1.1
v 9.9 5.3 -1.3
v 9.9 5.3 -1.6
v 9.9 5.3 -1.8
v 9.9 5.3 -1.9
v 9.9 5.3 -2.1
v 9.9 5.4 6.4
v 9.9 5.4 6.2
v 9.9 5.4 6.1
v 9.9 5.4 5.9
v 9.9 5.4 5.6
v 9.9 5.4 5.4
v 9.9 5.4 5.3
v 9.9 5.4 5.1
v 9.9 5.4 4.8
v 9.9 5.4 4.6
v 9.9 5.4 4.5
v 9.9 5.4 4.3
v 9.9 5.4 4
v 9.9 5.4 3.8
v 9.9 5.4 3.7
v 9.9 5.4 3.5
v 9.9 5.4 3.2
v 9.9 5.4 3
v 9.9 5.4 2.9
v 9.9 5.4 2.7
v 9.9 5.4 2.4
v 9.9 5.4 2.2
v 9.9 5.4 2.1
v 9.9 5.4 1.9
v 9.9 5.4 1.6
v 9.9 5.4 1.4
v 9.9 5.4 1.3
v 9.9 5.4 1.1
v 9.9 5.4 0.8
v 9.9 5.4 0.6
v 9.9 5.4 0.5
v 9.9 5.4 0.3
v 9.9 5.4 0
v 9.9 5.4 -0.2
v 9.9 5.4 -0.3
v 9.9 5.4 -0.5
v 9.9 5.4 -0.8
v 9.9 5.4 -1
v 9.9 5.4 -1.1
v 9.9 5.4 -1.3
v 9.9 5.4 -1.6
v 9.9 5.4 -1.8
v 9.9 5.4 -1.9
v 9.9 5.4 -2.1
v 9.9 5.5 6.4
v 9.9 5.5 6.2
v 9.9 5.5 6.1
v 9.9 5.5 5.9
v 9.9 5.5 5.6
v 9.9 5.5 5.4
v 9.9 5.5 5.3
v 9.9 5.5 5.1
v 9.9 5.5 4.8
v 9.9 5.5 4.6
v 9.9 5.5 4.5
v 9.9 5.5 4.3
v 9.9 5.5 4
v 9.9 5.5 3.8
v 9.9 5.5 3.7
v 9.9 5.5 3.5
v 9.9 5.5 3.2
v 9.9 5.5 3
v 9.9 5.5 2.9
v 9.9 5.5 2.7
v 9.9 5.5 2.4
v 9.9 5.5 2.2
v 9.9 5.5 2.1
v 9.9 5.5 1.9
v 9.9 5.5 1.6
v 9.9 5.5 1.4
v 9.9 5.5 1.3
v 9.9 5.5 1.1
v 9.9 5.5 0.8
v 9.9 5.5 0.6
v 9.9 5.5 0.5
v 9.9 5.5 0.3
v 9.9 5.5 0
v 9.9 5.5 -0.2
v 9.9 5.5 -0.3
v 9.9 5.5 -0.5
v 9.9 5.5 -0.8
v 9.9 5.5 -1
v 9.9 5.5 -1.1
v 9.9 5.5 -1.3
v 9.9 5.5 -1.6
v 9.9 5.5 -1.8
v 9.9 5.5 -1.9
v 9.9 5.5 -2.1
v 9.9 5.6 6.4
v 9.9 5.6 -2.1
v 9.9 5.8 6.4
v 9.9 5.8 -2.1
v 9.9 6 6.4
v 9.9 6 -2.1
v 9.9 6.2 6.4
v 9.9 6.2 -2.1
v 9.9 6.3 6.4
v 9.9 6.3 6.2
v 9.9 6.3 6.1
v 9.9 6.3 5.9
v 9.9 6.3 5.6
v 9.9 6.3 5.4
v 9.9 6.3 5.3
v 9.9 6.3 5.1
v 9.9 6.3 4.8
v 9.9 6.3 4.6
v 9.9 6.3 4.5
v 9.9 6.3 4.3
v 9.9 6.3 4
v 9.9 6.3 3.8
v 9.9 6.3 3.7
v 9.9 6.3 3.5
v 9.9 6.3 3.2
v 9.9 6.3 3
v 9.9 6.3 2.9
v 9.9 6.3 2.7
v 9.9 6.3 2.4
v 9.9 6.3 2.2
v 9.9 6.3 2.1
v 9.9 6.3 1.9
v 9.9 6.3 1.6
v 9.9 6.3 1.4
v 9.9 6.3 1.3
v 9.9 6.3 1.1
v 9.9 6.3 0.8
v 9.9 6.3 0.6
v 9.9 6.3 0.5
v 9.9 6.3 0.3
v 9.9 6.3 0
v 9.9 6.3 -0.2
v 9.9 6.3 -0.3
v 9.9 6.3 -0.5
v 9.9 6.3 -0.8
v 9.9 6.3 -1
v 9.9 6.3 -1.1
v 9.9 6.3 -1.3
v 9.9 6.3 -1.6
v 9.9 6.3 -1.8
v 9.9 6.3 -1.9
v 9.9 6.3 -2.1
v 9.9 6.4 6.4
v 9.9 6.4 6.2
v 9.9 6.4 6.1
v 9.9 6.4 5.9
v 9.9 6.4 5.6
v 9.9 6.4 5.4
v 9.9 6.4 5.3
v 9.9 6.4 5.1
v 9.9 6.4 4.8
v 9.9 6.4 4.6
v 9.9 6.4 4.5
v 9.9 6.4 4.3
v 9.9 6.4 4
v 9.9 6.4 3.8
v 9.9 6.4 3.7
v 9.9 6.4 3.5
v 9.9 6.4 3.2
v 9.9 6.4 3
v 9.9 6.4 2.9
v 9.9 6.4 2.7
v 9.9 6.4 2.4
v 9.9 6.4 2.2
v 9.9 6.4 2.1
v 9.9 6.4 1.9
v 9.9 6.4 1.6
v 9.9 6.4 1.4
v 9.9 6.4 1.3
v 9.9 6.4 1.1
v 9.9 6.4 0.8
v 9.9 6.4 0.6
v 9.9 6.4 0.5
v 9.9 6.4 0.3
v 9.9 6.4 0
v 9.9 6.4 -0.2
v 9.9 6.4 -0.3
v 9.9 6.4 -0.5
v 9.9 6.4 -0.8
v 9.9 6.4 -1
v 9.9 6.4 -1.1
v 9.9 6.4 -1.3
v 9.9 6.4 -1.6
v 9.9 6.4 -1.8
v 9.9 6.4 -1.9
v 9.9 6.4 -2.1
v 9.9 6.5 6.4
v 9.9 6.5 6.2
v 9.9 6.5 6.1
v 9.9 6.5 5.9
v 9.9 6.5 5.6
v 9.9 6.5 5.4
v 9.9 6.5 5.3
v 9.9 6.5 5.1
v 9.9 6.5 4.8
v 9.9 6.5 4.6
v 9.9 6.5 4.5
v 9.9 6.5 4.3
v 9.9 6.5 4
v 9.9 6.5 3.8
v 9.9 6.5 3.7
v 9.9 6.5 3.5
v 9.9 6.5 3.2
v 9.9 6.5 3
v 9.9 6.5 2.9
v 9.9 6.5 2.7
v 9.9 6.5 2.4
v 9.9 6.5 2.2
v 9.9 6.5 2.1
v 9.9 6.5 1.9
v 9.9 6.5 1.6
v 9.9 6.5 1.4
v 9.9 6.5 1.3
v 9.9 6.5 1.1
v 9.9 6.5 0.8
v 9.9 6.5 0.6
v 9.9 6.5 0.5
v 9.9 6.5 0.3
v 9.9 6.5 0
v 9.9 6.5 -0.2
v 9.9 6.5 -0.3
v 9.9 6.5 -0.5
v 9.9 6.5 -0.8
v 9.9 6.5 -1
v 9.9 6.5 -1.1
v 9.9 6.5 -1.3
v 9.9 6.5 -1.6
v 9.9 6.5 -1.8
v 9.9 6.5 -1.9
v 9.9 6.5 -2.1
v 9.9 6.6 6.4
v 9.9 6.6 6.2
v 9.9 6.6 6.1
v 9.9 6.6 5.9
v 9.9 6.6 5.6
v 9.9 6.6 5.4
v 9.9 6.6 5.3
v 9.9 6.6 5.1
v 9.9 6.6 4.8
v 9.9 6.6 4.6
v 9.9 6.6 4.5
v 9.9 6.6 4.3
v 9.9 6.6 4
v 9.9 6.6 3.8
v 9.9 6.6 3.7
v 9.9 6.6 3.5
v 9.9 6.6 3.2
v 9.9 6.6 3
v 9.9 6.6 2.9
v 9.9 6.6 2.7
v 9.9 6.6 2.4
v 9.9 6.6 2.2
v 9.9 6.6 2.1
v 9.9 6.6 1.9
v 9.9 6.6 1.6
v 9.9 6.6 1.4
v 9.9 6.6 1.3
v 9.9 6.6 1.1
v 9.9 6.6 0.8
v 9.9 6.6 0.6
v 9.9 6.6 0.5
v 9.9 6.6 0.3
v 9.9 6.6 0
v 9.9 6.6 -0.2
v 9.9 6.6 -0.3
v 9.9 6.6 -0.5
v 9.9 6.6 -0.8
v 9.9 6.6 -1
v 9.9 6.6 -1.1
v 9.9 6.6 -1.3
v 9.9 6.6 -1.6
v 9.9 6.6 -1.8
v 9.9 6.6 -1.9
v 9.9 6.6 -2.1
v 9.9 6.7 6.4
v 9.9 6.7 -2.1
v 9.9 6.9 6.4
v 9.9 6.9 -2.1
v 9.9 7.1 6.4
v 9.9 7.1 -2.1
v 9.9 7.3 6.4
v 9.9 7.3 -2.1
v -9.9 0.1 6.4
v -9.9 0.1 6.2
v -9.9 0.1 6.1
v -9.9 0.1 5.9
v -9.9 0.1 5.8
v -9.9 0.1 5.5
v -9.9 0.1 5.4
v -9.9 0.1 5.1
v -9.9 0.1 5
v -9.9 0.1 4.8
v -9.9 0.1 4.7
v -9.9 0.1 4.1
v -9.9 0.1 4
v -9.9 0.1 3.4
v -9.9 0.1 3.3
v -9.9 0.1 3.1
v -9.9 0.1 3
v -9.9 0.1 2.7
v -9.9 0.1 2.6
v -9.9 0.1 2.1
v -9.9 0.1 2
v -9.9 0.1 1.9
v -9.9 0.1 1.3
v -9.9 0.1 1.2
v -9.9 0.1 1.1
v -9.9 0.1 1
v -9.9 0.1 0.6
v -9.9 0.1 0.5
v -9.9 0.1 0.0999999
v -9.9 0.1 0
v -9.9 0.1 -0.0999999
v -9.9 0.1 -0.2
v -9.9 0.1 -0.8
v -9.9 0.1 -0.9
v -9.9 0.1 -1
v -9.9 0.1 -1.5
v -9.9 0.1 -1.6
v -9.9 0.1 -1.9
v -9.9 0.1 -2
v -9.9 0.1 -2.1
v -9.9 0.3 6.4
v -9.9 0.3 6.2
v -9.9 0.3 6.1
v -9.9 0.3 5.5
v -9.9 0.3 5.4
v -9.9 0.3 4.8
v -9.9 0.3 4.7
v -9.9 0.3 4.1
v -9.9 0.3 4
v -9.9 0.3 3.4
v -9.9 0.3 3.3
v -9.9 0.3 2.7
v -9.9 0.3 2.6
v -9.9 0.3 2
v -9.9 0.3 1.9
v -9.9 0.3 1.3
v -9.9 0.3 1.2
v -9.9 0.3 0.6
v -9.9 0.3 0.5
v -9.9 0.3 -0.0999999
v -9.9 0.3 -0.2
v -9.9 0.3 -0.8
v -9.9 0.3 -0.9
v -9.9 0.3 -1.5
v -9.9 0.3 -1.6
v -9.9 0.3 -2.1
v -9.9 0.4 6.4
v -9.9 0.4 6.2
v -9.9 0.4 6.1
v -9.9 0.4 5.5
v -9.9 0.4 5.4
v -9.9 0.4 4.8
v -9.9 0.4 4.7
v -9.9 0.4 4.1
v -9.9 0.4 4
v -9.9 0.4 3.4
v -9.9 0.4 3.3
v -9.9 0.4 2.7
v -9.9 0.4 2.6
v -9.9 0.4 2
v -9.9 0.4 1.9
v -9.9 0.4 1.3
v -9.9 0.4 1.2
v -9.9 0.4 0.6
v -9.9 0.4 0.5
v -9.9 0.4 -0.0999999
v -9.9 0.4 -0.2
v -9.9 0.4 -0.8
v -9.9 0.4 -0.9
v -9.9 0.4 -1.5
v -9.9 0.4 -1.6
v -9.9 0.4 -2.1
v -9.9 0.8 6.4
v -9.9 0.8 6.2
v -9.9 0.8 6.1
v -9.9 0.8 5.5
v -9.9 0.8 5.4
v -9.9 0.8 4.8
v -9.9 0.8 4.7
v -9.9 0.8 4.1
v -9.9 0.8 4
v -9.9 0.8 3.4
v -9.9 0.8 3.3
v -9.9 0.8 2.7
v -9.9 0.8 2.6
v -9.9 0.8 2
v -9.9 0.8 1.9
v -9.9 0.8 1.3
v -9.9 0.8 1.2
v -9.9 0.8 0.6
v -9.9 0.8 0.5
v -9.9 0.8 -0.0999999
v -9.9 0.8 -0.2
v -9.9 0.8 -0.8
v -9.9 0.8 -0.9
v -9.9 0.8 -1.5
v -9.9 0.8 -1.6
v -9.9 0.8 -2.1
v -9.9 0.9 6.4
v -9.9 0.9 6.2
v -9.9 0.9 6.1
v -9.9 0.9 5.5
v -9.9 0.9 5.4
v -9.9 0.9 4.8
v -9.9 0.9 4.7
v -9.9 0.9 4.1
v -9.9 0.9 4
v -9.9 0.9 3.4
v -9.9 0.9 3.3
v -9.9 0.9 2.7
v -9.9 0.9 2.6
v -9.9 0.9 2
v -9.9 0.9 1.9
v -9.9 0.9 1.3
v -9.9 0.9 1.2
v -9.9 0.9 0.6
v -9.9 0.9 0.5
v -9.9 0.9 -0.0999999
v -9.9 0.9 -0.2
v -9.9 0.9 -0.8
v -9.9 0.9 -0.9
v -9.9 0.9 -1.5
v -9.9 0.9 -1.6
v -9.9 0.9 -2.1
v -9.9 1.3 6.4
v -9.9 1.3 6.2
v -9.9 1.3 6.1
v -9.9 1.3 5.5
v -9.9 1.3 5.4
v -9.9 1.3 4.8
v -9.9 1.3 4.7
v -9.9 1.3 4.1
v -9.9 1.3 4
v -9.9 1.3 3.4
v -9.9 1.3 3.3
v -9.9 1.3 2.7
v -9.9 1.3 2.6
v -9.9 1.3 2
v -9.9 1.3 1.9
v -9.9 1.3 1.3
v -9.9 1.3 1.2
v -9.9 1.3 0.6
v -9.9 1.3 0.5
v -9.9 1.3 -0.0999999
v -9.9 1.3 -0.2
v -9.9 1.3 -0.8
v -9.9 1.3 -0.9
v -9.9 1.3 -1.5
v -9.9 1.3 -1.6
v -9.9 1.3 -2.1
v -9.9 1.4 6.4
v -9.9 1.4 6.2
v -9.9 1.4 6.1
v -9.9 1.4 5.5
v -9.9 1.4 5.4
v -9.9 1.4 4.8
v -9.9 1.4 4.7
v -9.9 1.4 4.1
v -9.9 1.4 4
v -9.9 1.4 3.4
v -9.9 1.4 3.3
v -9.9 1.4 2.7
v -9.9 1.4 2.6
v -9.9 1.4 2
v -9.9 1.4 1.9
v -9.9 1.4 1.3
v -9.9 1.4 1.2
v -9.9 1.4 0.6
v -9.9 1.4 0.5
v -9.9 1.4 -0.0999999
v -9.9 1.4 -0.2
v -9.9 1.4 -0.8
v -9.9 1.4 -0.9
v -9.9 1.4 -1.5
v -9.9 1.4 -1.6
v -9.9 1.4 -2.1
v -9.9 1.8 6.4
v -9.9 1.8 6.2
v -9.9 1.8 6.1
v -9.9 1.8 5.5
v -9.9 1.8 5.4
v -9.9 1.8 4.8
v -9.9 1.8 4.7
v -9.9 1.8 4.1
v -9.9 1.8 4
v -9.9 1.8 3.4
v -9.9 1.8 3.3
v -9.9 1.8 2.7
v -9.9 1.8 2.6
v -9.9 1.8 2
v -9.9 1.8 1.9
v -9.9 1.8 1.3
v -9.9 1.8 1.2
v -9.9 1.8 0.6
v -9.9 1.8 0.5
v -9.9 1.8 -0.0999999
v -9.9 1.8 -0.2
v -9.9 1.8 -0.8
v -9.9 1.8 -0.9
v -9.9 1.8 -1.5
v -9.9 1.8 -1.6
v -9.9 1.8 -2.1
v -9.9 1.9 6.4
v -9.9 1.9 6.2
v -9.9 1.9 6.1
v -9.9 1.9 5.5
v -9.9 1.9 5.4
v -9.9 1.9 4.8
v -9.9 1.9 4.7
v -9.9 1.9 4.1
v -9.9 1.9 4
v -9.9 1.9 3.4
v -9.9 1.9 3.3
v -9.9 1.9 2.7
v -9.9 1.9 2.6
v -9.9 1.9 2
v -9.9 1.9 1.9
v -9.9 1.9 1.3
v -9.9 1.9 1.2
v -9.9 1.9 0.6
v -9.9 1.9 0.5
v -9.9 1.9 -0.0999999
v -9.9 1.9 -0.2
v -9.9 1.9 -0.8
v -9.9 1.9 -0.9
v -9.9 1.9 -1.5
v -9.9 1.9 -1.6
v -9.9 1.9 -2.1
v -9.9 2.3 6.4
v -9.9 2.3 6.2
v -9.9 2.3 6.1
v -9.9 2.3 5.5
v -9.9 2.3 5.4
v -9.9 2.3 4.8
v -9.9 2.3 4.7
v -9.9 2.3 4.1
v -9.9 2.3 4
v -9.9 2.3 3.4
v -9.9 2.3 3.3
v -9.9 2.3 2.7
v -9.9 2.3 2.6
v -9.9 2.3 2
v -9.9 2.3 1.9
v -9.9 2.3 1.3
v -9.9 2.3 1.2
v -9.9 2.3 0.6
v -9.9 2.3 0.5
v -9.9 2.3 -0.0999999
v -9.9 2.3 -0.2
v -9.9 2.3 -0.8
v -9.9 2.3 -0.9
v -9.9 2.3 -1.5
v -9.9 2.3 -1.6
v -9.9 2.3 -2.1
v -9.9 2.4 6.4
v -9.9 2.4 6.2
v -9.9 2.4 6.1
v -9.9 2.4 5.5
v -9.9 2.4 5.4
v -9.9 2.4 4.8
v -9.9 2.4 4.7
v -9.9 2.4 4.1
v -9.9 2.4 4
v -9.9 2.4 3.4
v -9.9 2.4 3.3
v -9.9 2.4 2.7
v -9.9 2.4 2.6
v -9.9 2.4 2
v -9.9 2.4 1.9
v -9.9 2.4 1.3
v -9.9 2.4 1.2
v -9.9 2.4 0.6
v -9.9 2.4 0.5
v -9.9 2.4 -0.0999999
v -9.9 2.4 -0.2
v -9.9 2.4 -0.8
v -9.9 2.4 -0.9
v -9.9 2.4 -1.5
v -9.9 2.4 -1.6
v -9.9 2.4 -2.1
v -9.9 2.8 6.4
v -9.9 2.8 6.2
v -9.9 2.8 6.1
v -9.9 2.8 5.5
v -9.9 2.8 5.4
v -9.9 2.8 4.8
v -9.9 2.8 4.7
v -9.9 2.8 4.1
v -9.9 2.8 4
v -9.9 2.8 3.4
v -9.9 2.8 3.3
v -9.9 2.8 2.7
v -9.9 2.8 2.6
v -9.9 2.8 2
v -9.9 2.8 1.9
v -9.9 2.8 1.3
v -9.9 2.8 1.2
v -9.9 2.8 0.6
v -9.9 2.8 0.5
v -9.9 2.8 -0.0999999
v -9.9 2.8 -0.2
v -9.9 2.8 -0.8
v -9.9 2.8 -0.9
v -9.9 2.8 -1.5
v -9.9 2.8 -1.6
v -9.9 2.8 -2.1
v -9.9 3.6 6.4
v -9.9 3.6 6.2
v -9.9 3.6 6.1
v -9.9 3.6 5.5
v -9.9 3.6 5.4
v -9.9 3.6 4.8
v -9.9 3.6 4.7
v -9.9 3.6 4.1
v -9.9 3.6 4
v -9.9 3.6 3.4
v -9.9 3.6 3.3
v -9.9 3.6 2.7
v -9.9 3.6 2.6
v -9.9 3.6 2
v -9.9 3.6 1.9
v -9.9 3.6 1.3
v -9.9 3.6 1.2
v -9.9 3.6 0.6
v -9.9 3.6 0.5
v -9.9 3.6 -0.0999999
v -9.9 3.6 -0.2
v -9.9 3.6 -0.8
v -9.9 3.6 -0.9
v -9.9 3.6 -1.5
v -9.9 3.6 -1.6
v -9.9 3.6 -2.1
v -9.9 3.8 6.4
v -9.9 3.8 6.2
v -9.9 3.8 6.1
v -9.9 3.8 5.5
v -9.9 3.8 5.4
v -9.9 3.8 4.8
v -9.9 3.8 4.7
v -9.9 3.8 4.1
v -9.9 3.8 4
v -9.9 3.8 3.4
v -9.9 3.8 3.3
v -9.9 3.8 2.7
v -9.9 3.8 2.6
v -9.9 3.8 2
v -9.9 3.8 1.9
v -9.9 3.8 1.3
v -9.9 3.8 1.2
v -9.9 3.8 0.6
v -9.9 3.8 0.5
v -9.9 3.8 -0.0999999
v -9.9 3.8 -0.2
v -9.9 3.8 -0.8
v -9.9 3.8 -0.9
v -9.9 3.8 -1.5
v -9.9 3.8 -1.6
v -9.9 3.8 -2.1
v -9.9 3.9 6.4
v -9.9 3.9 6.2
v -9.9 3.9 6.1
v -9.9 3.9 5.5
v -9.9 3.9 5.4
v -9.9 3.9 4.8
v -9.9 3.9 4.7
v -9.9 3.9 4.1
v -9.9 3.9 4
v -9.9 3.9 3.4
v -9.9 3.9 3.3
v -9.9 3.9 2.7
v -9.9 3.9 2.6
v -9.9 3.9 2
v -9.9 3.9 1.9
v -9.9 3.9 1.3
v -9.9 3.9 1.2
v -9.9 3.9 0.6
v -9.9 3.9 0.5
v -9.9 3.9 -0.0999999
v -9.9 3.9 -0.2
v -9.9 3.9 -0.8
v -9.9 3.9 -0.9
v -9.9 3.9 -1.5
v -9.9 3.9 -1.6
v -9.9 3.9 -2.1
v -9.9 4.3 6.4
v -9.9 4.3 6.2
v -9.9 4.3 6.1
v -9.9 4.3 5.5
v -9.9 4.3 5.4
v -9.9 4.3 4.8
v -9.9 4.3 4.7
v -9.9 4.3 4.1
v -9.9 4.3 4
v -9.9 4.3 3.4
v -9.9 4.3 3.3
v -9.9 4.3 2.7
v -9.9 4.3 2.6
v -9.9 4.3 2
v -9.9 4.3 1.9
v -9.9 4.3 1.3
v -9.9 4.3 1.2
v -9.9 4.3 0.6
v -9.9 4.3 0.5
v -9.9 4.3 -0.0999999
v -9.9 4.3 -0.2
v -9.9 4.3 -0.8
v -9.9 4.3 -0.9
v -9.9 4.3 -1.5
v -9.9 4.3 -1.6
v -9.9 4.3 -2.1
v -9.9 4.4 6.4
v -9.9 4.4 6.2
v -9.9 4.4 6.1
v -9.9 4.4 5.5
v -9.9 4.4 5.4
v -9.9 4.4 4.8
v -9.9 4.4 4.7
v -9.9 4.4 4.1
v -9.9 4.4 4
v -9.9 4.4 3.4
v -9.9 4.4 3.3
v -9.9 4.4 2.7
v -9.9 4.4 2.6
v -9.9 4.4 2
v -9.9 4.4 1.9
v -9.9 4.4 1.3
v -9.9 4.4 1.2
v -9.9 4.4 0.6
v -9.9 4.4 0.5
v -9.9 4.4 -0.0999999
v -9.9 4.4 -0.2
v -9.9 4.4 -0.8
v -9.9 4.4 -0.9
v -9.9 4.4 -1.5
v -9.9 4.4 -1.6
v -9.9 4.4 -2.1
v -9.9 4.8 6.4
v -9.9 4.8 6.2
v -9.9 4.8 6.1
v -9.9 4.8 5.5
v -9.9 4.8 5.4
v -9.9 4.8 4.8
v -9.9 4.8 4.7
v -9.9 4.8 4.1
v -9.9 4.8 4
v -9.9 4.8 3.4
v -9.9 4.8 3.3
v -9.9 4.8 2.7
v -9.9 4.8 2.6
v -9.9 4.8 2
v -9.9 4.8 1.9
v -9.9 4.8 1.3
v -9.9 4.8 1.2
v -9.9 4.8 0.6
v -9.9 4.8 0.5
v -9.9 4.8 -0.0999999
v -9.9 4.8 -0.2
v -9.9 4.8 -0.8
v -9.9 4.8 -0.9
v -9.9 4.8 -1.5
v -9.9 4.8 -1.6
v -9.9 4.8 -2.1
v -9.9 4.9 6.4
v -9.9 4.9 -2.1
v -9.9 5.1 6.4
v -9.9 5.1 -2.1
v -9.9 5.2 6.4
v -9.9 5.2 6.2
v -9.9 5.2 6.1
v -9.9 5.2 5.9
v -9.9 5.2 5.6
v -9.9 5.2 5.4
v -9.9 5.2 5.3
v -9.9 5.2 5.1
v -9.9 5.2 4.8
v -9.9 5.2 4.6
v -9.9 5.2 4.5
v -9.9 5.2 4.3
v -9.9 5.2 4
v -9.9 5.2 3.8
v -9.9 5.2 3.7
v -9.9 5.2 3.5
v -9.9 5.2 3.2
v -9.9 5.2 3
v -9.9 5.2 2.9
v -9.9 5.2 2.7
v -9.9 5.2 2.4
v -9.9 5.2 2.2
v -9.9 5.2 2.1
v -9.9 5.2 1.9
v -9.9 5.2 1.6
v -9.9 5.2 1.4
v -9.9 5.2 1.3
v -9.9 5.2 1.1
v -9.9 5.2 0.8
v -9.9 5.2 0.6
v -9.9 5.2 0.5
v -9.9 5.2 0.3
v -9.9 5.2 0
v -9.9 5.2 -0.2
v -9.9 5.2 -0.3
v -9.9 5.2 -0.5
v -9.9 5.2 -0.8
v -9.9 5.2 -1
v -9.9 5.2 -1.1
v -9.9 5.2 -1.3
v -9.9 5.2 -1.6
v -9.9 5.2 -1.8
v -9.9 5.2 -1.9
v -9.9 5.2 -2.1
v -9.9 5.3 6.4
v -9.9 5.3 6.2
v -9.9 5.3 6.1
v -9.9 5.3 5.9
v -9.9 5.3 5.6
v -9.9 5.3 5.4
v -9.9 5.3 5.3
v -9.9 5.3 5.1
v -9.9 5.3 4.8
v -9.9 5.3 4.6
v -9.9 5.3 4.5
v -9.9 5.3 4.3
v -9.9 5.3 4
v -9.9 5.3 3.8
v -9.9 5.3 3.7
v -9.9 5.3 3.5
v -9.9 5.3 3.2
v -9.9 5.3 3
v -9.9 5.3 2.9
v -9.9 5.3 2.7
v -9.9 5.3 2.4
v -9.9 5.3 2.2
v -9.9 5.3 2.1
v -9.9 5.3 1.9
v -9.9 5.3 1.6
v -9.9 5.3 1.4
v -9.9 5.3 1.3
v -9.9 5.3 1.1
v -9.9 5.3 0.8
v -9.9 5.3 0.6
v -9.9 5.3 0.5
v -9.9 5.3 0.3
v -9.9 5.3 0
v -9.9 5.3 -0.2
v -9.9 5.3 -0.3
v -9.9 5.3 -0.5
v -9.9 5.3 -0.8
v -9.9 5.3 -1
v -9.9 5.3 -1.1
v -9.9 5.3 -1.3
v -9.9 5.3 -1.6
v -9.9 5.3 -1.8
v -9.9 5.3 -1.9
v -9.9 5.3 -2.1
v -9.9 5.4 6.4
v -9.9 5.4 6.2
v -9.9 5.4 6.1
v -9.9 5.4 5.9
v -9.9 5.4 5.6
v -9.9 5.4 5.4
v -9.9 5.4 5.3
v -9.9 5.4 5.1
v -9.9 5.4 4.8
v -9.9 5.4 4.6
v -9.9 5.4 4.5
v -9.9 5.4 4.3
v -9.9 5.4 4
v -9.9 5.4 3.8
v -9.9 5.4 3.7
v -9.9 5.4 3.5
v -9.9 5.4 3.2
v -9.9 5.4 3
v -9.9 5.4 2.9
v -9.9 5.4 2.7
v -9.9 5.4 2.4
v -9.9 5.4 2.2
v -9.9 5.4 2.1
v -9.9 5.4 1.9
v -9.9 5.4 1.6
v -9.9 5.4 1.4
v -9.9 5.4 1.3
v -9.9 5.4 1.1
v -9.9 5.4 0.8
v -9.9 5.4 0.6
v -9.9 5.4 0.5
v -9.9 5.4 0.3
v -9.9 5.4 0
v -9.9 5.4 -0.2
v -9.9 5.4 -0.3
v -9.9 5.4 -0.5
v -9.9 5.4 -0.8
v -9.9 5.4 -1
v -9.9 5.4 -1.1
v -9.9 5.4 -1.3
v -9.9 5.4 -1.6
v -9.9 5.4 -1.8
v -9.9 5.4 -1.9
v -9.9 5.4 -2.1
v -9.9 5.5 6.4
v -9.9 5.5 6.2
v -9.9 5.5 6.1
v -9.9 5.5 5.9
v -9.9 5.5 5.6
v -9.9 5.5 5.4
v -9.9 5.5 5.3
v -9.9 5.5 5.1
v -9.9 5.5 4.8
v -9.9 5.5 4.6
v -9.9 5.5 4.5
v -9.9 5.5 4.3
v -9.9 5.5 4
v -9.9 5.5 3.8
v -9.9 5.5 3.7
v -9.9 5.5 3.5
v -9.9 5.5 3.2
v -9.9 5.5 3
v -9.9 5.5 2.9
v -9.9 5.5 2.7
v -9.9 5.5 2.4
v -9.9 5.5 2.2
v -9.9 5.5 2.1
v -9.9 5.5 1.9
v -9.9 5.5 1.6
v -9.9 5.5 1.4
v -9.9 5.5 1.3
v -9.9 5.5 1.1
v -9.9 5.5 0.8
v -9.9 5.5 0.6
v -9.9 5.5 0.5
v -9.9 5.5 0.3
v -9.9 5.5 0
v -9.9 5.5 -0.2
v -9.9 5.5 -0.3
v -9.9 5.5 -0.5
v -9.9 5.5 -0.8
v -9.9 5.5 -1
v -9.9 5.5 -1.1
v -9.9 5.5 -1.3
v -9.9 5.5 -1.6
v -9.9 5.5 -1.8
v -9.9 5.5 -1.9
v -9.9 5.5 -2.1
v -9.9 5.6 6.4
v -9.9 5.6 -2.1
v -9.9 5.8 6.4
v -9.9 5.8 -2.1
v -9.9 6 6.4
v -9.9 6 -2.1
v -9.9 6.2 6.4
v -9.9 6.2 -2.1
v -9.9 6.3 6.4
v -9.9 6.3 6.2
v -9.9 6.3 6.1
v -9.9 6.3 5.9
v -9.9 6.3 5.6
v -9.9 6.3 5.4
v -9.9 6.3 5.3
v -9.9 6.3 5.1
v -9.9 6.3 4.8
v -9.9 6.3 4.6
v -9.9 6.3 4.5
v -9.9 6.3 4.3
v -9.9 6.3 4
v -9.9 6.3 3.8
v -9.9 6.3 3.7
v -9.9 6.3 3.5
v -9.9 6.3 3.2
v -9.9 6.3 3
v -9.9 6.3 2.9
v -9.9 6.3 2.7
v -9.9 6.3 2.4
v -9.9 6.3 2.2
v -9.9 6.3 2.1
v -9.9 6.3 1.9
v -9.9 6.3 1.6
v -9.9 6.3 1.4
v -9.9 6.3 1.3
v -9.9 6.3 1.1
v -9.9 6.3 0.8
v -9.9 6.3 0.6
v -9.9 6.3 0.5
v -9.9 6.3 0.3
v -9.9 6.3 0
v -9.9 6.3 -0.2
v -9.9 6.3 -0.3
v -9.9 6.3 -0.5
v -9.9 6.3 -0.8
v -9.9 6.3 -1
v -9.9 6.3 -1.1
v -9.9 6.3 -1.3
v -9.9 6.3 -1.6
v -9.9 6.3 -1.8
v -9.9 6.3 -1.9
v -9.9 6.3 -2.1
v -9.9 6.4 6.4
v -9.9 6.4 6.2
v -9.9 6.4 6.1
v -9.9 6.4 5.9
v -9.9 6.4 5.6
v -9.9 6.4 5.4
v -9.9 6.4 5.3
v -9.9 6.4 5.1
v -9.9 6.4 4.8
v -9.9 6.4 4.6
v -9.9 6.4 4.5
v -9.9 6.4 4.3
v -9.9 6.4 4
v -9.9 6.4 3.8
v -9.9 6.4 3.7
v -9.9 6.4 3.5
v -9.9 6.4 3.2
v -9.9 6.4 3
v -9.9 6.4 2.9
v -9.9 6.4 2.7
v -9.9 6.4 2.4
v -9.9 6.4 2.2
v -9.9 6.4 2.1
v -9.9 6.4 1.9
v -9.9 6.4 1.6
v -9.9 6.4 1.4
v -9.9 6.4 1.3
v -9.9 6.4 1.1
v -9.9 6.4 0.8
v -9.9 6.4 0.6
v -9.9 6.4 0.5
v -9.9 6.4 0.3
v -9.9 6.4 0
v -9.9 6.4 -0.2
v -9.9 6.4 -0.3
v -9.9 6.4 -0.5
v -9.9 6.4 -0.8
v -9.9 6.4 -1
v -9.9 6.4 -1.1
v -9.9 6.4 -1.3
v -9.9 6.4 -1.6
v -9.9 6.4 -1.8
v -9.9 6.4 -1.9
v -9.9 6.4 -2.1
v -9.9 6.5 6.4
v -9.9 6.5 6.2
v -9.9 6.5 6.1
v -9.9 6.5 5.9
v -9.9 6.5 5.6
v -9.9 6.5 5.4
v -9.9 6.5 5.3
v -9.9 6.5 5.1
v -9.9 6.5 4.8
v -9.9 6.5 4.6
v -9.9 6.5 4.5
v -9.9 6.5 4.3
v -9.9 6.5 4
v -9.9 6.5 3.8
v -9.9 6.5 3.7
v -9.9 6.5 3.5
v -9.9 6.5 3.2
v -9.9 6.5 3
v -9.9 6.5 2.9
v -9.9 6.5 2.7
v -9.9 6.5 2.4
v -9.9 6.5 2.2
v -9.9 6.5 2.1
v -9.9 6.5 1.9
v -9.9 6.5 1.6
v -9.9 6.5 1.4
v -9.9 6.5 1.3
v -9.9 6.5 1.1
v -9.9 6.5 0.8
v -9.9 6.5 0.6
v -9.9 6.5 0.5
v -9.9 6.5 0.3
v -9.9 6.5 0
v -9.9 6.5 -0.2
v -9.9 6.5 -0.3
v -9.9 6.5 -0.5
v -9.9 6.5 -0.8
v -9.9 6.5 -1
v -9.9 6.5 -1.1
v -9.9 6.5 -1.3
v -9.9 6.5 -1.6
v -9.9 6.5 -1.8
v -9.9 6.5 -1.9
v -9.9 6.5 -2.1
v -9.9 6.6 6.4
v -9.9 6.6 6.2
v -9.9 6.6 6.1
v -9.9 6.6 5.9
v -9.9 6.6 5.6
v -9.9 6.6 5.4
v -9.9 6.6 5.3
v -9.9 6.6 5.1
v -9.9 6.6 4.8
v -9.9 6.6 4.6
v -9.9 6.6 4.5
v -9.9 6.6 4.3
v -9.9 6.6 4
v -9.9 6.6 3.8
v -9.9 6.6 3.7
v -9.9 6.6 3.5
v -9.9 6.6 3.2
v -9.9 6.6 3
v -9.9 6.6 2.9
v -9.9 6.6 2.7
v -9.9 6.6 2.4
v -9.9 6.6 2.2
v -9.9 6.6 2.1
v -9.9 6.6 1.9
v -9.9 6.6 1.6
v -9.9 6.6 1.4
v -9.9 6.6 1.3
v -9.9 6.6 1.1
v -9.9 6.6 0.8
v -9.9 6.6 0.6
v -9.9 6.6 0.5
v -9.9 6.6 0.3
v -9.9 6.6 0
v -9.9 6.6 -0.2
v -9.9 6.6 -0.3
v -9.9 6.6 -0.5
v -9.9 6.6 -0.8
v -9.9 6.6 -1
v -9.9 6.6 -1.1
v -9.9 6.6 -1.3
v -9.9 6.6 -1.6
v -9.9 6.6 -1.8
v -9.9 6.6 -1.9
v -9.9 6.6 -2.1
v -9.9 6.7 6.4
v -9.9 6.7 -2.1
v -9.9 6.9 6.4
v -9.9 6.9 -2.1
v -9.9 7.1 6.4
v -9.9 7.1 -2.1
v -9.9 7.3 6.4
v -9.9 7.3 -2.1
v -8.8 0.1 1.5
v -8.8 0.1 1.3
v -8.8 0.1 -0.4
v -8.8 0.1 -0.6
v -8.8 0.8 1.5
v -8.8 0.8 1.3
v -8.8 0.8 -0.4
v -8.8 0.8 -0.6
v -8.2 0.1 2.2
v -8.2 0.1 2.1
v -8.2 0.1 1.7
v -8.2 0.1 1.6
v -8.2 0.5 2.2
v -8.2 0.5 2.1
v -8.2 0.5 1.7
v -8.2 0.5 1.6
v -7.7 0.1 2.2
v -7.7 0.1 2.1
v -7.7 0.1 1.7
v -7.7 0.1 1.6
v -7.7 0.5 2.2
v -7.7 0.5 2.1
v -7.7 0.5 1.7
v -7.7 0.5 1.6
v -7.7 0.6 2.2
v -7.7 0.6 1.6
v -6.9 0.1 1.5
v -6.9 0.1 1.3
v -6.9 0.1 -0.4
v -6.9 0.1 -0.6
v -6.9 0.8 1.3
v -6.9 0.8 -0.4
v -6.9 0.9 1.5
v -6.9 0.9 -0.6
v -6.7 0.1 0.8
v -6.7 0.1 0.7
v -6.7 0.1 0.3
v -6.7 0.1 0.2
v -6.7 0.5 0.8
v -6.7 0.5 0.7
v -6.7 0.5 0.3
v -6.7 0.5 0.2
v -6.2 0.1 0.8
v -6.2 0.1 0.7
v -6.2 0.1 0.3
v -6.2 0.1 0.2
v -6.2 0.5 0.8
v -6.2 0.5 0.7
v -6.2 0.5 0.3
v -6.2 0.5 0.2
v -6.2 0.6 0.8
v -6.2 0.6 0.2
v -4.7 0.1 -0.2
v -4.7 0.1 -0.3
v -4.7 0.1 -1
v -4.7 0.1 -1.1
v -4.7 0.3 -0.2
v -4.7 0.3 -0.3
v -4.7 0.3 -1
v -4.7 0.3 -1.1
v -4.7 0.4 -0.2
v -4.7 0.4 -0.3
v -4.7 0.4 -1
v -4.7 0.4 -1.1
v -4.7 0.5 -0.2
v -4.7 0.5 -0.3
v -4.7 0.5 -1
v -4.7 0.5 -1.1
v -4.7 0.6 -0.2
v -4.7 0.6 -0.3
v -4.7 0.6 -1
v -4.7 0.6 -1.1
v -4.7 0.9 -0.2
v -4.7 0.9 -0.3
v -4.7 0.9 -1
v -4.7 0.9 -1.1
v -4.7 1.5 -0.2
v -4.7 1.5 -0.3
v -4.7 1.5 -1
v -4.7 1.5 -1.1
v -4.7 1.6 -0.3
v -4.7 1.6 -1
v -4.7 3.8 -0.3
v -4.7 3.8 -1
v -4.7 3.9 -0.2
v -4.7 3.9 -0.3
v -4.7 3.9 -1
v -4.7 3.9 -1.1
v -4.7 4.7 -0.2
v -4.7 4.7 -0.3
v -4.7 4.7 -1
v -4.7 4.7 -1.1
v -4.7 9 -0.2
v -4.7 9 -0.3
v -4.7 9 -1
v -4.7 9 -1.1
v -4.6 0.9 -0.0999999
v -4.6 0.9 -0.2
v -4.6 0.9 -1.1
v -4.6 0.9 -1.2
v -4.6 1 0
v -4.6 1 -0.0999999
v -4.6 1 -0.2
v -4.6 1 -1.1
v -4.6 1 -1.2
v -4.6 1 -1.3
v -4.6 1.1 0
v -4.6 1.1 -0.0999999
v -4.6 1.1 -1.2
v -4.6 1.1 -1.3
v -4.6 1.3 0
v -4.6 1.3 -0.0999999
v -4.6 1.3 -1.2
v -4.6 1.3 -1.3
v -4.6 1.4 0
v -4.6 1.4 -0.0999999
v -4.6 1.4 -0.2
v -4.6 1.4 -1.1
v -4.6 1.4 -1.2
v -4.6 1.4 -1.3
v -4.6 1.5 -0.0999999
v -4.6 1.5 -0.2
v -4.6 1.5 -1.1
v -4.6 1.5 -1.2
v -4.6 3.9 -0.0999999
v -4.6 3.9 -0.2
v -4.6 3.9 -1.1
v -4.6 3.9 -1.2
v -4.6 4 -0.0999999
v -4.6 4 -0.2
v -4.6 4 -1.1
v -4.6 4 -1.2
v -4.6 4.1 -0.0999999
v -4.6 4.1 -0.2
v -4.6 4.1 -1.1
v -4.6 4.1 -1.2
v -4.6 4.2 0
v -4.6 4.2 -0.0999999
v -4.6 4.2 -0.2
v -4.6 4.2 -1.1
v -4.6 4.2 -1.2
v -4.6 4.2 -1.3
v -4.6 4.3 0.0999999
v -4.6 4.3 0
v -4.6 4.3 -0.0999999
v -4.6 4.3 -1.2
v -4.6 4.3 -1.3
v -4.6 4.3 -1.4
v -4.6 4.5 0.0999999
v -4.6 4.5 0
v -4.6 4.5 -0.0999999
v -4.6 4.5 -1.2
v -4.6 4.5 -1.3
v -4.6 4.5 -1.4
v -4.6 4.6 0
v -4.6 4.6 -0.0999999
v -4.6 4.6 -0.2
v -4.6 4.6 -1.1
v -4.6 4.6 -1.2
v -4.6 4.6 -1.3
v -4.6 4.7 -0.0999999
v -4.6 4.7 -0.2
v -4.6 4.7 -0.3
v -4.6 4.7 -0.4
v -4.6 4.7 -0.9
v -4.6 4.7 -1
v -4.6 4.7 -1.1
v -4.6 4.7 -1.2
v -4.6 9 -0.3
v -4.6 9 -0.4
v -4.6 9 -0.9
v -4.6 9 -1
v -4.5 0.1 -0.3
v -4.5 0.1 -0.5
v -4.5 0.1 -0.8
v -4.5 0.1 -0.9
v -4.5 0.1 -1
v -4.5 0.3 -0.3
v -4.5 0.3 -0.5
v -4.5 0.3 -0.8
v -4.5 0.3 -1
v -4.5 0.4 -0.3
v -4.5 0.4 -0.5
v -4.5 0.4 -0.8
v -4.5 0.4 -1
v -4.5 0.5 -0.3
v -4.5 0.5 -0.5
v -4.5 0.5 -0.8
v -4.5 0.5 -1
v -4.5 0.6 -0.3
v -4.5 0.6 -0.5
v -4.5 0.6 -0.8
v -4.5 0.6 -1
v -4.5 0.9 -0.2
v -4.5 0.9 -0.3
v -4.5 0.9 -0.5
v -4.5 0.9 -0.8
v -4.5 0.9 -1
v -4.5 0.9 -1.1
v -4.5 1 -0.0999999
v -4.5 1 -0.2
v -4.5 1 -0.3
v -4.5 1 -1
v -4.5 1 -1.1
v -4.5 1 -1.2
v -4.5 1.1 -0.0999999
v -4.5 1.1 -0.2
v -4.5 1.1 -1.1
v -4.5 1.1 -1.2
v -4.5 1.3 -0.0999999
v -4.5 1.3 -0.2
v -4.5 1.3 -1.1
v -4.5 1.3 -1.2
v -4.5 1.4 -0.0999999
v -4.5 1.4 -0.2
v -4.5 1.4 -0.3
v -4.5 1.4 -1
v -4.5 1.4 -1.1
v -4.5 1.4 -1.2
v -4.5 1.5 -0.2
v -4.5 1.5 -0.3
v -4.5 1.5 -0.5
v -4.5 1.5 -0.8
v -4.5 1.5 -1
v -4.5 1.5 -1.1
v -4.5 1.6 -0.5
v -4.5 1.6 -0.8
v -4.5 3.8 -0.5
v -4.5 3.8 -0.8
v -4.5 3.9 -0.2
v -4.5 3.9 -0.3
v -4.5 3.9 -0.5
v -4.5 3.9 -0.8
v -4.5 3.9 -1
v -4.5 3.9 -1.1
v -4.5 4 -0.2
v -4.5 4 -0.3
v -4.5 4 -1
v -4.5 4 -1.1
v -4.5 4.1 -0.2
v -4.5 4.1 -0.3
v -4.5 4.1 -1
v -4.5 4.1 -1.1
v -4.5 4.2 -0.0999999
v -4.5 4.2 -0.2
v -4.5 4.2 -0.3
v -4.5 4.2 -1
v -4.5 4.2 -1.1
v -4.5 4.2 -1.2
v -4.5 4.3 0
v -4.5 4.3 -0.0999999
v -4.5 4.3 -0.2
v -4.5 4.3 -1.1
v -4.5 4.3 -1.2
v -4.5 4.3 -1.3
v -4.5 4.5 0
v -4.5 4.5 -0.0999999
v -4.5 4.5 -0.2
v -4.5 4.5 -1.1
v -4.5 4.5 -1.2
v -4.5 4.5 -1.3
v -4.5 4.6 -0.0999999
v -4.5 4.6 -0.2
v -4.5 4.6 -0.3
v -4.5 4.6 -1
v -4.5 4.6 -1.1
v -4.5 4.6 -1.2
v -4.5 4.7 -0.2
v -4.5 4.7 -0.3
v -4.5 4.7 -0.4
v -4.5 4.7 -0.5
v -4.5 4.7 -0.8
v -4.5 4.7 -0.9
v -4.5 4.7 -1
v -4.5 4.7 -1.1
v -4.5 9 -0.4
v -4.5 9 -0.5
v -4.5 9 -0.8
v -4.5 9 -0.9
v -4.4 0.1 -0.5
v -4.4 0.1 -0.8
v -4.4 0.3 -0.5
v -4.4 0.3 -0.8
v -4.4 0.4 -0.5
v -4.4 0.4 -0.8
v -4.4 0.5 -0.5
v -4.4 0.5 -0.8
v -4.4 0.6 -0.5
v -4.4 0.6 -0.8
v -4.4 0.9 -0.3
v -4.4 0.9 -0.4
v -4.4 0.9 -0.5
v -4.4 0.9 -0.8
v -4.4 0.9 -0.9
v -4.4 0.9 -1
v -4.4 1 -0.2
v -4.4 1 -0.3
v -4.4 1 -0.4
v -4.4 1 -0.9
v -4.4 1 -1
v -4.4 1 -1.1
v -4.4 1.1 -0.2
v -4.4 1.1 -0.3
v -4.4 1.1 -1
v -4.4 1.1 -1.1
v -4.4 1.3 -0.2
v -4.4 1.3 -0.3
v -4.4 1.3 -1
v -4.4 1.3 -1.1
v -4.4 1.4 -0.2
v -4.4 1.4 -0.3
v -4.4 1.4 -0.4
v -4.4 1.4 -0.9
v -4.4 1.4 -1
v -4.4 1.4 -1.1
v -4.4 1.5 -0.3
v -4.4 1.5 -0.4
v -4.4 1.5 -0.5
v -4.4 1.5 -0.8
v -4.4 1.5 -0.9
v -4.4 1.5 -1
v -4.4 1.6 -0.5
v -4.4 1.6 -0.6
v -4.4 1.6 -0.7
v -4.4 1.6 -0.8
v -4.4 3.8 -0.5
v -4.4 3.8 -0.6
v -4.4 3.8 -0.7
v -4.4 3.8 -0.8
v -4.4 3.9 -0.3
v -4.4 3.9 -0.4
v -4.4 3.9 -0.5
v -4.4 3.9 -0.8
v -4.4 3.9 -0.9
v -4.4 3.9 -1
v -4.4 4 -0.3
v -4.4 4 -0.4
v -4.4 4 -0.9
v -4.4 4 -1
v -4.4 4.1 -0.3
v -4.4 4.1 -0.4
v -4.4 4.1 -0.9
v -4.4 4.1 -1
v -4.4 4.2 -0.2
v -4.4 4.2 -0.3
v -4.4 4.2 -0.4
v -4.4 4.2 -0.9
v -4.4 4.2 -1
v -4.4 4.2 -1.1
v -4.4 4.3 -0.0999999
v -4.4 4.3 -0.2
v -4.4 4.3 -0.3
v -4.4 4.3 -1
v -4.4 4.3 -1.1
v -4.4 4.3 -1.2
v -4.4 4.5 -0.0999999
v -4.4 4.5 -0.2
v -4.4 4.5 -0.3
v -4.4 4.5 -1
v -4.4 4.5 -1.1
v -4.4 4.5 -1.2
v -4.4 4.6 -0.2
v -4.4 4.6 -0.3
v -4.4 4.6 -0.4
v -4.4 4.6 -0.9
v -4.4 4.6 -1
v -4.4 4.6 -1.1
v -4.4 4.7 -0.3
v -4.4 4.7 -0.4
v -4.4 4.7 -0.5
v -4.4 4.7 -0.8
v -4.4 4.7 -0.9
v -4.4 4.7 -1
v -4.4 9 -0.5
v -4.4 9 -0.8
v -4.3 0.9 -0.4
v -4.3 0.9 -0.9
v -4.3 1 -0.3
v -4.3 1 -0.4
v -4.3 1 -0.9
v -4.3 1 -1
v -4.3 1.1 -0.3
v -4.3 1.1 -0.4
v -4.3 1.1 -0.9
v -4.3 1.1 -1
v -4.3 1.3 -0.3
v -4.3 1.3 -0.4
v -4.3 1.3 -0.9
v -4.3 1.3 -1
v -4.3 1.4 -0.3
v -4.3 1.4 -0.4
v -4.3 1.4 -0.9
v -4.3 1.4 -1
v -4.3 1.5 -0.4
v -4.3 1.5 -0.9
v -4.3 3.9 -0.4
v -4.3 3.9 -0.9
v -4.3 4 -0.4
v -4.3 4 -0.9
v -4.3 4.1 -0.4
v -4.3 4.1 -0.9
v -4.3 4.2 -0.3
v -4.3 4.2 -0.4
v -4.3 4.2 -0.9
v -4.3 4.2 -1
v -4.3 4.3 -0.2
v -4.3 4.3 -0.3
v -4.3 4.3 -0.4
v -4.3 4.3 -0.9
v -4.3 4.3 -1
v -4.3 4.3 -1.1
v -4.3 4.5 -0.2
v -4.3 4.5 -0.3
v -4.3 4.5 -0.4
v -4.3 4.5 -0.9
v -4.3 4.5 -1
v -4.3 4.5 -1.1
v -4.3 4.6 -0.3
v -4.3 4.6 -0.4
v -4.3 4.6 -0.9
v -4.3 4.6 -1
v -4.3 4.7 -0.4
v -4.3 4.7 -0.9
v -4.2 1 -0.4
v -4.2 1 -0.9
v -4.2 1.1 -0.4
v -4.2 1.1 -0.9
v -4.2 1.3 -0.4
v -4.2 1.3 -0.9
v -4.2 1.4 -0.4
v -4.2 1.4 -0.9
v -4.2 4.2 -0.4
v -4.2 4.2 -0.9
v -4.2 4.3 -0.3
v -4.2 4.3 -0.4
v -4.2 4.3 -0.9
v -4.2 4.3 -1
v -4.2 4.5 -0.3
v -4.2 4.5 -0.4
v -4.2 4.5 -0.9
v -4.2 4.5 -1
v -4.2 4.6 -0.4
v -4.2 4.6 -0.9
v -4.1 4.3 -0.4
v -4.1 4.3 -0.9
v -4.1 4.5 -0.4
v -4.1 4.5 -0.9
v -4 2.2 -1.8
v -4 2.2 -1.9
v -4 2.4 -1.8
v -4 2.4 -1.9
v -4 2.8 -1.8
v -4 2.8 -1.9
v -4 2.9 -1.8
v -4 2.9 -1.9
v -3.9 2.4 -1.8
v -3.9 2.4 -1.9
v -3.9 2.6 -1.8
v -3.9 2.6 -1.9
v -3.9 2.7 -1.8
v -3.9 2.7 -1.9
v -3.9 2.8 -1.8
v -3.9 2.8 -1.9
v -3.7 1.5 -2
v -3.7 1.5 -2.1
v -3.7 1.6 -2
v -3.7 1.6 -2.1
v -3.7 1.8 -1.9
v -3.7 1.8 -2
v -3.7 1.9 -1.9
v -3.7 1.9 -2
v -3.7 2.1 -1.8
v -3.7 2.1 -2
v -3.7 2.2 -1.8
v -3.7 2.2 -2
v -3.7 2.4 -2
v -3.7 2.4 -2.1
v -3.7 2.5 -2
v -3.7 2.5 -2.1
v -3.6 1.6 -2
v -3.6 1.6 -2.1
v -3.6 1.7 -2
v -3.6 1.7 -2.1
v -3.6 2.3 -2
v -3.6 2.3 -2.1
v -3.6 2.4 -2
v -3.6 2.4 -2.1
v -3.5 1.7 -2
v -3.5 1.7 -2.1
v -3.5 1.8 -2.1
v -3.5 1.9 -2.1
v -3.5 2.3 -2
v -3.5 2.3 -2.1
v -2.6 2.6 -1.9
v -2.6 2.6 -2
v -2.6 2.8 -1.9
v -2.6 2.8 -2
v -2.5 2.4 -1.9
v -2.5 2.4 -2
v -2.5 2.6 -1.9
v -2.5 2.6 -2
v -2.4 2.4 -1.8
v -2.4 2.4 -1.9
v -2.4 2.6 -1.8
v -2.4 2.6 -1.9
v -2.3 2.6 -1.8
v -2.3 2.6 -1.9
v -2.3 2.8 -1.8
v -2.3 2.8 -1.9
v -2.1 1.1 -2
v -2.1 1.1 -2.1
v -2.1 1.3 -2.1
v -2.1 1.4 -2.1
v -2.1 1.8 -2.1
v -2.1 1.9 -2.1
v -2.1 2.3 -2
v -2.1 2.3 -2.1
v -2.1 2.4 -1.9
v -2.1 2.4 -2
v -2.1 2.5 -1.9
v -2.1 2.5 -2
v -2 2.3 -2
v -2 2.3 -2.1
v -2 2.4 -2
v -2 2.4 -2.1
v -2 2.5 -1.9
v -2 2.5 -2
v -2 2.8 -1.9
v -2 2.8 -2
v -1.9 2.4 -2
v -1.9 2.4 -2.1
v -1.9 2.5 -2
v -1.9 2.5 -2.1
v -1.8 2.5 -2
v -1.8 2.5 -2.1
v -1.8 2.8 -2
v -1.8 2.8 -2.1
v -1.8 2.9 -2
v -1.8 2.9 -2.1
v -0.900001 0.1 -1.4
v -0.900001 0.1 -1.6
v -0.900001 0.2 -1.4
v -0.900001 0.2 -1.5
v -0.900001 0.3 -1.5
v -0.900001 0.3 -1.6
v -0.900001 0.5 -1.4
v -0.900001 0.5 -1.5
v -0.900001 0.6 -1.4
v -0.900001 0.6 -1.5
v -0.900001 0.9 -1.4
v -0.900001 0.9 -1.5
v -0.900001 1 -1.4
v -0.900001 1 -1.5
v -0.900001 1.4 -1.4
v -0.900001 1.4 -1.5
v -0.900001 1.5 -1.4
v -0.900001 1.5 -1.5
v -0.900001 1.5 -1.6
v -0.900001 1.8 -1.3
v -0.900001 1.8 -1.4
v -0.900001 2 -1.3
v -0.900001 2 -1.4
v -0.900001 2 -1.5
v -0.900001 2.5 -1.4
v -0.900001 2.5 -1.5
v -0.900001 2.6 -1.3
v -0.900001 2.6 -1.4
v -0.900001 2.6 -1.5
v -0.900001 2.8 -1.3
v -0.900001 2.8 -1.4
v -0.6 5 -1.2
v -0.6 5 -1.4
v -0.6 5.2 -1.2
v -0.6 5.2 -1.4
v -0.400001 5.2 -1.2
v -0.400001 5.2 -1.4
v -0.400001 5.3 -1.2
v -0.400001 5.3 -1.4
v 0.0999994 0.1 -1.3
v 0.0999994 0.1 -1.6
v 0.0999994 0.2 -1.3
v 0.0999994 0.2 -1.4
v 0.0999994 0.3 -1.4
v 0.0999994 0.3 -1.5
v 0.0999994 0.5 -1.3
v 0.0999994 0.5 -1.4
v 0.0999994 0.6 -1.3
v 0.0999994 0.6 -1.4
v 0.0999994 0.9 -1.3
v 0.0999994 0.9 -1.4
v 0.0999994 1 -1.3
v 0.0999994 1 -1.4
v 0.0999994 1.4 -1.3
v 0.0999994 1.4 -1.4
v 0.0999994 1.5 -1.3
v 0.0999994 1.5 -1.5
v 0.0999994 1.5 -1.6
v 0.0999994 3.7 -1.4
v 0.0999994 3.7 -1.5
v 0.0999994 3.8 -1.4
v 0.0999994 3.8 -1.5
v 0.2 4 -1.2
v 0.2 4 -1.4
v 0.2 5.3 -1.2
v 0.2 5.3 -1.4
v 0.2 5.6 -1.2
v 0.2 5.6 -1.4
v 0.2 5.8 -1.2
v 0.2 5.8 -1.4
v 0.3 3.8 -1.4
v 0.3 3.8 -1.5
v 0.3 3.9 -1.4
v 0.3 3.9 -1.5
v 0.4 3.9 -1.4
v 0.4 3.9 -1.5
v 0.4 4 -1.4
v 0.4 4 -1.5
v 0.4 5.5 -1.2
v 0.4 5.5 -1.4
v 0.4 5.6 -1.2
v 0.4 5.6 -1.4
v 0.5 4 -1.4
v 0.5 4 -1.5
v 0.5 4.1 -1.4
v 0.5 4.1 -1.5
v 0.5 6 -1.4
v 0.5 6 -1.5
v 0.5 6.1 -1.4
v 0.5 6.1 -1.5
v 0.599999 5.4 -1.2
v 0.599999 5.4 -1.4
v 0.599999 5.5 -1.2
v 0.599999 5.5 -1.4
v 0.599999 5.9 -1.4
v 0.599999 5.9 -1.5
v 0.599999 6 -1.4
v 0.599999 6 -1.5
v 0.7 4.1 -1.4
v 0.7 4.1 -1.5
v 0.7 4.2 -1.4
v 0.7 4.2 -1.5
v 0.7 5.8 -1.4
v 0.7 5.8 -1.5
v 0.7 5.9 -1.4
v 0.7 5.9 -1.5
v 0.8 4.2 -1.4
v 0.8 4.2 -1.5
v 0.8 4.3 -1.4
v 0.8 4.3 -1.5
v 0.8 5 -1.2
v 0.8 5 -1.4
v 0.8 5.4 -1.2
v 0.8 5.4 -1.4
v 0.9 4.3 -1.4
v 0.9 4.3 -1.5
v 0.9 4.6 -1.4
v 0.9 4.6 -1.5
v 1 4.6 -1.4
v 1 4.6 -1.5
v 1 4.7 -1.5
v 1 4.8 -1.5
v 1 4.9 -1.4
v 1 4.9 -1.5
v 1.1 0.1 -1.4
v 1.1 0.1 -2.1
v 1.1 0.2 -1.4
v 1.1 0.2 -1.5
v 1.1 0.3 -1.5
v 1.1 0.3 -1.6
v 1.1 0.5 -1.4
v 1.1 0.5 -1.5
v 1.1 0.6 -1.4
v 1.1 0.6 -1.5
v 1.1 0.9 -1.4
v 1.1 0.9 -1.5
v 1.1 1 -1.4
v 1.1 1 -1.5
v 1.1 1.4 -1.4
v 1.1 1.4 -1.5
v 1.1 1.5 -1.4
v 1.1 1.5 -1.5
v 1.1 1.5 -1.6
v 1.1 1.7 -1.5
v 1.1 1.7 -1.6
v 1.1 1.8 -1.3
v 1.1 1.8 -1.5
v 1.1 1.8 -1.6
v 1.1 2 -1.3
v 1.1 2 -1.4
v 1.1 2.3 -1.4
v 1.1 2.3 -1.6
v 1.1 2.6 -1.3
v 1.1 2.6 -1.4
v 1.1 2.8 -1.3
v 1.1 2.8 -1.6
v 1.1 2.8 -2.1
v 1.1 3.3 -1.3
v 1.1 3.3 -1.5
v 1.1 3.3 -1.6
v 1.1 3.6 -1.5
v 1.1 3.6 -1.6
v 1.1 3.6 -2.1
v 1.1 3.7 -1.5
v 1.1 3.7 -1.6
v 1.1 4 -1.5
v 1.1 4 -2.1
v 1.1 4.2 -1.5
v 1.1 4.2 -2.1
v 1.1 4.3 -1.5
v 1.1 4.3 -2.1
v 1.1 4.7 -1.5
v 1.1 4.7 -2.1
v 1.1 4.8 -1.5
v 1.1 4.8 -2.1
v 1.1 4.9 -1.4
v 1.1 4.9 -1.5
v 1.1 4.9 -2.1
v 1.1 5.1 -2.1
v 1.1 5.2 -1.5
v 1.1 5.2 -2.1
v 1.1 5.3 -1.4
v 1.1 5.3 -1.5
v 1.1 5.3 -2.1
v 1.1 5.5 -2.1
v 1.1 5.6 -2.1
v 1.1 5.7 -1.5
v 1.1 5.7 -2.1
v 1.1 5.8 -1.5
v 1.1 5.8 -2.1
v 1.1 6 -2.1
v 1.1 6.2 -1.5
v 1.1 6.2 -2.1
v 1.1 6.3 -1.5
v 1.1 6.3 -2.1
v 1.1 6.6 -2.1
v 1.1 6.7 -1.5
v 1.1 6.7 -2.1
v 1.1 6.8 -1.5
v 1.1 6.8 -2.1
v 1.1 6.9 -2.1
v 1.1 7.1 -2.1
v 1.1 7.2 -1.5
v 1.1 7.2 -2.1
v 1.1 7.3 -1.5
v 1.1 7.3 -2.1
v 1.2 5.3 -1.4
v 1.2 5.3 -1.5
v 1.2 5.8 -1.4
v 1.2 5.8 -1.5
v 2.1 2.6 -1.9
v 2.1 2.6 -2
v 2.1 2.8 -1.9
v 2.1 2.8 -2
v 2.2 2.4 -1.9
v 2.2 2.4 -2
v 2.2 2.6 -1.9
v 2.2 2.6 -2
v 2.3 2.4 -1.8
v 2.3 2.4 -1.9
v 2.3 2.6 -1.8
v 2.3 2.6 -1.9
v 2.4 2.6 -1.8
v 2.4 2.6 -1.9
v 2.4 2.8 -1.8
v 2.4 2.8 -1.9
v 2.5 1.1 -2
v 2.5 1.1 -2.1
v 2.5 1.2 -2
v 2.5 1.2 -2.1
v 2.5 2.3 -2
v 2.5 2.3 -2.1
v 2.6 2.4 -1.9
v 2.6 2.4 -2
v 2.6 2.5 -1.9
v 2.6 2.5 -2
v 2.7 2.3 -2
v 2.7 2.3 -2.1
v 2.7 2.4 -2
v 2.7 2.4 -2.1
v 2.7 2.5 -1.9
v 2.7 2.5 -2
v 2.7 2.8 -1.9
v 2.7 2.8 -2
v 2.8 2.4 -2
v 2.8 2.4 -2.1
v 2.8 2.5 -2
v 2.8 2.5 -2.1
v 2.9 2.5 -2
v 2.9 2.5 -2.1
v 2.9 2.8 -2
v 2.9 2.8 -2.1
v 2.9 2.9 -2
v 2.9 2.9 -2.1
v 3.6 1.5 -2
v 3.6 1.5 -2.1
v 3.6 1.6 -2
v 3.6 1.6 -2.1
v 3.6 1.8 -1.9
v 3.6 1.8 -2
v 3.6 1.9 -1.9
v 3.6 1.9 -2
v 3.6 2.1 -1.9
v 3.6 2.1 -2
v 3.6 2.2 -1.9
v 3.6 2.2 -2
v 3.6 2.4 -2
v 3.6 2.4 -2.1
v 3.6 2.5 -2
v 3.6 2.5 -2.1
v 3.7 1.6 -2
v 3.7 1.6 -2.1
v 3.7 1.7 -2
v 3.7 1.7 -2.1
v 3.7 2.3 -2
v 3.7 2.3 -2.1
v 3.7 2.4 -2
v 3.7 2.4 -2.1
v 3.8 1.7 -2
v 3.8 1.7 -2.1
v 3.8 1.8 -2.1
v 3.8 1.9 -2.1
v 3.8 2.1 -1.8
v 3.8 2.1 -1.9
v 3.8 2.3 -2
v 3.8 2.3 -2.1
v 3.8 2.4 -1.8
v 3.8 2.4 -1.9
v 3.8 2.8 -1.8
v 3.8 2.8 -1.9
v 3.8 2.9 -1.8
v 3.8 2.9 -1.9
v 3.9 2.4 -1.8
v 3.9 2.4 -1.9
v 3.9 2.6 -1.8
v 3.9 2.6 -1.9
v 3.9 2.7 -1.8
v 3.9 2.7 -1.9
v 3.9 2.8 -1.8
v 3.9 2.8 -1.9
v 4.5 1.1 -1.9
v 4.5 1.1 -2
v 4.5 1.3 -2
v 4.5 1.4 -2
v 4.5 2 -2
v 4.5 2.1 -2
v 4.5 2.7 -1.9
v 4.5 2.7 -2
v 5.5 2.1 -1.9
v 5.5 2.1 -2
v 5.5 2.2 -1.9
v 5.5 2.2 -2
v 6.8 0.5 1.6
v 6.8 0.5 1.2
v 6.8 0.6 1.6
v 6.8 0.6 1.5
v 6.8 0.6 1.3
v 6.8 0.6 1.2
v 6.8 1.1 1.5
v 6.8 1.1 1.3
v 6.8 1.2 1.5
v 6.8 1.2 1.3
v 6.9 0.1 1.6
v 6.9 0.1 1.5
v 6.9 0.1 1.4
v 6.9 0.1 1.2
v 6.9 0.2 1.6
v 6.9 0.2 1.2
v 6.9 0.4 1.6
v 6.9 0.4 1.2
v 6.9 0.5 1.7
v 6.9 0.5 1.6
v 6.9 0.5 1.2
v 6.9 0.5 1.1
v 6.9 0.6 1.7
v 6.9 0.6 1.6
v 6.9 0.6 1.5
v 6.9 0.6 1.3
v 6.9 0.6 1.2
v 6.9 0.6 1.1
v 6.9 1.1 1.6
v 6.9 1.1 1.5
v 6.9 1.1 1.3
v 6.9 1.1 1.2
v 6.9 1.2 1.6
v 6.9 1.2 1.5
v 6.9 1.2 1.3
v 6.9 1.2 1.2
v 6.9 1.3 -1.9
v 6.9 1.3 -2
v 6.9 1.4 1.5
v 6.9 1.4 1.3
v 6.9 1.4 -1.9
v 6.9 1.4 -2
v 7 0.1 1.7
v 7 0.1 1.6
v 7 0.1 1.2
v 7 0.1 1.1
v 7 0.2 1.7
v 7 0.2 1.6
v 7 0.2 1.2
v 7 0.2 1.1
v 7 0.4 1.7
v 7 0.4 1.6
v 7 0.4 1.2
v 7 0.4 1.1
v 7 0.5 1.8
v 7 0.5 1.7
v 7 0.5 1.6
v 7 0.5 1.2
v 7 0.5 1.1
v 7 0.5 1
v 7 0.6 1.8
v 7 0.6 1.7
v 7 0.6 1.6
v 7 0.6 1.2
v 7 0.6 1.1
v 7 0.6 1
v 7 1.1 1.7
v 7 1.1 1.6
v 7 1.1 1.2
v 7 1.1 1.1
v 7 1.2 1.7
v 7 1.2 1.6
v 7 1.2 1.5
v 7 1.2 1.3
v 7 1.2 1.2
v 7 1.2 1.1
v 7 1.4 1.6
v 7 1.4 1.5
v 7 1.4 1.3
v 7 1.4 1.2
v 7 1.4 -1.9
v 7 1.4 -2
v 7 1.5 -1.9
v 7 1.5 -2
v 7.1 0.1 1.8
v 7.1 0.1 1.7
v 7.1 0.1 1.1
v 7.1 0.1 1
v 7.1 0.2 1.8
v 7.1 0.2 1.7
v 7.1 0.2 1.1
v 7.1 0.2 1
v 7.1 0.4 1.8
v 7.1 0.4 1.7
v 7.1 0.4 1.1
v 7.1 0.4 1
v 7.1 0.5 1.9
v 7.1 0.5 1.8
v 7.1 0.5 1.7
v 7.1 0.5 1.1
v 7.1 0.5 1
v 7.1 0.5 0.9
v 7.1 0.6 1.9
v 7.1 0.6 1.8
v 7.1 0.6 1.7
v 7.1 0.6 1.1
v 7.1 0.6 1
v 7.1 0.6 0.9
v 7.1 1.1 1.8
v 7.1 1.1 1.7
v 7.1 1.1 1.1
v 7.1 1.1 1
v 7.1 1.2 1.8
v 7.1 1.2 1.7
v 7.1 1.2 1.6
v 7.1 1.2 1.2
v 7.1 1.2 1.1
v 7.1 1.2 1
v 7.1 1.4 1.7
v 7.1 1.4 1.6
v 7.1 1.4 1.2
v 7.1 1.4 1.1
v 7.1 1.5 -1.9
v 7.1 1.5 -2
v 7.1 2 -2
v 7.1 2.1 -1.9
v 7.1 2.1 -2
v 7.2 0.4 1.9
v 7.2 0.4 1.8
v 7.2 0.4 1
v 7.2 0.4 0.9
v 7.2 0.5 1.9
v 7.2 0.5 1.8
v 7.2 0.5 1
v 7.2 0.5 0.9
v 7.2 0.6 1.9
v 7.2 0.6 1.8
v 7.2 0.6 1
v 7.2 0.6 0.9
v 7.2 1.1 1.9
v 7.2 1.1 1.8
v 7.2 1.1 1
v 7.2 1.1 0.9
v 7.2 1.2 1.9
v 7.2 1.2 1.8
v 7.2 1.2 1.7
v 7.2 1.2 1.1
v 7.2 1.2 1
v 7.2 1.2 0.9
v 7.2 1.4 1.8
v 7.2 1.4 1.7
v 7.2 1.4 1.1
v 7.2 1.4 1
v 7.5 0.1 1.9
v 7.5 0.1 1.8
v 7.5 0.1 1
v 7.5 0.1 0.9
v 7.5 0.2 1.9
v 7.5 0.2 1.8
v 7.5 0.2 1
v 7.5 0.2 0.9
v 7.5 0.4 2
v 7.5 0.4 1.9
v 7.5 0.4 1.8
v 7.5 0.4 1
v 7.5 0.4 0.9
v 7.5 0.4 0.8
v 7.5 0.5 2
v 7.5 0.5 1.9
v 7.5 0.5 0.9
v 7.5 0.5 0.8
v 7.5 1.1 2
v 7.5 1.1 1.9
v 7.5 1.1 0.9
v 7.5 1.1 0.8
v 7.5 1.2 2
v 7.5 1.2 1.9
v 7.5 1.2 1.8
v 7.5 1.2 1
v 7.5 1.2 0.9
v 7.5 1.2 0.8
v 7.5 1.4 1.9
v 7.5 1.4 1.8
v 7.5 1.4 1
v 7.5 1.4 0.9
v 7.5 1.5 1.9
v 7.5 1.5 1.8
v 7.5 1.5 1
v 7.5 1.5 0.9
v 7.6 0.1 1.8
v 7.6 0.1 1.7
v 7.6 0.1 1.1
v 7.6 0.1 1
v 7.6 0.2 1.8
v 7.6 0.2 1.7
v 7.6 0.2 1.1
v 7.6 0.2 1
v 7.6 0.4 1.9
v 7.6 0.4 1.8
v 7.6 0.4 1.7
v 7.6 0.4 1.1
v 7.6 0.4 1
v 7.6 0.4 0.9
v 7.6 0.5 1.9
v 7.6 0.5 1.8
v 7.6 0.5 1
v 7.6 0.5 0.9
v 7.6 0.5 0.2
v 7.6 0.5 -0.2
v 7.6 0.6 0.2
v 7.6 0.6 0.0999999
v 7.6 0.6 -0.0999999
v 7.6 0.6 -0.2
v 7.6 1.1 1.9
v 7.6 1.1 1.8
v 7.6 1.1 1
v 7.6 1.1 0.9
v 7.6 1.1 0.0999999
v 7.6 1.1 -0.0999999
v 7.6 1.2 1.9
v 7.6 1.2 1.8
v 7.6 1.2 1.7
v 7.6 1.2 1.1
v 7.6 1.2 1
v 7.6 1.2 0.9
v 7.6 1.2 0.0999999
v 7.6 1.2 -0.0999999
v 7.6 1.4 1.8
v 7.6 1.4 1.7
v 7.6 1.4 1.1
v 7.6 1.4 1
v 7.6 1.5 1.8
v 7.6 1.5 1.7
v 7.6 1.5 1.1
v 7.6 1.5 1
v 7.7 0.1 1.7
v 7.7 0.1 1.6
v 7.7 0.1 1.2
v 7.7 0.1 1.1
v 7.7 0.1 0.2
v 7.7 0.1 0.0999999
v 7.7 0.1 0
v 7.7 0.1 -0.2
v 7.7 0.2 1.7
v 7.7 0.2 1.6
v 7.7 0.2 1.2
v 7.7 0.2 1.1
v 7.7 0.2 0.2
v 7.7 0.2 -0.2
v 7.7 0.4 1.8
v 7.7 0.4 1.7
v 7.7 0.4 1.6
v 7.7 0.4 1.2
v 7.7 0.4 1.1
v 7.7 0.4 1
v 7.7 0.4 0.2
v 7.7 0.4 -0.2
v 7.7 0.5 1.8
v 7.7 0.5 1.7
v 7.7 0.5 1.1
v 7.7 0.5 1
v 7.7 0.5 0.3
v 7.7 0.5 0.2
v 7.7 0.5 -0.2
v 7.7 0.5 -0.3
v 7.7 0.6 0.3
v 7.7 0.6 0.2
v 7.7 0.6 0.0999999
v 7.7 0.6 -0.0999999
v 7.7 0.6 -0.2
v 7.7 0.6 -0.3
v 7.7 1.1 1.8
v 7.7 1.1 1.7
v 7.7 1.1 1.1
v 7.7 1.1 1
v 7.7 1.1 0.2
v 7.7 1.1 0.0999999
v 7.7 1.1 -0.0999999
v 7.7 1.1 -0.2
v 7.7 1.2 1.8
v 7.7 1.2 1.7
v 7.7 1.2 1.6
v 7.7 1.2 1.2
v 7.7 1.2 1.1
v 7.7 1.2 1
v 7.7 1.2 0.2
v 7.7 1.2 0.0999999
v 7.7 1.2 -0.0999999
v 7.7 1.2 -0.2
v 7.7 1.4 1.7
v 7.7 1.4 1.6
v 7.7 1.4 1.2
v 7.7 1.4 1.1
v 7.7 1.4 0.0999999
v 7.7 1.4 -0.0999999
v 7.7 1.5 1.7
v 7.7 1.5 1.6
v 7.7 1.5 1.2
v 7.7 1.5 1.1
v 7.8 0.1 1.6
v 7.8 0.1 1.2
v 7.8 0.1 0.3
v 7.8 0.1 0.2
v 7.8 0.1 -0.2
v 7.8 0.1 -0.3
v 7.8 0.2 1.6
v 7.8 0.2 1.2
v 7.8 0.2 0.3
v 7.8 0.2 0.2
v 7.8 0.2 -0.2
v 7.8 0.2 -0.3
v 7.8 0.4 1.7
v 7.8 0.4 1.6
v 7.8 0.4 1.2
v 7.8 0.4 1.1
v 7.8 0.4 0.3
v 7.8 0.4 0.2
v 7.8 0.4 -0.2
v 7.8 0.4 -0.3
v 7.8 0.5 1.7
v 7.8 0.5 1.6
v 7.8 0.5 1.2
v 7.8 0.5 1.1
v 7.8 0.5 0.4
v 7.8 0.5 0.3
v 7.8 0.5 0.2
v 7.8 0.5 -0.2
v 7.8 0.5 -0.3
v 7.8 0.5 -0.4
v 7.8 0.6 0.4
v 7.8 0.6 0.3
v 7.8 0.6 0.2
v 7.8 0.6 -0.2
v 7.8 0.6 -0.3
v 7.8 0.6 -0.4
v 7.8 1 -1.9
v 7.8 1 -2
v 7.8 1 -2.1
v 7.8 1.1 1.7
v 7.8 1.1 1.6
v 7.8 1.1 1.2
v 7.8 1.1 1.1
v 7.8 1.1 0.3
v 7.8 1.1 0.2
v 7.8 1.1 -0.2
v 7.8 1.1 -0.3
v 7.8 1.2 1.7
v 7.8 1.2 1.6
v 7.8 1.2 1.2
v 7.8 1.2 1.1
v 7.8 1.2 0.3
v 7.8 1.2 0.2
v 7.8 1.2 0.0999999
v 7.8 1.2 -0.0999999
v 7.8 1.2 -0.2
v 7.8 1.2 -0.3
v 7.8 1.3 -2.1
v 7.8 1.4 1.6
v 7.8 1.4 1.2
v 7.8 1.4 0.2
v 7.8 1.4 0.0999999
v 7.8 1.4 -0.0999999
v 7.8 1.4 -0.2
v 7.8 1.4 -2.1
v 7.8 1.5 1.6
v 7.8 1.5 1.2
v 7.8 1.8 -2.1
v 7.8 1.9 -2.1
v 7.8 2.3 -2.1
v 7.8 2.4 -2.1
v 7.8 2.8 -1.9
v 7.8 2.8 -2
v 7.8 2.8 -2.1
v 7.9 0.1 0.4
v 7.9 0.1 0.3
v 7.9 0.1 -0.3
v 7.9 0.1 -0.4
v 7.9 0.2 0.4
v 7.9 0.2 0.3
v 7.9 0.2 -0.3
v 7.9 0.2 -0.4
v 7.9 0.4 1.6
v 7.9 0.4 1.2
v 7.9 0.4 0.4
v 7.9 0.4 0.3
v 7.9 0.4 -0.3
v 7.9 0.4 -0.4
v 7.9 0.5 1.6
v 7.9 0.5 1.2
v 7.9 0.5 0.5
v 7.9 0.5 0.4
v 7.9 0.5 0.3
v 7.9 0.5 -0.3
v 7.9 0.5 -0.4
v 7.9 0.5 -0.5
v 7.9 0.6 0.5
v 7.9 0.6 0.4
v 7.9 0.6 0.3
v 7.9 0.6 -0.3
v 7.9 0.6 -0.4
v 7.9 0.6 -0.5
v 7.9 1.1 1.6
v 7.9 1.1 1.2
v 7.9 1.1 0.4
v 7.9 1.1 0.3
v 7.9 1.1 -0.3
v 7.9 1.1 -0.4
v 7.9 1.2 1.6
v 7.9 1.2 1.2
v 7.9 1.2 0.4
v 7.9 1.2 0.3
v 7.9 1.2 0.2
v 7.9 1.2 -0.2
v 7.9 1.2 -0.3
v 7.9 1.2 -0.4
v 7.9 1.4 0.3
v 7.9 1.4 0.2
v 7.9 1.4 -0.2
v 7.9 1.4 -0.3
v 8 0.4 0.5
v 8 0.4 0.4
v 8 0.4 -0.4
v 8 0.4 -0.5
v 8 0.5 0.5
v 8 0.5 0.4
v 8 0.5 -0.4
v 8 0.5 -0.5
v 8 0.6 0.5
v 8 0.6 0.4
v 8 0.6 -0.4
v 8 0.6 -0.5
v 8 1.1 0.5
v 8 1.1 0.4
v 8 1.1 -0.4
v 8 1.1 -0.5
v 8 1.2 0.5
v 8 1.2 0.4
v 8 1.2 0.3
v 8 1.2 -0.3
v 8 1.2 -0.4
v 8 1.2 -0.5
v 8 1.4 0.4
v 8 1.4 0.3
v 8 1.4 -0.3
v 8 1.4 -0.4
v 8.3 0.1 0.5
v 8.3 0.1 0.4
v 8.3 0.1 -0.4
v 8.3 0.1 -0.5
v 8.3 0.2 0.5
v 8.3 0.2 0.4
v 8.3 0.2 -0.4
v 8.3 0.2 -0.5
v 8.3 0.4 0.6
v 8.3 0.4 0.5
v 8.3 0.4 0.4
v 8.3 0.4 -0.4
v 8.3 0.4 -0.5
v 8.3 0.4 -0.6
v 8.3 0.5 1.5
v 8.3 0.5 1.1
v 8.3 0.5 0.6
v 8.3 0.5 0.5
v 8.3 0.5 -0.5
v 8.3 0.5 -0.6
v 8.3 0.6 1.5
v 8.3 0.6 1.4
v 8.3 0.6 1.2
v 8.3 0.6 1.1
v 8.3 1.1 1.4
v 8.3 1.1 1.2
v 8.3 1.1 0.6
v 8.3 1.1 0.5
v 8.3 1.1 -0.5
v 8.3 1.1 -0.6
v 8.3 1.2 1.4
v 8.3 1.2 1.2
v 8.3 1.2 0.6
v 8.3 1.2 0.5
v 8.3 1.2 0.4
v 8.3 1.2 -0.4
v 8.3 1.2 -0.5
v 8.3 1.2 -0.6
v 8.3 1.4 0.5
v 8.3 1.4 0.4
v 8.3 1.4 -0.4
v 8.3 1.4 -0.5
v 8.3 1.5 0.5
v 8.3 1.5 0.4
v 8.3 1.5 -0.4
v 8.3 1.5 -0.5
v 8.4 0.1 1.5
v 8.4 0.1 1.4
v 8.4 0.1 1.3
v 8.4 0.1 1.1
v 8.4 0.1 0.4
v 8.4 0.1 0.3
v 8.4 0.1 -0.3
v 8.4 0.1 -0.4
v 8.4 0.2 1.5
v 8.4 0.2 1.1
v 8.4 0.2 0.4
v 8.4 0.2 0.3
v 8.4 0.2 -0.3
v 8.4 0.2 -0.4
v 8.4 0.4 1.5
v 8.4 0.4 1.1
v 8.4 0.4 0.5
v 8.4 0.4 0.4
v 8.4 0.4 0.3
v 8.4 0.4 -0.3
v 8.4 0.4 -0.4
v 8.4 0.4 -0.5
v 8.4 0.5 1.6
v 8.4 0.5 1.5
v 8.4 0.5 1.1
v 8.4 0.5 1
v 8.4 0.5 0.5
v 8.4 0.5 0.4
v 8.4 0.5 -0.4
v 8.4 0.5 -0.5
v 8.4 0.6 1.6
v 8.4 0.6 1.5
v 8.4 0.6 1.4
v 8.4 0.6 1.2
v 8.4 0.6 1.1
v 8.4 0.6 1
v 8.4 1.1 1.5
v 8.4 1.1 1.4
v 8.4 1.1 1.2
v 8.4 1.1 1.1
v 8.4 1.1 0.5
v 8.4 1.1 0.4
v 8.4 1.1 -0.4
v 8.4 1.1 -0.5
v 8.4 1.2 1.5
v 8.4 1.2 1.4
v 8.4 1.2 1.2
v 8.4 1.2 1.1
v 8.4 1.2 0.5
v 8.4 1.2 0.4
v 8.4 1.2 0.3
v 8.4 1.2 -0.3
v 8.4 1.2 -0.4
v 8.4 1.2 -0.5
v 8.4 1.4 1.4
v 8.4 1.4 1.2
v 8.4 1.4 0.4
v 8.4 1.4 0.3
v 8.4 1.4 -0.3
v 8.4 1.4 -0.4
v 8.4 1.5 0.4
v 8.4 1.5 0.3
v 8.4 1.5 -0.3
v 8.4 1.5 -0.4
v 8.5 0.1 1.6
v 8.5 0.1 1.5
v 8.5 0.1 1.1
v 8.5 0.1 1
v 8.5 0.1 0.3
v 8.5 0.1 0.2
v 8.5 0.1 -0.2
v 8.5 0.1 -0.3
v 8.5 0.2 1.6
v 8.5 0.2 1.5
v 8.5 0.2 1.1
v 8.5 0.2 1
v 8.5 0.2 0.3
v 8.5 0.2 0.2
v 8.5 0.2 -0.2
v 8.5 0.2 -0.3
v 8.5 0.4 1.6
v 8.5 0.4 1.5
v 8.5 0.4 1.1
v 8.5 0.4 1
v 8.5 0.4 0.4
v 8.5 0.4 0.3
v 8.5 0.4 0.2
v 8.5 0.4 -0.2
v 8.5 0.4 -0.3
v 8.5 0.4 -0.4
v 8.5 0.5 1.7
v 8.5 0.5 1.6
v 8.5 0.5 1.5
v 8.5 0.5 1.1
v 8.5 0.5 1
v 8.5 0.5 0.9
v 8.5 0.5 0.4
v 8.5 0.5 0.3
v 8.5 0.5 -0.3
v 8.5 0.5 -0.4
v 8.5 0.6 1.7
v 8.5 0.6 1.6
v 8.5 0.6 1.5
v 8.5 0.6 1.1
v 8.5 0.6 1
v 8.5 0.6 0.9
v 8.5 1.1 1.6
v 8.5 1.1 1.5
v 8.5 1.1 1.1
v 8.5 1.1 1
v 8.5 1.1 0.4
v 8.5 1.1 0.3
v 8.5 1.1 -0.3
v 8.5 1.1 -0.4
v 8.5 1.2 1.6
v 8.5 1.2 1.5
v 8.5 1.2 1.4
v 8.5 1.2 1.2
v 8.5 1.2 1.1
v 8.5 1.2 1
v 8.5 1.2 0.4
v 8.5 1.2 0.3
v 8.5 1.2 0.2
v 8.5 1.2 -0.2
v 8.5 1.2 -0.3
v 8.5 1.2 -0.4
v 8.5 1.4 1.5
v 8.5 1.4 1.4
v 8.5 1.4 1.2
v 8.5 1.4 1.1
v 8.5 1.4 0.3
v 8.5 1.4 0.2
v 8.5 1.4 -0.2
v 8.5 1.4 -0.3
v 8.5 1.5 0.3
v 8.5 1.5 0.2
v 8.5 1.5 -0.2
v 8.5 1.5 -0.3
v 8.6 0.1 1.7
v 8.6 0.1 1.6
v 8.6 0.1 1
v 8.6 0.1 0.9
v 8.6 0.1 0.2
v 8.6 0.1 0.0999999
v 8.6 0.1 0
v 8.6 0.1 -0.2
v 8.6 0.2 1.7
v 8.6 0.2 1.6
v 8.6 0.2 1
v 8.6 0.2 0.9
v 8.6 0.2 0.2
v 8.6 0.2 -0.2
v 8.6 0.4 1.7
v 8.6 0.4 1.6
v 8.6 0.4 1
v 8.6 0.4 0.9
v 8.6 0.4 0.3
v 8.6 0.4 0.2
v 8.6 0.4 -0.2
v 8.6 0.4 -0.3
v 8.6 0.5 1.8
v 8.6 0.5 1.7
v 8.6 0.5 1.6
v 8.6 0.5 1
v 8.6 0.5 0.9
v 8.6 0.5 0.8
v 8.6 0.5 0.3
v 8.6 0.5 0.2
v 8.6 0.5 -0.2
v 8.6 0.5 -0.3
v 8.6 0.6 1.8
v 8.6 0.6 1.7
v 8.6 0.6 1.6
v 8.6 0.6 1
v 8.6 0.6 0.9
v 8.6 0.6 0.8
v 8.6 1.1 1.7
v 8.6 1.1 1.6
v 8.6 1.1 1
v 8.6 1.1 0.9
v 8.6 1.1 0.3
v 8.6 1.1 0.2
v 8.6 1.1 -0.2
v 8.6 1.1 -0.3
v 8.6 1.2 1.7
v 8.6 1.2 1.6
v 8.6 1.2 1.5
v 8.6 1.2 1.1
v 8.6 1.2 1
v 8.6 1.2 0.9
v 8.6 1.2 0.3
v 8.6 1.2 0.2
v 8.6 1.2 -0.2
v 8.6 1.2 -0.3
v 8.6 1.4 1.6
v 8.6 1.4 1.5
v 8.6 1.4 1.1
v 8.6 1.4 1
v 8.6 1.4 0.2
v 8.6 1.4 -0.2
v 8.6 1.5 0.2
v 8.6 1.5 -0.2
v 8.7 0.4 1.8
v 8.7 0.4 1.7
v 8.7 0.4 0.9
v 8.7 0.4 0.8
v 8.7 0.4 0.2
v 8.7 0.4 -0.2
v 8.7 0.5 1.8
v 8.7 0.5 1.7
v 8.7 0.5 0.9
v 8.7 0.5 0.8
v 8.7 0.5 0.2
v 8.7 0.5 -0.2
v 8.7 0.6 1.8
v 8.7 0.6 1.7
v 8.7 0.6 0.9
v 8.7 0.6 0.8
v 8.7 1.1 1.8
v 8.7 1.1 1.7
v 8.7 1.1 0.9
v 8.7 1.1 0.8
v 8.7 1.1 0.2
v 8.7 1.1 -0.2
v 8.7 1.2 1.8
v 8.7 1.2 1.7
v 8.7 1.2 1.6
v 8.7 1.2 1
v 8.7 1.2 0.9
v 8.7 1.2 0.8
v 8.7 1.2 0.2
v 8.7 1.2 -0.2
v 8.7 1.4 1.7
v 8.7 1.4 1.6
v 8.7 1.4 1
v 8.7 1.4 0.9
v 9 0.1 1.8
v 9 0.1 1.7
v 9 0.1 0.9
v 9 0.1 0.8
v 9 0.2 1.8
v 9 0.2 1.7
v 9 0.2 0.9
v 9 0.2 0.8
v 9 0.4 1.9
v 9 0.4 1.8
v 9 0.4 1.7
v 9 0.4 0.9
v 9 0.4 0.8
v 9 0.4 0.7
v 9 0.5 1.9
v 9 0.5 1.8
v 9 0.5 0.8
v 9 0.5 0.7
v 9 1.1 1.9
v 9 1.1 1.8
v 9 1.1 0.8
v 9 1.1 0.7
v 9 1.2 1.9
v 9 1.2 1.8
v 9 1.2 1.7
v 9 1.2 0.9
v 9 1.2 0.8
v 9 1.2 0.7
v 9 1.4 1.8
v 9 1.4 1.7
v 9 1.4 0.9
v 9 1.4 0.8
v 9 1.5 1.8
v 9 1.5 1.7
v 9 1.5 0.9
v 9 1.5 0.8
v 9.1 0.1 1.7
v 9.1 0.1 1.6
v 9.1 0.1 1
v 9.1 0.1 0.9
v 9.1 0.2 1.7
v 9.1 0.2 1.6
v 9.1 0.2 1
v 9.1 0.2 0.9
v 9.1 0.4 1.8
v 9.1 0.4 1.7
v 9.1 0.4 1.6
v 9.1 0.4 1
v 9.1 0.4 0.9
v 9.1 0.4 0.8
v 9.1 0.5 1.8
v 9.1 0.5 1.7
v 9.1 0.5 0.9
v 9.1 0.5 0.8
v 9.1 1.1 1.8
v 9.1 1.1 1.7
v 9.1 1.1 0.9
v 9.1 1.1 0.8
v 9.1 1.2 1.8
v 9.1 1.2 1.7
v 9.1 1.2 1.6
v 9.1 1.2 1
v 9.1 1.2 0.9
v 9.1 1.2 0.8
v 9.1 1.4 1.7
v 9.1 1.4 1.6
v 9.1 1.4 1
v 9.1 1.4 0.9
v 9.1 1.5 1.7
v 9.1 1.5 1.6
v 9.1 1.5 1
v 9.1 1.5 0.9
v 9.2 0.1 1.6
v 9.2 0.1 1.5
v 9.2 0.1 1.1
v 9.2 0.1 1
v 9.2 0.2 1.6
v 9.2 0.2 1.5
v 9.2 0.2 1.1
v 9.2 0.2 1
v 9.2 0.4 1.7
v 9.2 0.4 1.6
v 9.2 0.4 1.5
v 9.2 0.4 1.1
v 9.2 0.4 1
v 9.2 0.4 0.9
v 9.2 0.5 1.7
v 9.2 0.5 1.6
v 9.2 0.5 1
v 9.2 0.5 0.9
v 9.2 1.1 1.7
v 9.2 1.1 1.6
v 9.2 1.1 1
v 9.2 1.1 0.9
v 9.2 1.2 1.7
v 9.2 1.2 1.6
v 9.2 1.2 1.5
v 9.2 1.2 1.1
v 9.2 1.2 1
v 9.2 1.2 0.9
v 9.2 1.4 1.6
v 9.2 1.4 1.5
v 9.2 1.4 1.1
v 9.2 1.4 1
v 9.2 1.5 1.6
v 9.2 1.5 1.5
v 9.2 1.5 1.1
v 9.2 1.5 1
v 9.3 0.1 1.5
v 9.3 0.1 1.1
v 9.3 0.2 1.5
v 9.3 0.2 1.1
v 9.3 0.4 1.6
v 9.3 0.4 1.5
v 9.3 0.4 1.1
v 9.3 0.4 1
v 9.3 0.5 1.6
v 9.3 0.5 1.5
v 9.3 0.5 1.1
v 9.3 0.5 1
v 9.3 1.1 1.6
v 9.3 1.1 1.5
v 9.3 1.1 1.1
v 9.3 1.1 1
v 9.3 1.2 1.6
v 9.3 1.2 1.5
v 9.3 1.2 1.1
v 9.3 1.2 1
v 9.3 1.4 1.5
v 9.3 1.4 1.1
v 9.3 1.5 1.5
v 9.3 1.5 1.1
v 9.4 0.4 1.5
v 9.4 0.4 1.1
v 9.4 0.5 1.5
v 9.4 0.5 1.1
v 9.4 1.1 1.5
v 9.4 1.1 1.1
v 9.4 1.2 1.5
v 9.4 1.2 1.1
v 9.9 6 -2.1
v 9.9 6 -2.2
v 9.9 6.2 -2.1
v 9.9 6.2 -2.2
v 9.9 6.3 -2.1
v 9.9 6.3 -2.2
v 9.9 6.4 -2.1
v 9.9 6.5 -2.1
v 9.9 6.6 -2.1
v 9.9 6.6 -2.2
v 9.9 6.7 -2.1
v 9.9 6.7 -2.2
v 9.9 6.9 -2.1
v 9.9 6.9 -2.2
v 9.9 7.1 -2.1
v 9.9 7.1 -2.2
v 9.9 7.3 -2.1
v 9.9 7.3 -2.2
v 10 0 6.4
v 10 0 -6.4
v 10 0.1 6.4
v 10 0.1 6.2
v 10 0.1 6.1
v 10 0.1 5.5
v 10 0.1 5.4
v 10 0.1 4.8
v 10 0.1 4.7
v 10 0.1 4.1
v 10 0.1 4
v 10 0.1 3.4
v 10 0.1 3.3
v 10 0.1 2.7
v 10 0.1 2.6
v 10 0.1 2
v 10 0.1 1.9
v 10 0.1 1.3
v 10 0.1 1.2
v 10 0.1 0.6
v 10 0.1 0.5
v 10 0.1 -0.0999999
v 10 0.1 -0.2
v 10 0.1 -0.8
v 10 0.1 -0.9
v 10 0.1 -1.5
v 10 0.1 -1.6
v 10 0.1 -3
v 10 0.1 -6.4
v 10 0.3 6.4
v 10 0.3 6.2
v 10 0.3 6.1
v 10 0.3 5.5
v 10 0.3 5.4
v 10 0.3 4.8
v 10 0.3 4.7
v 10 0.3 4.1
v 10 0.3 4
v 10 0.3 3.4
v 10 0.3 3.3
v 10 0.3 2.7
v 10 0.3 2.6
v 10 0.3 2
v 10 0.3 1.9
v 10 0.3 1.3
v 10 0.3 1.2
v 10 0.3 0.6
v 10 0.3 0.5
v 10 0.3 -0.0999999
v 10 0.3 -0.2
v 10 0.3 -0.8
v 10 0.3 -0.9
v 10 0.3 -1.5
v 10 0.3 -1.6
v 10 0.3 -2.2
v 10 0.4 6.4
v 10 0.4 6.2
v 10 0.4 6.1
v 10 0.4 5.5
v 10 0.4 5.4
v 10 0.4 4.8
v 10 0.4 4.7
v 10 0.4 4.1
v 10 0.4 4
v 10 0.4 3.4
v 10 0.4 3.3
v 10 0.4 2.7
v 10 0.4 2.6
v 10 0.4 2
v 10 0.4 1.9
v 10 0.4 1.3
v 10 0.4 1.2
v 10 0.4 0.6
v 10 0.4 0.5
v 10 0.4 -0.0999999
v 10 0.4 -0.2
v 10 0.4 -0.8
v 10 0.4 -0.9
v 10 0.4 -1.5
v 10 0.4 -1.6
v 10 0.4 -2.2
v 10 0.8 6.4
v 10 0.8 6.2
v 10 0.8 6.1
v 10 0.8 5.5
v 10 0.8 5.4
v 10 0.8 4.8
v 10 0.8 4.7
v 10 0.8 4.1
v 10 0.8 4
v 10 0.8 3.4
v 10 0.8 3.3
v 10 0.8 2.7
v 10 0.8 2.6
v 10 0.8 2
v 10 0.8 1.9
v 10 0.8 1.3
v 10 0.8 1.2
v 10 0.8 0.6
v 10 0.8 0.5
v 10 0.8 -0.0999999
v 10 0.8 -0.2
v 10 0.8 -0.8
v 10 0.8 -0.9
v 10 0.8 -1.5
v 10 0.8 -1.6
v 10 0.8 -2.1
v 10 0.9 6.4
v 10 0.9 6.2
v 10 0.9 6.1
v 10 0.9 5.5
v 10 0.9 5.4
v 10 0.9 4.8
v 10 0.9 4.7
v 10 0.9 4.1
v 10 0.9 4
v 10 0.9 3.4
v 10 0.9 3.3
v 10 0.9 2.7
v 10 0.9 2.6
v 10 0.9 2
v 10 0.9 1.9
v 10 0.9 1.3
v 10 0.9 1.2
v 10 0.9 0.6
v 10 0.9 0.5
v 10 0.9 -0.0999999
v 10 0.9 -0.2
v 10 0.9 -0.8
v 10 0.9 -0.9
v 10 0.9 -1.5
v 10 0.9 -1.6
v 10 0.9 -2.1
v 10 1.3 6.4
v 10 1.3 6.2
v 10 1.3 6.1
v 10 1.3 5.5
v 10 1.3 5.4
v 10 1.3 4.8
v 10 1.3 4.7
v 10 1.3 4.1
v 10 1.3 4
v 10 1.3 3.4
v 10 1.3 3.3
v 10 1.3 2.7
v 10 1.3 2.6
v 10 1.3 2
v 10 1.3 1.9
v 10 1.3 1.3
v 10 1.3 1.2
v 10 1.3 0.6
v 10 1.3 0.5
v 10 1.3 -0.0999999
v 10 1.3 -0.2
v 10 1.3 -0.8
v 10 1.3 -0.9
v 10 1.3 -1.5
v 10 1.3 -1.6
v 10 1.3 -2.2
v 10 1.4 6.4
v 10 1.4 6.2
v 10 1.4 6.1
v 10 1.4 5.5
v 10 1.4 5.4
v 10 1.4 4.8
v 10 1.4 4.7
v 10 1.4 4.1
v 10 1.4 4
v 10 1.4 3.4
v 10 1.4 3.3
v 10 1.4 2.7
v 10 1.4 2.6
v 10 1.4 2
v 10 1.4 1.9
v 10 1.4 1.3
v 10 1.4 1.2
v 10 1.4 0.6
v 10 1.4 0.5
v 10 1.4 -0.0999999
v 10 1.4 -0.2
v 10 1.4 -0.8
v 10 1.4 -0.9
v 10 1.4 -1.5
v 10 1.4 -1.6
v 10 1.4 -2.2
v 10 1.8 6.4
v 10 1.8 6.2
v 10 1.8 6.1
v 10 1.8 5.5
v 10 1.8 5.4
v 10 1.8 4.8
v 10 1.8 4.7
v 10 1.8 4.1
v 10 1.8 4
v 10 1.8 3.4
v 10 1.8 3.3
v 10 1.8 2.7
v 10 1.8 2.6
v 10 1.8 2
v 10 1.8 1.9
v 10 1.8 1.3
v 10 1.8 1.2
v 10 1.8 0.6
v 10 1.8 0.5
v 10 1.8 -0.0999999
v 10 1.8 -0.2
v 10 1.8 -0.8
v 10 1.8 -0.9
v 10 1.8 -1.5
v 10 1.8 -1.6
v 10 1.8 -2.2
v 10 1.9 6.4
v 10 1.9 6.2
v 10 1.9 6.1
v 10 1.9 5.5
v 10 1.9 5.4
v 10 1.9 4.8
v 10 1.9 4.7
v 10 1.9 4.1
v 10 1.9 4
v 10 1.9 3.4
v 10 1.9 3.3
v 10 1.9 2.7
v 10 1.9 2.6
v 10 1.9 2
v 10 1.9 1.9
v 10 1.9 1.3
v 10 1.9 1.2
v 10 1.9 0.6
v 10 1.9 0.5
v 10 1.9 -0.0999999
v 10 1.9 -0.2
v 10 1.9 -0.8
v 10 1.9 -0.9
v 10 1.9 -1.5
v 10 1.9 -1.6
v 10 1.9 -2.2
v 10 2.3 6.4
v 10 2.3 6.2
v 10 2.3 6.1
v 10 2.3 5.5
v 10 2.3 5.4
v 10 2.3 4.8
v 10 2.3 4.7
v 10 2.3 4.1
v 10 2.3 4
v 10 2.3 3.4
v 10 2.3 3.3
v 10 2.3 2.7
v 10 2.3 2.6
v 10 2.3 2
v 10 2.3 1.9
v 10 2.3 1.3
v 10 2.3 1.2
v 10 2.3 0.6
v 10 2.3 0.5
v 10 2.3 -0.0999999
v 10 2.3 -0.2
v 10 2.3 -0.8
v 10 2.3 -0.9
v 10 2.3 -1.5
v 10 2.3 -1.6
v 10 2.3 -2.2
v 10 2.4 6.4
v 10 2.4 6.2
v 10 2.4 6.1
v 10 2.4 5.5
v 10 2.4 5.4
v 10 2.4 4.8
v 10 2.4 4.7
v 10 2.4 4.1
v 10 2.4 4
v 10 2.4 3.4
v 10 2.4 3.3
v 10 2.4 2.7
v 10 2.4 2.6
v 10 2.4 2
v 10 2.4 1.9
v 10 2.4 1.3
v 10 2.4 1.2
v 10 2.4 0.6
v 10 2.4 0.5
v 10 2.4 -0.0999999
v 10 2.4 -0.2
v 10 2.4 -0.8
v 10 2.4 -0.9
v 10 2.4 -1.5
v 10 2.4 -1.6
v 10 2.4 -2.2
v 10 2.8 6.4
v 10 2.8 6.2
v 10 2.8 6.1
v 10 2.8 5.5
v 10 2.8 5.4
v 10 2.8 4.8
v 10 2.8 4.7
v 10 2.8 4.1
v 10 2.8 4
v 10 2.8 3.4
v 10 2.8 3.3
v 10 2.8 2.7
v 10 2.8 2.6
v 10 2.8 2
v 10 2.8 1.9
v 10 2.8 1.3
v 10 2.8 1.2
v 10 2.8 0.6
v 10 2.8 0.5
v 10 2.8 -0.0999999
v 10 2.8 -0.2
v 10 2.8 -0.8
v 10 2.8 -0.9
v 10 2.8 -1.5
v 10 2.8 -1.6
v 10 2.8 -2.2
v 10 3.6 6.4
v 10 3.6 6.2
v 10 3.6 6.1
v 10 3.6 5.5
v 10 3.6 5.4
v 10 3.6 4.8
v 10 3.6 4.7
v 10 3.6 4.1
v 10 3.6 4
v 10 3.6 3.4
v 10 3.6 3.3
v 10 3.6 2.7
v 10 3.6 2.6
v 10 3.6 2
v 10 3.6 1.9
v 10 3.6 1.3
v 10 3.6 1.2
v 10 3.6 0.6
v 10 3.6 0.5
v 10 3.6 -0.0999999
v 10 3.6 -0.2
v 10 3.6 -0.8
v 10 3.6 -0.9
v 10 3.6 -1.5
v 10 3.6 -1.6
v 10 3.6 -2.2
v 10 3.8 6.4
v 10 3.8 6.2
v 10 3.8 6.1
v 10 3.8 5.5
v 10 3.8 5.4
v 10 3.8 4.8
v 10 3.8 4.7
v 10 3.8 4.1
v 10 3.8 4
v 10 3.8 3.4
v 10 3.8 3.3
v 10 3.8 2.7
v 10 3.8 2.6
v 10 3.8 2
v 10 3.8 1.9
v 10 3.8 1.3
v 10 3.8 1.2
v 10 3.8 0.6
v 10 3.8 0.5
v 10 3.8 -0.0999999
v 10 3.8 -0.2
v 10 3.8 -0.8
v 10 3.8 -0.9
v 10 3.8 -1.5
v 10 3.8 -1.6
v 10 3.8 -2.2
v 10 3.9 6.4
v 10 3.9 6.2
v 10 3.9 6.1
v 10 3.9 5.5
v 10 3.9 5.4
v 10 3.9 4.8
v 10 3.9 4.7
v 10 3.9 4.1
v 10 3.9 4
v 10 3.9 3.4
v 10 3.9 3.3
v 10 3.9 2.7
v 10 3.9 2.6
v 10 3.9 2
v 10 3.9 1.9
v 10 3.9 1.3
v 10 3.9 1.2
v 10 3.9 0.6
v 10 3.9 0.5
v 10 3.9 -0.0999999
v 10 3.9 -0.2
v 10 3.9 -0.8
v 10 3.9 -0.9
v 10 3.9 -1.5
v 10 3.9 -1.6
v 10 3.9 -2.2
v 10 4.3 6.4
v 10 4.3 6.2
v 10 4.3 6.1
v 10 4.3 5.5
v 10 4.3 5.4
v 10 4.3 4.8
v 10 4.3 4.7
v 10 4.3 4.1
v 10 4.3 4
v 10 4.3 3.4
v 10 4.3 3.3
v 10 4.3 2.7
v 10 4.3 2.6
v 10 4.3 2
v 10 4.3 1.9
v 10 4.3 1.3
v 10 4.3 1.2
v 10 4.3 0.6
v 10 4.3 0.5
v 10 4.3 -0.0999999
v 10 4.3 -0.2
v 10 4.3 -0.8
v 10 4.3 -0.9
v 10 4.3 -1.5
v 10 4.3 -1.6
v 10 4.3 -2.2
v 10 4.4 6.4
v 10 4.4 6.2
v 10 4.4 6.1
v 10 4.4 5.5
v 10 4.4 5.4
v 10 4.4 4.8
v 10 4.4 4.7
v 10 4.4 4.1
v 10 4.4 4
v 10 4.4 3.4
v 10 4.4 3.3
v 10 4.4 2.7
v 10 4.4 2.6
v 10 4.4 2
v 10 4.4 1.9
v 10 4.4 1.3
v 10 4.4 1.2
v 10 4.4 0.6
v 10 4.4 0.5
v 10 4.4 -0.0999999
v 10 4.4 -0.2
v 10 4.4 -0.8
v 10 4.4 -0.9
v 10 4.4 -1.5
v 10 4.4 -1.6
v 10 4.4 -2.2
v 10 4.8 6.4
v 10 4.8 6.2
v 10 4.8 6.1
v 10 4.8 5.5
v 10 4.8 5.4
v 10 4.8 4.8
v 10 4.8 4.7
v 10 4.8 4.1
v 10 4.8 4
v 10 4.8 3.4
v 10 4.8 3.3
v 10 4.8 2.7
v 10 4.8 2.6
v 10 4.8 2
v 10 4.8 1.9
v 10 4.8 1.3
v 10 4.8 1.2
v 10 4.8 0.6
v 10 4.8 0.5
v 10 4.8 -0.0999999
v 10 4.8 -0.2
v 10 4.8 -0.8
v 10 4.8 -0.9
v 10 4.8 -1.5
v 10 4.8 -1.6
v 10 4.8 -2.2
v 10 4.9 6.4
v 10 4.9 -2.2
v 10 5.1 6.4
v 10 5.1 -2.2
v 10 5.2 6.4
v 10 5.2 6.2
v 10 5.2 6.1
v 10 5.2 5.9
v 10 5.2 5.6
v 10 5.2 5.4
v 10 5.2 5.3
v 10 5.2 5.1
v 10 5.2 4.8
v 10 5.2 4.6
v 10 5.2 4.5
v 10 5.2 4.3
v 10 5.2 4
v 10 5.2 3.8
v 10 5.2 3.7
v 10 5.2 3.5
v 10 5.2 3.2
v 10 5.2 3
v 10 5.2 2.9
v 10 5.2 2.7
v 10 5.2 2.4
v 10 5.2 2.2
v 10 5.2 2.1
v 10 5.2 1.9
v 10 5.2 1.6
v 10 5.2 1.4
v 10 5.2 1.3
v 10 5.2 1.1
v 10 5.2 0.8
v 10 5.2 0.6
v 10 5.2 0.5
v 10 5.2 0.3
v 10 5.2 0
v 10 5.2 -0.2
v 10 5.2 -0.3
v 10 5.2 -0.5
v 10 5.2 -0.8
v 10 5.2 -1
v 10 5.2 -1.1
v 10 5.2 -1.3
v 10 5.2 -1.6
v 10 5.2 -1.8
v 10 5.2 -1.9
v 10 5.2 -2.1
v 10 5.2 -2.2
v 10 5.3 6.4
v 10 5.3 6.2
v 10 5.3 6.1
v 10 5.3 5.9
v 10 5.3 5.6
v 10 5.3 5.4
v 10 5.3 5.3
v 10 5.3 5.1
v 10 5.3 4.8
v 10 5.3 4.6
v 10 5.3 4.5
v 10 5.3 4.3
v 10 5.3 4
v 10 5.3 3.8
v 10 5.3 3.7
v 10 5.3 3.5
v 10 5.3 3.2
v 10 5.3 3
v 10 5.3 2.9
v 10 5.3 2.7
v 10 5.3 2.4
v 10 5.3 2.2
v 10 5.3 2.1
v 10 5.3 1.9
v 10 5.3 1.6
v 10 5.3 1.4
v 10 5.3 1.3
v 10 5.3 1.1
v 10 5.3 0.8
v 10 5.3 0.6
v 10 5.3 0.5
v 10 5.3 0.3
v 10 5.3 0
v 10 5.3 -0.2
v 10 5.3 -0.3
v 10 5.3 -0.5
v 10 5.3 -0.8
v 10 5.3 -1
v 10 5.3 -1.1
v 10 5.3 -1.3
v 10 5.3 -1.6
v 10 5.3 -1.8
v 10 5.3 -1.9
v 10 5.3 -2.1
v 10 5.4 6.4
v 10 5.4 6.2
v 10 5.4 6.1
v 10 5.4 5.9
v 10 5.4 5.6
v 10 5.4 5.4
v 10 5.4 5.3
v 10 5.4 5.1
v 10 5.4 4.8
v 10 5.4 4.6
v 10 5.4 4.5
v 10 5.4 4.3
v 10 5.4 4
v 10 5.4 3.8
v 10 5.4 3.7
v 10 5.4 3.5
v 10 5.4 3.2
v 10 5.4 3
v 10 5.4 2.9
v 10 5.4 2.7
v 10 5.4 2.4
v 10 5.4 2.2
v 10 5.4 2.1
v 10 5.4 1.9
v 10 5.4 1.6
v 10 5.4 1.4
v 10 5.4 1.3
v 10 5.4 1.1
v 10 5.4 0.8
v 10 5.4 0.6
v 10 5.4 0.5
v 10 5.4 0.3
v 10 5.4 0
v 10 5.4 -0.2
v 10 5.4 -0.3
v 10 5.4 -0.5
v 10 5.4 -0.8
v 10 5.4 -1
v 10 5.4 -1.1
v 10 5.4 -1.3
v 10 5.4 -1.6
v 10 5.4 -1.8
v 10 5.4 -1.9
v 10 5.4 -2.1
v 10 5.5 6.4
v 10 5.5 6.2
v 10 5.5 6.1
v 10 5.5 5.9
v 10 5.5 5.6
v 10 5.5 5.4
v 10 5.5 5.3
v 10 5.5 5.1
v 10 5.5 4.8
v 10 5.5 4.6
v 10 5.5 4.5
v 10 5.5 4.3
v 10 5.5 4
v 10 5.5 3.8
v 10 5.5 3.7
v 10 5.5 3.5
v 10 5.5 3.2
v 10 5.5 3
v 10 5.5 2.9
v 10 5.5 2.7
v 10 5.5 2.4
v 10 5.5 2.2
v 10 5.5 2.1
v 10 5.5 1.9
v 10 5.5 1.6
v 10 5.5 1.4
v 10 5.5 1.3
v 10 5.5 1.1
v 10 5.5 0.8
v 10 5.5 0.6
v 10 5.5 0.5
v 10 5.5 0.3
v 10 5.5 0
v 10 5.5 -0.2
v 10 5.5 -0.3
v 10 5.5 -0.5
v 10 5.5 -0.8
v 10 5.5 -1
v 10 5.5 -1.1
v 10 5.5 -1.3
v 10 5.5 -1.6
v 10 5.5 -1.8
v 10 5.5 -1.9
v 10 5.5 -2.1
v 10 5.5 -2.2
v 10 5.6 6.4
v 10 5.6 -2.1
v 10 5.6 -2.2
v 10 5.8 6.4
v 10 5.8 -2.1
v 10 6 6.4
v 10 6 -2.1
v 10 6 -2.2
v 10 6 -3
v 10 6.2 6.4
v 10 6.2 -2.1
v 10 6.3 6.4
v 10 6.3 6.2
v 10 6.3 6.1
v 10 6.3 5.9
v 10 6.3 5.6
v 10 6.3 5.4
v 10 6.3 5.3
v 10 6.3 5.1
v 10 6.3 4.8
v 10 6.3 4.6
v 10 6.3 4.5
v 10 6.3 4.3
v 10 6.3 4
v 10 6.3 3.8
v 10 6.3 3.7
v 10 6.3 3.5
v 10 6.3 3.2
v 10 6.3 3
v 10 6.3 2.9
v 10 6.3 2.7
v 10 6.3 2.4
v 10 6.3 2.2
v 10 6.3 2.1
v 10 6.3 1.9
v 10 6.3 1.6
v 10 6.3 1.4
v 10 6.3 1.3
v 10 6.3 1.1
v 10 6.3 0.8
v 10 6.3 0.6
v 10 6.3 0.5
v 10 6.3 0.3
v 10 6.3 0
v 10 6.3 -0.2
v 10 6.3 -0.3
v 10 6.3 -0.5
v 10 6.3 -0.8
v 10 6.3 -1
v 10 6.3 -1.1
v 10 6.3 -1.3
v 10 6.3 -1.6
v 10 6.3 -1.8
v 10 6.3 -1.9
v 10 6.3 -2.1
v 10 6.4 6.4
v 10 6.4 6.2
v 10 6.4 6.1
v 10 6.4 5.9
v 10 6.4 5.6
v 10 6.4 5.4
v 10 6.4 5.3
v 10 6.4 5.1
v 10 6.4 4.8
v 10 6.4 4.6
v 10 6.4 4.5
v 10 6.4 4.3
v 10 6.4 4
v 10 6.4 3.8
v 10 6.4 3.7
v 10 6.4 3.5
v 10 6.4 3.2
v 10 6.4 3
v 10 6.4 2.9
v 10 6.4 2.7
v 10 6.4 2.4
v 10 6.4 2.2
v 10 6.4 2.1
v 10 6.4 1.9
v 10 6.4 1.6
v 10 6.4 1.4
v 10 6.4 1.3
v 10 6.4 1.1
v 10 6.4 0.8
v 10 6.4 0.6
v 10 6.4 0.5
v 10 6.4 0.3
v 10 6.4 0
v 10 6.4 -0.2
v 10 6.4 -0.3
v 10 6.4 -0.5
v 10 6.4 -0.8
v 10 6.4 -1
v 10 6.4 -1.1
v 10 6.4 -1.3
v 10 6.4 -1.6
v 10 6.4 -1.8
v 10 6.4 -1.9
v 10 6.4 -2.1
v 10 6.5 6.4
v 10 6.5 6.2
v 10 6.5 6.1
v 10 6.5 5.9
v 10 6.5 5.6
v 10 6.5 5.4
v 10 6.5 5.3
v 10 6.5 5.1
v 10 6.5 4.8
v 10 6.5 4.6
v 10 6.5 4.5
v 10 6.5 4.3
v 10 6.5 4
v 10 6.5 3.8
v 10 6.5 3.7
v 10 6.5 3.5
v 10 6.5 3.2
v 10 6.5 3
v 10 6.5 2.9
v 10 6.5 2.7
v 10 6.5 2.4
v 10 6.5 2.2
v 10 6.5 2.1
v 10 6.5 1.9
v 10 6.5 1.6
v 10 6.5 1.4
v 10 6.5 1.3
v 10 6.5 1.1
v 10 6.5 0.8
v 10 6.5 0.6
v 10 6.5 0.5
v 10 6.5 0.3
v 10 6.5 0
v 10 6.5 -0.2
v 10 6.5 -0.3
v 10 6.5 -0.5
v 10 6.5 -0.8
v 10 6.5 -1
v 10 6.5 -1.1
v 10 6.5 -1.3
v 10 6.5 -1.6
v 10 6.5 -1.8
v 10 6.5 -1.9
v 10 6.5 -2.1
v 10 6.6 6.4
v 10 6.6 6.2
v 10 6.6 6.1
v 10 6.6 5.9
v 10 6.6 5.6
v 10 6.6 5.4
v 10 6.6 5.3
v 10 6.6 5.1
v 10 6.6 4.8
v 10 6.6 4.6
v 10 6.6 4.5
v 10 6.6 4.3
v 10 6.6 4
v 10 6.6 3.8
v 10 6.6 3.7
v 10 6.6 3.5
v 10 6.6 3.2
v 10 6.6 3
v 10 6.6 2.9
v 10 6.6 2.7
v 10 6.6 2.4
v 10 6.6 2.2
v 10 6.6 2.1
v 10 6.6 1.9
v 10 6.6 1.6
v 10 6.6 1.4
v 10 6.6 1.3
v 10 6.6 1.1
v 10 6.6 0.8
v 10 6.6 0.6
v 10 6.6 0.5
v 10 6.6 0.3
v 10 6.6 0
v 10 6.6 -0.2
v 10 6.6 -0.3
v 10 6.6 -0.5
v 10 6.6 -0.8
v 10 6.6 -1
v 10 6.6 -1.1
v 10 6.6 -1.3
v 10 6.6 -1.6
v 10 6.6 -1.8
v 10 6.6 -1.9
v 10 6.6 -2.1
v 10 6.7 6.4
v 10 6.7 -2.1
v 10 6.9 6.4
v 10 6.9 -2.1
v 10 7.1 6.4
v 10 7.1 -2.1
v 10 7.3 6.4
v 10 7.3 -2.1
v -10 0 6.4
v -10 0.1 6.4
v -10 0.3 6.4
v -10 0.4 6.4
v -10 0.8 6.4
v -10 0.9 6.4
v -10 1.3 6.4
v -10 1.4 6.4
v -10 1.8 6.4
v -10 1.9 6.4
v -10 2.3 6.4
v -10 2.4 6.4
v -10 2.8 6.4
v -10 3.6 6.4
v -10 3.8 6.4
v -10 3.9 6.4
v -10 4.3 6.4
v -10 4.4 6.4
v -10 4.8 6.4
v -10 4.9 6.4
v -10 5.1 6.4
v -10 5.2 6.4
v -10 5.3 6.4
v -10 5.4 6.4
v -10 5.5 6.4
v -10 5.6 6.4
v -10 5.8 6.4
v -10 6 6.4
v -10 6.2 6.4
v -10 6.3 6.4
v -10 6.4 6.4
v -10 6.5 6.4
v -10 6.6 6.4
v -10 6.7 6.4
v -10 6.9 6.4
v -10 7.1 6.4
v -10 7.3 6.4
v -9.9 0.1 6.4
v -9.9 0.3 6.4
v -9.9 0.4 6.4
v -9.9 0.8 6.4
v -9.9 0.9 6.4
v -9.9 1.3 6.4
v -9.9 1.4 6.4
v -9.9 1.8 6.4
v -9.9 1.9 6.4
v -9.9 2.3 6.4
v -9.9 2.4 6.4
v -9.9 2.8 6.4
v -9.9 3.6 6.4
v -9.9 3.8 6.4
v -9.9 3.9 6.4
v -9.9 4.3 6.4
v -9.9 4.4 6.4
v -9.9 4.8 6.4
v -9.9 4.9 6.4
v -9.9 5.1 6.4
v -9.9 5.2 6.4
v -9.9 5.3 6.4
v -9.9 5.4 6.4
v -9.9 5.5 6.4
v -9.9 5.6 6.4
v -9.9 5.8 6.4
v -9.9 6 6.4
v -9.9 6.2 6.4
v -9.9 6.3 6.4
v -9.9 6.4 6.4
v -9.9 6.5 6.4
v -9.9 6.6 6.4
v -9.9 6.7 6.4
v -9.9 6.9 6.4
v -9.9 7.1 6.4
v -9.9 7.3 6.4
v -9.1 0 6.4
v -9.1 0.1 6.4
v -9 0 6.4
v -9 0.1 6.4
v -8.1 0 6.4
v -8.1 0.1 6.4
v -8 0 6.4
v -8 0.1 6.4
v -7.1 0 6.4
v -7.1 0.1 6.4
v -7 0 6.4
v -7 0.1 6.4
v -6.1 0 6.4
v -6.1 0.1 6.4
v -6 0 6.4
v -6 0.1 6.4
v -5.1 0 6.4
v -5.1 0.1 6.4
v -5 0 6.4
v -5 0.1 6.4
v -4.1 0 6.4
v -4.1 0.1 6.4
v -4 0 6.4
v -4 0.1 6.4
v -3.1 0 6.4
v -3.1 0.1 6.4
v -3 0 6.4
v -3 0.1 6.4
v -2.1 0 6.4
v -2.1 0.1 6.4
v -2 0 6.4
v -2 0.1 6.4
v -1.3 0 6.4
v -1.3 0.1 6.4
v -1.1 0 6.4
v -1.1 0.1 6.4
v 1.1 0 6.4
v 1.1 0.1 6.4
v 1.3 0 6.4
v 1.3 0.1 6.4
v 1.9 0 6.4
v 1.9 0.1 6.4
v 2 0 6.4
v 2 0.1 6.4
v 2.9 0 6.4
v 2.9 0.1 6.4
v 3 0 6.4
v 3 0.1 6.4
v 3.9 0 6.4
v 3.9 0.1 6.4
v 4 0 6.4
v 4 0.1 6.4
v 4.9 0 6.4
v 4.9 0.1 6.4
v 5 0 6.4
v 5 0.1 6.4
v 5.9 0 6.4
v 5.9 0.1 6.4
v 6 0 6.4
v 6 0.1 6.4
v 6.9 0 6.4
v 6.9 0.1 6.4
v 7 0 6.4
v 7 0.1 6.4
v 7.9 0 6.4
v 7.9 0.1 6.4
v 8 0 6.4
v 8 0.1 6.4
v 8.9 0 6.4
v 8.9 0.1 6.4
v 9 0 6.4
v 9 0.1 6.4
v 9.9 0 6.4
v 9.9 0.1 6.4
v 9.9 0.3 6.4
v 9.9 0.4 6.4
v 9.9 0.8 6.4
v 9.9 0.9 6.4
v 9.9 1.3 6.4
v 9.9 1.4 6.4
v 9.9 1.8 6.4
v 9.9 1.9 6.4
v 9.9 2.3 6.4
v 9.9 2.4 6.4
v 9.9 2.8 6.4
v 9.9 3.6 6.4
v 9.9 3.8 6.4
v 9.9 3.9 6.4
v 9.9 4.3 6.4
v 9.9 4.4 6.4
v 9.9 4.8 6.4
v 9.9 4.9 6.4
v 9.9 5.1 6.4
v 9.9 5.2 6.4
v 9.9 5.3 6.4
v 9.9 5.4 6.4
v 9.9 5.5 6.4
v 9.9 5.6 6.4
v 9.9 5.8 6.4
v 9.9 6 6.4
v 9.9 6.2 6.4
v 9.9 6.3 6.4
v 9.9 6.4 6.4
v 9.9 6.5 6.4
v 9.9 6.6 6.4
v 9.9 6.7 6.4
v 9.9 6.9 6.4
v 9.9 7.1 6.4
v 9.9 7.3 6.4
v 10 0 6.4
v 10 0.1 6.4
v 10 0.3 6.4
v 10 0.4 6.4
v 10 0.8 6.4
v 10 0.9 6.4
v 10 1.3 6.4
v 10 1.4 6.4
v 10 1.8 6.4
v 10 1.9 6.4
v 10 2.3 6.4
v 10 2.4 6.4
v 10 2.8 6.4
v 10 3.6 6.4
v 10 3.8 6.4
v 10 3.9 6.4
v 10 4.3 6.4
v 10 4.4 6.4
v 10 4.8 6.4
v 10 4.9 6.4
v 10 5.1 6.4
v 10 5.2 6.4
v 10 5.3 6.4
v 10 5.4 6.4
v 10 5.5 6.4
v 10 5.6 6.4
v 10 5.8 6.4
v 10 6 6.4
v 10 6.2 6.4
v 10 6.3 6.4
v 10 6.4 6.4
v 10 6.5 6.4
v 10 6.6 6.4
v 10 6.7 6.4
v 10 6.9 6.4
v 10 7.1 6.4
v 10 7.3 6.4
v -8.3 0.1 2.2
v -8.3 0.5 2.2
v -8.3 0.6 2.2
v -8.2 0.1 2.2
v -8.2 0.5 2.2
v -7.8 0.1 2.2
v -7.8 0.5 2.2
v -7.7 0.1 2.2
v -7.7 0.5 2.2
v -7.7 0.6 2.2
v 7.1 0.4 2
v 7.1 0.5 2
v 7.1 1.1 2
v 7.1 1.2 2
v 7.5 0.4 2
v 7.5 0.5 2
v 7.5 1.1 2
v 7.5 1.2 2
v 7 0.4 1.9
v 7 0.5 1.9
v 7 1.1 1.9
v 7 1.2 1.9
v 7.1 0.1 1.9
v 7.1 0.2 1.9
v 7.1 0.4 1.9
v 7.1 0.5 1.9
v 7.1 1.1 1.9
v 7.1 1.2 1.9
v 7.1 1.4 1.9
v 7.1 1.5 1.9
v 7.5 0.1 1.9
v 7.5 0.2 1.9
v 7.5 0.4 1.9
v 7.5 0.5 1.9
v 7.5 1.1 1.9
v 7.5 1.2 1.9
v 7.5 1.4 1.9
v 7.5 1.5 1.9
v 7.6 0.4 1.9
v 7.6 0.5 1.9
v 7.6 1.1 1.9
v 7.6 1.2 1.9
v 8.6 0.4 1.9
v 8.6 0.5 1.9
v 8.6 1.1 1.9
v 8.6 1.2 1.9
v 9 0.4 1.9
v 9 0.5 1.9
v 9 1.1 1.9
v 9 1.2 1.9
v 6.9 0.4 1.8
v 6.9 0.5 1.8
v 6.9 1.1 1.8
v 6.9 1.2 1.8
v 7 0.1 1.8
v 7 0.2 1.8
v 7 0.4 1.8
v 7 0.5 1.8
v 7 1.1 1.8
v 7 1.2 1.8
v 7 1.4 1.8
v 7 1.5 1.8
v 7.1 0.1 1.8
v 7.1 0.2 1.8
v 7.1 0.4 1.8
v 7.1 1.2 1.8
v 7.1 1.4 1.8
v 7.1 1.5 1.8
v 7.5 0.1 1.8
v 7.5 0.2 1.8
v 7.5 0.4 1.8
v 7.5 1.2 1.8
v 7.5 1.4 1.8
v 7.5 1.5 1.8
v 7.6 0.1 1.8
v 7.6 0.2 1.8
v 7.6 0.4 1.8
v 7.6 0.5 1.8
v 7.6 1.1 1.8
v 7.6 1.2 1.8
v 7.6 1.4 1.8
v 7.6 1.5 1.8
v 7.7 0.4 1.8
v 7.7 0.5 1.8
v 7.7 1.1 1.8
v 7.7 1.2 1.8
v 8.5 0.4 1.8
v 8.5 0.5 1.8
v 8.5 1.1 1.8
v 8.5 1.2 1.8
v 8.6 0.1 1.8
v 8.6 0.2 1.8
v 8.6 0.4 1.8
v 8.6 0.5 1.8
v 8.6 1.1 1.8
v 8.6 1.2 1.8
v 8.6 1.4 1.8
v 8.6 1.5 1.8
v 8.9 0.1 1.8
v 9 0.1 1.8
v 9 0.2 1.8
v 9 0.4 1.8
v 9 0.5 1.8
v 9 1.1 1.8
v 9 1.2 1.8
v 9 1.4 1.8
v 9 1.5 1.8
v 9.1 0.4 1.8
v 9.1 0.5 1.8
v 9.1 1.1 1.8
v 9.1 1.2 1.8
v -8.3 0.1 1.7
v -8.3 0.5 1.7
v -8.2 0.1 1.7
v -8.2 0.5 1.7
v -7.8 0.1 1.7
v -7.8 0.5 1.7
v -7.7 0.1 1.7
v -7.7 0.5 1.7
v 6.8 0.4 1.7
v 6.8 0.5 1.7
v 6.8 1.1 1.7
v 6.8 1.2 1.7
v 6.9 0.1 1.7
v 6.9 0.2 1.7
v 6.9 0.4 1.7
v 6.9 0.5 1.7
v 6.9 1.1 1.7
v 6.9 1.2 1.7
v 6.9 1.4 1.7
v 6.9 1.5 1.7
v 7 0.1 1.7
v 7 0.2 1.7
v 7 0.4 1.7
v 7 1.2 1.7
v 7 1.4 1.7
v 7 1.5 1.7
v 7.6 0.1 1.7
v 7.6 0.2 1.7
v 7.6 0.4 1.7
v 7.6 1.2 1.7
v 7.6 1.4 1.7
v 7.6 1.5 1.7
v 7.7 0.1 1.7
v 7.7 0.2 1.7
v 7.7 0.4 1.7
v 7.7 0.5 1.7
v 7.7 1.1 1.7
v 7.7 1.2 1.7
v 7.7 1.4 1.7
v 7.7 1.5 1.7
v 7.8 0.4 1.7
v 7.8 0.5 1.7
v 7.8 1.1 1.7
v 7.8 1.2 1.7
v 8.4 0.4 1.7
v 8.4 0.5 1.7
v 8.4 1.1 1.7
v 8.4 1.2 1.7
v 8.5 0.1 1.7
v 8.5 0.2 1.7
v 8.5 0.4 1.7
v 8.5 0.5 1.7
v 8.5 1.1 1.7
v 8.5 1.2 1.7
v 8.5 1.4 1.7
v 8.5 1.5 1.7
v 8.6 0.1 1.7
v 8.6 0.2 1.7
v 8.6 0.4 1.7
v 8.6 1.2 1.7
v 8.6 1.4 1.7
v 8.6 1.5 1.7
v 9 0.1 1.7
v 9 0.2 1.7
v 9 0.4 1.7
v 9 1.2 1.7
v 9 1.4 1.7
v 9 1.5 1.7
v 9.1 0.1 1.7
v 9.1 0.2 1.7
v 9.1 0.4 1.7
v 9.1 0.5 1.7
v 9.1 1.1 1.7
v 9.1 1.2 1.7
v 9.1 1.4 1.7
v 9.1 1.5 1.7
v 9.2 0.4 1.7
v 9.2 0.5 1.7
v 9.2 1.1 1.7
v 9.2 1.2 1.7
v 6.7 0.4 1.6
v 6.7 0.5 1.6
v 6.7 1.1 1.6
v 6.7 1.2 1.6
v 6.8 0.1 1.6
v 6.8 0.2 1.6
v 6.8 0.4 1.6
v 6.8 0.5 1.6
v 6.8 1.1 1.6
v 6.8 1.2 1.6
v 6.8 1.4 1.6
v 6.8 1.5 1.6
v 6.9 0.1 1.6
v 6.9 0.2 1.6
v 6.9 0.4 1.6
v 6.9 1.2 1.6
v 6.9 1.4 1.6
v 6.9 1.5 1.6
v 7.7 0.1 1.6
v 7.7 0.2 1.6
v 7.7 0.4 1.6
v 7.7 1.2 1.6
v 7.7 1.4 1.6
v 7.7 1.5 1.6
v 7.8 0.1 1.6
v 7.8 0.2 1.6
v 7.8 0.4 1.6
v 7.8 0.5 1.6
v 7.8 1.1 1.6
v 7.8 1.2 1.6
v 7.8 1.4 1.6
v 7.8 1.5 1.6
v 7.9 0.4 1.6
v 7.9 0.5 1.6
v 7.9 1.1 1.6
v 7.9 1.2 1.6
v 8.3 0.4 1.6
v 8.3 0.5 1.6
v 8.3 1.1 1.6
v 8.3 1.2 1.6
v 8.4 0.1 1.6
v 8.4 0.2 1.6
v 8.4 0.4 1.6
v 8.4 0.5 1.6
v 8.4 1.1 1.6
v 8.4 1.2 1.6
v 8.4 1.4 1.6
v 8.4 1.5 1.6
v 8.5 0.1 1.6
v 8.5 0.2 1.6
v 8.5 0.4 1.6
v 8.5 1.2 1.6
v 8.5 1.4 1.6
v 8.5 1.5 1.6
v 9.1 0.1 1.6
v 9.1 0.2 1.6
v 9.1 0.4 1.6
v 9.1 1.2 1.6
v 9.1 1.4 1.6
v 9.1 1.5 1.6
v 9.2 0.1 1.6
v 9.2 0.2 1.6
v 9.2 0.4 1.6
v 9.2 0.5 1.6
v 9.2 1.1 1.6
v 9.2 1.2 1.6
v 9.2 1.4 1.6
v 9.2 1.5 1.6
v 9.3 0.4 1.6
v 9.3 0.5 1.6
v 9.3 1.1 1.6
v 9.3 1.2 1.6
v -9 0.1 1.5
v -9 0.9 1.5
v -8.8 0.1 1.5
v -8.8 0.8 1.5
v -7.1 0.1 1.5
v -7.1 0.8 1.5
v -7 0.1 1.5
v -6.9 0.1 1.5
v -6.9 0.9 1.5
v 8.2 0.4 1.5
v 8.2 0.5 1.5
v 8.2 1.1 1.5
v 8.2 1.2 1.5
v 8.3 0.1 1.5
v 8.3 0.2 1.5
v 8.3 0.4 1.5
v 8.3 0.5 1.5
v 8.3 1.1 1.5
v 8.3 1.2 1.5
v 8.3 1.4 1.5
v 8.3 1.5 1.5
v 8.4 0.1 1.5
v 8.4 0.2 1.5
v 8.4 0.4 1.5
v 8.4 1.2 1.5
v 8.4 1.4 1.5
v 8.4 1.5 1.5
v 9.2 0.1 1.5
v 9.2 0.2 1.5
v 9.2 0.4 1.5
v 9.2 1.2 1.5
v 9.2 1.4 1.5
v 9.2 1.5 1.5
v 9.3 0.1 1.5
v 9.3 0.2 1.5
v 9.3 0.4 1.5
v 9.3 0.5 1.5
v 9.3 1.1 1.5
v 9.3 1.2 1.5
v 9.3 1.4 1.5
v 9.3 1.5 1.5
v 9.4 0.4 1.5
v 9.4 0.5 1.5
v 9.4 1.1 1.5
v 9.4 1.2 1.5
v 6.8 0.6 1.3
v 6.8 1.1 1.3
v 6.8 1.2 1.3
v 6.9 0.6 1.3
v 6.9 1.1 1.3
v 6.9 1.2 1.3
v 6.9 1.4 1.3
v 7 1.2 1.3
v 7 1.4 1.3
v 7.6 1.2 1.3
v 7.6 1.4 1.3
v 7.7 0.4 1.3
v 7.7 0.5 1.3
v 7.7 0.6 1.3
v 7.7 1.1 1.3
v 7.7 1.2 1.3
v 7.7 1.4 1.3
v 7.8 0.4 1.3
v 7.8 0.5 1.3
v 7.8 0.6 1.3
v 7.8 1.1 1.3
v 7.8 1.2 1.3
v 6.8 0.5 1.2
v 6.8 0.6 1.2
v 6.9 0.1 1.2
v 6.9 0.2 1.2
v 6.9 0.4 1.2
v 6.9 0.5 1.2
v 6.9 0.6 1.2
v 6.9 1.1 1.2
v 6.9 1.2 1.2
v 7 0.1 1.2
v 7 0.2 1.2
v 7 0.4 1.2
v 7 0.5 1.2
v 7 0.6 1.2
v 7 1.1 1.2
v 7 1.2 1.2
v 7 1.4 1.2
v 7.1 1.2 1.2
v 7.1 1.4 1.2
v 7.5 1.2 1.2
v 7.5 1.4 1.2
v 7.6 0.1 1.2
v 7.6 0.2 1.2
v 7.6 0.4 1.2
v 7.6 0.5 1.2
v 7.6 0.6 1.2
v 7.6 1.1 1.2
v 7.6 1.2 1.2
v 7.6 1.4 1.2
v 7.7 0.1 1.2
v 7.7 0.2 1.2
v 7.7 0.4 1.2
v 7.7 0.5 1.2
v 7.7 0.6 1.2
v 7.7 1.1 1.2
v 7.7 1.2 1.2
v 7.8 0.5 1.2
v 7.8 0.6 1.2
v 8.3 0.6 1.2
v 8.3 1.1 1.2
v 8.3 1.2 1.2
v 8.4 0.6 1.2
v 8.4 1.1 1.2
v 8.4 1.2 1.2
v 8.4 1.4 1.2
v 8.5 1.2 1.2
v 8.5 1.4 1.2
v 9.1 1.2 1.2
v 9.1 1.4 1.2
v 9.2 0.4 1.2
v 9.2 0.5 1.2
v 9.2 0.6 1.2
v 9.2 1.1 1.2
v 9.2 1.2 1.2
v 9.2 1.4 1.2
v 9.3 0.4 1.2
v 9.3 0.5 1.2
v 9.3 0.6 1.2
v 9.3 1.1 1.2
v 9.3 1.2 1.2
v 6.9 0.5 1.1
v 6.9 0.6 1.1
v 7 0.1 1.1
v 7 0.2 1.1
v 7 0.4 1.1
v 7 0.5 1.1
v 7 0.6 1.1
v 7 1.1 1.1
v 7 1.2 1.1
v 7.1 0.1 1.1
v 7.1 0.2 1.1
v 7.1 0.4 1.1
v 7.1 0.5 1.1
v 7.1 0.6 1.1
v 7.1 1.1 1.1
v 7.1 1.2 1.1
v 7.1 1.4 1.1
v 7.2 1.2 1.1
v 7.2 1.4 1.1
v 7.5 0.1 1.1
v 7.5 0.2 1.1
v 7.5 0.4 1.1
v 7.5 0.5 1.1
v 7.5 0.6 1.1
v 7.5 1.1 1.1
v 7.5 1.2 1.1
v 7.6 0.1 1.1
v 7.6 0.2 1.1
v 7.6 0.4 1.1
v 7.6 0.5 1.1
v 7.6 0.6 1.1
v 7.6 1.1 1.1
v 7.6 1.2 1.1
v 7.7 0.5 1.1
v 7.7 0.6 1.1
v 8.3 0.5 1.1
v 8.3 0.6 1.1
v 8.4 0.1 1.1
v 8.4 0.2 1.1
v 8.4 0.4 1.1
v 8.4 0.5 1.1
v 8.4 0.6 1.1
v 8.4 1.1 1.1
v 8.4 1.2 1.1
v 8.5 0.1 1.1
v 8.5 0.2 1.1
v 8.5 0.4 1.1
v 8.5 0.5 1.1
v 8.5 0.6 1.1
v 8.5 1.1 1.1
v 8.5 1.2 1.1
v 8.5 1.4 1.1
v 8.6 1.2 1.1
v 8.6 1.4 1.1
v 9 1.2 1.1
v 9 1.4 1.1
v 9.1 0.1 1.1
v 9.1 0.2 1.1
v 9.1 0.4 1.1
v 9.1 0.5 1.1
v 9.1 0.6 1.1
v 9.1 1.1 1.1
v 9.1 1.2 1.1
v 9.1 1.4 1.1
v 9.2 0.1 1.1
v 9.2 0.2 1.1
v 9.2 0.4 1.1
v 9.2 0.5 1.1
v 9.2 0.6 1.1
v 9.2 1.1 1.1
v 9.2 1.2 1.1
v 9.3 0.5 1.1
v 9.3 0.6 1.1
v 7 0.5 1
v 7 0.6 1
v 7.1 0.1 1
v 7.1 0.2 1
v 7.1 0.4 1
v 7.1 0.5 1
v 7.1 0.6 1
v 7.1 1.1 1
v 7.1 1.2 1
v 7.2 0.1 1
v 7.2 0.4 1
v 7.2 0.5 1
v 7.2 0.6 1
v 7.2 1.1 1
v 7.2 1.2 1
v 7.2 1.4 1
v 7.4 0.4 1
v 7.4 0.5 1
v 7.4 0.6 1
v 7.4 1.1 1
v 7.4 1.2 1
v 7.5 0.1 1
v 7.5 0.2 1
v 7.5 0.4 1
v 7.5 0.5 1
v 7.5 0.6 1
v 7.5 1.1 1
v 7.5 1.2 1
v 7.5 1.4 1
v 7.6 0.5 1
v 7.6 0.6 1
v 8.4 0.5 1
v 8.4 0.6 1
v 8.5 0.1 1
v 8.5 0.2 1
v 8.5 0.4 1
v 8.5 0.5 1
v 8.5 0.6 1
v 8.5 1.1 1
v 8.5 1.2 1
v 8.6 0.1 1
v 8.6 0.2 1
v 8.6 0.4 1
v 8.6 0.5 1
v 8.6 0.6 1
v 8.6 1.1 1
v 8.6 1.2 1
v 8.6 1.4 1
v 8.7 1.2 1
v 8.7 1.4 1
v 9 0.1 1
v 9 0.2 1
v 9 0.4 1
v 9 0.5 1
v 9 0.6 1
v 9 1.1 1
v 9 1.2 1
v 9.1 0.1 1
v 9.1 0.2 1
v 9.1 0.4 1
v 9.1 0.5 1
v 9.1 0.6 1
v 9.1 1.1 1
v 9.1 1.2 1
v 9.2 0.5 1
v 9.2 0.6 1
v 7.1 0.5 0.9
v 7.1 0.6 0.9
v 7.2 0.4 0.9
v 7.2 0.5 0.9
v 7.2 0.6 0.9
v 7.2 1.1 0.9
v 7.2 1.2 0.9
v 7.4 0.4 0.9
v 7.4 0.5 0.9
v 7.4 0.6 0.9
v 7.4 1.1 0.9
v 7.4 1.2 0.9
v 7.5 0.5 0.9
v 7.5 0.6 0.9
v 8.5 0.5 0.9
v 8.5 0.6 0.9
v 8.6 0.1 0.9
v 8.6 0.2 0.9
v 8.6 0.4 0.9
v 8.6 0.5 0.9
v 8.6 0.6 0.9
v 8.6 1.1 0.9
v 8.6 1.2 0.9
v 8.7 0.1 0.9
v 8.7 0.4 0.9
v 8.7 0.5 0.9
v 8.7 0.6 0.9
v 8.7 1.1 0.9
v 8.7 1.2 0.9
v 8.7 1.4 0.9
v 8.9 0.4 0.9
v 8.9 0.5 0.9
v 8.9 0.6 0.9
v 8.9 1.1 0.9
v 8.9 1.2 0.9
v 9 0.1 0.9
v 9 0.2 0.9
v 9 0.4 0.9
v 9 0.5 0.9
v 9 0.6 0.9
v 9 1.1 0.9
v 9 1.2 0.9
v 9 1.4 0.9
v 9.1 0.5 0.9
v 9.1 0.6 0.9
v -6.8 0.1 0.8
v -6.8 0.5 0.8
v -6.8 0.6 0.8
v -6.7 0.1 0.8
v -6.7 0.5 0.8
v -6.3 0.1 0.8
v -6.3 0.5 0.8
v -6.2 0.1 0.8
v -6.2 0.5 0.8
v -6.2 0.6 0.8
v 8.6 0.5 0.8
v 8.6 0.6 0.8
v 8.7 0.4 0.8
v 8.7 0.5 0.8
v 8.7 0.6 0.8
v 8.7 1.1 0.8
v 8.7 1.2 0.8
v 8.9 0.4 0.8
v 8.9 0.5 0.8
v 8.9 0.6 0.8
v 8.9 1.1 0.8
v 8.9 1.2 0.8
v 9 0.5 0.8
v 9 0.6 0.8
v 7.9 0.4 0.6
v 7.9 0.5 0.6
v 7.9 1.1 0.6
v 7.9 1.2 0.6
v 8.3 0.4 0.6
v 8.3 0.5 0.6
v 8.3 1.1 0.6
v 8.3 1.2 0.6
v 7.8 0.4 0.5
v 7.8 0.5 0.5
v 7.8 1.1 0.5
v 7.8 1.2 0.5
v 7.9 0.1 0.5
v 7.9 0.2 0.5
v 7.9 0.4 0.5
v 7.9 0.5 0.5
v 7.9 1.1 0.5
v 7.9 1.2 0.5
v 7.9 1.4 0.5
v 7.9 1.5 0.5
v 8 0.1 0.5
v 8.3 0.1 0.5
v 8.3 0.2 0.5
v 8.3 0.4 0.5
v 8.3 0.5 0.5
v 8.3 1.1 0.5
v 8.3 1.2 0.5
v 8.3 1.4 0.5
v 8.3 1.5 0.5
v 8.4 0.4 0.5
v 8.4 0.5 0.5
v 8.4 1.1 0.5
v 8.4 1.2 0.5
v 7.7 0.4 0.4
v 7.7 0.5 0.4
v 7.7 1.1 0.4
v 7.7 1.2 0.4
v 7.8 0.1 0.4
v 7.8 0.2 0.4
v 7.8 0.4 0.4
v 7.8 0.5 0.4
v 7.8 1.1 0.4
v 7.8 1.2 0.4
v 7.8 1.4 0.4
v 7.8 1.5 0.4
v 7.9 0.1 0.4
v 7.9 0.2 0.4
v 7.9 0.4 0.4
v 7.9 1.2 0.4
v 7.9 1.4 0.4
v 7.9 1.5 0.4
v 8.3 0.1 0.4
v 8.3 0.2 0.4
v 8.3 0.4 0.4
v 8.3 1.2 0.4
v 8.3 1.4 0.4
v 8.3 1.5 0.4
v 8.4 0.1 0.4
v 8.4 0.2 0.4
v 8.4 0.4 0.4
v 8.4 0.5 0.4
v 8.4 1.1 0.4
v 8.4 1.2 0.4
v 8.4 1.4 0.4
v 8.4 1.5 0.4
v 8.5 0.4 0.4
v 8.5 0.5 0.4
v 8.5 1.1 0.4
v 8.5 1.2 0.4
v -6.8 0.1 0.3
v -6.8 0.5 0.3
v -6.7 0.1 0.3
v -6.7 0.5 0.3
v -6.3 0.1 0.3
v -6.3 0.5 0.3
v -6.2 0.1 0.3
v -6.2 0.5 0.3
v 7.6 0.4 0.3
v 7.6 0.5 0.3
v 7.6 1.1 0.3
v 7.6 1.2 0.3
v 7.7 0.1 0.3
v 7.7 0.2 0.3
v 7.7 0.4 0.3
v 7.7 0.5 0.3
v 7.7 1.1 0.3
v 7.7 1.2 0.3
v 7.7 1.4 0.3
v 7.7 1.5 0.3
v 7.8 0.1 0.3
v 7.8 0.2 0.3
v 7.8 0.4 0.3
v 7.8 1.2 0.3
v 7.8 1.4 0.3
v 7.8 1.5 0.3
v 8.4 0.1 0.3
v 8.4 0.2 0.3
v 8.4 0.4 0.3
v 8.4 1.2 0.3
v 8.4 1.4 0.3
v 8.4 1.5 0.3
v 8.5 0.1 0.3
v 8.5 0.2 0.3
v 8.5 0.4 0.3
v 8.5 0.5 0.3
v 8.5 1.1 0.3
v 8.5 1.2 0.3
v 8.5 1.4 0.3
v 8.5 1.5 0.3
v 8.6 0.4 0.3
v 8.6 0.5 0.3
v 8.6 1.1 0.3
v 8.6 1.2 0.3
v 7.5 0.4 0.2
v 7.5 0.5 0.2
v 7.5 1.1 0.2
v 7.5 1.2 0.2
v 7.6 0.1 0.2
v 7.6 0.2 0.2
v 7.6 0.4 0.2
v 7.6 0.5 0.2
v 7.6 1.1 0.2
v 7.6 1.2 0.2
v 7.6 1.4 0.2
v 7.6 1.5 0.2
v 7.7 0.1 0.2
v 7.7 0.2 0.2
v 7.7 0.4 0.2
v 7.7 1.2 0.2
v 7.7 1.4 0.2
v 7.7 1.5 0.2
v 8.5 0.1 0.2
v 8.5 0.2 0.2
v 8.5 0.4 0.2
v 8.5 1.2 0.2
v 8.5 1.4 0.2
v 8.5 1.5 0.2
v 8.6 0.1 0.2
v 8.6 0.2 0.2
v 8.6 0.4 0.2
v 8.6 0.5 0.2
v 8.6 1.1 0.2
v 8.6 1.2 0.2
v 8.6 1.4 0.2
v 8.6 1.5 0.2
v 8.7 0.4 0.2
v 8.7 0.5 0.2
v 8.7 1.1 0.2
v 8.7 1.2 0.2
v -5.1 4.3 0.0999999
v -5.1 4.5 0.0999999
v -4.6 4.3 0.0999999
v -4.6 4.5 0.0999999
v -5.2 4.3 0
v -5.2 4.5 0
v -5.1 1 0
v -5.1 1.1 0
v -5.1 1.3 0
v -5.1 1.4 0
v -5.1 4.2 0
v -5.1 4.3 0
v -5.1 4.5 0
v -5.1 4.6 0
v -4.6 1 0
v -4.6 1.1 0
v -4.6 1.3 0
v -4.6 1.4 0
v -4.6 4.2 0
v -4.6 4.3 0
v -4.6 4.5 0
v -4.6 4.6 0
v -4.5 4.3 0
v -4.5 4.5 0
v -5.3 4.3 -0.0999999
v -5.3 4.5 -0.0999999
v -5.2 1 -0.0999999
v -5.2 1.1 -0.0999999
v -5.2 1.3 -0.0999999
v -5.2 1.4 -0.0999999
v -5.2 4.2 -0.0999999
v -5.2 4.3 -0.0999999
v -5.2 4.5 -0.0999999
v -5.2 4.6 -0.0999999
v -5.1 0.9 -0.0999999
v -5.1 1 -0.0999999
v -5.1 1.1 -0.0999999
v -5.1 1.3 -0.0999999
v -5.1 1.4 -0.0999999
v -5.1 1.5 -0.0999999
v -5.1 3.9 -0.0999999
v -5.1 4 -0.0999999
v -5.1 4.1 -0.0999999
v -5.1 4.2 -0.0999999
v -5.1 4.3 -0.0999999
v -5.1 4.5 -0.0999999
v -5.1 4.6 -0.0999999
v -5.1 4.7 -0.0999999
v -4.6 0.9 -0.0999999
v -4.6 1 -0.0999999
v -4.6 1.1 -0.0999999
v -4.6 1.3 -0.0999999
v -4.6 1.4 -0.0999999
v -4.6 1.5 -0.0999999
v -4.6 3.9 -0.0999999
v -4.6 4 -0.0999999
v -4.6 4.1 -0.0999999
v -4.6 4.2 -0.0999999
v -4.6 4.3 -0.0999999
v -4.6 4.5 -0.0999999
v -4.6 4.6 -0.0999999
v -4.6 4.7 -0.0999999
v -4.5 1 -0.0999999
v -4.5 1.1 -0.0999999
v -4.5 1.3 -0.0999999
v -4.5 1.4 -0.0999999
v -4.5 4.2 -0.0999999
v -4.5 4.3 -0.0999999
v -4.5 4.5 -0.0999999
v -4.5 4.6 -0.0999999
v -4.4 4.3 -0.0999999
v -4.4 4.5 -0.0999999
v 7.6 0.6 -0.0999999
v 7.6 1.1 -0.0999999
v 7.6 1.2 -0.0999999
v 7.7 0.6 -0.0999999
v 7.7 1.1 -0.0999999
v 7.7 1.2 -0.0999999
v 7.7 1.4 -0.0999999
v 7.8 1.2 -0.0999999
v 7.8 1.4 -0.0999999
v 8.4 1.2 -0.0999999
v 8.4 1.4 -0.0999999
v 8.5 0.4 -0.0999999
v 8.5 0.5 -0.0999999
v 8.5 0.6 -0.0999999
v 8.5 1.1 -0.0999999
v 8.5 1.2 -0.0999999
v 8.5 1.4 -0.0999999
v 8.6 0.4 -0.0999999
v 8.6 0.5 -0.0999999
v 8.6 0.6 -0.0999999
v 8.6 1.1 -0.0999999
v 8.6 1.2 -0.0999999
v -5.4 4.3 -0.2
v -5.4 4.5 -0.2
v -5.3 1 -0.2
v -5.3 1.1 -0.2
v -5.3 1.3 -0.2
v -5.3 1.4 -0.2
v -5.3 4.2 -0.2
v -5.3 4.3 -0.2
v -5.3 4.5 -0.2
v -5.3 4.6 -0.2
v -5.2 0.9 -0.2
v -5.2 1 -0.2
v -5.2 1.1 -0.2
v -5.2 1.3 -0.2
v -5.2 1.4 -0.2
v -5.2 1.5 -0.2
v -5.2 3.9 -0.2
v -5.2 4 -0.2
v -5.2 4.1 -0.2
v -5.2 4.2 -0.2
v -5.2 4.3 -0.2
v -5.2 4.5 -0.2
v -5.2 4.6 -0.2
v -5.2 4.7 -0.2
v -5.1 0.9 -0.2
v -5.1 1 -0.2
v -5.1 1.4 -0.2
v -5.1 1.5 -0.2
v -5.1 3.9 -0.2
v -5.1 4 -0.2
v -5.1 4.1 -0.2
v -5.1 4.2 -0.2
v -5.1 4.6 -0.2
v -5.1 4.7 -0.2
v -5 0.1 -0.2
v -5 0.3 -0.2
v -5 0.4 -0.2
v -5 0.5 -0.2
v -5 0.6 -0.2
v -5 0.9 -0.2
v -5 1.5 -0.2
v -5 3.9 -0.2
v -5 4.7 -0.2
v -5 9 -0.2
v -4.9 1.6 -0.2
v -4.9 3.8 -0.2
v -4.8 1.6 -0.2
v -4.8 3.8 -0.2
v -4.7 0.1 -0.2
v -4.7 0.3 -0.2
v -4.7 0.4 -0.2
v -4.7 0.5 -0.2
v -4.7 0.6 -0.2
v -4.7 0.9 -0.2
v -4.7 1.5 -0.2
v -4.7 3.9 -0.2
v -4.7 4.7 -0.2
v -4.7 9 -0.2
v -4.6 0.9 -0.2
v -4.6 1 -0.2
v -4.6 1.4 -0.2
v -4.6 1.5 -0.2
v -4.6 3.9 -0.2
v -4.6 4 -0.2
v -4.6 4.1 -0.2
v -4.6 4.2 -0.2
v -4.6 4.6 -0.2
v -4.6 4.7 -0.2
v -4.5 0.9 -0.2
v -4.5 1 -0.2
v -4.5 1.1 -0.2
v -4.5 1.3 -0.2
v -4.5 1.4 -0.2
v -4.5 1.5 -0.2
v -4.5 3.9 -0.2
v -4.5 4 -0.2
v -4.5 4.1 -0.2
v -4.5 4.2 -0.2
v -4.5 4.3 -0.2
v -4.5 4.5 -0.2
v -4.5 4.6 -0.2
v -4.5 4.7 -0.2
v -4.4 1 -0.2
v -4.4 1.1 -0.2
v -4.4 1.3 -0.2
v -4.4 1.4 -0.2
v -4.4 4.2 -0.2
v -4.4 4.3 -0.2
v -4.4 4.5 -0.2
v -4.4 4.6 -0.2
v -4.3 4.3 -0.2
v -4.3 4.5 -0.2
v 7.6 0.5 -0.2
v 7.6 0.6 -0.2
v 7.7 0.1 -0.2
v 7.7 0.2 -0.2
v 7.7 0.4 -0.2
v 7.7 0.5 -0.2
v 7.7 0.6 -0.2
v 7.7 1.1 -0.2
v 7.7 1.2 -0.2
v 7.8 0.1 -0.2
v 7.8 0.2 -0.2
v 7.8 0.4 -0.2
v 7.8 0.5 -0.2
v 7.8 0.6 -0.2
v 7.8 1.1 -0.2
v 7.8 1.2 -0.2
v 7.8 1.4 -0.2
v 7.9 1.2 -0.2
v 7.9 1.4 -0.2
v 8.3 1.2 -0.2
v 8.3 1.4 -0.2
v 8.4 0.1 -0.2
v 8.4 0.2 -0.2
v 8.4 0.4 -0.2
v 8.4 0.5 -0.2
v 8.4 0.6 -0.2
v 8.4 1.1 -0.2
v 8.4 1.2 -0.2
v 8.4 1.4 -0.2
v 8.5 0.1 -0.2
v 8.5 0.2 -0.2
v 8.5 0.4 -0.2
v 8.5 0.5 -0.2
v 8.5 0.6 -0.2
v 8.5 1.1 -0.2
v 8.5 1.2 -0.2
v 8.6 0.5 -0.2
v 8.6 0.6 -0.2
v -5.5 4.3 -0.3
v -5.5 4.5 -0.3
v -5.4 1 -0.3
v -5.4 1.1 -0.3
v -5.4 1.3 -0.3
v -5.4 1.4 -0.3
v -5.4 4.2 -0.3
v -5.4 4.3 -0.3
v -5.4 4.5 -0.3
v -5.4 4.6 -0.3
v -5.3 0.9 -0.3
v -5.3 1 -0.3
v -5.3 1.1 -0.3
v -5.3 1.3 -0.3
v -5.3 1.4 -0.3
v -5.3 1.5 -0.3
v -5.3 3.9 -0.3
v -5.3 4 -0.3
v -5.3 4.1 -0.3
v -5.3 4.2 -0.3
v -5.3 4.3 -0.3
v -5.3 4.5 -0.3
v -5.3 4.6 -0.3
v -5.3 4.7 -0.3
v -5.2 0.1 -0.3
v -5.2 0.3 -0.3
v -5.2 0.4 -0.3
v -5.2 0.5 -0.3
v -5.2 0.6 -0.3
v -5.2 0.9 -0.3
v -5.2 1 -0.3
v -5.2 1.4 -0.3
v -5.2 1.5 -0.3
v -5.2 3.9 -0.3
v -5.2 4 -0.3
v -5.2 4.1 -0.3
v -5.2 4.2 -0.3
v -5.2 4.6 -0.3
v -5.2 4.7 -0.3
v -5.1 0.1 -0.3
v -5.1 1.6 -0.3
v -5.1 3.8 -0.3
v -5.1 4.7 -0.3
v -5.1 9 -0.3
v -5 0.1 -0.3
v -5 0.3 -0.3
v -5 0.4 -0.3
v -5 0.5 -0.3
v -5 0.6 -0.3
v -5 0.9 -0.3
v -5 1.5 -0.3
v -5 1.6 -0.3
v -5 3.8 -0.3
v -5 3.9 -0.3
v -5 4.7 -0.3
v -5 9 -0.3
v -4.7 0.1 -0.3
v -4.7 0.3 -0.3
v -4.7 0.4 -0.3
v -4.7 0.5 -0.3
v -4.7 0.6 -0.3
v -4.7 0.9 -0.3
v -4.7 1.5 -0.3
v -4.7 1.6 -0.3
v -4.7 3.8 -0.3
v -4.7 3.9 -0.3
v -4.7 4.7 -0.3
v -4.7 9 -0.3
v -4.6 1.6 -0.3
v -4.6 3.8 -0.3
v -4.6 4.7 -0.3
v -4.6 9 -0.3
v -4.5 0.1 -0.3
v -4.5 0.3 -0.3
v -4.5 0.4 -0.3
v -4.5 0.5 -0.3
v -4.5 0.6 -0.3
v -4.5 0.9 -0.3
v -4.5 1 -0.3
v -4.5 1.4 -0.3
v -4.5 1.5 -0.3
v -4.5 3.9 -0.3
v -4.5 4 -0.3
v -4.5 4.1 -0.3
v -4.5 4.2 -0.3
v -4.5 4.6 -0.3
v -4.5 4.7 -0.3
v -4.4 0.9 -0.3
v -4.4 1 -0.3
v -4.4 1.1 -0.3
v -4.4 1.3 -0.3
v -4.4 1.4 -0.3
v -4.4 1.5 -0.3
v -4.4 3.9 -0.3
v -4.4 4 -0.3
v -4.4 4.1 -0.3
v -4.4 4.2 -0.3
v -4.4 4.3 -0.3
v -4.4 4.5 -0.3
v -4.4 4.6 -0.3
v -4.4 4.7 -0.3
v -4.3 1 -0.3
v -4.3 1.1 -0.3
v -4.3 1.3 -0.3
v -4.3 1.4 -0.3
v -4.3 4.2 -0.3
v -4.3 4.3 -0.3
v -4.3 4.5 -0.3
v -4.3 4.6 -0.3
v -4.2 4.3 -0.3
v -4.2 4.5 -0.3
v 7.7 0.5 -0.3
v 7.7 0.6 -0.3
v 7.8 0.1 -0.3
v 7.8 0.2 -0.3
v 7.8 0.4 -0.3
v 7.8 0.5 -0.3
v 7.8 0.6 -0.3
v 7.8 1.1 -0.3
v 7.8 1.2 -0.3
v 7.9 0.1 -0.3
v 7.9 0.2 -0.3
v 7.9 0.4 -0.3
v 7.9 0.5 -0.3
v 7.9 0.6 -0.3
v 7.9 1.1 -0.3
v 7.9 1.2 -0.3
v 7.9 1.4 -0.3
v 8 1.2 -0.3
v 8 1.4 -0.3
v 8.3 0.1 -0.3
v 8.3 0.2 -0.3
v 8.3 0.4 -0.3
v 8.3 0.5 -0.3
v 8.3 0.6 -0.3
v 8.3 1.1 -0.3
v 8.3 1.2 -0.3
v 8.4 0.1 -0.3
v 8.4 0.2 -0.3
v 8.4 0.4 -0.3
v 8.4 0.5 -0.3
v 8.4 0.6 -0.3
v 8.4 1.1 -0.3
v 8.4 1.2 -0.3
v 8.5 0.5 -0.3
v 8.5 0.6 -0.3
v -9 0.1 -0.4
v -9 0.8 -0.4
v -8.8 0.1 -0.4
v -8.8 0.8 -0.4
v -7.1 0.1 -0.4
v -7.1 0.8 -0.4
v -7 0.1 -0.4
v -6.9 0.1 -0.4
v -6.9 0.8 -0.4
v -5.6 4.3 -0.4
v -5.6 4.5 -0.4
v -5.5 1 -0.4
v -5.5 1.1 -0.4
v -5.5 1.3 -0.4
v -5.5 1.4 -0.4
v -5.5 4.2 -0.4
v -5.5 4.3 -0.4
v -5.5 4.5 -0.4
v -5.5 4.6 -0.4
v -5.4 0.9 -0.4
v -5.4 1 -0.4
v -5.4 1.1 -0.4
v -5.4 1.3 -0.4
v -5.4 1.4 -0.4
v -5.4 1.5 -0.4
v -5.4 3.9 -0.4
v -5.4 4 -0.4
v -5.4 4.1 -0.4
v -5.4 4.2 -0.4
v -5.4 4.3 -0.4
v -5.4 4.5 -0.4
v -5.4 4.6 -0.4
v -5.4 4.7 -0.4
v -5.3 0.9 -0.4
v -5.3 1 -0.4
v -5.3 1.4 -0.4
v -5.3 1.5 -0.4
v -5.3 3.9 -0.4
v -5.3 4 -0.4
v -5.3 4.1 -0.4
v -5.3 4.2 -0.4
v -5.3 4.6 -0.4
v -5.3 4.7 -0.4
v -5.2 4.7 -0.4
v -5.2 9 -0.4
v -5.1 4.7 -0.4
v -5.1 9 -0.4
v -4.6 4.7 -0.4
v -4.6 9 -0.4
v -4.5 4.7 -0.4
v -4.5 9 -0.4
v -4.4 0.9 -0.4
v -4.4 1 -0.4
v -4.4 1.4 -0.4
v -4.4 1.5 -0.4
v -4.4 3.9 -0.4
v -4.4 4 -0.4
v -4.4 4.1 -0.4
v -4.4 4.2 -0.4
v -4.4 4.6 -0.4
v -4.4 4.7 -0.4
v -4.3 0.9 -0.4
v -4.3 1 -0.4
v -4.3 1.1 -0.4
v -4.3 1.3 -0.4
v -4.3 1.4 -0.4
v -4.3 1.5 -0.4
v -4.3 3.9 -0.4
v -4.3 4 -0.4
v -4.3 4.1 -0.4
v -4.3 4.2 -0.4
v -4.3 4.3 -0.4
v -4.3 4.5 -0.4
v -4.3 4.6 -0.4
v -4.3 4.7 -0.4
v -4.2 1 -0.4
v -4.2 1.1 -0.4
v -4.2 1.3 -0.4
v -4.2 1.4 -0.4
v -4.2 4.2 -0.4
v -4.2 4.3 -0.4
v -4.2 4.5 -0.4
v -4.2 4.6 -0.4
v -4.1 4.3 -0.4
v -4.1 4.5 -0.4
v 7.8 0.5 -0.4
v 7.8 0.6 -0.4
v 7.9 0.1 -0.4
v 7.9 0.2 -0.4
v 7.9 0.4 -0.4
v 7.9 0.5 -0.4
v 7.9 0.6 -0.4
v 7.9 1.1 -0.4
v 7.9 1.2 -0.4
v 8 0.1 -0.4
v 8 0.4 -0.4
v 8 0.5 -0.4
v 8 0.6 -0.4
v 8 1.1 -0.4
v 8 1.2 -0.4
v 8 1.4 -0.4
v 8.2 0.4 -0.4
v 8.2 0.5 -0.4
v 8.2 0.6 -0.4
v 8.2 1.1 -0.4
v 8.2 1.2 -0.4
v 8.3 0.1 -0.4
v 8.3 0.2 -0.4
v 8.3 0.4 -0.4
v 8.3 0.5 -0.4
v 8.3 0.6 -0.4
v 8.3 1.1 -0.4
v 8.3 1.2 -0.4
v 8.3 1.4 -0.4
v 8.4 0.5 -0.4
v 8.4 0.6 -0.4
v -5.3 0.1 -0.5
v -5.3 0.3 -0.5
v -5.3 0.4 -0.5
v -5.3 0.5 -0.5
v -5.3 0.6 -0.5
v -5.3 0.9 -0.5
v -5.3 1.5 -0.5
v -5.3 1.6 -0.5
v -5.3 3.8 -0.5
v -5.3 3.9 -0.5
v -5.3 4.7 -0.5
v -5.3 9 -0.5
v -5.2 0.1 -0.5
v -5.2 0.3 -0.5
v -5.2 0.4 -0.5
v -5.2 0.5 -0.5
v -5.2 0.6 -0.5
v -5.2 0.9 -0.5
v -5.2 1.5 -0.5
v -5.2 1.6 -0.5
v -5.2 3.8 -0.5
v -5.2 3.9 -0.5
v -5.2 4.7 -0.5
v -5.2 9 -0.5
v -4.5 0.1 -0.5
v -4.5 0.3 -0.5
v -4.5 0.4 -0.5
v -4.5 0.5 -0.5
v -4.5 0.6 -0.5
v -4.5 0.9 -0.5
v -4.5 1.5 -0.5
v -4.5 1.6 -0.5
v -4.5 3.8 -0.5
v -4.5 3.9 -0.5
v -4.5 4.7 -0.5
v -4.5 9 -0.5
v -4.4 0.1 -0.5
v -4.4 0.3 -0.5
v -4.4 0.4 -0.5
v -4.4 0.5 -0.5
v -4.4 0.6 -0.5
v -4.4 0.9 -0.5
v -4.4 1.5 -0.5
v -4.4 1.6 -0.5
v -4.4 3.8 -0.5
v -4.4 3.9 -0.5
v -4.4 4.7 -0.5
v -4.4 9 -0.5
v 7.9 0.5 -0.5
v 7.9 0.6 -0.5
v 8 0.4 -0.5
v 8 0.5 -0.5
v 8 0.6 -0.5
v 8 1.1 -0.5
v 8 1.2 -0.5
v 8.2 0.4 -0.5
v 8.2 0.5 -0.5
v 8.2 0.6 -0.5
v 8.2 1.1 -0.5
v 8.2 1.2 -0.5
v 8.3 0.5 -0.5
v 8.3 0.6 -0.5
v -0.8 5 -1.2
v -0.8 5.4 -1.2
v -0.6 5 -1.2
v -0.6 5.2 -1.2
v -0.6 5.4 -1.2
v -0.6 5.5 -1.2
v -0.400001 5.2 -1.2
v -0.400001 5.3 -1.2
v -0.400001 5.5 -1.2
v -0.400001 5.6 -1.2
v -0.2 4 -1.2
v -0.2 5.3 -1.2
v -0.2 5.6 -1.2
v -0.2 5.8 -1.2
v 0.2 4 -1.2
v 0.2 5.3 -1.2
v 0.2 5.6 -1.2
v 0.2 5.8 -1.2
v 0.4 5.2 -1.2
v 0.4 5.3 -1.2
v 0.4 5.5 -1.2
v 0.4 5.6 -1.2
v 0.599999 5 -1.2
v 0.599999 5.2 -1.2
v 0.599999 5.4 -1.2
v 0.599999 5.5 -1.2
v 0.8 5 -1.2
v 0.8 5.4 -1.2
v -1.1 1.8 -1.3
v -1.1 2 -1.3
v -1.1 2.6 -1.3
v -1.1 2.8 -1.3
v -1.1 3.3 -1.3
v -0.900001 1.8 -1.3
v -0.900001 2 -1.3
v -0.900001 2.6 -1.3
v -0.900001 2.8 -1.3
v -0.1 0.1 -1.3
v -0.1 0.2 -1.3
v -0.1 0.5 -1.3
v -0.1 0.6 -1.3
v -0.1 0.9 -1.3
v -0.1 1 -1.3
v -0.1 1.4 -1.3
v -0.1 1.5 -1.3
v 0.0999994 0.1 -1.3
v 0.0999994 0.2 -1.3
v 0.0999994 0.5 -1.3
v 0.0999994 0.6 -1.3
v 0.0999994 0.9 -1.3
v 0.0999994 1 -1.3
v 0.0999994 1.4 -1.3
v 0.0999994 1.5 -1.3
v 0.9 1.8 -1.3
v 0.9 2 -1.3
v 0.9 2.6 -1.3
v 0.9 2.8 -1.3
v 1.1 1.8 -1.3
v 1.1 2 -1.3
v 1.1 2.6 -1.3
v 1.1 2.8 -1.3
v 1.1 3.3 -1.3
v -1.2 5.3 -1.4
v -1.2 5.8 -1.4
v -1.1 0.1 -1.4
v -1.1 0.2 -1.4
v -1.1 0.5 -1.4
v -1.1 0.6 -1.4
v -1.1 0.9 -1.4
v -1.1 1 -1.4
v -1.1 1.4 -1.4
v -1.1 1.5 -1.4
v -1.1 2 -1.4
v -1.1 2.5 -1.4
v -1.1 2.6 -1.4
v -1.1 4.9 -1.4
v -1.1 5.3 -1.4
v -1.1 5.7 -1.4
v -1 4.6 -1.4
v -1 4.9 -1.4
v -1 5.3 -1.4
v -0.900001 0.1 -1.4
v -0.900001 0.2 -1.4
v -0.900001 0.5 -1.4
v -0.900001 0.6 -1.4
v -0.900001 0.9 -1.4
v -0.900001 1 -1.4
v -0.900001 1.4 -1.4
v -0.900001 1.5 -1.4
v -0.900001 1.8 -1.4
v -0.900001 2 -1.4
v -0.900001 2.5 -1.4
v -0.900001 2.6 -1.4
v -0.900001 2.8 -1.4
v -0.900001 4.3 -1.4
v -0.900001 4.6 -1.4
v -0.900001 4.9 -1.4
v -0.8 1.8 -1.4
v -0.8 1.9 -1.4
v -0.8 4.2 -1.4
v -0.8 4.3 -1.4
v -0.8 4.6 -1.4
v -0.8 5 -1.4
v -0.8 5.4 -1.4
v -0.7 1.9 -1.4
v -0.7 2 -1.4
v -0.7 4.1 -1.4
v -0.7 4.2 -1.4
v -0.7 4.3 -1.4
v -0.7 5.7 -1.4
v -0.7 5.8 -1.4
v -0.7 5.9 -1.4
v -0.6 5 -1.4
v -0.6 5.2 -1.4
v -0.6 5.4 -1.4
v -0.6 5.5 -1.4
v -0.6 5.8 -1.4
v -0.6 5.9 -1.4
v -0.6 6 -1.4
v -0.5 4 -1.4
v -0.5 4.1 -1.4
v -0.5 4.2 -1.4
v -0.5 5.9 -1.4
v -0.5 6 -1.4
v -0.5 6.1 -1.4
v -0.400001 3.9 -1.4
v -0.400001 4 -1.4
v -0.400001 4.1 -1.4
v -0.400001 5.2 -1.4
v -0.400001 5.3 -1.4
v -0.400001 5.5 -1.4
v -0.400001 5.6 -1.4
v -0.3 3.8 -1.4
v -0.3 3.9 -1.4
v -0.3 4 -1.4
v -0.2 2.6 -1.4
v -0.2 2.7 -1.4
v -0.2 4 -1.4
v -0.2 5.3 -1.4
v -0.2 5.6 -1.4
v -0.2 5.8 -1.4
v -0.1 0.2 -1.4
v -0.1 0.3 -1.4
v -0.1 0.5 -1.4
v -0.1 0.6 -1.4
v -0.1 0.9 -1.4
v -0.1 1 -1.4
v -0.1 1.4 -1.4
v -0.1 2.7 -1.4
v -0.1 2.8 -1.4
v -0.1 3.7 -1.4
v -0.1 3.8 -1.4
v -0.1 3.9 -1.4
v 0.0999994 0.2 -1.4
v 0.0999994 0.3 -1.4
v 0.0999994 0.5 -1.4
v 0.0999994 0.6 -1.4
v 0.0999994 0.9 -1.4
v 0.0999994 1 -1.4
v 0.0999994 1.4 -1.4
v 0.0999994 3.7 -1.4
v 0.0999994 3.8 -1.4
v 0.0999994 3.9 -1.4
v 0.2 4 -1.4
v 0.2 5.3 -1.4
v 0.2 5.6 -1.4
v 0.2 5.8 -1.4
v 0.3 3.8 -1.4
v 0.3 3.9 -1.4
v 0.3 4 -1.4
v 0.4 1.8 -1.4
v 0.4 1.9 -1.4
v 0.4 3.9 -1.4
v 0.4 4 -1.4
v 0.4 4.1 -1.4
v 0.4 5.2 -1.4
v 0.4 5.3 -1.4
v 0.4 5.5 -1.4
v 0.4 5.6 -1.4
v 0.5 1.9 -1.4
v 0.5 2 -1.4
v 0.5 4 -1.4
v 0.5 4.1 -1.4
v 0.5 4.2 -1.4
v 0.5 5.9 -1.4
v 0.5 6 -1.4
v 0.5 6.1 -1.4
v 0.599999 5 -1.4
v 0.599999 5.2 -1.4
v 0.599999 5.4 -1.4
v 0.599999 5.5 -1.4
v 0.599999 5.8 -1.4
v 0.599999 5.9 -1.4
v 0.599999 6 -1.4
v 0.7 4.1 -1.4
v 0.7 4.2 -1.4
v 0.7 4.3 -1.4
v 0.7 5.7 -1.4
v 0.7 5.8 -1.4
v 0.7 5.9 -1.4
v 0.8 4.2 -1.4
v 0.8 4.3 -1.4
v 0.8 4.6 -1.4
v 0.8 5 -1.4
v 0.8 5.4 -1.4
v 0.9 0.1 -1.4
v 0.9 0.2 -1.4
v 0.9 0.5 -1.4
v 0.9 0.6 -1.4
v 0.9 0.9 -1.4
v 0.9 1 -1.4
v 0.9 1.4 -1.4
v 0.9 1.5 -1.4
v 0.9 1.8 -1.4
v 0.9 2 -1.4
v 0.9 2.2 -1.4
v 0.9 2.6 -1.4
v 0.9 2.8 -1.4
v 0.9 4.3 -1.4
v 0.9 4.6 -1.4
v 0.9 4.9 -1.4
v 1 2.2 -1.4
v 1 2.3 -1.4
v 1 4.6 -1.4
v 1 4.9 -1.4
v 1 5.3 -1.4
v 1.1 0.1 -1.4
v 1.1 0.2 -1.4
v 1.1 0.5 -1.4
v 1.1 0.6 -1.4
v 1.1 0.9 -1.4
v 1.1 1 -1.4
v 1.1 1.4 -1.4
v 1.1 1.5 -1.4
v 1.1 2 -1.4
v 1.1 2.3 -1.4
v 1.1 2.6 -1.4
v 1.1 4.9 -1.4
v 1.1 5.3 -1.4
v 1.1 5.7 -1.4
v 1.2 5.3 -1.4
v 1.2 5.8 -1.4
v -1.1 0.2 -1.5
v -1.1 0.3 -1.5
v -1.1 0.5 -1.5
v -1.1 0.6 -1.5
v -1.1 0.9 -1.5
v -1.1 1 -1.5
v -1.1 1.4 -1.5
v -1.1 1.5 -1.5
v -1.1 1.7 -1.5
v -1.1 1.8 -1.5
v -1.1 3.3 -1.5
v -1.1 3.6 -1.5
v -1.1 3.7 -1.5
v -1.1 4 -1.5
v -1.1 4.2 -1.5
v -1.1 4.3 -1.5
v -1.1 4.7 -1.5
v -1.1 4.8 -1.5
v -1.1 4.9 -1.5
v -1.1 5.8 -1.5
v -1.1 6.2 -1.5
v -1.1 6.3 -1.5
v -1.1 6.7 -1.5
v -1.1 6.8 -1.5
v -1.1 7.2 -1.5
v -1.1 7.3 -1.5
v -1 4.6 -1.5
v -1 4.7 -1.5
v -1 4.8 -1.5
v -1 4.9 -1.5
v -0.900001 0.2 -1.5
v -0.900001 0.3 -1.5
v -0.900001 0.5 -1.5
v -0.900001 0.6 -1.5
v -0.900001 0.9 -1.5
v -0.900001 1 -1.5
v -0.900001 1.4 -1.5
v -0.900001 1.5 -1.5
v -0.900001 2 -1.5
v -0.900001 2.5 -1.5
v -0.900001 2.6 -1.5
v -0.900001 4.3 -1.5
v -0.900001 4.6 -1.5
v -0.8 1.8 -1.5
v -0.8 4.2 -1.5
v -0.8 4.3 -1.5
v -0.7 2 -1.5
v -0.7 4.1 -1.5
v -0.7 4.2 -1.5
v -0.7 5.8 -1.5
v -0.7 5.9 -1.5
v -0.6 4 -1.5
v -0.6 4.1 -1.5
v -0.6 5.9 -1.5
v -0.6 6 -1.5
v -0.6 6.2 -1.5
v -0.6 6.3 -1.5
v -0.6 6.7 -1.5
v -0.6 6.8 -1.5
v -0.6 7.2 -1.5
v -0.5 4 -1.5
v -0.5 4.1 -1.5
v -0.5 6 -1.5
v -0.5 6.1 -1.5
v -0.5 6.2 -1.5
v -0.5 6.3 -1.5
v -0.5 6.7 -1.5
v -0.5 6.8 -1.5
v -0.5 7.2 -1.5
v -0.400001 3.9 -1.5
v -0.400001 4 -1.5
v -0.3 3.8 -1.5
v -0.3 3.9 -1.5
v -0.2 2.6 -1.5
v -0.1 1.5 -1.5
v -0.1 3.7 -1.5
v -0.1 3.8 -1.5
v 0 6.1 -1.5
v 0 6.2 -1.5
v 0 6.3 -1.5
v 0 6.7 -1.5
v 0 6.8 -1.5
v 0 7.2 -1.5
v 0.0999994 1.5 -1.5
v 0.0999994 3.7 -1.5
v 0.0999994 3.8 -1.5
v 0.0999994 6.1 -1.5
v 0.0999994 6.2 -1.5
v 0.0999994 6.3 -1.5
v 0.0999994 6.7 -1.5
v 0.0999994 6.8 -1.5
v 0.0999994 7.2 -1.5
v 0.3 3.8 -1.5
v 0.3 3.9 -1.5
v 0.4 1.8 -1.5
v 0.4 3.9 -1.5
v 0.4 4 -1.5
v 0.5 2 -1.5
v 0.5 4 -1.5
v 0.5 4.1 -1.5
v 0.5 6 -1.5
v 0.5 6.1 -1.5
v 0.599999 4 -1.5
v 0.599999 4.1 -1.5
v 0.599999 5.9 -1.5
v 0.599999 6 -1.5
v 0.599999 6.2 -1.5
v 0.599999 6.3 -1.5
v 0.599999 6.7 -1.5
v 0.599999 6.8 -1.5
v 0.599999 7.2 -1.5
v 0.7 4 -1.5
v 0.7 4.1 -1.5
v 0.7 4.2 -1.5
v 0.7 5.8 -1.5
v 0.7 5.9 -1.5
v 0.7 6.2 -1.5
v 0.7 6.3 -1.5
v 0.7 6.7 -1.5
v 0.7 6.8 -1.5
v 0.7 7.2 -1.5
v 0.8 4.2 -1.5
v 0.8 4.3 -1.5
v 0.9 0.2 -1.5
v 0.9 0.3 -1.5
v 0.9 0.5 -1.5
v 0.9 0.6 -1.5
v 0.9 0.9 -1.5
v 0.9 1 -1.5
v 0.9 1.4 -1.5
v 0.9 1.5 -1.5
v 0.9 2 -1.5
v 0.9 2.2 -1.5
v 0.9 2.6 -1.5
v 0.9 4.3 -1.5
v 0.9 4.6 -1.5
v 1 4.6 -1.5
v 1 4.7 -1.5
v 1 4.8 -1.5
v 1 4.9 -1.5
v 1.1 0.2 -1.5
v 1.1 0.3 -1.5
v 1.1 0.5 -1.5
v 1.1 0.6 -1.5
v 1.1 0.9 -1.5
v 1.1 1 -1.5
v 1.1 1.4 -1.5
v 1.1 1.5 -1.5
v 1.1 1.7 -1.5
v 1.1 1.8 -1.5
v 1.1 3.3 -1.5
v 1.1 3.6 -1.5
v 1.1 3.7 -1.5
v 1.1 4 -1.5
v 1.1 4.2 -1.5
v 1.1 4.3 -1.5
v 1.1 4.7 -1.5
v 1.1 4.8 -1.5
v 1.1 4.9 -1.5
v 1.1 5.8 -1.5
v 1.1 6.2 -1.5
v 1.1 6.3 -1.5
v 1.1 6.7 -1.5
v 1.1 6.8 -1.5
v 1.1 7.2 -1.5
v 1.1 7.3 -1.5
v -1.1 3.6 -1.6
v -1.1 3.7 -1.6
v -0.900001 0.1 -1.6
v -0.900001 0.3 -1.6
v -0.900001 1.5 -1.6
v -0.1 0.1 -1.6
v -0.1 1.5 -1.6
v 0.0999994 0.1 -1.6
v 0.0999994 1.5 -1.6
v 0.9 0.1 -1.6
v 0.9 0.3 -1.6
v 0.9 1.5 -1.6
v 1.1 3.6 -1.6
v 1.1 3.7 -1.6
v -4.2 2.4 -1.8
v -4.2 2.6 -1.8
v -4.2 2.7 -1.8
v -4.2 2.8 -1.8
v -4.1 2.1 -1.8
v -4.1 2.4 -1.8
v -4.1 2.5 -1.8
v -4.1 2.6 -1.8
v -4.1 2.8 -1.8
v -4.1 2.9 -1.8
v -4 2.2 -1.8
v -4 2.4 -1.8
v -4 2.5 -1.8
v -4 2.6 -1.8
v -4 2.8 -1.8
v -4 2.9 -1.8
v -3.9 2.4 -1.8
v -3.9 2.6 -1.8
v -3.9 2.7 -1.8
v -3.9 2.8 -1.8
v -3.7 2.1 -1.8
v -3.7 2.2 -1.8
v -2.6 2.6 -1.8
v -2.6 2.8 -1.8
v -2.5 2.4 -1.8
v -2.5 2.6 -1.8
v -2.4 2.4 -1.8
v -2.4 2.6 -1.8
v -2.3 2.6 -1.8
v -2.3 2.8 -1.8
v 2.1 2.6 -1.8
v 2.1 2.8 -1.8
v 2.2 2.4 -1.8
v 2.2 2.6 -1.8
v 2.3 2.4 -1.8
v 2.3 2.6 -1.8
v 2.4 2.6 -1.8
v 2.4 2.8 -1.8
v 3.5 2.1 -1.8
v 3.5 2.2 -1.8
v 3.6 2.4 -1.8
v 3.6 2.6 -1.8
v 3.6 2.7 -1.8
v 3.6 2.8 -1.8
v 3.7 2.2 -1.8
v 3.7 2.4 -1.8
v 3.7 2.5 -1.8
v 3.7 2.6 -1.8
v 3.7 2.8 -1.8
v 3.7 2.9 -1.8
v 3.8 2.1 -1.8
v 3.8 2.4 -1.8
v 3.8 2.5 -1.8
v 3.8 2.6 -1.8
v 3.8 2.8 -1.8
v 3.8 2.9 -1.8
v 3.9 2.4 -1.8
v 3.9 2.6 -1.8
v 3.9 2.7 -1.8
v 3.9 2.8 -1.8
v -3.8 1.8 -1.9
v -3.8 1.9 -1.9
v -3.7 1.8 -1.9
v -3.7 1.9 -1.9
v -2.9 2.5 -1.9
v -2.9 2.8 -1.9
v -2.8 2.4 -1.9
v -2.8 2.5 -1.9
v -2.8 2.8 -1.9
v -2.7 2.4 -1.9
v -2.7 2.5 -1.9
v -2.7 2.6 -1.9
v -2.7 2.8 -1.9
v -2.6 2.4 -1.9
v -2.6 2.6 -1.9
v -2.6 2.8 -1.9
v -2.5 2.4 -1.9
v -2.5 2.6 -1.9
v -2.4 2.4 -1.9
v -2.4 2.6 -1.9
v -2.3 2.4 -1.9
v -2.3 2.6 -1.9
v -2.3 2.8 -1.9
v -2.2 2.4 -1.9
v -2.2 2.5 -1.9
v -2.2 2.6 -1.9
v -2.2 2.8 -1.9
v -2.1 2.4 -1.9
v -2.1 2.5 -1.9
v -2.1 2.8 -1.9
v -2 2.5 -1.9
v -2 2.8 -1.9
v 1.8 2.5 -1.9
v 1.8 2.8 -1.9
v 1.9 2.4 -1.9
v 1.9 2.5 -1.9
v 1.9 2.8 -1.9
v 2 2.4 -1.9
v 2 2.5 -1.9
v 2 2.6 -1.9
v 2 2.8 -1.9
v 2.1 2.4 -1.9
v 2.1 2.6 -1.9
v 2.1 2.8 -1.9
v 2.2 2.4 -1.9
v 2.2 2.6 -1.9
v 2.3 2.4 -1.9
v 2.3 2.6 -1.9
v 2.4 2.4 -1.9
v 2.4 2.6 -1.9
v 2.4 2.8 -1.9
v 2.5 2.4 -1.9
v 2.5 2.5 -1.9
v 2.5 2.6 -1.9
v 2.5 2.8 -1.9
v 2.6 2.4 -1.9
v 2.6 2.5 -1.9
v 2.6 2.8 -1.9
v 2.7 2.5 -1.9
v 2.7 2.8 -1.9
v 3.5 1.8 -1.9
v 3.5 1.9 -1.9
v 3.6 1.8 -1.9
v 3.6 1.9 -1.9
v 4.4 1 -1.9
v 4.4 2.8 -1.9
v 4.5 1.1 -1.9
v 4.5 2.7 -1.9
v 5.1 1.4 -1.9
v 5.1 2.1 -1.9
v 5.2 1.3 -1.9
v 5.2 1.4 -1.9
v 5.2 1.5 -1.9
v 5.2 2 -1.9
v 5.2 2.1 -1.9
v 5.2 2.2 -1.9
v 5.3 1.4 -1.9
v 5.3 1.5 -1.9
v 5.3 1.6 -1.9
v 5.3 1.9 -1.9
v 5.3 2 -1.9
v 5.3 2.1 -1.9
v 5.4 1.5 -1.9
v 5.4 1.6 -1.9
v 5.4 1.9 -1.9
v 5.4 2 -1.9
v 5.4 2.1 -1.9
v 5.5 2.1 -1.9
v 5.5 2.2 -1.9
v 6.8 1.4 -1.9
v 6.8 1.5 -1.9
v 6.9 1.3 -1.9
v 6.9 1.4 -1.9
v 6.9 1.5 -1.9
v 6.9 1.6 -1.9
v 7 1.4 -1.9
v 7 1.5 -1.9
v 7 1.6 -1.9
v 7 2 -1.9
v 7.1 1.5 -1.9
v 7.1 2.1 -1.9
v 7.7 1.1 -1.9
v 7.7 2.7 -1.9
v 7.8 1 -1.9
v 7.8 2.8 -1.9
v -4 1.7 -2
v -4 2.3 -2
v -3.9 1.6 -2
v -3.9 1.7 -2
v -3.9 2.3 -2
v -3.9 2.4 -2
v -3.8 1.5 -2
v -3.8 1.6 -2
v -3.8 1.8 -2
v -3.8 1.9 -2
v -3.8 2.1 -2
v -3.8 2.2 -2
v -3.8 2.4 -2
v -3.8 2.5 -2
v -3.7 1.5 -2
v -3.7 1.6 -2
v -3.7 1.8 -2
v -3.7 1.9 -2
v -3.7 2.1 -2
v -3.7 2.2 -2
v -3.7 2.4 -2
v -3.7 2.5 -2
v -3.6 1.6 -2
v -3.6 1.7 -2
v -3.6 2.3 -2
v -3.6 2.4 -2
v -3.5 1.7 -2
v -3.5 2.3 -2
v -3.1 2.5 -2
v -3.1 2.8 -2
v -3.1 2.9 -2
v -3 2.4 -2
v -3 2.5 -2
v -3 2.8 -2
v -2.9 2.3 -2
v -2.9 2.4 -2
v -2.9 2.5 -2
v -2.9 2.8 -2
v -2.8 1.1 -2
v -2.8 2.3 -2
v -2.8 2.4 -2
v -2.8 2.5 -2
v -2.8 2.8 -2
v -2.7 1.2 -2
v -2.7 2.4 -2
v -2.7 2.8 -2
v -2.6 2.4 -2
v -2.6 2.6 -2
v -2.6 2.8 -2
v -2.5 2.4 -2
v -2.5 2.6 -2
v -2.4 2.4 -2
v -2.4 2.6 -2
v -2.3 2.4 -2
v -2.3 2.6 -2
v -2.3 2.8 -2
v -2.2 1.2 -2
v -2.2 2.4 -2
v -2.2 2.8 -2
v -2.1 1.1 -2
v -2.1 2.3 -2
v -2.1 2.4 -2
v -2.1 2.5 -2
v -2.1 2.8 -2
v -2 2.3 -2
v -2 2.4 -2
v -2 2.5 -2
v -2 2.8 -2
v -1.9 2.4 -2
v -1.9 2.5 -2
v -1.9 2.8 -2
v -1.8 2.5 -2
v -1.8 2.8 -2
v -1.8 2.9 -2
v 1.6 2.5 -2
v 1.6 2.8 -2
v 1.6 2.9 -2
v 1.7 2.4 -2
v 1.7 2.5 -2
v 1.7 2.8 -2
v 1.8 2.3 -2
v 1.8 2.4 -2
v 1.8 2.5 -2
v 1.8 2.8 -2
v 1.9 1.1 -2
v 1.9 2.3 -2
v 1.9 2.4 -2
v 1.9 2.5 -2
v 1.9 2.8 -2
v 2 1.2 -2
v 2 2.4 -2
v 2 2.8 -2
v 2.1 2.4 -2
v 2.1 2.6 -2
v 2.1 2.8 -2
v 2.2 2.4 -2
v 2.2 2.6 -2
v 2.3 2.4 -2
v 2.3 2.6 -2
v 2.4 2.4 -2
v 2.4 2.6 -2
v 2.4 2.8 -2
v 2.5 1.1 -2
v 2.5 1.2 -2
v 2.5 2.3 -2
v 2.5 2.4 -2
v 2.5 2.8 -2
v 2.6 2.4 -2
v 2.6 2.5 -2
v 2.6 2.8 -2
v 2.7 2.3 -2
v 2.7 2.4 -2
v 2.7 2.5 -2
v 2.7 2.8 -2
v 2.8 2.4 -2
v 2.8 2.5 -2
v 2.8 2.8 -2
v 2.9 2.5 -2
v 2.9 2.8 -2
v 2.9 2.9 -2
v 3.3 1.7 -2
v 3.3 2.3 -2
v 3.4 1.6 -2
v 3.4 1.7 -2
v 3.4 2.3 -2
v 3.4 2.4 -2
v 3.5 1.5 -2
v 3.5 1.6 -2
v 3.5 1.8 -2
v 3.5 1.9 -2
v 3.5 2.1 -2
v 3.5 2.2 -2
v 3.5 2.4 -2
v 3.5 2.5 -2
v 3.6 1.5 -2
v 3.6 1.6 -2
v 3.6 1.8 -2
v 3.6 1.9 -2
v 3.6 2.1 -2
v 3.6 2.2 -2
v 3.6 2.4 -2
v 3.6 2.5 -2
v 3.7 1.6 -2
v 3.7 1.7 -2
v 3.7 2.3 -2
v 3.7 2.4 -2
v 3.8 1.7 -2
v 3.8 2.3 -2
v 4.5 1.1 -2
v 4.5 1.3 -2
v 4.5 1.4 -2
v 4.5 2 -2
v 4.5 2.1 -2
v 4.5 2.7 -2
v 5.1 1.4 -2
v 5.1 2 -2
v 5.1 2.1 -2
v 5.2 1.3 -2
v 5.2 1.4 -2
v 5.2 2.1 -2
v 5.2 2.2 -2
v 5.5 2.1 -2
v 5.5 2.2 -2
v 6.9 1.3 -2
v 6.9 1.4 -2
v 7 1.4 -2
v 7 1.5 -2
v 7.1 1.5 -2
v 7.1 2 -2
v 7.1 2.1 -2
v 7.7 1.1 -2
v 7.7 1.3 -2
v 7.7 1.4 -2
v 7.7 2 -2
v 7.7 2.1 -2
v 7.7 2.7 -2
v -9.9 0.1 -2.1
v -9.9 0.3 -2.1
v -9.9 0.4 -2.1
v -9.9 0.8 -2.1
v -9.9 0.9 -2.1
v -9.9 1.3 -2.1
v -9.9 1.4 -2.1
v -9.9 1.8 -2.1
v -9.9 1.9 -2.1
v -9.9 2.3 -2.1
v -9.9 2.4 -2.1
v -9.9 2.8 -2.1
v -9.9 3.6 -2.1
v -9.9 3.8 -2.1
v -9.9 3.9 -2.1
v -9.9 4.3 -2.1
v -9.9 4.4 -2.1
v -9.9 4.8 -2.1
v -9.9 4.9 -2.1
v -9.9 5.1 -2.1
v -9.9 5.2 -2.1
v -9.9 5.3 -2.1
v -9.9 5.4 -2.1
v -9.9 5.5 -2.1
v -9.9 5.6 -2.1
v -9.9 5.8 -2.1
v -9.9 6 -2.1
v -9.9 6.2 -2.1
v -9.9 6.3 -2.1
v -9.9 6.4 -2.1
v -9.9 6.5 -2.1
v -9.9 6.6 -2.1
v -9.9 6.7 -2.1
v -9.9 6.9 -2.1
v -9.9 7.1 -2.1
v -9.9 7.3 -2.1
v -9.7 5.2 -2.1
v -9.7 5.3 -2.1
v -9.7 5.4 -2.1
v -9.7 5.5 -2.1
v -9.7 6.3 -2.1
v -9.7 6.4 -2.1
v -9.7 6.5 -2.1
v -9.7 6.6 -2.1
v -9.6 5.2 -2.1
v -9.6 5.3 -2.1
v -9.6 5.4 -2.1
v -9.6 5.5 -2.1
v -9.6 6.3 -2.1
v -9.6 6.4 -2.1
v -9.6 6.5 -2.1
v -9.6 6.6 -2.1
v -9.4 0.1 -2.1
v -9.4 0.3 -2.1
v -9.4 0.4 -2.1
v -9.4 0.8 -2.1
v -9.4 0.9 -2.1
v -9.4 1.3 -2.1
v -9.4 1.4 -2.1
v -9.4 1.8 -2.1
v -9.4 1.9 -2.1
v -9.4 2.3 -2.1
v -9.4 2.4 -2.1
v -9.4 2.8 -2.1
v -9.4 3.6 -2.1
v -9.4 3.8 -2.1
v -9.4 3.9 -2.1
v -9.4 4.3 -2.1
v -9.4 4.4 -2.1
v -9.4 4.8 -2.1
v -9.4 5.2 -2.1
v -9.4 5.3 -2.1
v -9.4 5.4 -2.1
v -9.4 5.5 -2.1
v -9.4 6.3 -2.1
v -9.4 6.4 -2.1
v -9.4 6.5 -2.1
v -9.4 6.6 -2.1
v -9.3 0.1 -2.1
v -9.3 0.3 -2.1
v -9.3 0.4 -2.1
v -9.3 0.8 -2.1
v -9.3 0.9 -2.1
v -9.3 1.3 -2.1
v -9.3 1.4 -2.1
v -9.3 1.8 -2.1
v -9.3 1.9 -2.1
v -9.3 2.3 -2.1
v -9.3 2.4 -2.1
v -9.3 2.8 -2.1
v -9.3 3.6 -2.1
v -9.3 3.8 -2.1
v -9.3 3.9 -2.1
v -9.3 4.3 -2.1
v -9.3 4.4 -2.1
v -9.3 4.8 -2.1
v -9.1 0.1 -2.1
v -9.1 5.2 -2.1
v -9.1 5.3 -2.1
v -9.1 5.4 -2.1
v -9.1 5.5 -2.1
v -9.1 6.3 -2.1
v -9.1 6.4 -2.1
v -9.1 6.5 -2.1
v -9.1 6.6 -2.1
v -9 0.1 -2.1
v -8.9 5.2 -2.1
v -8.9 5.3 -2.1
v -8.9 5.4 -2.1
v -8.9 5.5 -2.1
v -8.9 6.3 -2.1
v -8.9 6.4 -2.1
v -8.9 6.5 -2.1
v -8.9 6.6 -2.1
v -8.8 5.2 -2.1
v -8.8 5.3 -2.1
v -8.8 5.4 -2.1
v -8.8 5.5 -2.1
v -8.8 6.3 -2.1
v -8.8 6.4 -2.1
v -8.8 6.5 -2.1
v -8.8 6.6 -2.1
v -8.7 0.1 -2.1
v -8.7 0.3 -2.1
v -8.7 0.4 -2.1
v -8.7 0.8 -2.1
v -8.7 0.9 -2.1
v -8.7 1.3 -2.1
v -8.7 1.4 -2.1
v -8.7 1.8 -2.1
v -8.7 1.9 -2.1
v -8.7 2.3 -2.1
v -8.7 2.4 -2.1
v -8.7 2.8 -2.1
v -8.7 3.6 -2.1
v -8.7 3.8 -2.1
v -8.7 3.9 -2.1
v -8.7 4.3 -2.1
v -8.7 4.4 -2.1
v -8.7 4.8 -2.1
v -8.6 0.1 -2.1
v -8.6 0.3 -2.1
v -8.6 0.4 -2.1
v -8.6 0.8 -2.1
v -8.6 0.9 -2.1
v -8.6 1.3 -2.1
v -8.6 1.4 -2.1
v -8.6 1.8 -2.1
v -8.6 1.9 -2.1
v -8.6 2.3 -2.1
v -8.6 2.4 -2.1
v -8.6 2.8 -2.1
v -8.6 3.6 -2.1
v -8.6 3.8 -2.1
v -8.6 3.9 -2.1
v -8.6 4.3 -2.1
v -8.6 4.4 -2.1
v -8.6 4.8 -2.1
v -8.6 5.2 -2.1
v -8.6 5.3 -2.1
v -8.6 5.4 -2.1
v -8.6 5.5 -2.1
v -8.6 6.3 -2.1
v -8.6 6.4 -2.1
v -8.6 6.5 -2.1
v -8.6 6.6 -2.1
v -8.3 5.2 -2.1
v -8.3 5.3 -2.1
v -8.3 5.4 -2.1
v -8.3 5.5 -2.1
v -8.3 6.3 -2.1
v -8.3 6.4 -2.1
v -8.3 6.5 -2.1
v -8.3 6.6 -2.1
v -8.1 0.1 -2.1
v -8.1 5.2 -2.1
v -8.1 5.3 -2.1
v -8.1 5.4 -2.1
v -8.1 5.5 -2.1
v -8.1 6.3 -2.1
v -8.1 6.4 -2.1
v -8.1 6.5 -2.1
v -8.1 6.6 -2.1
v -8 0.1 -2.1
v -8 0.3 -2.1
v -8 0.4 -2.1
v -8 0.8 -2.1
v -8 0.9 -2.1
v -8 1.3 -2.1
v -8 1.4 -2.1
v -8 1.8 -2.1
v -8 1.9 -2.1
v -8 2.3 -2.1
v -8 2.4 -2.1
v -8 2.8 -2.1
v -8 3.6 -2.1
v -8 3.8 -2.1
v -8 3.9 -2.1
v -8 4.3 -2.1
v -8 4.4 -2.1
v -8 4.8 -2.1
v -8 5.2 -2.1
v -8 5.3 -2.1
v -8 5.4 -2.1
v -8 5.5 -2.1
v -8 6.3 -2.1
v -8 6.4 -2.1
v -8 6.5 -2.1
v -8 6.6 -2.1
v -7.9 0.1 -2.1
v -7.9 0.3 -2.1
v -7.9 0.4 -2.1
v -7.9 0.8 -2.1
v -7.9 0.9 -2.1
v -7.9 1.3 -2.1
v -7.9 1.4 -2.1
v -7.9 1.8 -2.1
v -7.9 1.9 -2.1
v -7.9 2.3 -2.1
v -7.9 2.4 -2.1
v -7.9 2.8 -2.1
v -7.9 3.6 -2.1
v -7.9 3.8 -2.1
v -7.9 3.9 -2.1
v -7.9 4.3 -2.1
v -7.9 4.4 -2.1
v -7.9 4.8 -2.1
v -7.8 5.2 -2.1
v -7.8 5.3 -2.1
v -7.8 5.4 -2.1
v -7.8 5.5 -2.1
v -7.8 6.3 -2.1
v -7.8 6.4 -2.1
v -7.8 6.5 -2.1
v -7.8 6.6 -2.1
v -7.5 5.2 -2.1
v -7.5 5.3 -2.1
v -7.5 5.4 -2.1
v -7.5 5.5 -2.1
v -7.5 6.3 -2.1
v -7.5 6.4 -2.1
v -7.5 6.5 -2.1
v -7.5 6.6 -2.1
v -7.3 0.1 -2.1
v -7.3 0.3 -2.1
v -7.3 0.4 -2.1
v -7.3 0.8 -2.1
v -7.3 0.9 -2.1
v -7.3 1.3 -2.1
v -7.3 1.4 -2.1
v -7.3 1.8 -2.1
v -7.3 1.9 -2.1
v -7.3 2.3 -2.1
v -7.3 2.4 -2.1
v -7.3 2.8 -2.1
v -7.3 3.6 -2.1
v -7.3 3.8 -2.1
v -7.3 3.9 -2.1
v -7.3 4.3 -2.1
v -7.3 4.4 -2.1
v -7.3 4.8 -2.1
v -7.3 5.2 -2.1
v -7.3 5.3 -2.1
v -7.3 5.4 -2.1
v -7.3 5.5 -2.1
v -7.3 6.3 -2.1
v -7.3 6.4 -2.1
v -7.3 6.5 -2.1
v -7.3 6.6 -2.1
v -7.2 0.1 -2.1
v -7.2 0.3 -2.1
v -7.2 0.4 -2.1
v -7.2 0.8 -2.1
v -7.2 0.9 -2.1
v -7.2 1.3 -2.1
v -7.2 1.4 -2.1
v -7.2 1.8 -2.1
v -7.2 1.9 -2.1
v -7.2 2.3 -2.1
v -7.2 2.4 -2.1
v -7.2 2.8 -2.1
v -7.2 3.6 -2.1
v -7.2 3.8 -2.1
v -7.2 3.9 -2.1
v -7.2 4.3 -2.1
v -7.2 4.4 -2.1
v -7.2 4.8 -2.1
v -7.2 5.2 -2.1
v -7.2 5.3 -2.1
v -7.2 5.4 -2.1
v -7.2 5.5 -2.1
v -7.2 6.3 -2.1
v -7.2 6.4 -2.1
v -7.2 6.5 -2.1
v -7.2 6.6 -2.1
v -7.1 0.1 -2.1
v -7 0.1 -2.1
v -7 5.2 -2.1
v -7 5.3 -2.1
v -7 5.4 -2.1
v -7 5.5 -2.1
v -7 6.3 -2.1
v -7 6.4 -2.1
v -7 6.5 -2.1
v -7 6.6 -2.1
v -6.7 5.2 -2.1
v -6.7 5.3 -2.1
v -6.7 5.4 -2.1
v -6.7 5.5 -2.1
v -6.7 6.3 -2.1
v -6.7 6.4 -2.1
v -6.7 6.5 -2.1
v -6.7 6.6 -2.1
v -6.6 0.1 -2.1
v -6.6 0.3 -2.1
v -6.6 0.4 -2.1
v -6.6 0.8 -2.1
v -6.6 0.9 -2.1
v -6.6 1.3 -2.1
v -6.6 1.4 -2.1
v -6.6 1.8 -2.1
v -6.6 1.9 -2.1
v -6.6 2.3 -2.1
v -6.6 2.4 -2.1
v -6.6 2.8 -2.1
v -6.6 3.6 -2.1
v -6.6 3.8 -2.1
v -6.6 3.9 -2.1
v -6.6 4.3 -2.1
v -6.6 4.4 -2.1
v -6.6 4.8 -2.1
v -6.5 0.1 -2.1
v -6.5 0.3 -2.1
v -6.5 0.4 -2.1
v -6.5 0.8 -2.1
v -6.5 0.9 -2.1
v -6.5 1.3 -2.1
v -6.5 1.4 -2.1
v -6.5 1.8 -2.1
v -6.5 1.9 -2.1
v -6.5 2.3 -2.1
v -6.5 2.4 -2.1
v -6.5 2.8 -2.1
v -6.5 3.6 -2.1
v -6.5 3.8 -2.1
v -6.5 3.9 -2.1
v -6.5 4.3 -2.1
v -6.5 4.4 -2.1
v -6.5 4.8 -2.1
v -6.5 5.2 -2.1
v -6.5 5.3 -2.1
v -6.5 5.4 -2.1
v -6.5 5.5 -2.1
v -6.5 6.3 -2.1
v -6.5 6.4 -2.1
v -6.5 6.5 -2.1
v -6.5 6.6 -2.1
v -6.4 5.2 -2.1
v -6.4 5.3 -2.1
v -6.4 5.4 -2.1
v -6.4 5.5 -2.1
v -6.4 6.3 -2.1
v -6.4 6.4 -2.1
v -6.4 6.5 -2.1
v -6.4 6.6 -2.1
v -6.2 5.2 -2.1
v -6.2 5.3 -2.1
v -6.2 5.4 -2.1
v -6.2 5.5 -2.1
v -6.2 6.3 -2.1
v -6.2 6.4 -2.1
v -6.2 6.5 -2.1
v -6.2 6.6 -2.1
v -6.1 0.1 -2.1
v -6 0.1 -2.1
v -5.9 0.1 -2.1
v -5.9 0.3 -2.1
v -5.9 0.4 -2.1
v -5.9 0.8 -2.1
v -5.9 0.9 -2.1
v -5.9 1.3 -2.1
v -5.9 1.4 -2.1
v -5.9 1.8 -2.1
v -5.9 1.9 -2.1
v -5.9 2.3 -2.1
v -5.9 2.4 -2.1
v -5.9 2.8 -2.1
v -5.9 3.6 -2.1
v -5.9 3.8 -2.1
v -5.9 3.9 -2.1
v -5.9 4.3 -2.1
v -5.9 4.4 -2.1
v -5.9 4.8 -2.1
v -5.9 5.2 -2.1
v -5.9 5.3 -2.1
v -5.9 5.4 -2.1
v -5.9 5.5 -2.1
v -5.9 6.3 -2.1
v -5.9 6.4 -2.1
v -5.9 6.5 -2.1
v -5.9 6.6 -2.1
v -5.8 0.1 -2.1
v -5.8 0.3 -2.1
v -5.8 0.4 -2.1
v -5.8 0.8 -2.1
v -5.8 0.9 -2.1
v -5.8 1.3 -2.1
v -5.8 1.4 -2.1
v -5.8 1.8 -2.1
v -5.8 1.9 -2.1
v -5.8 2.3 -2.1
v -5.8 2.4 -2.1
v -5.8 2.8 -2.1
v -5.8 3.6 -2.1
v -5.8 3.8 -2.1
v -5.8 3.9 -2.1
v -5.8 4.3 -2.1
v -5.8 4.4 -2.1
v -5.8 4.8 -2.1
v -5.7 5.2 -2.1
v -5.7 5.3 -2.1
v -5.7 5.4 -2.1
v -5.7 5.5 -2.1
v -5.7 6.3 -2.1
v -5.7 6.4 -2.1
v -5.7 6.5 -2.1
v -5.7 6.6 -2.1
v -5.6 5.2 -2.1
v -5.6 5.3 -2.1
v -5.6 5.4 -2.1
v -5.6 5.5 -2.1
v -5.6 6.3 -2.1
v -5.6 6.4 -2.1
v -5.6 6.5 -2.1
v -5.6 6.6 -2.1
v -5.4 5.2 -2.1
v -5.4 5.3 -2.1
v -5.4 5.4 -2.1
v -5.4 5.5 -2.1
v -5.4 6.3 -2.1
v -5.4 6.4 -2.1
v -5.4 6.5 -2.1
v -5.4 6.6 -2.1
v -5.2 0.1 -2.1
v -5.2 0.3 -2.1
v -5.2 0.4 -2.1
v -5.2 0.8 -2.1
v -5.2 0.9 -2.1
v -5.2 1.3 -2.1
v -5.2 1.4 -2.1
v -5.2 1.8 -2.1
v -5.2 1.9 -2.1
v -5.2 2.3 -2.1
v -5.2 2.4 -2.1
v -5.2 2.8 -2.1
v -5.2 3.6 -2.1
v -5.2 3.8 -2.1
v -5.2 3.9 -2.1
v -5.2 4.3 -2.1
v -5.2 4.4 -2.1
v -5.2 4.8 -2.1
v -5.1 0.1 -2.1
v -5.1 0.3 -2.1
v -5.1 0.4 -2.1
v -5.1 0.8 -2.1
v -5.1 0.9 -2.1
v -5.1 1.3 -2.1
v -5.1 1.4 -2.1
v -5.1 1.8 -2.1
v -5.1 1.9 -2.1
v -5.1 2.3 -2.1
v -5.1 2.4 -2.1
v -5.1 2.8 -2.1
v -5.1 3.6 -2.1
v -5.1 3.8 -2.1
v -5.1 3.9 -2.1
v -5.1 4.3 -2.1
v -5.1 4.4 -2.1
v -5.1 4.8 -2.1
v -5.1 5.2 -2.1
v -5.1 5.3 -2.1
v -5.1 5.4 -2.1
v -5.1 5.5 -2.1
v -5.1 6.3 -2.1
v -5.1 6.4 -2.1
v -5.1 6.5 -2.1
v -5.1 6.6 -2.1
v -5 0.1 -2.1
v -4.9 5.2 -2.1
v -4.9 5.3 -2.1
v -4.9 5.4 -2.1
v -4.9 5.5 -2.1
v -4.9 6.3 -2.1
v -4.9 6.4 -2.1
v -4.9 6.5 -2.1
v -4.9 6.6 -2.1
v -4.8 5.2 -2.1
v -4.8 5.3 -2.1
v -4.8 5.4 -2.1
v -4.8 5.5 -2.1
v -4.8 6.3 -2.1
v -4.8 6.4 -2.1
v -4.8 6.5 -2.1
v -4.8 6.6 -2.1
v -4.6 5.2 -2.1
v -4.6 5.3 -2.1
v -4.6 5.4 -2.1
v -4.6 5.5 -2.1
v -4.6 6.3 -2.1
v -4.6 6.4 -2.1
v -4.6 6.5 -2.1
v -4.6 6.6 -2.1
v -4.5 0.1 -2.1
v -4.5 0.3 -2.1
v -4.5 0.4 -2.1
v -4.5 0.8 -2.1
v -4.5 0.9 -2.1
v -4.5 1.3 -2.1
v -4.5 1.4 -2.1
v -4.5 1.8 -2.1
v -4.5 1.9 -2.1
v -4.5 2.3 -2.1
v -4.5 2.4 -2.1
v -4.5 2.8 -2.1
v -4.5 3.6 -2.1
v -4.5 3.8 -2.1
v -4.5 3.9 -2.1
v -4.5 4.3 -2.1
v -4.5 4.4 -2.1
v -4.5 4.8 -2.1
v -4.4 0.1 -2.1
v -4.4 0.3 -2.1
v -4.4 0.4 -2.1
v -4.4 0.8 -2.1
v -4.4 0.9 -2.1
v -4.4 1.3 -2.1
v -4.4 1.4 -2.1
v -4.4 1.8 -2.1
v -4.4 1.9 -2.1
v -4.4 2.3 -2.1
v -4.4 2.4 -2.1
v -4.4 2.8 -2.1
v -4.4 3.6 -2.1
v -4.4 3.8 -2.1
v -4.4 3.9 -2.1
v -4.4 4.3 -2.1
v -4.4 4.4 -2.1
v -4.4 4.8 -2.1
v -4.3 5.2 -2.1
v -4.3 5.3 -2.1
v -4.3 5.4 -2.1
v -4.3 5.5 -2.1
v -4.3 6.3 -2.1
v -4.3 6.4 -2.1
v -4.3 6.5 -2.1
v -4.3 6.6 -2.1
v -4.2 2.3 -2.1
v -4.2 2.4 -2.1
v -4.1 0.1 -2.1
v -4.1 5.2 -2.1
v -4.1 5.3 -2.1
v -4.1 5.4 -2.1
v -4.1 5.5 -2.1
v -4.1 6.3 -2.1
v -4.1 6.4 -2.1
v -4.1 6.5 -2.1
v -4.1 6.6 -2.1
v -4 0.1 -2.1
v -4 1.7 -2.1
v -4 1.8 -2.1
v -4 1.9 -2.1
v -4 2.3 -2.1
v -4 5.2 -2.1
v -4 5.3 -2.1
v -4 5.4 -2.1
v -4 5.5 -2.1
v -4 6.3 -2.1
v -4 6.4 -2.1
v -4 6.5 -2.1
v -4 6.6 -2.1
v -3.9 1.6 -2.1
v -3.9 1.7 -2.1
v -3.9 2.3 -2.1
v -3.9 2.4 -2.1
v -3.8 0.1 -2.1
v -3.8 0.3 -2.1
v -3.8 0.4 -2.1
v -3.8 0.8 -2.1
v -3.8 0.9 -2.1
v -3.8 1.3 -2.1
v -3.8 1.4 -2.1
v -3.8 1.5 -2.1
v -3.8 1.6 -2.1
v -3.8 2.4 -2.1
v -3.8 2.5 -2.1
v -3.8 2.8 -2.1
v -3.8 3.6 -2.1
v -3.8 3.8 -2.1
v -3.8 3.9 -2.1
v -3.8 4.3 -2.1
v -3.8 4.4 -2.1
v -3.8 4.8 -2.1
v -3.8 5.2 -2.1
v -3.8 5.3 -2.1
v -3.8 5.4 -2.1
v -3.8 5.5 -2.1
v -3.8 6.3 -2.1
v -3.8 6.4 -2.1
v -3.8 6.5 -2.1
v -3.8 6.6 -2.1
v -3.7 0.1 -2.1
v -3.7 0.3 -2.1
v -3.7 0.4 -2.1
v -3.7 0.8 -2.1
v -3.7 0.9 -2.1
v -3.7 1.3 -2.1
v -3.7 1.4 -2.1
v -3.7 1.5 -2.1
v -3.7 1.6 -2.1
v -3.7 2.4 -2.1
v -3.7 2.5 -2.1
v -3.7 2.8 -2.1
v -3.7 3.6 -2.1
v -3.7 3.8 -2.1
v -3.7 3.9 -2.1
v -3.7 4.3 -2.1
v -3.7 4.4 -2.1
v -3.7 4.8 -2.1
v -3.6 1.6 -2.1
v -3.6 1.7 -2.1
v -3.6 2.3 -2.1
v -3.6 2.4 -2.1
v -3.5 1.7 -2.1
v -3.5 1.8 -2.1
v -3.5 1.9 -2.1
v -3.5 2.3 -2.1
v -3.5 5.2 -2.1
v -3.5 5.3 -2.1
v -3.5 5.4 -2.1
v -3.5 5.5 -2.1
v -3.5 6.3 -2.1
v -3.5 6.4 -2.1
v -3.5 6.5 -2.1
v -3.5 6.6 -2.1
v -3.3 5.2 -2.1
v -3.3 5.3 -2.1
v -3.3 5.4 -2.1
v -3.3 5.5 -2.1
v -3.3 6.3 -2.1
v -3.3 6.4 -2.1
v -3.3 6.5 -2.1
v -3.3 6.6 -2.1
v -3.2 5.2 -2.1
v -3.2 5.3 -2.1
v -3.2 5.4 -2.1
v -3.2 5.5 -2.1
v -3.2 6.3 -2.1
v -3.2 6.4 -2.1
v -3.2 6.5 -2.1
v -3.2 6.6 -2.1
v -3.1 0.1 -2.1
v -3.1 0.3 -2.1
v -3.1 0.4 -2.1
v -3.1 0.8 -2.1
v -3.1 0.9 -2.1
v -3.1 1.3 -2.1
v -3.1 1.4 -2.1
v -3.1 1.8 -2.1
v -3.1 1.9 -2.1
v -3.1 2.3 -2.1
v -3.1 2.4 -2.1
v -3.1 2.5 -2.1
v -3.1 2.8 -2.1
v -3.1 2.9 -2.1
v -3.1 3.6 -2.1
v -3.1 3.8 -2.1
v -3.1 3.9 -2.1
v -3.1 4.3 -2.1
v -3.1 4.4 -2.1
v -3.1 4.8 -2.1
v -3 0.1 -2.1
v -3 0.3 -2.1
v -3 0.4 -2.1
v -3 0.8 -2.1
v -3 0.9 -2.1
v -3 1.3 -2.1
v -3 1.4 -2.1
v -3 1.8 -2.1
v -3 1.9 -2.1
v -3 2.3 -2.1
v -3 2.4 -2.1
v -3 2.5 -2.1
v -3 3.6 -2.1
v -3 3.8 -2.1
v -3 3.9 -2.1
v -3 4.3 -2.1
v -3 4.4 -2.1
v -3 4.8 -2.1
v -3 5.2 -2.1
v -3 5.3 -2.1
v -3 5.4 -2.1
v -3 5.5 -2.1
v -3 6.3 -2.1
v -3 6.4 -2.1
v -3 6.5 -2.1
v -3 6.6 -2.1
v -2.9 2.3 -2.1
v -2.9 2.4 -2.1
v -2.8 1.1 -2.1
v -2.8 1.3 -2.1
v -2.8 1.4 -2.1
v -2.8 1.8 -2.1
v -2.8 1.9 -2.1
v -2.8 2.3 -2.1
v -2.7 5.2 -2.1
v -2.7 5.3 -2.1
v -2.7 5.4 -2.1
v -2.7 5.5 -2.1
v -2.7 6.3 -2.1
v -2.7 6.4 -2.1
v -2.7 6.5 -2.1
v -2.7 6.6 -2.1
v -2.5 5.2 -2.1
v -2.5 5.3 -2.1
v -2.5 5.4 -2.1
v -2.5 5.5 -2.1
v -2.5 6.3 -2.1
v -2.5 6.4 -2.1
v -2.5 6.5 -2.1
v -2.5 6.6 -2.1
v -2.4 0.1 -2.1
v -2.4 0.3 -2.1
v -2.4 0.4 -2.1
v -2.4 0.8 -2.1
v -2.4 0.9 -2.1
v -2.4 1.1 -2.1
v -2.4 3.6 -2.1
v -2.4 3.8 -2.1
v -2.4 3.9 -2.1
v -2.4 4.3 -2.1
v -2.4 4.4 -2.1
v -2.4 4.8 -2.1
v -2.4 5.2 -2.1
v -2.4 5.3 -2.1
v -2.4 5.4 -2.1
v -2.4 5.5 -2.1
v -2.4 6.3 -2.1
v -2.4 6.4 -2.1
v -2.4 6.5 -2.1
v -2.4 6.6 -2.1
v -2.3 0.1 -2.1
v -2.3 0.3 -2.1
v -2.3 0.4 -2.1
v -2.3 0.8 -2.1
v -2.3 0.9 -2.1
v -2.3 1.1 -2.1
v -2.3 3.6 -2.1
v -2.3 3.8 -2.1
v -2.3 3.9 -2.1
v -2.3 4.3 -2.1
v -2.3 4.4 -2.1
v -2.3 4.8 -2.1
v -2.2 5.2 -2.1
v -2.2 5.3 -2.1
v -2.2 5.4 -2.1
v -2.2 5.5 -2.1
v -2.2 6.3 -2.1
v -2.2 6.4 -2.1
v -2.2 6.5 -2.1
v -2.2 6.6 -2.1
v -2.1 0.1 -2.1
v -2.1 1.1 -2.1
v -2.1 1.3 -2.1
v -2.1 1.4 -2.1
v -2.1 1.8 -2.1
v -2.1 1.9 -2.1
v -2.1 2.3 -2.1
v -2 0.1 -2.1
v -2 2.3 -2.1
v -2 2.4 -2.1
v -1.9 2.4 -2.1
v -1.9 2.5 -2.1
v -1.9 5.2 -2.1
v -1.9 5.3 -2.1
v -1.9 5.4 -2.1
v -1.9 5.5 -2.1
v -1.9 6.3 -2.1
v -1.9 6.4 -2.1
v -1.9 6.5 -2.1
v -1.9 6.6 -2.1
v -1.8 2.5 -2.1
v -1.8 2.8 -2.1
v -1.8 2.9 -2.1
v -1.7 0.1 -2.1
v -1.7 0.3 -2.1
v -1.7 0.4 -2.1
v -1.7 0.8 -2.1
v -1.7 0.9 -2.1
v -1.7 1.3 -2.1
v -1.7 1.4 -2.1
v -1.7 1.8 -2.1
v -1.7 1.9 -2.1
v -1.7 2.3 -2.1
v -1.7 2.4 -2.1
v -1.7 2.8 -2.1
v -1.7 3.6 -2.1
v -1.7 3.8 -2.1
v -1.7 3.9 -2.1
v -1.7 4.3 -2.1
v -1.7 4.4 -2.1
v -1.7 4.8 -2.1
v -1.7 5.2 -2.1
v -1.7 5.3 -2.1
v -1.7 5.4 -2.1
v -1.7 5.5 -2.1
v -1.7 6.3 -2.1
v -1.7 6.4 -2.1
v -1.7 6.5 -2.1
v -1.7 6.6 -2.1
v -1.6 0.1 -2.1
v -1.6 0.3 -2.1
v -1.6 0.4 -2.1
v -1.6 0.8 -2.1
v -1.6 0.9 -2.1
v -1.6 1.3 -2.1
v -1.6 1.4 -2.1
v -1.6 1.8 -2.1
v -1.6 1.9 -2.1
v -1.6 2.3 -2.1
v -1.6 2.4 -2.1
v -1.6 2.8 -2.1
v -1.6 3.6 -2.1
v -1.6 3.8 -2.1
v -1.6 3.9 -2.1
v -1.6 4.3 -2.1
v -1.6 4.4 -2.1
v -1.6 4.8 -2.1
v -1.6 5.2 -2.1
v -1.6 5.3 -2.1
v -1.6 5.4 -2.1
v -1.6 5.5 -2.1
v -1.6 6.3 -2.1
v -1.6 6.4 -2.1
v -1.6 6.5 -2.1
v -1.6 6.6 -2.1
v -1.4 5.2 -2.1
v -1.4 5.3 -2.1
v -1.4 5.4 -2.1
v -1.4 5.5 -2.1
v -1.4 6.3 -2.1
v -1.4 6.4 -2.1
v -1.4 6.5 -2.1
v -1.4 6.6 -2.1
v -1.3 0.1 -2.1
v -1.1 0.1 -2.1
v -1.1 0.3 -2.1
v -1.1 0.4 -2.1
v -1.1 0.8 -2.1
v -1.1 0.9 -2.1
v -1.1 1.3 -2.1
v -1.1 1.4 -2.1
v -1.1 1.8 -2.1
v -1.1 1.9 -2.1
v -1.1 2.3 -2.1
v -1.1 2.4 -2.1
v -1.1 2.8 -2.1
v -1.1 3.6 -2.1
v -1.1 3.8 -2.1
v -1.1 3.9 -2.1
v -1.1 4 -2.1
v -1.1 4.2 -2.1
v -1.1 4.3 -2.1
v -1.1 4.4 -2.1
v -1.1 4.7 -2.1
v -1.1 4.8 -2.1
v -1.1 4.9 -2.1
v -1.1 5.1 -2.1
v -1.1 5.2 -2.1
v -1.1 5.3 -2.1
v -1.1 5.5 -2.1
v -1.1 5.6 -2.1
v -1.1 5.7 -2.1
v -1.1 5.8 -2.1
v -1.1 6 -2.1
v -1.1 6.2 -2.1
v -1.1 6.3 -2.1
v -1.1 6.6 -2.1
v -1.1 6.7 -2.1
v -1.1 6.8 -2.1
v -1.1 6.9 -2.1
v -1.1 7.1 -2.1
v -1.1 7.2 -2.1
v -1.1 7.3 -2.1
v 1.1 0.1 -2.1
v 1.1 2.8 -2.1
v 1.1 3.6 -2.1
v 1.1 4 -2.1
v 1.1 4.2 -2.1
v 1.1 4.3 -2.1
v 1.1 4.7 -2.1
v 1.1 4.8 -2.1
v 1.1 4.9 -2.1
v 1.1 5.1 -2.1
v 1.1 5.2 -2.1
v 1.1 5.3 -2.1
v 1.1 5.5 -2.1
v 1.1 5.6 -2.1
v 1.1 5.7 -2.1
v 1.1 5.8 -2.1
v 1.1 6 -2.1
v 1.1 6.2 -2.1
v 1.1 6.3 -2.1
v 1.1 6.6 -2.1
v 1.1 6.7 -2.1
v 1.1 6.8 -2.1
v 1.1 6.9 -2.1
v 1.1 7.1 -2.1
v 1.1 7.2 -2.1
v 1.1 7.3 -2.1
v 1.2 0.1 -2.1
v 1.2 0.3 -2.1
v 1.2 0.4 -2.1
v 1.2 0.8 -2.1
v 1.2 0.9 -2.1
v 1.2 1.3 -2.1
v 1.2 1.4 -2.1
v 1.2 1.8 -2.1
v 1.2 1.9 -2.1
v 1.2 2.3 -2.1
v 1.2 2.4 -2.1
v 1.2 2.8 -2.1
v 1.2 3.6 -2.1
v 1.2 3.8 -2.1
v 1.2 3.9 -2.1
v 1.2 4.3 -2.1
v 1.2 4.4 -2.1
v 1.2 4.8 -2.1
v 1.3 0.1 -2.1
v 1.3 5.2 -2.1
v 1.3 5.3 -2.1
v 1.3 5.4 -2.1
v 1.3 5.5 -2.1
v 1.3 6.3 -2.1
v 1.3 6.4 -2.1
v 1.3 6.5 -2.1
v 1.3 6.6 -2.1
v 1.5 5.2 -2.1
v 1.5 5.3 -2.1
v 1.5 5.4 -2.1
v 1.5 5.5 -2.1
v 1.5 6.3 -2.1
v 1.5 6.4 -2.1
v 1.5 6.5 -2.1
v 1.5 6.6 -2.1
v 1.6 2.5 -2.1
v 1.6 2.8 -2.1
v 1.6 2.9 -2.1
v 1.6 5.2 -2.1
v 1.6 5.3 -2.1
v 1.6 5.4 -2.1
v 1.6 5.5 -2.1
v 1.6 6.3 -2.1
v 1.6 6.4 -2.1
v 1.6 6.5 -2.1
v 1.6 6.6 -2.1
v 1.7 2.4 -2.1
v 1.7 2.5 -2.1
v 1.8 0.1 -2.1
v 1.8 0.3 -2.1
v 1.8 0.4 -2.1
v 1.8 0.8 -2.1
v 1.8 0.9 -2.1
v 1.8 1.3 -2.1
v 1.8 1.4 -2.1
v 1.8 1.8 -2.1
v 1.8 1.9 -2.1
v 1.8 2.3 -2.1
v 1.8 2.4 -2.1
v 1.8 3.6 -2.1
v 1.8 3.8 -2.1
v 1.8 3.9 -2.1
v 1.8 4.3 -2.1
v 1.8 4.4 -2.1
v 1.8 4.8 -2.1
v 1.8 5.2 -2.1
v 1.8 5.3 -2.1
v 1.8 5.4 -2.1
v 1.8 5.5 -2.1
v 1.8 6.3 -2.1
v 1.8 6.4 -2.1
v 1.8 6.5 -2.1
v 1.8 6.6 -2.1
v 1.9 0.1 -2.1
v 1.9 0.3 -2.1
v 1.9 0.4 -2.1
v 1.9 0.8 -2.1
v 1.9 0.9 -2.1
v 1.9 1.1 -2.1
v 1.9 2.3 -2.1
v 1.9 3.6 -2.1
v 1.9 3.8 -2.1
v 1.9 3.9 -2.1
v 1.9 4.3 -2.1
v 1.9 4.4 -2.1
v 1.9 4.8 -2.1
v 2 0.1 -2.1
v 2.1 5.2 -2.1
v 2.1 5.3 -2.1
v 2.1 5.4 -2.1
v 2.1 5.5 -2.1
v 2.1 6.3 -2.1
v 2.1 6.4 -2.1
v 2.1 6.5 -2.1
v 2.1 6.6 -2.1
v 2.3 5.2 -2.1
v 2.3 5.3 -2.1
v 2.3 5.4 -2.1
v 2.3 5.5 -2.1
v 2.3 6.3 -2.1
v 2.3 6.4 -2.1
v 2.3 6.5 -2.1
v 2.3 6.6 -2.1
v 2.4 5.2 -2.1
v 2.4 5.3 -2.1
v 2.4 5.4 -2.1
v 2.4 5.5 -2.1
v 2.4 6.3 -2.1
v 2.4 6.4 -2.1
v 2.4 6.5 -2.1
v 2.4 6.6 -2.1
v 2.5 0.1 -2.1
v 2.5 0.3 -2.1
v 2.5 0.4 -2.1
v 2.5 0.8 -2.1
v 2.5 0.9 -2.1
v 2.5 1.1 -2.1
v 2.5 1.2 -2.1
v 2.5 2.3 -2.1
v 2.5 3.6 -2.1
v 2.5 3.8 -2.1
v 2.5 3.9 -2.1
v 2.5 4.3 -2.1
v 2.5 4.4 -2.1
v 2.5 4.8 -2.1
v 2.6 0.1 -2.1
v 2.6 0.3 -2.1
v 2.6 0.4 -2.1
v 2.6 0.8 -2.1
v 2.6 0.9 -2.1
v 2.6 1.3 -2.1
v 2.6 1.4 -2.1
v 2.6 1.8 -2.1
v 2.6 1.9 -2.1
v 2.6 2.3 -2.1
v 2.6 3.6 -2.1
v 2.6 3.8 -2.1
v 2.6 3.9 -2.1
v 2.6 4.3 -2.1
v 2.6 4.4 -2.1
v 2.6 4.8 -2.1
v 2.6 5.2 -2.1
v 2.6 5.3 -2.1
v 2.6 5.4 -2.1
v 2.6 5.5 -2.1
v 2.6 6.3 -2.1
v 2.6 6.4 -2.1
v 2.6 6.5 -2.1
v 2.6 6.6 -2.1
v 2.7 2.3 -2.1
v 2.7 2.4 -2.1
v 2.8 2.4 -2.1
v 2.8 2.5 -2.1
v 2.9 0.1 -2.1
v 2.9 2.5 -2.1
v 2.9 2.8 -2.1
v 2.9 2.9 -2.1
v 2.9 5.2 -2.1
v 2.9 5.3 -2.1
v 2.9 5.4 -2.1
v 2.9 5.5 -2.1
v 2.9 6.3 -2.1
v 2.9 6.4 -2.1
v 2.9 6.5 -2.1
v 2.9 6.6 -2.1
v 3 0.1 -2.1
v 3.1 5.2 -2.1
v 3.1 5.3 -2.1
v 3.1 5.4 -2.1
v 3.1 5.5 -2.1
v 3.1 6.3 -2.1
v 3.1 6.4 -2.1
v 3.1 6.5 -2.1
v 3.1 6.6 -2.1
v 3.2 0.1 -2.1
v 3.2 0.3 -2.1
v 3.2 0.4 -2.1
v 3.2 0.8 -2.1
v 3.2 0.9 -2.1
v 3.2 1.3 -2.1
v 3.2 1.4 -2.1
v 3.2 1.8 -2.1
v 3.2 1.9 -2.1
v 3.2 2.3 -2.1
v 3.2 2.4 -2.1
v 3.2 2.8 -2.1
v 3.2 3.6 -2.1
v 3.2 3.8 -2.1
v 3.2 3.9 -2.1
v 3.2 4.3 -2.1
v 3.2 4.4 -2.1
v 3.2 4.8 -2.1
v 3.2 5.2 -2.1
v 3.2 5.3 -2.1
v 3.2 5.4 -2.1
v 3.2 5.5 -2.1
v 3.2 6.3 -2.1
v 3.2 6.4 -2.1
v 3.2 6.5 -2.1
v 3.2 6.6 -2.1
v 3.3 0.1 -2.1
v 3.3 0.3 -2.1
v 3.3 0.4 -2.1
v 3.3 0.8 -2.1
v 3.3 0.9 -2.1
v 3.3 1.3 -2.1
v 3.3 1.4 -2.1
v 3.3 1.7 -2.1
v 3.3 2.3 -2.1
v 3.3 2.4 -2.1
v 3.3 2.8 -2.1
v 3.3 3.6 -2.1
v 3.3 3.8 -2.1
v 3.3 3.9 -2.1
v 3.3 4.3 -2.1
v 3.3 4.4 -2.1
v 3.3 4.8 -2.1
v 3.4 1.6 -2.1
v 3.4 1.7 -2.1
v 3.4 2.3 -2.1
v 3.4 2.4 -2.1
v 3.4 5.2 -2.1
v 3.4 5.3 -2.1
v 3.4 5.4 -2.1
v 3.4 5.5 -2.1
v 3.4 6.3 -2.1
v 3.4 6.4 -2.1
v 3.4 6.5 -2.1
v 3.4 6.6 -2.1
v 3.5 1.5 -2.1
v 3.5 1.6 -2.1
v 3.5 2.4 -2.1
v 3.5 2.5 -2.1
v 3.6 1.5 -2.1
v 3.6 1.6 -2.1
v 3.6 2.4 -2.1
v 3.6 2.5 -2.1
v 3.7 1.6 -2.1
v 3.7 1.7 -2.1
v 3.7 2.3 -2.1
v 3.7 2.4 -2.1
v 3.7 5.2 -2.1
v 3.7 5.3 -2.1
v 3.7 5.4 -2.1
v 3.7 5.5 -2.1
v 3.7 6.3 -2.1
v 3.7 6.4 -2.1
v 3.7 6.5 -2.1
v 3.7 6.6 -2.1
v 3.8 1.7 -2.1
v 3.8 1.8 -2.1
v 3.8 1.9 -2.1
v 3.8 2.3 -2.1
v 3.9 0.1 -2.1
v 3.9 0.3 -2.1
v 3.9 0.4 -2.1
v 3.9 0.8 -2.1
v 3.9 0.9 -2.1
v 3.9 1.3 -2.1
v 3.9 1.4 -2.1
v 3.9 1.8 -2.1
v 3.9 1.9 -2.1
v 3.9 2.3 -2.1
v 3.9 2.4 -2.1
v 3.9 2.8 -2.1
v 3.9 3.6 -2.1
v 3.9 3.8 -2.1
v 3.9 3.9 -2.1
v 3.9 4.3 -2.1
v 3.9 4.4 -2.1
v 3.9 4.8 -2.1
v 3.9 5.2 -2.1
v 3.9 5.3 -2.1
v 3.9 5.4 -2.1
v 3.9 5.5 -2.1
v 3.9 6.3 -2.1
v 3.9 6.4 -2.1
v 3.9 6.5 -2.1
v 3.9 6.6 -2.1
v 4 0.1 -2.1
v 4 0.3 -2.1
v 4 0.4 -2.1
v 4 0.8 -2.1
v 4 0.9 -2.1
v 4 1.3 -2.1
v 4 1.4 -2.1
v 4 1.8 -2.1
v 4 1.9 -2.1
v 4 2.3 -2.1
v 4 2.4 -2.1
v 4 2.8 -2.1
v 4 3.6 -2.1
v 4 3.8 -2.1
v 4 3.9 -2.1
v 4 4.3 -2.1
v 4 4.4 -2.1
v 4 4.8 -2.1
v 4 5.2 -2.1
v 4 5.3 -2.1
v 4 5.4 -2.1
v 4 5.5 -2.1
v 4 6.3 -2.1
v 4 6.4 -2.1
v 4 6.5 -2.1
v 4 6.6 -2.1
v 4.2 5.2 -2.1
v 4.2 5.3 -2.1
v 4.2 5.4 -2.1
v 4.2 5.5 -2.1
v 4.2 6.3 -2.1
v 4.2 6.4 -2.1
v 4.2 6.5 -2.1
v 4.2 6.6 -2.1
v 4.4 1 -2.1
v 4.4 1.3 -2.1
v 4.4 1.4 -2.1
v 4.4 1.8 -2.1
v 4.4 1.9 -2.1
v 4.4 2.3 -2.1
v 4.4 2.4 -2.1
v 4.4 2.8 -2.1
v 4.5 5.2 -2.1
v 4.5 5.3 -2.1
v 4.5 5.4 -2.1
v 4.5 5.5 -2.1
v 4.5 6.3 -2.1
v 4.5 6.4 -2.1
v 4.5 6.5 -2.1
v 4.5 6.6 -2.1
v 4.6 0.1 -2.1
v 4.6 0.3 -2.1
v 4.6 0.4 -2.1
v 4.6 0.8 -2.1
v 4.6 0.9 -2.1
v 4.6 1 -2.1
v 4.6 3.6 -2.1
v 4.6 3.8 -2.1
v 4.6 3.9 -2.1
v 4.6 4.3 -2.1
v 4.6 4.4 -2.1
v 4.6 4.8 -2.1
v 4.7 0.1 -2.1
v 4.7 0.3 -2.1
v 4.7 0.4 -2.1
v 4.7 0.8 -2.1
v 4.7 0.9 -2.1
v 4.7 1 -2.1
v 4.7 3.6 -2.1
v 4.7 3.8 -2.1
v 4.7 3.9 -2.1
v 4.7 4.3 -2.1
v 4.7 4.4 -2.1
v 4.7 4.8 -2.1
v 4.7 5.2 -2.1
v 4.7 5.3 -2.1
v 4.7 5.4 -2.1
v 4.7 5.5 -2.1
v 4.7 6.3 -2.1
v 4.7 6.4 -2.1
v 4.7 6.5 -2.1
v 4.7 6.6 -2.1
v 4.8 5.2 -2.1
v 4.8 5.3 -2.1
v 4.8 5.4 -2.1
v 4.8 5.5 -2.1
v 4.8 6.3 -2.1
v 4.8 6.4 -2.1
v 4.8 6.5 -2.1
v 4.8 6.6 -2.1
v 4.9 0.1 -2.1
v 5 0.1 -2.1
v 5 5.2 -2.1
v 5 5.3 -2.1
v 5 5.4 -2.1
v 5 5.5 -2.1
v 5 6.3 -2.1
v 5 6.4 -2.1
v 5 6.5 -2.1
v 5 6.6 -2.1
v 5.3 0.1 -2.1
v 5.3 0.3 -2.1
v 5.3 0.4 -2.1
v 5.3 0.8 -2.1
v 5.3 0.9 -2.1
v 5.3 1 -2.1
v 5.3 3.6 -2.1
v 5.3 3.8 -2.1
v 5.3 3.9 -2.1
v 5.3 4.3 -2.1
v 5.3 4.4 -2.1
v 5.3 4.8 -2.1
v 5.3 5.2 -2.1
v 5.3 5.3 -2.1
v 5.3 5.4 -2.1
v 5.3 5.5 -2.1
v 5.3 6.3 -2.1
v 5.3 6.4 -2.1
v 5.3 6.5 -2.1
v 5.3 6.6 -2.1
v 5.4 0.1 -2.1
v 5.4 0.3 -2.1
v 5.4 0.4 -2.1
v 5.4 0.8 -2.1
v 5.4 0.9 -2.1
v 5.4 1 -2.1
v 5.4 3.6 -2.1
v 5.4 3.8 -2.1
v 5.4 3.9 -2.1
v 5.4 4.3 -2.1
v 5.4 4.4 -2.1
v 5.4 4.8 -2.1
v 5.5 5.2 -2.1
v 5.5 5.3 -2.1
v 5.5 5.4 -2.1
v 5.5 5.5 -2.1
v 5.5 6.3 -2.1
v 5.5 6.4 -2.1
v 5.5 6.5 -2.1
v 5.5 6.6 -2.1
v 5.6 5.2 -2.1
v 5.6 5.3 -2.1
v 5.6 5.4 -2.1
v 5.6 5.5 -2.1
v 5.6 6.3 -2.1
v 5.6 6.4 -2.1
v 5.6 6.5 -2.1
v 5.6 6.6 -2.1
v 5.8 5.2 -2.1
v 5.8 5.3 -2.1
v 5.8 5.4 -2.1
v 5.8 5.5 -2.1
v 5.8 6.3 -2.1
v 5.8 6.4 -2.1
v 5.8 6.5 -2.1
v 5.8 6.6 -2.1
v 5.9 0.1 -2.1
v 6 0.1 -2.1
v 6 0.3 -2.1
v 6 0.4 -2.1
v 6 0.8 -2.1
v 6 0.9 -2.1
v 6 1 -2.1
v 6 3.6 -2.1
v 6 3.8 -2.1
v 6 3.9 -2.1
v 6 4.3 -2.1
v 6 4.4 -2.1
v 6 4.8 -2.1
v 6.1 0.1 -2.1
v 6.1 0.3 -2.1
v 6.1 0.4 -2.1
v 6.1 0.8 -2.1
v 6.1 0.9 -2.1
v 6.1 1 -2.1
v 6.1 3.6 -2.1
v 6.1 3.8 -2.1
v 6.1 3.9 -2.1
v 6.1 4.3 -2.1
v 6.1 4.4 -2.1
v 6.1 4.8 -2.1
v 6.1 5.2 -2.1
v 6.1 5.3 -2.1
v 6.1 5.4 -2.1
v 6.1 5.5 -2.1
v 6.1 6.3 -2.1
v 6.1 6.4 -2.1
v 6.1 6.5 -2.1
v 6.1 6.6 -2.1
v 6.3 5.2 -2.1
v 6.3 5.3 -2.1
v 6.3 5.4 -2.1
v 6.3 5.5 -2.1
v 6.3 6.3 -2.1
v 6.3 6.4 -2.1
v 6.3 6.5 -2.1
v 6.3 6.6 -2.1
v 6.4 5.2 -2.1
v 6.4 5.3 -2.1
v 6.4 5.4 -2.1
v 6.4 5.5 -2.1
v 6.4 6.3 -2.1
v 6.4 6.4 -2.1
v 6.4 6.5 -2.1
v 6.4 6.6 -2.1
v 6.6 5.2 -2.1
v 6.6 5.3 -2.1
v 6.6 5.4 -2.1
v 6.6 5.5 -2.1
v 6.6 6.3 -2.1
v 6.6 6.4 -2.1
v 6.6 6.5 -2.1
v 6.6 6.6 -2.1
v 6.7 0.1 -2.1
v 6.7 0.3 -2.1
v 6.7 0.4 -2.1
v 6.7 0.8 -2.1
v 6.7 0.9 -2.1
v 6.7 1 -2.1
v 6.7 3.6 -2.1
v 6.7 3.8 -2.1
v 6.7 3.9 -2.1
v 6.7 4.3 -2.1
v 6.7 4.4 -2.1
v 6.7 4.8 -2.1
v 6.8 0.1 -2.1
v 6.8 0.3 -2.1
v 6.8 0.4 -2.1
v 6.8 0.8 -2.1
v 6.8 0.9 -2.1
v 6.8 1 -2.1
v 6.8 3.6 -2.1
v 6.8 3.8 -2.1
v 6.8 3.9 -2.1
v 6.8 4.3 -2.1
v 6.8 4.4 -2.1
v 6.8 4.8 -2.1
v 6.9 0.1 -2.1
v 6.9 5.2 -2.1
v 6.9 5.3 -2.1
v 6.9 5.4 -2.1
v 6.9 5.5 -2.1
v 6.9 6.3 -2.1
v 6.9 6.4 -2.1
v 6.9 6.5 -2.1
v 6.9 6.6 -2.1
v 7 0.1 -2.1
v 7.1 5.2 -2.1
v 7.1 5.3 -2.1
v 7.1 5.4 -2.1
v 7.1 5.5 -2.1
v 7.1 6.3 -2.1
v 7.1 6.4 -2.1
v 7.1 6.5 -2.1
v 7.1 6.6 -2.1
v 7.2 5.2 -2.1
v 7.2 5.3 -2.1
v 7.2 5.4 -2.1
v 7.2 5.5 -2.1
v 7.2 6.3 -2.1
v 7.2 6.4 -2.1
v 7.2 6.5 -2.1
v 7.2 6.6 -2.1
v 7.4 0.1 -2.1
v 7.4 0.3 -2.1
v 7.4 0.4 -2.1
v 7.4 0.8 -2.1
v 7.4 0.9 -2.1
v 7.4 1 -2.1
v 7.4 3.6 -2.1
v 7.4 3.8 -2.1
v 7.4 3.9 -2.1
v 7.4 4.3 -2.1
v 7.4 4.4 -2.1
v 7.4 4.8 -2.1
v 7.4 5.2 -2.1
v 7.4 5.3 -2.1
v 7.4 5.4 -2.1
v 7.4 5.5 -2.1
v 7.4 6.3 -2.1
v 7.4 6.4 -2.1
v 7.4 6.5 -2.1
v 7.4 6.6 -2.1
v 7.5 0.1 -2.1
v 7.5 0.3 -2.1
v 7.5 0.4 -2.1
v 7.5 0.8 -2.1
v 7.5 0.9 -2.1
v 7.5 1 -2.1
v 7.5 3.6 -2.1
v 7.5 3.8 -2.1
v 7.5 3.9 -2.1
v 7.5 4.3 -2.1
v 7.5 4.4 -2.1
v 7.5 4.8 -2.1
v 7.7 5.2 -2.1
v 7.7 5.3 -2.1
v 7.7 5.4 -2.1
v 7.7 5.5 -2.1
v 7.7 6.3 -2.1
v 7.7 6.4 -2.1
v 7.7 6.5 -2.1
v 7.7 6.6 -2.1
v 7.8 1 -2.1
v 7.8 1.3 -2.1
v 7.8 1.4 -2.1
v 7.8 1.8 -2.1
v 7.8 1.9 -2.1
v 7.8 2.3 -2.1
v 7.8 2.4 -2.1
v 7.8 2.8 -2.1
v 7.9 0.1 -2.1
v 7.9 5.2 -2.1
v 7.9 5.3 -2.1
v 7.9 5.4 -2.1
v 7.9 5.5 -2.1
v 7.9 6.3 -2.1
v 7.9 6.4 -2.1
v 7.9 6.5 -2.1
v 7.9 6.6 -2.1
v 8 0.1 -2.1
v 8 5.2 -2.1
v 8 5.3 -2.1
v 8 5.4 -2.1
v 8 5.5 -2.1
v 8 6.3 -2.1
v 8 6.4 -2.1
v 8 6.5 -2.1
v 8 6.6 -2.1
v 8.1 0.1 -2.1
v 8.1 0.3 -2.1
v 8.1 0.4 -2.1
v 8.1 0.8 -2.1
v 8.1 0.9 -2.1
v 8.1 1.3 -2.1
v 8.1 1.4 -2.1
v 8.1 1.8 -2.1
v 8.1 1.9 -2.1
v 8.1 2.3 -2.1
v 8.1 2.4 -2.1
v 8.1 2.8 -2.1
v 8.1 3.6 -2.1
v 8.1 3.8 -2.1
v 8.1 3.9 -2.1
v 8.1 4.3 -2.1
v 8.1 4.4 -2.1
v 8.1 4.8 -2.1
v 8.2 0.1 -2.1
v 8.2 0.3 -2.1
v 8.2 0.4 -2.1
v 8.2 0.8 -2.1
v 8.2 0.9 -2.1
v 8.2 1.3 -2.1
v 8.2 1.4 -2.1
v 8.2 1.8 -2.1
v 8.2 1.9 -2.1
v 8.2 2.3 -2.1
v 8.2 2.4 -2.1
v 8.2 2.8 -2.1
v 8.2 3.6 -2.1
v 8.2 3.8 -2.1
v 8.2 3.9 -2.1
v 8.2 4.3 -2.1
v 8.2 4.4 -2.1
v 8.2 4.8 -2.1
v 8.2 5.2 -2.1
v 8.2 5.3 -2.1
v 8.2 5.4 -2.1
v 8.2 5.5 -2.1
v 8.2 6.3 -2.1
v 8.2 6.4 -2.1
v 8.2 6.5 -2.1
v 8.2 6.6 -2.1
v 8.5 5.2 -2.1
v 8.5 5.3 -2.1
v 8.5 5.4 -2.1
v 8.5 5.5 -2.1
v 8.5 6.3 -2.1
v 8.5 6.4 -2.1
v 8.5 6.5 -2.1
v 8.5 6.6 -2.1
v 8.7 5.2 -2.1
v 8.7 5.3 -2.1
v 8.7 5.4 -2.1
v 8.7 5.5 -2.1
v 8.7 6.3 -2.1
v 8.7 6.4 -2.1
v 8.7 6.5 -2.1
v 8.7 6.6 -2.1
v 8.8 0.1 -2.1
v 8.8 0.3 -2.1
v 8.8 0.4 -2.1
v 8.8 0.8 -2.1
v 8.8 0.9 -2.1
v 8.8 1.3 -2.1
v 8.8 1.4 -2.1
v 8.8 1.8 -2.1
v 8.8 1.9 -2.1
v 8.8 2.3 -2.1
v 8.8 2.4 -2.1
v 8.8 2.8 -2.1
v 8.8 3.6 -2.1
v 8.8 3.8 -2.1
v 8.8 3.9 -2.1
v 8.8 4.3 -2.1
v 8.8 4.4 -2.1
v 8.8 4.8 -2.1
v 8.8 5.2 -2.1
v 8.8 5.3 -2.1
v 8.8 5.4 -2.1
v 8.8 5.5 -2.1
v 8.8 6.3 -2.1
v 8.8 6.4 -2.1
v 8.8 6.5 -2.1
v 8.8 6.6 -2.1
v 8.9 0.1 -2.1
v 8.9 0.3 -2.1
v 8.9 0.4 -2.1
v 8.9 0.8 -2.1
v 8.9 0.9 -2.1
v 8.9 1.3 -2.1
v 8.9 1.4 -2.1
v 8.9 1.8 -2.1
v 8.9 1.9 -2.1
v 8.9 2.3 -2.1
v 8.9 2.4 -2.1
v 8.9 2.8 -2.1
v 8.9 3.6 -2.1
v 8.9 3.8 -2.1
v 8.9 3.9 -2.1
v 8.9 4.3 -2.1
v 8.9 4.4 -2.1
v 8.9 4.8 -2.1
v 9 0.1 -2.1
v 9 5.2 -2.1
v 9 5.3 -2.1
v 9 5.4 -2.1
v 9 5.5 -2.1
v 9 6.3 -2.1
v 9 6.4 -2.1
v 9 6.5 -2.1
v 9 6.6 -2.1
v 9.3 5.2 -2.1
v 9.3 5.3 -2.1
v 9.3 5.4 -2.1
v 9.3 5.5 -2.1
v 9.3 6.3 -2.1
v 9.3 6.4 -2.1
v 9.3 6.5 -2.1
v 9.3 6.6 -2.1
v 9.5 0.1 -2.1
v 9.5 0.3 -2.1
v 9.5 0.4 -2.1
v 9.5 0.8 -2.1
v 9.5 0.9 -2.1
v 9.5 1.3 -2.1
v 9.5 1.4 -2.1
v 9.5 1.8 -2.1
v 9.5 1.9 -2.1
v 9.5 2.3 -2.1
v 9.5 2.4 -2.1
v 9.5 2.8 -2.1
v 9.5 3.6 -2.1
v 9.5 3.8 -2.1
v 9.5 3.9 -2.1
v 9.5 4.3 -2.1
v 9.5 4.4 -2.1
v 9.5 4.8 -2.1
v 9.5 5.2 -2.1
v 9.5 5.3 -2.1
v 9.5 5.4 -2.1
v 9.5 5.5 -2.1
v 9.5 6.3 -2.1
v 9.5 6.4 -2.1
v 9.5 6.5 -2.1
v 9.5 6.6 -2.1
v 9.6 0.1 -2.1
v 9.6 0.3 -2.1
v 9.6 0.4 -2.1
v 9.6 0.8 -2.1
v 9.6 0.9 -2.1
v 9.6 1.3 -2.1
v 9.6 1.4 -2.1
v 9.6 1.8 -2.1
v 9.6 1.9 -2.1
v 9.6 2.3 -2.1
v 9.6 2.4 -2.1
v 9.6 2.8 -2.1
v 9.6 3.6 -2.1
v 9.6 3.8 -2.1
v 9.6 3.9 -2.1
v 9.6 4.3 -2.1
v 9.6 4.4 -2.1
v 9.6 4.8 -2.1
v 9.6 5.2 -2.1
v 9.6 5.3 -2.1
v 9.6 5.4 -2.1
v 9.6 5.5 -2.1
v 9.6 6.3 -2.1
v 9.6 6.4 -2.1
v 9.6 6.5 -2.1
v 9.6 6.6 -2.1
v 9.8 5.2 -2.1
v 9.8 5.3 -2.1
v 9.8 5.4 -2.1
v 9.8 5.5 -2.1
v 9.8 6.3 -2.1
v 9.8 6.4 -2.1
v 9.8 6.5 -2.1
v 9.8 6.6 -2.1
v 9.9 0.1 -2.1
v 9.9 0.3 -2.1
v 9.9 0.4 -2.1
v 9.9 0.8 -2.1
v 9.9 0.9 -2.1
v 9.9 1.3 -2.1
v 9.9 1.4 -2.1
v 9.9 1.8 -2.1
v 9.9 1.9 -2.1
v 9.9 2.3 -2.1
v 9.9 2.4 -2.1
v 9.9 2.8 -2.1
v 9.9 3.6 -2.1
v 9.9 3.8 -2.1
v 9.9 3.9 -2.1
v 9.9 4.3 -2.1
v 9.9 4.4 -2.1
v 9.9 4.8 -2.1
v 9.9 4.9 -2.1
v 9.9 5.1 -2.1
v 9.9 5.2 -2.1
v 9.9 5.3 -2.1
v 9.9 5.4 -2.1
v 9.9 5.5 -2.1
v 9.9 5.6 -2.1
v 9.9 5.8 -2.1
v 9.9 6 -2.1
v 9.9 6.2 -2.1
v 9.9 6.3 -2.1
v 9.9 6.4 -2.1
v 9.9 6.5 -2.1
v 9.9 6.6 -2.1
v 9.9 6.7 -2.1
v 9.9 6.9 -2.1
v 9.9 7.1 -2.1
v 9.9 7.3 -2.1
v -8.3 0.1 2.1
v -8.3 0.5 2.1
v -8.2 0.1 2.1
v -8.2 0.5 2.1
v -7.8 0.1 2.1
v -7.8 0.5 2.1
v -7.7 0.1 2.1
v -7.7 0.5 2.1
v 7.1 0.5 1.9
v 7.1 0.6 1.9
v 7.2 0.4 1.9
v 7.2 0.5 1.9
v 7.2 0.6 1.9
v 7.2 1.1 1.9
v 7.2 1.2 1.9
v 7.4 0.4 1.9
v 7.4 0.5 1.9
v 7.4 0.6 1.9
v 7.4 1.1 1.9
v 7.4 1.2 1.9
v 7.5 0.5 1.9
v 7.5 0.6 1.9
v 7 0.5 1.8
v 7 0.6 1.8
v 7.1 0.1 1.8
v 7.1 0.2 1.8
v 7.1 0.4 1.8
v 7.1 0.5 1.8
v 7.1 0.6 1.8
v 7.1 1.1 1.8
v 7.1 1.2 1.8
v 7.2 0.1 1.8
v 7.2 0.4 1.8
v 7.2 0.5 1.8
v 7.2 0.6 1.8
v 7.2 1.1 1.8
v 7.2 1.2 1.8
v 7.2 1.4 1.8
v 7.4 0.4 1.8
v 7.4 0.5 1.8
v 7.4 0.6 1.8
v 7.4 1.1 1.8
v 7.4 1.2 1.8
v 7.4 1.4 1.8
v 7.5 0.1 1.8
v 7.5 0.2 1.8
v 7.5 0.4 1.8
v 7.5 0.5 1.8
v 7.5 0.6 1.8
v 7.5 1.1 1.8
v 7.5 1.2 1.8
v 7.6 0.5 1.8
v 7.6 0.6 1.8
v 8.6 0.5 1.8
v 8.6 0.6 1.8
v 8.7 0.4 1.8
v 8.7 0.5 1.8
v 8.7 0.6 1.8
v 8.7 1.1 1.8
v 8.7 1.2 1.8
v 8.9 0.4 1.8
v 8.9 0.5 1.8
v 8.9 0.6 1.8
v 8.9 1.1 1.8
v 8.9 1.2 1.8
v 9 0.5 1.8
v 9 0.6 1.8
v 6.9 0.5 1.7
v 6.9 0.6 1.7
v 7 0.1 1.7
v 7 0.2 1.7
v 7 0.4 1.7
v 7 0.5 1.7
v 7 0.6 1.7
v 7 1.1 1.7
v 7 1.2 1.7
v 7.1 0.1 1.7
v 7.1 0.2 1.7
v 7.1 0.4 1.7
v 7.1 0.5 1.7
v 7.1 0.6 1.7
v 7.1 1.1 1.7
v 7.1 1.2 1.7
v 7.1 1.4 1.7
v 7.2 1.2 1.7
v 7.2 1.4 1.7
v 7.4 1.2 1.7
v 7.4 1.4 1.7
v 7.5 0.1 1.7
v 7.5 0.2 1.7
v 7.5 0.4 1.7
v 7.5 0.5 1.7
v 7.5 0.6 1.7
v 7.5 1.1 1.7
v 7.5 1.2 1.7
v 7.5 1.4 1.7
v 7.6 0.1 1.7
v 7.6 0.2 1.7
v 7.6 0.4 1.7
v 7.6 0.5 1.7
v 7.6 0.6 1.7
v 7.6 1.1 1.7
v 7.6 1.2 1.7
v 7.7 0.5 1.7
v 7.7 0.6 1.7
v 8.5 0.5 1.7
v 8.5 0.6 1.7
v 8.6 0.1 1.7
v 8.6 0.2 1.7
v 8.6 0.4 1.7
v 8.6 0.5 1.7
v 8.6 0.6 1.7
v 8.6 1.1 1.7
v 8.6 1.2 1.7
v 8.7 0.1 1.7
v 8.7 0.4 1.7
v 8.7 0.5 1.7
v 8.7 0.6 1.7
v 8.7 1.1 1.7
v 8.7 1.2 1.7
v 8.7 1.4 1.7
v 8.9 0.4 1.7
v 8.9 0.5 1.7
v 8.9 0.6 1.7
v 8.9 1.1 1.7
v 8.9 1.2 1.7
v 8.9 1.4 1.7
v 9 0.1 1.7
v 9 0.2 1.7
v 9 0.4 1.7
v 9 0.5 1.7
v 9 0.6 1.7
v 9 1.1 1.7
v 9 1.2 1.7
v 9.1 0.5 1.7
v 9.1 0.6 1.7
v -8.3 0.1 1.6
v -8.3 0.5 1.6
v -8.3 0.6 1.6
v -8.2 0.1 1.6
v -8.2 0.5 1.6
v -7.8 0.1 1.6
v -7.8 0.5 1.6
v -7.7 0.1 1.6
v -7.7 0.5 1.6
v -7.7 0.6 1.6
v 6.8 0.5 1.6
v 6.8 0.6 1.6
v 6.9 0.1 1.6
v 6.9 0.2 1.6
v 6.9 0.4 1.6
v 6.9 0.5 1.6
v 6.9 0.6 1.6
v 6.9 1.1 1.6
v 6.9 1.2 1.6
v 7 0.1 1.6
v 7 0.2 1.6
v 7 0.4 1.6
v 7 0.5 1.6
v 7 0.6 1.6
v 7 1.1 1.6
v 7 1.2 1.6
v 7 1.4 1.6
v 7.1 1.2 1.6
v 7.1 1.4 1.6
v 7.5 1.2 1.6
v 7.5 1.4 1.6
v 7.6 0.1 1.6
v 7.6 0.2 1.6
v 7.6 0.4 1.6
v 7.6 0.5 1.6
v 7.6 0.6 1.6
v 7.6 1.1 1.6
v 7.6 1.2 1.6
v 7.6 1.4 1.6
v 7.7 0.1 1.6
v 7.7 0.2 1.6
v 7.7 0.4 1.6
v 7.7 0.5 1.6
v 7.7 0.6 1.6
v 7.7 1.1 1.6
v 7.7 1.2 1.6
v 7.8 0.5 1.6
v 7.8 0.6 1.6
v 8.4 0.5 1.6
v 8.4 0.6 1.6
v 8.5 0.1 1.6
v 8.5 0.2 1.6
v 8.5 0.4 1.6
v 8.5 0.5 1.6
v 8.5 0.6 1.6
v 8.5 1.1 1.6
v 8.5 1.2 1.6
v 8.6 0.1 1.6
v 8.6 0.2 1.6
v 8.6 0.4 1.6
v 8.6 0.5 1.6
v 8.6 0.6 1.6
v 8.6 1.1 1.6
v 8.6 1.2 1.6
v 8.6 1.4 1.6
v 8.7 1.2 1.6
v 8.7 1.4 1.6
v 8.9 1.2 1.6
v 8.9 1.4 1.6
v 9 0.1 1.6
v 9 0.2 1.6
v 9 0.4 1.6
v 9 0.5 1.6
v 9 0.6 1.6
v 9 1.1 1.6
v 9 1.2 1.6
v 9 1.4 1.6
v 9.1 0.1 1.6
v 9.1 0.2 1.6
v 9.1 0.4 1.6
v 9.1 0.5 1.6
v 9.1 0.6 1.6
v 9.1 1.1 1.6
v 9.1 1.2 1.6
v 9.2 0.5 1.6
v 9.2 0.6 1.6
v 6.8 0.6 1.5
v 6.8 1.1 1.5
v 6.8 1.2 1.5
v 6.9 0.6 1.5
v 6.9 1.1 1.5
v 6.9 1.2 1.5
v 6.9 1.4 1.5
v 7 1.2 1.5
v 7 1.4 1.5
v 7.6 1.2 1.5
v 7.6 1.4 1.5
v 7.7 0.4 1.5
v 7.7 0.5 1.5
v 7.7 0.6 1.5
v 7.7 1.1 1.5
v 7.7 1.2 1.5
v 7.7 1.4 1.5
v 7.8 0.4 1.5
v 7.8 0.5 1.5
v 7.8 0.6 1.5
v 7.8 1.1 1.5
v 7.8 1.2 1.5
v 8.3 0.5 1.5
v 8.3 0.6 1.5
v 8.4 0.1 1.5
v 8.4 0.2 1.5
v 8.4 0.4 1.5
v 8.4 0.5 1.5
v 8.4 0.6 1.5
v 8.4 1.1 1.5
v 8.4 1.2 1.5
v 8.5 0.1 1.5
v 8.5 0.2 1.5
v 8.5 0.4 1.5
v 8.5 0.5 1.5
v 8.5 0.6 1.5
v 8.5 1.1 1.5
v 8.5 1.2 1.5
v 8.5 1.4 1.5
v 8.6 1.2 1.5
v 8.6 1.4 1.5
v 9 1.2 1.5
v 9 1.4 1.5
v 9.1 0.1 1.5
v 9.1 0.2 1.5
v 9.1 0.4 1.5
v 9.1 0.5 1.5
v 9.1 0.6 1.5
v 9.1 1.1 1.5
v 9.1 1.2 1.5
v 9.1 1.4 1.5
v 9.2 0.1 1.5
v 9.2 0.2 1.5
v 9.2 0.4 1.5
v 9.2 0.5 1.5
v 9.2 0.6 1.5
v 9.2 1.1 1.5
v 9.2 1.2 1.5
v 9.3 0.5 1.5
v 9.3 0.6 1.5
v 8.3 0.6 1.4
v 8.3 1.1 1.4
v 8.3 1.2 1.4
v 8.4 0.6 1.4
v 8.4 1.1 1.4
v 8.4 1.2 1.4
v 8.4 1.4 1.4
v 8.5 1.2 1.4
v 8.5 1.4 1.4
v 9.1 1.2 1.4
v 9.1 1.4 1.4
v 9.2 0.4 1.4
v 9.2 0.5 1.4
v 9.2 0.6 1.4
v 9.2 1.1 1.4
v 9.2 1.2 1.4
v 9.2 1.4 1.4
v 9.3 0.4 1.4
v 9.3 0.5 1.4
v 9.3 0.6 1.4
v 9.3 1.1 1.4
v 9.3 1.2 1.4
v -9 0.1 1.3
v -9 0.8 1.3
v -8.8 0.1 1.3
v -8.8 0.8 1.3
v -7.1 0.1 1.3
v -7.1 0.8 1.3
v -7 0.1 1.3
v -6.9 0.1 1.3
v -6.9 0.8 1.3
v 6.7 0.4 1.2
v 6.7 0.5 1.2
v 6.7 1.1 1.2
v 6.7 1.2 1.2
v 6.8 0.1 1.2
v 6.8 0.2 1.2
v 6.8 0.4 1.2
v 6.8 0.5 1.2
v 6.8 1.1 1.2
v 6.8 1.2 1.2
v 6.8 1.4 1.2
v 6.8 1.5 1.2
v 6.9 0.1 1.2
v 6.9 0.2 1.2
v 6.9 0.4 1.2
v 6.9 1.2 1.2
v 6.9 1.4 1.2
v 6.9 1.5 1.2
v 7.7 0.1 1.2
v 7.7 0.2 1.2
v 7.7 0.4 1.2
v 7.7 1.2 1.2
v 7.7 1.4 1.2
v 7.7 1.5 1.2
v 7.8 0.1 1.2
v 7.8 0.2 1.2
v 7.8 0.4 1.2
v 7.8 0.5 1.2
v 7.8 1.1 1.2
v 7.8 1.2 1.2
v 7.8 1.4 1.2
v 7.8 1.5 1.2
v 7.9 0.4 1.2
v 7.9 0.5 1.2
v 7.9 1.1 1.2
v 7.9 1.2 1.2
v 6.8 0.4 1.1
v 6.8 0.5 1.1
v 6.8 1.1 1.1
v 6.8 1.2 1.1
v 6.9 0.1 1.1
v 6.9 0.2 1.1
v 6.9 0.4 1.1
v 6.9 0.5 1.1
v 6.9 1.1 1.1
v 6.9 1.2 1.1
v 6.9 1.4 1.1
v 6.9 1.5 1.1
v 7 0.1 1.1
v 7 0.2 1.1
v 7 0.4 1.1
v 7 1.2 1.1
v 7 1.4 1.1
v 7 1.5 1.1
v 7.6 0.1 1.1
v 7.6 0.2 1.1
v 7.6 0.4 1.1
v 7.6 1.2 1.1
v 7.6 1.4 1.1
v 7.6 1.5 1.1
v 7.7 0.1 1.1
v 7.7 0.2 1.1
v 7.7 0.4 1.1
v 7.7 0.5 1.1
v 7.7 1.1 1.1
v 7.7 1.2 1.1
v 7.7 1.4 1.1
v 7.7 1.5 1.1
v 7.8 0.4 1.1
v 7.8 0.5 1.1
v 7.8 1.1 1.1
v 7.8 1.2 1.1
v 8.2 0.4 1.1
v 8.2 0.5 1.1
v 8.2 1.1 1.1
v 8.2 1.2 1.1
v 8.3 0.1 1.1
v 8.3 0.2 1.1
v 8.3 0.4 1.1
v 8.3 0.5 1.1
v 8.3 1.1 1.1
v 8.3 1.2 1.1
v 8.3 1.4 1.1
v 8.3 1.5 1.1
v 8.4 0.1 1.1
v 8.4 0.2 1.1
v 8.4 0.4 1.1
v 8.4 1.2 1.1
v 8.4 1.4 1.1
v 8.4 1.5 1.1
v 9.2 0.1 1.1
v 9.2 0.2 1.1
v 9.2 0.4 1.1
v 9.2 1.2 1.1
v 9.2 1.4 1.1
v 9.2 1.5 1.1
v 9.3 0.1 1.1
v 9.3 0.2 1.1
v 9.3 0.4 1.1
v 9.3 0.5 1.1
v 9.3 1.1 1.1
v 9.3 1.2 1.1
v 9.3 1.4 1.1
v 9.3 1.5 1.1
v 9.4 0.4 1.1
v 9.4 0.5 1.1
v 9.4 1.1 1.1
v 9.4 1.2 1.1
v 6.9 0.4 1
v 6.9 0.5 1
v 6.9 1.1 1
v 6.9 1.2 1
v 7 0.1 1
v 7 0.2 1
v 7 0.4 1
v 7 0.5 1
v 7 1.1 1
v 7 1.2 1
v 7 1.4 1
v 7 1.5 1
v 7.1 0.1 1
v 7.1 0.2 1
v 7.1 0.4 1
v 7.1 1.2 1
v 7.1 1.4 1
v 7.1 1.5 1
v 7.5 0.1 1
v 7.5 0.2 1
v 7.5 0.4 1
v 7.5 1.2 1
v 7.5 1.4 1
v 7.5 1.5 1
v 7.6 0.1 1
v 7.6 0.2 1
v 7.6 0.4 1
v 7.6 0.5 1
v 7.6 1.1 1
v 7.6 1.2 1
v 7.6 1.4 1
v 7.6 1.5 1
v 7.7 0.4 1
v 7.7 0.5 1
v 7.7 1.1 1
v 7.7 1.2 1
v 8.3 0.4 1
v 8.3 0.5 1
v 8.3 1.1 1
v 8.3 1.2 1
v 8.4 0.1 1
v 8.4 0.2 1
v 8.4 0.4 1
v 8.4 0.5 1
v 8.4 1.1 1
v 8.4 1.2 1
v 8.4 1.4 1
v 8.4 1.5 1
v 8.5 0.1 1
v 8.5 0.2 1
v 8.5 0.4 1
v 8.5 1.2 1
v 8.5 1.4 1
v 8.5 1.5 1
v 9.1 0.1 1
v 9.1 0.2 1
v 9.1 0.4 1
v 9.1 1.2 1
v 9.1 1.4 1
v 9.1 1.5 1
v 9.2 0.1 1
v 9.2 0.2 1
v 9.2 0.4 1
v 9.2 0.5 1
v 9.2 1.1 1
v 9.2 1.2 1
v 9.2 1.4 1
v 9.2 1.5 1
v 9.3 0.4 1
v 9.3 0.5 1
v 9.3 1.1 1
v 9.3 1.2 1
v 7 0.4 0.9
v 7 0.5 0.9
v 7 1.1 0.9
v 7 1.2 0.9
v 7.1 0.1 0.9
v 7.1 0.2 0.9
v 7.1 0.4 0.9
v 7.1 0.5 0.9
v 7.1 1.1 0.9
v 7.1 1.2 0.9
v 7.1 1.4 0.9
v 7.1 1.5 0.9
v 7.5 0.1 0.9
v 7.5 0.2 0.9
v 7.5 0.4 0.9
v 7.5 0.5 0.9
v 7.5 1.1 0.9
v 7.5 1.2 0.9
v 7.5 1.4 0.9
v 7.5 1.5 0.9
v 7.6 0.4 0.9
v 7.6 0.5 0.9
v 7.6 1.1 0.9
v 7.6 1.2 0.9
v 8.4 0.4 0.9
v 8.4 0.5 0.9
v 8.4 1.1 0.9
v 8.4 1.2 0.9
v 8.5 0.1 0.9
v 8.5 0.2 0.9
v 8.5 0.4 0.9
v 8.5 0.5 0.9
v 8.5 1.1 0.9
v 8.5 1.2 0.9
v 8.5 1.4 0.9
v 8.5 1.5 0.9
v 8.6 0.1 0.9
v 8.6 0.2 0.9
v 8.6 0.4 0.9
v 8.6 1.2 0.9
v 8.6 1.4 0.9
v 8.6 1.5 0.9
v 9 0.1 0.9
v 9 0.2 0.9
v 9 0.4 0.9
v 9 1.2 0.9
v 9 1.4 0.9
v 9 1.5 0.9
v 9.1 0.1 0.9
v 9.1 0.2 0.9
v 9.1 0.4 0.9
v 9.1 0.5 0.9
v 9.1 1.1 0.9
v 9.1 1.2 0.9
v 9.1 1.4 0.9
v 9.1 1.5 0.9
v 9.2 0.4 0.9
v 9.2 0.5 0.9
v 9.2 1.1 0.9
v 9.2 1.2 0.9
v 7.1 0.4 0.8
v 7.1 0.5 0.8
v 7.1 1.1 0.8
v 7.1 1.2 0.8
v 7.5 0.4 0.8
v 7.5 0.5 0.8
v 7.5 1.1 0.8
v 7.5 1.2 0.8
v 8.5 0.4 0.8
v 8.5 0.5 0.8
v 8.5 1.1 0.8
v 8.5 1.2 0.8
v 8.6 0.1 0.8
v 8.6 0.2 0.8
v 8.6 0.4 0.8
v 8.6 0.5 0.8
v 8.6 1.1 0.8
v 8.6 1.2 0.8
v 8.6 1.4 0.8
v 8.6 1.5 0.8
v 8.9 0.1 0.8
v 9 0.1 0.8
v 9 0.2 0.8
v 9 0.4 0.8
v 9 0.5 0.8
v 9 1.1 0.8
v 9 1.2 0.8
v 9 1.4 0.8
v 9 1.5 0.8
v 9.1 0.4 0.8
v 9.1 0.5 0.8
v 9.1 1.1 0.8
v 9.1 1.2 0.8
v -6.8 0.1 0.7
v -6.8 0.5 0.7
v -6.7 0.1 0.7
v -6.7 0.5 0.7
v -6.3 0.1 0.7
v -6.3 0.5 0.7
v -6.2 0.1 0.7
v -6.2 0.5 0.7
v 8.6 0.4 0.7
v 8.6 0.5 0.7
v 8.6 1.1 0.7
v 8.6 1.2 0.7
v 9 0.4 0.7
v 9 0.5 0.7
v 9 1.1 0.7
v 9 1.2 0.7
v 7.9 0.5 0.5
v 7.9 0.6 0.5
v 8 0.4 0.5
v 8 0.5 0.5
v 8 0.6 0.5
v 8 1.1 0.5
v 8 1.2 0.5
v 8.2 0.4 0.5
v 8.2 0.5 0.5
v 8.2 0.6 0.5
v 8.2 1.1 0.5
v 8.2 1.2 0.5
v 8.3 0.5 0.5
v 8.3 0.6 0.5
v 7.8 0.5 0.4
v 7.8 0.6 0.4
v 7.9 0.1 0.4
v 7.9 0.2 0.4
v 7.9 0.4 0.4
v 7.9 0.5 0.4
v 7.9 0.6 0.4
v 7.9 1.1 0.4
v 7.9 1.2 0.4
v 8 0.1 0.4
v 8 0.4 0.4
v 8 0.5 0.4
v 8 0.6 0.4
v 8 1.1 0.4
v 8 1.2 0.4
v 8 1.4 0.4
v 8.2 0.4 0.4
v 8.2 0.5 0.4
v 8.2 0.6 0.4
v 8.2 1.1 0.4
v 8.2 1.2 0.4
v 8.2 1.4 0.4
v 8.3 0.1 0.4
v 8.3 0.2 0.4
v 8.3 0.4 0.4
v 8.3 0.5 0.4
v 8.3 0.6 0.4
v 8.3 1.1 0.4
v 8.3 1.2 0.4
v 8.4 0.5 0.4
v 8.4 0.6 0.4
v 7.7 0.5 0.3
v 7.7 0.6 0.3
v 7.8 0.1 0.3
v 7.8 0.2 0.3
v 7.8 0.4 0.3
v 7.8 0.5 0.3
v 7.8 0.6 0.3
v 7.8 1.1 0.3
v 7.8 1.2 0.3
v 7.9 0.1 0.3
v 7.9 0.2 0.3
v 7.9 0.4 0.3
v 7.9 0.5 0.3
v 7.9 0.6 0.3
v 7.9 1.1 0.3
v 7.9 1.2 0.3
v 7.9 1.4 0.3
v 8 1.2 0.3
v 8 1.4 0.3
v 8.2 1.2 0.3
v 8.2 1.4 0.3
v 8.3 0.1 0.3
v 8.3 0.2 0.3
v 8.3 0.4 0.3
v 8.3 0.5 0.3
v 8.3 0.6 0.3
v 8.3 1.1 0.3
v 8.3 1.2 0.3
v 8.3 1.4 0.3
v 8.4 0.1 0.3
v 8.4 0.2 0.3
v 8.4 0.4 0.3
v 8.4 0.5 0.3
v 8.4 0.6 0.3
v 8.4 1.1 0.3
v 8.4 1.2 0.3
v 8.5 0.5 0.3
v 8.5 0.6 0.3
v -6.8 0.1 0.2
v -6.8 0.5 0.2
v -6.8 0.6 0.2
v -6.7 0.1 0.2
v -6.7 0.5 0.2
v -6.3 0.1 0.2
v -6.3 0.5 0.2
v -6.2 0.1 0.2
v -6.2 0.5 0.2
v -6.2 0.6 0.2
v 7.6 0.5 0.2
v 7.6 0.6 0.2
v 7.7 0.1 0.2
v 7.7 0.2 0.2
v 7.7 0.4 0.2
v 7.7 0.5 0.2
v 7.7 0.6 0.2
v 7.7 1.1 0.2
v 7.7 1.2 0.2
v 7.8 0.1 0.2
v 7.8 0.2 0.2
v 7.8 0.4 0.2
v 7.8 0.5 0.2
v 7.8 0.6 0.2
v 7.8 1.1 0.2
v 7.8 1.2 0.2
v 7.8 1.4 0.2
v 7.9 1.2 0.2
v 7.9 1.4 0.2
v 8.3 1.2 0.2
v 8.3 1.4 0.2
v 8.4 0.1 0.2
v 8.4 0.2 0.2
v 8.4 0.4 0.2
v 8.4 0.5 0.2
v 8.4 0.6 0.2
v 8.4 1.1 0.2
v 8.4 1.2 0.2
v 8.4 1.4 0.2
v 8.5 0.1 0.2
v 8.5 0.2 0.2
v 8.5 0.4 0.2
v 8.5 0.5 0.2
v 8.5 0.6 0.2
v 8.5 1.1 0.2
v 8.5 1.2 0.2
v 8.6 0.5 0.2
v 8.6 0.6 0.2
v 7.6 0.6 0.0999999
v 7.6 1.1 0.0999999
v 7.6 1.2 0.0999999
v 7.7 0.6 0.0999999
v 7.7 1.1 0.0999999
v 7.7 1.2 0.0999999
v 7.7 1.4 0.0999999
v 7.8 1.2 0.0999999
v 7.8 1.4 0.0999999
v 8.4 1.2 0.0999999
v 8.4 1.4 0.0999999
v 8.5 0.4 0.0999999
v 8.5 0.5 0.0999999
v 8.5 0.6 0.0999999
v 8.5 1.1 0.0999999
v 8.5 1.2 0.0999999
v 8.5 1.4 0.0999999
v 8.6 0.4 0.0999999
v 8.6 0.5 0.0999999
v 8.6 0.6 0.0999999
v 8.6 1.1 0.0999999
v 8.6 1.2 0.0999999
v 7.5 0.4 -0.2
v 7.5 0.5 -0.2
v 7.5 1.1 -0.2
v 7.5 1.2 -0.2
v 7.6 0.1 -0.2
v 7.6 0.2 -0.2
v 7.6 0.4 -0.2
v 7.6 0.5 -0.2
v 7.6 1.1 -0.2
v 7.6 1.2 -0.2
v 7.6 1.4 -0.2
v 7.6 1.5 -0.2
v 7.7 0.1 -0.2
v 7.7 0.2 -0.2
v 7.7 0.4 -0.2
v 7.7 1.2 -0.2
v 7.7 1.4 -0.2
v 7.7 1.5 -0.2
v 8.5 0.1 -0.2
v 8.5 0.2 -0.2
v 8.5 0.4 -0.2
v 8.5 1.2 -0.2
v 8.5 1.4 -0.2
v 8.5 1.5 -0.2
v 8.6 0.1 -0.2
v 8.6 0.2 -0.2
v 8.6 0.4 -0.2
v 8.6 0.5 -0.2
v 8.6 1.1 -0.2
v 8.6 1.2 -0.2
v 8.6 1.4 -0.2
v 8.6 1.5 -0.2
v 8.7 0.4 -0.2
v 8.7 0.5 -0.2
v 8.7 1.1 -0.2
v 8.7 1.2 -0.2
v 7.6 0.4 -0.3
v 7.6 0.5 -0.3
v 7.6 1.1 -0.3
v 7.6 1.2 -0.3
v 7.7 0.1 -0.3
v 7.7 0.2 -0.3
v 7.7 0.4 -0.3
v 7.7 0.5 -0.3
v 7.7 1.1 -0.3
v 7.7 1.2 -0.3
v 7.7 1.4 -0.3
v 7.7 1.5 -0.3
v 7.8 0.1 -0.3
v 7.8 0.2 -0.3
v 7.8 0.4 -0.3
v 7.8 1.2 -0.3
v 7.8 1.4 -0.3
v 7.8 1.5 -0.3
v 8.4 0.1 -0.3
v 8.4 0.2 -0.3
v 8.4 0.4 -0.3
v 8.4 1.2 -0.3
v 8.4 1.4 -0.3
v 8.4 1.5 -0.3
v 8.5 0.1 -0.3
v 8.5 0.2 -0.3
v 8.5 0.4 -0.3
v 8.5 0.5 -0.3
v 8.5 1.1 -0.3
v 8.5 1.2 -0.3
v 8.5 1.4 -0.3
v 8.5 1.5 -0.3
v 8.6 0.4 -0.3
v 8.6 0.5 -0.3
v 8.6 1.1 -0.3
v 8.6 1.2 -0.3
v 7.7 0.4 -0.4
v 7.7 0.5 -0.4
v 7.7 1.1 -0.4
v 7.7 1.2 -0.4
v 7.8 0.1 -0.4
v 7.8 0.2 -0.4
v 7.8 0.4 -0.4
v 7.8 0.5 -0.4
v 7.8 1.1 -0.4
v 7.8 1.2 -0.4
v 7.8 1.4 -0.4
v 7.8 1.5 -0.4
v 7.9 0.1 -0.4
v 7.9 0.2 -0.4
v 7.9 0.4 -0.4
v 7.9 1.2 -0.4
v 7.9 1.4 -0.4
v 7.9 1.5 -0.4
v 8.3 0.1 -0.4
v 8.3 0.2 -0.4
v 8.3 0.4 -0.4
v 8.3 1.2 -0.4
v 8.3 1.4 -0.4
v 8.3 1.5 -0.4
v 8.4 0.1 -0.4
v 8.4 0.2 -0.4
v 8.4 0.4 -0.4
v 8.4 0.5 -0.4
v 8.4 1.1 -0.4
v 8.4 1.2 -0.4
v 8.4 1.4 -0.4
v 8.4 1.5 -0.4
v 8.5 0.4 -0.4
v 8.5 0.5 -0.4
v 8.5 1.1 -0.4
v 8.5 1.2 -0.4
v 7.8 0.4 -0.5
v 7.8 0.5 -0.5
v 7.8 1.1 -0.5
v 7.8 1.2 -0.5
v 7.9 0.1 -0.5
v 7.9 0.2 -0.5
v 7.9 0.4 -0.5
v 7.9 0.5 -0.5
v 7.9 1.1 -0.5
v 7.9 1.2 -0.5
v 7.9 1.4 -0.5
v 7.9 1.5 -0.5
v 8 0.1 -0.5
v 8.3 0.1 -0.5
v 8.3 0.2 -0.5
v 8.3 0.4 -0.5
v 8.3 0.5 -0.5
v 8.3 1.1 -0.5
v 8.3 1.2 -0.5
v 8.3 1.4 -0.5
v 8.3 1.5 -0.5
v 8.4 0.4 -0.5
v 8.4 0.5 -0.5
v 8.4 1.1 -0.5
v 8.4 1.2 -0.5
v -9 0.1 -0.6
v -9 0.9 -0.6
v -8.8 0.1 -0.6
v -8.8 0.8 -0.6
v -7.1 0.1 -0.6
v -7.1 0.8 -0.6
v -7 0.1 -0.6
v -6.9 0.1 -0.6
v -6.9 0.9 -0.6
v 7.9 0.4 -0.6
v 7.9 0.5 -0.6
v 7.9 1.1 -0.6
v 7.9 1.2 -0.6
v 8.3 0.4 -0.6
v 8.3 0.5 -0.6
v 8.3 1.1 -0.6
v 8.3 1.2 -0.6
v -5.3 0.1 -0.8
v -5.3 0.3 -0.8
v -5.3 0.4 -0.8
v -5.3 0.5 -0.8
v -5.3 0.6 -0.8
v -5.3 0.9 -0.8
v -5.3 1.5 -0.8
v -5.3 1.6 -0.8
v -5.3 3.8 -0.8
v -5.3 3.9 -0.8
v -5.3 4.7 -0.8
v -5.3 9 -0.8
v -5.2 0.1 -0.8
v -5.2 0.3 -0.8
v -5.2 0.4 -0.8
v -5.2 0.5 -0.8
v -5.2 0.6 -0.8
v -5.2 0.9 -0.8
v -5.2 1.5 -0.8
v -5.2 1.6 -0.8
v -5.2 3.8 -0.8
v -5.2 3.9 -0.8
v -5.2 4.7 -0.8
v -5.2 9 -0.8
v -4.5 0.1 -0.8
v -4.5 0.3 -0.8
v -4.5 0.4 -0.8
v -4.5 0.5 -0.8
v -4.5 0.6 -0.8
v -4.5 0.9 -0.8
v -4.5 1.5 -0.8
v -4.5 1.6 -0.8
v -4.5 3.8 -0.8
v -4.5 3.9 -0.8
v -4.5 4.7 -0.8
v -4.5 9 -0.8
v -4.4 0.1 -0.8
v -4.4 0.3 -0.8
v -4.4 0.4 -0.8
v -4.4 0.5 -0.8
v -4.4 0.6 -0.8
v -4.4 0.9 -0.8
v -4.4 1.5 -0.8
v -4.4 1.6 -0.8
v -4.4 3.8 -0.8
v -4.4 3.9 -0.8
v -4.4 4.7 -0.8
v -4.4 9 -0.8
v -5.6 4.3 -0.9
v -5.6 4.5 -0.9
v -5.5 1 -0.9
v -5.5 1.1 -0.9
v -5.5 1.3 -0.9
v -5.5 1.4 -0.9
v -5.5 4.2 -0.9
v -5.5 4.3 -0.9
v -5.5 4.5 -0.9
v -5.5 4.6 -0.9
v -5.4 0.9 -0.9
v -5.4 1 -0.9
v -5.4 1.1 -0.9
v -5.4 1.3 -0.9
v -5.4 1.4 -0.9
v -5.4 1.5 -0.9
v -5.4 3.9 -0.9
v -5.4 4 -0.9
v -5.4 4.1 -0.9
v -5.4 4.2 -0.9
v -5.4 4.3 -0.9
v -5.4 4.5 -0.9
v -5.4 4.6 -0.9
v -5.4 4.7 -0.9
v -5.3 0.9 -0.9
v -5.3 1 -0.9
v -5.3 1.4 -0.9
v -5.3 1.5 -0.9
v -5.3 3.9 -0.9
v -5.3 4 -0.9
v -5.3 4.1 -0.9
v -5.3 4.2 -0.9
v -5.3 4.6 -0.9
v -5.3 4.7 -0.9
v -5.2 4.7 -0.9
v -5.2 9 -0.9
v -5.1 4.7 -0.9
v -5.1 9 -0.9
v -4.6 4.7 -0.9
v -4.6 9 -0.9
v -4.5 4.7 -0.9
v -4.5 9 -0.9
v -4.4 0.9 -0.9
v -4.4 1 -0.9
v -4.4 1.4 -0.9
v -4.4 1.5 -0.9
v -4.4 3.9 -0.9
v -4.4 4 -0.9
v -4.4 4.1 -0.9
v -4.4 4.2 -0.9
v -4.4 4.6 -0.9
v -4.4 4.7 -0.9
v -4.3 0.9 -0.9
v -4.3 1 -0.9
v -4.3 1.1 -0.9
v -4.3 1.3 -0.9
v -4.3 1.4 -0.9
v -4.3 1.5 -0.9
v -4.3 3.9 -0.9
v -4.3 4 -0.9
v -4.3 4.1 -0.9
v -4.3 4.2 -0.9
v -4.3 4.3 -0.9
v -4.3 4.5 -0.9
v -4.3 4.6 -0.9
v -4.3 4.7 -0.9
v -4.2 1 -0.9
v -4.2 1.1 -0.9
v -4.2 1.3 -0.9
v -4.2 1.4 -0.9
v -4.2 4.2 -0.9
v -4.2 4.3 -0.9
v -4.2 4.5 -0.9
v -4.2 4.6 -0.9
v -4.1 4.3 -0.9
v -4.1 4.5 -0.9
v -5.5 4.3 -1
v -5.5 4.5 -1
v -5.4 1 -1
v -5.4 1.1 -1
v -5.4 1.3 -1
v -5.4 1.4 -1
v -5.4 4.2 -1
v -5.4 4.3 -1
v -5.4 4.5 -1
v -5.4 4.6 -1
v -5.3 0.9 -1
v -5.3 1 -1
v -5.3 1.1 -1
v -5.3 1.3 -1
v -5.3 1.4 -1
v -5.3 1.5 -1
v -5.3 3.9 -1
v -5.3 4 -1
v -5.3 4.1 -1
v -5.3 4.2 -1
v -5.3 4.3 -1
v -5.3 4.5 -1
v -5.3 4.6 -1
v -5.3 4.7 -1
v -5.2 0.1 -1
v -5.2 0.3 -1
v -5.2 0.4 -1
v -5.2 0.5 -1
v -5.2 0.6 -1
v -5.2 0.9 -1
v -5.2 1 -1
v -5.2 1.4 -1
v -5.2 1.5 -1
v -5.2 3.9 -1
v -5.2 4 -1
v -5.2 4.1 -1
v -5.2 4.2 -1
v -5.2 4.6 -1
v -5.2 4.7 -1
v -5.1 0.1 -1
v -5.1 1.6 -1
v -5.1 3.8 -1
v -5.1 4.7 -1
v -5.1 9 -1
v -5 0.1 -1
v -5 0.3 -1
v -5 0.4 -1
v -5 0.5 -1
v -5 0.6 -1
v -5 0.9 -1
v -5 1.5 -1
v -5 1.6 -1
v -5 3.8 -1
v -5 3.9 -1
v -5 4.7 -1
v -5 9 -1
v -4.7 0.1 -1
v -4.7 0.3 -1
v -4.7 0.4 -1
v -4.7 0.5 -1
v -4.7 0.6 -1
v -4.7 0.9 -1
v -4.7 1.5 -1
v -4.7 1.6 -1
v -4.7 3.8 -1
v -4.7 3.9 -1
v -4.7 4.7 -1
v -4.7 9 -1
v -4.6 1.6 -1
v -4.6 3.8 -1
v -4.6 4.7 -1
v -4.6 9 -1
v -4.5 0.1 -1
v -4.5 0.3 -1
v -4.5 0.4 -1
v -4.5 0.5 -1
v -4.5 0.6 -1
v -4.5 0.9 -1
v -4.5 1 -1
v -4.5 1.4 -1
v -4.5 1.5 -1
v -4.5 3.9 -1
v -4.5 4 -1
v -4.5 4.1 -1
v -4.5 4.2 -1
v -4.5 4.6 -1
v -4.5 4.7 -1
v -4.4 0.9 -1
v -4.4 1 -1
v -4.4 1.1 -1
v -4.4 1.3 -1
v -4.4 1.4 -1
v -4.4 1.5 -1
v -4.4 3.9 -1
v -4.4 4 -1
v -4.4 4.1 -1
v -4.4 4.2 -1
v -4.4 4.3 -1
v -4.4 4.5 -1
v -4.4 4.6 -1
v -4.4 4.7 -1
v -4.3 1 -1
v -4.3 1.1 -1
v -4.3 1.3 -1
v -4.3 1.4 -1
v -4.3 4.2 -1
v -4.3 4.3 -1
v -4.3 4.5 -1
v -4.3 4.6 -1
v -4.2 4.3 -1
v -4.2 4.5 -1
v -5.4 4.3 -1.1
v -5.4 4.5 -1.1
v -5.3 1 -1.1
v -5.3 1.1 -1.1
v -5.3 1.3 -1.1
v -5.3 1.4 -1.1
v -5.3 4.2 -1.1
v -5.3 4.3 -1.1
v -5.3 4.5 -1.1
v -5.3 4.6 -1.1
v -5.2 0.9 -1.1
v -5.2 1 -1.1
v -5.2 1.1 -1.1
v -5.2 1.3 -1.1
v -5.2 1.4 -1.1
v -5.2 1.5 -1.1
v -5.2 3.9 -1.1
v -5.2 4 -1.1
v -5.2 4.1 -1.1
v -5.2 4.2 -1.1
v -5.2 4.3 -1.1
v -5.2 4.5 -1.1
v -5.2 4.6 -1.1
v -5.2 4.7 -1.1
v -5.1 0.9 -1.1
v -5.1 1 -1.1
v -5.1 1.4 -1.1
v -5.1 1.5 -1.1
v -5.1 3.9 -1.1
v -5.1 4 -1.1
v -5.1 4.1 -1.1
v -5.1 4.2 -1.1
v -5.1 4.6 -1.1
v -5.1 4.7 -1.1
v -5 0.1 -1.1
v -5 0.3 -1.1
v -5 0.4 -1.1
v -5 0.5 -1.1
v -5 0.6 -1.1
v -5 0.9 -1.1
v -5 1.5 -1.1
v -5 3.9 -1.1
v -5 4.7 -1.1
v -5 9 -1.1
v -4.9 1.6 -1.1
v -4.9 3.8 -1.1
v -4.8 1.6 -1.1
v -4.8 3.8 -1.1
v -4.7 0.1 -1.1
v -4.7 0.3 -1.1
v -4.7 0.4 -1.1
v -4.7 0.5 -1.1
v -4.7 0.6 -1.1
v -4.7 0.9 -1.1
v -4.7 1.5 -1.1
v -4.7 3.9 -1.1
v -4.7 4.7 -1.1
v -4.7 9 -1.1
v -4.6 0.9 -1.1
v -4.6 1 -1.1
v -4.6 1.4 -1.1
v -4.6 1.5 -1.1
v -4.6 3.9 -1.1
v -4.6 4 -1.1
v -4.6 4.1 -1.1
v -4.6 4.2 -1.1
v -4.6 4.6 -1.1
v -4.6 4.7 -1.1
v -4.5 0.9 -1.1
v -4.5 1 -1.1
v -4.5 1.1 -1.1
v -4.5 1.3 -1.1
v -4.5 1.4 -1.1
v -4.5 1.5 -1.1
v -4.5 3.9 -1.1
v -4.5 4 -1.1
v -4.5 4.1 -1.1
v -4.5 4.2 -1.1
v -4.5 4.3 -1.1
v -4.5 4.5 -1.1
v -4.5 4.6 -1.1
v -4.5 4.7 -1.1
v -4.4 1 -1.1
v -4.4 1.1 -1.1
v -4.4 1.3 -1.1
v -4.4 1.4 -1.1
v -4.4 4.2 -1.1
v -4.4 4.3 -1.1
v -4.4 4.5 -1.1
v -4.4 4.6 -1.1
v -4.3 4.3 -1.1
v -4.3 4.5 -1.1
v -5.3 4.3 -1.2
v -5.3 4.5 -1.2
v -5.2 1 -1.2
v -5.2 1.1 -1.2
v -5.2 1.3 -1.2
v -5.2 1.4 -1.2
v -5.2 4.2 -1.2
v -5.2 4.3 -1.2
v -5.2 4.5 -1.2
v -5.2 4.6 -1.2
v -5.1 0.9 -1.2
v -5.1 1 -1.2
v -5.1 1.1 -1.2
v -5.1 1.3 -1.2
v -5.1 1.4 -1.2
v -5.1 1.5 -1.2
v -5.1 3.9 -1.2
v -5.1 4 -1.2
v -5.1 4.1 -1.2
v -5.1 4.2 -1.2
v -5.1 4.3 -1.2
v -5.1 4.5 -1.2
v -5.1 4.6 -1.2
v -5.1 4.7 -1.2
v -4.6 0.9 -1.2
v -4.6 1 -1.2
v -4.6 1.1 -1.2
v -4.6 1.3 -1.2
v -4.6 1.4 -1.2
v -4.6 1.5 -1.2
v -4.6 3.9 -1.2
v -4.6 4 -1.2
v -4.6 4.1 -1.2
v -4.6 4.2 -1.2
v -4.6 4.3 -1.2
v -4.6 4.5 -1.2
v -4.6 4.6 -1.2
v -4.6 4.7 -1.2
v -4.5 1 -1.2
v -4.5 1.1 -1.2
v -4.5 1.3 -1.2
v -4.5 1.4 -1.2
v -4.5 4.2 -1.2
v -4.5 4.3 -1.2
v -4.5 4.5 -1.2
v -4.5 4.6 -1.2
v -4.4 4.3 -1.2
v -4.4 4.5 -1.2
v -5.2 4.3 -1.3
v -5.2 4.5 -1.3
v -5.1 1 -1.3
v -5.1 1.1 -1.3
v -5.1 1.3 -1.3
v -5.1 1.4 -1.3
v -5.1 4.2 -1.3
v -5.1 4.3 -1.3
v -5.1 4.5 -1.3
v -5.1 4.6 -1.3
v -4.6 1 -1.3
v -4.6 1.1 -1.3
v -4.6 1.3 -1.3
v -4.6 1.4 -1.3
v -4.6 4.2 -1.3
v -4.6 4.3 -1.3
v -4.6 4.5 -1.3
v -4.6 4.6 -1.3
v -4.5 4.3 -1.3
v -4.5 4.5 -1.3
v -5.1 4.3 -1.4
v -5.1 4.5 -1.4
v -4.6 4.3 -1.4
v -4.6 4.5 -1.4
v -1.2 5.3 -1.5
v -1.2 5.8 -1.5
v -1.1 5.3 -1.5
v -1.1 5.7 -1.5
v -1.1 5.8 -1.5
v 1.1 5.3 -1.5
v 1.1 5.7 -1.5
v 1.1 5.8 -1.5
v 1.2 5.3 -1.5
v 1.2 5.8 -1.5
v -4.2 2.4 -1.9
v -4.2 2.6 -1.9
v -4.2 2.7 -1.9
v -4.2 2.8 -1.9
v -4.1 2.1 -1.9
v -4.1 2.4 -1.9
v -4.1 2.5 -1.9
v -4.1 2.6 -1.9
v -4.1 2.8 -1.9
v -4.1 2.9 -1.9
v -4 2.2 -1.9
v -4 2.4 -1.9
v -4 2.5 -1.9
v -4 2.6 -1.9
v -4 2.8 -1.9
v -4 2.9 -1.9
v -3.9 2.4 -1.9
v -3.9 2.6 -1.9
v -3.9 2.7 -1.9
v -3.9 2.8 -1.9
v -3.8 2.1 -1.9
v -3.8 2.2 -1.9
v -2.6 2.6 -1.9
v -2.6 2.8 -1.9
v -2.5 2.4 -1.9
v -2.5 2.6 -1.9
v -2.4 2.4 -1.9
v -2.4 2.6 -1.9
v -2.3 2.6 -1.9
v -2.3 2.8 -1.9
v 2.1 2.6 -1.9
v 2.1 2.8 -1.9
v 2.2 2.4 -1.9
v 2.2 2.6 -1.9
v 2.3 2.4 -1.9
v 2.3 2.6 -1.9
v 2.4 2.6 -1.9
v 2.4 2.8 -1.9
v 3.6 2.1 -1.9
v 3.6 2.2 -1.9
v 3.6 2.4 -1.9
v 3.6 2.6 -1.9
v 3.6 2.7 -1.9
v 3.6 2.8 -1.9
v 3.7 2.2 -1.9
v 3.7 2.4 -1.9
v 3.7 2.5 -1.9
v 3.7 2.6 -1.9
v 3.7 2.8 -1.9
v 3.7 2.9 -1.9
v 3.8 2.1 -1.9
v 3.8 2.4 -1.9
v 3.8 2.5 -1.9
v 3.8 2.6 -1.9
v 3.8 2.8 -1.9
v 3.8 2.9 -1.9
v 3.9 2.4 -1.9
v 3.9 2.6 -1.9
v 3.9 2.7 -1.9
v 3.9 2.8 -1.9
v -10 6 -2.1
v -10 6.2 -2.1
v -10 6.3 -2.1
v -10 6.4 -2.1
v -10 6.5 -2.1
v -10 6.6 -2.1
v -10 6.7 -2.1
v -10 6.9 -2.1
v -10 7.1 -2.1
v -10 7.3 -2.1
v -9.9 6 -2.1
v -9.9 6.2 -2.1
v -9.9 6.3 -2.1
v -9.9 6.4 -2.1
v -9.9 6.5 -2.1
v -9.9 6.6 -2.1
v -9.9 6.7 -2.1
v -9.9 6.9 -2.1
v -9.9 7.1 -2.1
v -9.9 7.3 -2.1
v 9.9 6 -2.1
v 9.9 6.2 -2.1
v 9.9 6.3 -2.1
v 9.9 6.4 -2.1
v 9.9 6.5 -2.1
v 9.9 6.6 -2.1
v 9.9 6.7 -2.1
v 9.9 6.9 -2.1
v 9.9 7.1 -2.1
v 9.9 7.3 -2.1
v 10 6 -2.1
v 10 6.2 -2.1
v 10 6.3 -2.1
v 10 6.4 -2.1
v 10 6.5 -2.1
v 10 6.6 -2.1
v 10 6.7 -2.1
v 10 6.9 -2.1
v 10 7.1 -2.1
v 10 7.3 -2.1
v -9.9 6 -2.2
v -9.9 6.2 -2.2
v -9.9 6.3 -2.2
v -9.9 6.4 -2.2
v -9.9 6.5 -2.2
v -9.9 6.6 -2.2
v -9.9 6.7 -2.2
v -9.9 6.9 -2.2
v -9.9 7.1 -2.2
v -9.9 7.3 -2.2
v -9.7 6.3 -2.2
v -9.7 6.4 -2.2
v -9.7 6.5 -2.2
v -9.7 6.6 -2.2
v -9.6 6.3 -2.2
v -9.6 6.4 -2.2
v -9.6 6.5 -2.2
v -9.6 6.6 -2.2
v -9.4 6.3 -2.2
v -9.4 6.4 -2.2
v -9.4 6.5 -2.2
v -9.4 6.6 -2.2
v -9.1 6.3 -2.2
v -9.1 6.4 -2.2
v -9.1 6.5 -2.2
v -9.1 6.6 -2.2
v -8.9 6.3 -2.2
v -8.9 6.4 -2.2
v -8.9 6.5 -2.2
v -8.9 6.6 -2.2
v -8.8 6.3 -2.2
v -8.8 6.4 -2.2
v -8.8 6.5 -2.2
v -8.8 6.6 -2.2
v -8.6 6.3 -2.2
v -8.6 6.4 -2.2
v -8.6 6.5 -2.2
v -8.6 6.6 -2.2
v -8.3 6.3 -2.2
v -8.3 6.4 -2.2
v -8.3 6.5 -2.2
v -8.3 6.6 -2.2
v -8.1 6.3 -2.2
v -8.1 6.4 -2.2
v -8.1 6.5 -2.2
v -8.1 6.6 -2.2
v -8 6.3 -2.2
v -8 6.4 -2.2
v -8 6.5 -2.2
v -8 6.6 -2.2
v -7.8 6.3 -2.2
v -7.8 6.4 -2.2
v -7.8 6.5 -2.2
v -7.8 6.6 -2.2
v -7.5 6.3 -2.2
v -7.5 6.4 -2.2
v -7.5 6.5 -2.2
v -7.5 6.6 -2.2
v -7.3 6.3 -2.2
v -7.3 6.4 -2.2
v -7.3 6.5 -2.2
v -7.3 6.6 -2.2
v -7.2 6.3 -2.2
v -7.2 6.4 -2.2
v -7.2 6.5 -2.2
v -7.2 6.6 -2.2
v -7 6.3 -2.2
v -7 6.4 -2.2
v -7 6.5 -2.2
v -7 6.6 -2.2
v -6.7 6.3 -2.2
v -6.7 6.4 -2.2
v -6.7 6.5 -2.2
v -6.7 6.6 -2.2
v -6.5 6.3 -2.2
v -6.5 6.4 -2.2
v -6.5 6.5 -2.2
v -6.5 6.6 -2.2
v -6.4 6.3 -2.2
v -6.4 6.4 -2.2
v -6.4 6.5 -2.2
v -6.4 6.6 -2.2
v -6.2 6.3 -2.2
v -6.2 6.4 -2.2
v -6.2 6.5 -2.2
v -6.2 6.6 -2.2
v -5.9 6.3 -2.2
v -5.9 6.4 -2.2
v -5.9 6.5 -2.2
v -5.9 6.6 -2.2
v -5.7 6.3 -2.2
v -5.7 6.4 -2.2
v -5.7 6.5 -2.2
v -5.7 6.6 -2.2
v -5.6 6.3 -2.2
v -5.6 6.4 -2.2
v -5.6 6.5 -2.2
v -5.6 6.6 -2.2
v -5.4 6.3 -2.2
v -5.4 6.4 -2.2
v -5.4 6.5 -2.2
v -5.4 6.6 -2.2
v -5.1 6.3 -2.2
v -5.1 6.4 -2.2
v -5.1 6.5 -2.2
v -5.1 6.6 -2.2
v -4.9 6.3 -2.2
v -4.9 6.4 -2.2
v -4.9 6.5 -2.2
v -4.9 6.6 -2.2
v -4.8 6.3 -2.2
v -4.8 6.4 -2.2
v -4.8 6.5 -2.2
v -4.8 6.6 -2.2
v -4.6 6.3 -2.2
v -4.6 6.4 -2.2
v -4.6 6.5 -2.2
v -4.6 6.6 -2.2
v -4.3 6.3 -2.2
v -4.3 6.4 -2.2
v -4.3 6.5 -2.2
v -4.3 6.6 -2.2
v -4.1 6.3 -2.2
v -4.1 6.4 -2.2
v -4.1 6.5 -2.2
v -4.1 6.6 -2.2
v -4 6.3 -2.2
v -4 6.4 -2.2
v -4 6.5 -2.2
v -4 6.6 -2.2
v -3.8 6.3 -2.2
v -3.8 6.4 -2.2
v -3.8 6.5 -2.2
v -3.8 6.6 -2.2
v -3.5 6.3 -2.2
v -3.5 6.4 -2.2
v -3.5 6.5 -2.2
v -3.5 6.6 -2.2
v -3.3 6.3 -2.2
v -3.3 6.4 -2.2
v -3.3 6.5 -2.2
v -3.3 6.6 -2.2
v -3.2 6.3 -2.2
v -3.2 6.4 -2.2
v -3.2 6.5 -2.2
v -3.2 6.6 -2.2
v -3 6.3 -2.2
v -3 6.4 -2.2
v -3 6.5 -2.2
v -3 6.6 -2.2
v -2.7 6.3 -2.2
v -2.7 6.4 -2.2
v -2.7 6.5 -2.2
v -2.7 6.6 -2.2
v -2.5 6.3 -2.2
v -2.5 6.4 -2.2
v -2.5 6.5 -2.2
v -2.5 6.6 -2.2
v -2.4 6.3 -2.2
v -2.4 6.4 -2.2
v -2.4 6.5 -2.2
v -2.4 6.6 -2.2
v -2.2 6.3 -2.2
v -2.2 6.4 -2.2
v -2.2 6.5 -2.2
v -2.2 6.6 -2.2
v -1.9 6.3 -2.2
v -1.9 6.4 -2.2
v -1.9 6.5 -2.2
v -1.9 6.6 -2.2
v -1.7 6.3 -2.2
v -1.7 6.4 -2.2
v -1.7 6.5 -2.2
v -1.7 6.6 -2.2
v -1.6 6.3 -2.2
v -1.6 6.4 -2.2
v -1.6 6.5 -2.2
v -1.6 6.6 -2.2
v -1.4 6.3 -2.2
v -1.4 6.4 -2.2
v -1.4 6.5 -2.2
v -1.4 6.6 -2.2
v -0.3 6.3 -2.2
v -0.3 6.4 -2.2
v -0.3 6.5 -2.2
v -0.3 6.6 -2.2
v -0.1 6.3 -2.2
v -0.1 6.4 -2.2
v -0.1 6.5 -2.2
v -0.1 6.6 -2.2
v 0 6.3 -2.2
v 0 6.4 -2.2
v 0 6.5 -2.2
v 0 6.6 -2.2
v 0.2 6.3 -2.2
v 0.2 6.4 -2.2
v 0.2 6.5 -2.2
v 0.2 6.6 -2.2
v 0.5 6.3 -2.2
v 0.5 6.4 -2.2
v 0.5 6.5 -2.2
v 0.5 6.6 -2.2
v 0.7 6.3 -2.2
v 0.7 6.4 -2.2
v 0.7 6.5 -2.2
v 0.7 6.6 -2.2
v 0.8 6.3 -2.2
v 0.8 6.4 -2.2
v 0.8 6.5 -2.2
v 0.8 6.6 -2.2
v 1 6.3 -2.2
v 1 6.4 -2.2
v 1 6.5 -2.2
v 1 6.6 -2.2
v 1.3 6.3 -2.2
v 1.3 6.4 -2.2
v 1.3 6.5 -2.2
v 1.3 6.6 -2.2
v 1.5 6.3 -2.2
v 1.5 6.4 -2.2
v 1.5 6.5 -2.2
v 1.5 6.6 -2.2
v 1.6 6.3 -2.2
v 1.6 6.4 -2.2
v 1.6 6.5 -2.2
v 1.6 6.6 -2.2
v 1.8 6.3 -2.2
v 1.8 6.4 -2.2
v 1.8 6.5 -2.2
v 1.8 6.6 -2.2
v 2.1 6.3 -2.2
v 2.1 6.4 -2.2
v 2.1 6.5 -2.2
v 2.1 6.6 -2.2
v 2.3 6.3 -2.2
v 2.3 6.4 -2.2
v 2.3 6.5 -2.2
v 2.3 6.6 -2.2
v 2.4 6.3 -2.2
v 2.4 6.4 -2.2
v 2.4 6.5 -2.2
v 2.4 6.6 -2.2
v 2.6 6.3 -2.2
v 2.6 6.4 -2.2
v 2.6 6.5 -2.2
v 2.6 6.6 -2.2
v 2.9 6.3 -2.2
v 2.9 6.4 -2.2
v 2.9 6.5 -2.2
v 2.9 6.6 -2.2
v 3.1 6.3 -2.2
v 3.1 6.4 -2.2
v 3.1 6.5 -2.2
v 3.1 6.6 -2.2
v 3.2 6.3 -2.2
v 3.2 6.4 -2.2
v 3.2 6.5 -2.2
v 3.2 6.6 -2.2
v 3.4 6.3 -2.2
v 3.4 6.4 -2.2
v 3.4 6.5 -2.2
v 3.4 6.6 -2.2
v 3.7 6.3 -2.2
v 3.7 6.4 -2.2
v 3.7 6.5 -2.2
v 3.7 6.6 -2.2
v 3.9 6.3 -2.2
v 3.9 6.4 -2.2
v 3.9 6.5 -2.2
v 3.9 6.6 -2.2
v 4 6.3 -2.2
v 4 6.4 -2.2
v 4 6.5 -2.2
v 4 6.6 -2.2
v 4.2 6.3 -2.2
v 4.2 6.4 -2.2
v 4.2 6.5 -2.2
v 4.2 6.6 -2.2
v 4.5 6.3 -2.2
v 4.5 6.4 -2.2
v 4.5 6.5 -2.2
v 4.5 6.6 -2.2
v 4.7 6.3 -2.2
v 4.7 6.4 -2.2
v 4.7 6.5 -2.2
v 4.7 6.6 -2.2
v 4.8 6.3 -2.2
v 4.8 6.4 -2.2
v 4.8 6.5 -2.2
v 4.8 6.6 -2.2
v 5 6.3 -2.2
v 5 6.4 -2.2
v 5 6.5 -2.2
v 5 6.6 -2.2
v 5.3 6.3 -2.2
v 5.3 6.4 -2.2
v 5.3 6.5 -2.2
v 5.3 6.6 -2.2
v 5.5 6.3 -2.2
v 5.5 6.4 -2.2
v 5.5 6.5 -2.2
v 5.5 6.6 -2.2
v 5.6 6.3 -2.2
v 5.6 6.4 -2.2
v 5.6 6.5 -2.2
v 5.6 6.6 -2.2
v 5.8 6.3 -2.2
v 5.8 6.4 -2.2
v 5.8 6.5 -2.2
v 5.8 6.6 -2.2
v 6.1 6.3 -2.2
v 6.1 6.4 -2.2
v 6.1 6.5 -2.2
v 6.1 6.6 -2.2
v 6.3 6.3 -2.2
v 6.3 6.4 -2.2
v 6.3 6.5 -2.2
v 6.3 6.6 -2.2
v 6.4 6.3 -2.2
v 6.4 6.4 -2.2
v 6.4 6.5 -2.2
v 6.4 6.6 -2.2
v 6.6 6.3 -2.2
v 6.6 6.4 -2.2
v 6.6 6.5 -2.2
v 6.6 6.6 -2.2
v 6.9 6.3 -2.2
v 6.9 6.4 -2.2
v 6.9 6.5 -2.2
v 6.9 6.6 -2.2
v 7.1 6.3 -2.2
v 7.1 6.4 -2.2
v 7.1 6.5 -2.2
v 7.1 6.6 -2.2
v 7.2 6.3 -2.2
v 7.2 6.4 -2.2
v 7.2 6.5 -2.2
v 7.2 6.6 -2.2
v 7.4 6.3 -2.2
v 7.4 6.4 -2.2
v 7.4 6.5 -2.2
v 7.4 6.6 -2.2
v 7.7 6.3 -2.2
v 7.7 6.4 -2.2
v 7.7 6.5 -2.2
v 7.7 6.6 -2.2
v 7.9 6.3 -2.2
v 7.9 6.4 -2.2
v 7.9 6.5 -2.2
v 7.9 6.6 -2.2
v 8 6.3 -2.2
v 8 6.4 -2.2
v 8 6.5 -2.2
v 8 6.6 -2.2
v 8.2 6.3 -2.2
v 8.2 6.4 -2.2
v 8.2 6.5 -2.2
v 8.2 6.6 -2.2
v 8.5 6.3 -2.2
v 8.5 6.4 -2.2
v 8.5 6.5 -2.2
v 8.5 6.6 -2.2
v 8.7 6.3 -2.2
v 8.7 6.4 -2.2
v 8.7 6.5 -2.2
v 8.7 6.6 -2.2
v 8.8 6.3 -2.2
v 8.8 6.4 -2.2
v 8.8 6.5 -2.2
v 8.8 6.6 -2.2
v 9 6.3 -2.2
v 9 6.4 -2.2
v 9 6.5 -2.2
v 9 6.6 -2.2
v 9.3 6.3 -2.2
v 9.3 6.4 -2.2
v 9.3 6.5 -2.2
v 9.3 6.6 -2.2
v 9.5 6.3 -2.2
v 9.5 6.4 -2.2
v 9.5 6.5 -2.2
v 9.5 6.6 -2.2
v 9.6 6.3 -2.2
v 9.6 6.4 -2.2
v 9.6 6.5 -2.2
v 9.6 6.6 -2.2
v 9.8 6.3 -2.2
v 9.8 6.4 -2.2
v 9.8 6.5 -2.2
v 9.8 6.6 -2.2
v 9.9 6 -2.2
v 9.9 6.2 -2.2
v 9.9 6.3 -2.2
v 9.9 6.6 -2.2
v 9.9 6.7 -2.2
v 9.9 6.9 -2.2
v 9.9 7.1 -2.2
v 9.9 7.3 -2.2
v -10 0.1 -3
v -10 6 -3
v -9.1 0.1 -3
v -9 0.1 -3
v -8.1 0.1 -3
v -8 0.1 -3
v -7.1 0.1 -3
v -7 0.1 -3
v -6.1 0.1 -3
v -6 0.1 -3
v -5.1 0.1 -3
v -5 0.1 -3
v -4.1 0.1 -3
v -4 0.1 -3
v -3.1 0.1 -3
v -3 0.1 -3
v -2.1 0.1 -3
v -2 0.1 -3
v -1.3 0.1 -3
v -1.1 0.1 -3
v 1.1 0.1 -3
v 1.3 0.1 -3
v 1.9 0.1 -3
v 2 0.1 -3
v 2.9 0.1 -3
v 3 0.1 -3
v 3.9 0.1 -3
v 4 0.1 -3
v 4.9 0.1 -3
v 5 0.1 -3
v 5.9 0.1 -3
v 6 0.1 -3
v 6.9 0.1 -3
v 7 0.1 -3
v 7.9 0.1 -3
v 8 0.1 -3
v 8.9 0.1 -3
v 9 0.1 -3
v 9.9 0.1 -3
v 10 0.1 -3
v 10 6 -3
v -10 0 -6.4
v -10 0.1 -6.4
v -9.1 0 -6.4
v -9.1 0.1 -6.4
v -9 0 -6.4
v -9 0.1 -6.4
v -8.1 0 -6.4
v -8.1 0.1 -6.4
v -8 0 -6.4
v -8 0.1 -6.4
v -7.1 0 -6.4
v -7.1 0.1 -6.4
v -7 0 -6.4
v -7 0.1 -6.4
v -6.1 0 -6.4
v -6.1 0.1 -6.4
v -6 0 -6.4
v -6 0.1 -6.4
v -5.1 0 -6.4
v -5.1 0.1 -6.4
v -5 0 -6.4
v -5 0.1 -6.4
v -4.1 0 -6.4
v -4.1 0.1 -6.4
v -4 0 -6.4
v -4 0.1 -6.4
v -3.1 0 -6.4
v -3.1 0.1 -6.4
v -3 0 -6.4
v -3 0.1 -6.4
v -2.1 0 -6.4
v -2.1 0.1 -6.4
v -2 0 -6.4
v -2 0.1 -6.4
v -1.3 0 -6.4
v -1.3 0.1 -6.4
v -1.1 0 -6.4
v -1.1 0.1 -6.4
v 1.1 0 -6.4
v 1.1 0.1 -6.4
v 1.3 0 -6.4
v 1.3 0.1 -6.4
v 1.9 0 -6.4
v 1.9 0.1 -6.4
v 2 0 -6.4
v 2 0.1 -6.4
v 2.9 0 -6.4
v 2.9 0.1 -6.4
v 3 0 -6.4
v 3 0.1 -6.4
v 3.9 0 -6.4
v 3.9 0.1 -6.4
v 4 0 -6.4
v 4 0.1 -6.4
v 4.9 0 -6.4
v 4.9 0.1 -6.4
v 5 0 -6.4
v 5 0.1 -6.4
v 5.9 0 -6.4
v 5.9 0.1 -6.4
v 6 0 -6.4
v 6 0.1 -6.4
v 6.9 0 -6.4
v 6.9 0.1 -6.4
v 7 0 -6.4
v 7 0.1 -6.4
v 7.9 0 -6.4
v 7.9 0.1 -6.4
v 8 0 -6.4
v 8 0.1 -6.4
v 8.9 0 -6.4
v 8.9 0.1 -6.4
v 9 0 -6.4
v 9 0.1 -6.4
v 9.9 0 -6.4
v 9.9 0.1 -6.4
v 10 0 -6.4
v 10 0.1 -6.4
v -10 0 6.4
v -9.1 0 6.4
v -9 0 6.4
v -8.1 0 6.4
v -8 0 6.4
v -7.1 0 6.4
v -7 0 6.4
v -6.1 0 6.4
v -6 0 6.4
v -5.1 0 6.4
v -5 0 6.4
v -4.1 0 6.4
v -4 0 6.4
v -3.1 0 6.4
v -3 0 6.4
v -2.1 0 6.4
v -2 0 6.4
v -1.3 0 6.4
v -1.1 0 6.4
v 1.1 0 6.4
v 1.3 0 6.4
v 1.9 0 6.4
v 2 0 6.4
v 2.9 0 6.4
v 3 0 6.4
v 3.9 0 6.4
v 4 0 6.4
v 4.9 0 6.4
v 5 0 6.4
v 5.9 0 6.4
v 6 0 6.4
v 6.9 0 6.4
v 7 0 6.4
v 7.9 0 6.4
v 8 0 6.4
v 8.9 0 6.4
v 9 0 6.4
v 9.9 0 6.4
v 10 0 6.4
v -10 0 5.9
v -9.1 0 5.9
v -9 0 5.9
v -8.1 0 5.9
v -8 0 5.9
v -7.1 0 5.9
v -7 0 5.9
v -6.1 0 5.9
v -6 0 5.9
v -5.1 0 5.9
v -5 0 5.9
v -4.1 0 5.9
v -4 0 5.9
v -3.1 0 5.9
v -3 0 5.9
v -2.1 0 5.9
v -2 0 5.9
v -1.3 0 5.9
v 1.3 0 5.9
v 1.9 0 5.9
v 2 0 5.9
v 2.9 0 5.9
v 3 0 5.9
v 3.9 0 5.9
v 4 0 5.9
v 4.9 0 5.9
v 5 0 5.9
v 5.9 0 5.9
v 6 0 5.9
v 6.9 0 5.9
v 7 0 5.9
v 7.9 0 5.9
v 8 0 5.9
v 8.9 0 5.9
v 9 0 5.9
v 9.9 0 5.9
v -10 0 5.8
v -9.1 0 5.8
v -9 0 5.8
v -8.1 0 5.8
v -8 0 5.8
v -7.1 0 5.8
v -7 0 5.8
v -6.1 0 5.8
v -6 0 5.8
v -5.1 0 5.8
v -5 0 5.8
v -4.1 0 5.8
v -4 0 5.8
v -3.1 0 5.8
v -3 0 5.8
v -2.1 0 5.8
v -2 0 5.8
v -1.3 0 5.8
v 1.3 0 5.8
v 1.9 0 5.8
v 2 0 5.8
v 2.9 0 5.8
v 3 0 5.8
v 3.9 0 5.8
v 4 0 5.8
v 4.9 0 5.8
v 5 0 5.8
v 5.9 0 5.8
v 6 0 5.8
v 6.9 0 5.8
v 7 0 5.8
v 7.9 0 5.8
v 8 0 5.8
v 8.9 0 5.8
v 9 0 5.8
v 9.9 0 5.8
v -10 0 5.1
v -9.1 0 5.1
v -9 0 5.1
v -8.1 0 5.1
v -8 0 5.1
v -7.1 0 5.1
v -7 0 5.1
v -6.1 0 5.1
v -6 0 5.1
v -5.1 0 5.1
v -5 0 5.1
v -4.1 0 5.1
v -4 0 5.1
v -3.1 0 5.1
v -3 0 5.1
v -2.1 0 5.1
v -2 0 5.1
v -1.3 0 5.1
v 1.3 0 5.1
v 1.9 0 5.1
v 2 0 5.1
v 2.9 0 5.1
v 3 0 5.1
v 3.9 0 5.1
v 4 0 5.1
v 4.9 0 5.1
v 5 0 5.1
v 5.9 0 5.1
v 6 0 5.1
v 6.9 0 5.1
v 7 0 5.1
v 7.9 0 5.1
v 8 0 5.1
v 8.9 0 5.1
v 9 0 5.1
v 9.9 0 5.1
v -10 0 5
v -9.1 0 5
v -9 0 5
v -8.1 0 5
v -8 0 5
v -7.1 0 5
v -7 0 5
v -6.1 0 5
v -6 0 5
v -5.1 0 5
v -5 0 5
v -4.1 0 5
v -4 0 5
v -3.1 0 5
v -3 0 5
v -2.1 0 5
v -2 0 5
v -1.3 0 5
v 1.3 0 5
v 1.9 0 5
v 2 0 5
v 2.9 0 5
v 3 0 5
v 3.9 0 5
v 4 0 5
v 4.9 0 5
v 5 0 5
v 5.9 0 5
v 6 0 5
v 6.9 0 5
v 7 0 5
v 7.9 0 5
v 8 0 5
v 8.9 0 5
v 9 0 5
v 9.9 0 5
v -10 0 4.1
v -9.1 0 4.1
v -9 0 4.1
v -8.1 0 4.1
v -8 0 4.1
v -7.1 0 4.1
v -7 0 4.1
v -6.1 0 4.1
v -6 0 4.1
v -5.1 0 4.1
v -5 0 4.1
v -4.1 0 4.1
v -4 0 4.1
v -3.1 0 4.1
v -3 0 4.1
v -2.1 0 4.1
v -2 0 4.1
v -1.3 0 4.1
v 1.3 0 4.1
v 1.9 0 4.1
v 2 0 4.1
v 2.9 0 4.1
v 3 0 4.1
v 3.9 0 4.1
v 4 0 4.1
v 4.9 0 4.1
v 5 0 4.1
v 5.9 0 4.1
v 6 0 4.1
v 6.9 0 4.1
v 7 0 4.1
v 7.9 0 4.1
v 8 0 4.1
v 8.9 0 4.1
v 9 0 4.1
v 9.9 0 4.1
v -10 0 4
v -9.1 0 4
v -9 0 4
v -8.1 0 4
v -8 0 4
v -7.1 0 4
v -7 0 4
v -6.1 0 4
v -6 0 4
v -5.1 0 4
v -5 0 4
v -4.1 0 4
v -4 0 4
v -3.1 0 4
v -3 0 4
v -2.1 0 4
v -2 0 4
v -1.3 0 4
v 1.3 0 4
v 1.9 0 4
v 2 0 4
v 2.9 0 4
v 3 0 4
v 3.9 0 4
v 4 0 4
v 4.9 0 4
v 5 0 4
v 5.9 0 4
v 6 0 4
v 6.9 0 4
v 7 0 4
v 7.9 0 4
v 8 0 4
v 8.9 0 4
v 9 0 4
v 9.9 0 4
v -10 0 3.1
v -9.1 0 3.1
v -9 0 3.1
v -8.1 0 3.1
v -8 0 3.1
v -7.1 0 3.1
v -7 0 3.1
v -6.1 0 3.1
v -6 0 3.1
v -5.1 0 3.1
v -5 0 3.1
v -4.1 0 3.1
v -4 0 3.1
v -3.1 0 3.1
v -3 0 3.1
v -2.1 0 3.1
v -2 0 3.1
v -1.3 0 3.1
v 1.3 0 3.1
v 1.9 0 3.1
v 2 0 3.1
v 2.9 0 3.1
v 3 0 3.1
v 3.9 0 3.1
v 4 0 3.1
v 4.9 0 3.1
v 5 0 3.1
v 5.9 0 3.1
v 6 0 3.1
v 6.9 0 3.1
v 7 0 3.1
v 7.9 0 3.1
v 8 0 3.1
v 8.9 0 3.1
v 9 0 3.1
v 9.9 0 3.1
v -10 0 3
v -9.1 0 3
v -9 0 3
v -8.1 0 3
v -8 0 3
v -7.1 0 3
v -7 0 3
v -6.1 0 3
v -6 0 3
v -5.1 0 3
v -5 0 3
v -4.1 0 3
v -4 0 3
v -3.1 0 3
v -3 0 3
v -2.1 0 3
v -2 0 3
v -1.3 0 3
v 1.3 0 3
v 1.9 0 3
v 2 0 3
v 2.9 0 3
v 3 0 3
v 3.9 0 3
v 4 0 3
v 4.9 0 3
v 5 0 3
v 5.9 0 3
v 6 0 3
v 6.9 0 3
v 7 0 3
v 7.9 0 3
v 8 0 3
v 8.9 0 3
v 9 0 3
v 9.9 0 3
v -10 0 2.1
v -9.1 0 2.1
v -9 0 2.1
v -8.1 0 2.1
v -8 0 2.1
v -7.1 0 2.1
v -7 0 2.1
v -6.1 0 2.1
v -6 0 2.1
v -5.1 0 2.1
v -5 0 2.1
v -4.1 0 2.1
v -4 0 2.1
v -3.1 0 2.1
v -3 0 2.1
v -2.1 0 2.1
v -2 0 2.1
v -1.3 0 2.1
v 1.3 0 2.1
v 1.9 0 2.1
v 2 0 2.1
v 2.9 0 2.1
v 3 0 2.1
v 3.9 0 2.1
v 4 0 2.1
v 4.9 0 2.1
v 5 0 2.1
v 5.9 0 2.1
v 6 0 2.1
v 6.9 0 2.1
v 7 0 2.1
v 7.9 0 2.1
v 8 0 2.1
v 8.9 0 2.1
v 9 0 2.1
v 9.9 0 2.1
v -10 0 2
v -9.1 0 2
v -9 0 2
v -8.1 0 2
v -8 0 2
v -7.1 0 2
v -7 0 2
v -6.1 0 2
v -6 0 2
v -5.1 0 2
v -5 0 2
v -4.1 0 2
v -4 0 2
v -3.1 0 2
v -3 0 2
v -2.1 0 2
v -2 0 2
v -1.3 0 2
v 1.3 0 2
v 1.9 0 2
v 2 0 2
v 2.9 0 2
v 3 0 2
v 3.9 0 2
v 4 0 2
v 4.9 0 2
v 5 0 2
v 5.9 0 2
v 6 0 2
v 6.9 0 2
v 7 0 2
v 7.9 0 2
v 8 0 2
v 8.9 0 2
v 9 0 2
v 9.9 0 2
v 7.1 0 1.9
v 7.2 0 1.9
v 8.6 0 1.8
v 8.7 0 1.8
v 8.9 0 1.8
v 9 0 1.8
v 6.9 0 1.7
v 7 0 1.7
v 6.8 0 1.5
v 7.1 0 1.5
v 7.2 0 1.5
v 7.8 0 1.5
v 6.8 0 1.4
v 7.1 0 1.4
v 7.2 0 1.4
v 7.8 0 1.4
v 8.3 0 1.4
v 8.6 0 1.4
v 8.7 0 1.4
v 9.3 0 1.4
v 8.3 0 1.3
v 8.6 0 1.3
v 8.7 0 1.3
v 9.3 0 1.3
v -10 0 1.1
v -9.1 0 1.1
v -9 0 1.1
v -8.1 0 1.1
v -8 0 1.1
v -7.1 0 1.1
v -7 0 1.1
v -6.1 0 1.1
v -6 0 1.1
v -5.1 0 1.1
v -5 0 1.1
v -4.1 0 1.1
v -4 0 1.1
v -3.1 0 1.1
v -3 0 1.1
v -2.1 0 1.1
v -2 0 1.1
v -1.3 0 1.1
v 1.3 0 1.1
v 1.9 0 1.1
v 2 0 1.1
v 2.9 0 1.1
v 3 0 1.1
v 3.9 0 1.1
v 4 0 1.1
v 4.9 0 1.1
v 5 0 1.1
v 5.9 0 1.1
v 6 0 1.1
v 7 0 1.1
v 7.6 0 1.1
v 7.9 0 1.1
v 8 0 1.1
v 8.4 0 1.1
v 9.2 0 1.1
v 9.9 0 1.1
v -10 0 1
v -9.1 0 1
v -9 0 1
v -8.1 0 1
v -8 0 1
v -7.1 0 1
v -7 0 1
v -6.1 0 1
v -6 0 1
v -5.1 0 1
v -5 0 1
v -4.1 0 1
v -4 0 1
v -3.1 0 1
v -3 0 1
v -2.1 0 1
v -2 0 1
v -1.3 0 1
v 1.3 0 1
v 1.9 0 1
v 2 0 1
v 2.9 0 1
v 3 0 1
v 3.9 0 1
v 4 0 1
v 4.9 0 1
v 5 0 1
v 5.9 0 1
v 6 0 1
v 6.9 0 1
v 7.6 0 1
v 7.9 0 1
v 8 0 1
v 8.4 0 1
v 9.2 0 1
v 9.9 0 1
v 7.1 0 0.9
v 7.2 0 0.9
v 8.6 0 0.8
v 8.7 0 0.8
v 8.9 0 0.8
v 9 0 0.8
v -10 0 0.0999999
v -9.1 0 0.0999999
v -9 0 0.0999999
v -8.1 0 0.0999999
v -8 0 0.0999999
v -7.1 0 0.0999999
v -7 0 0.0999999
v -6.1 0 0.0999999
v -6 0 0.0999999
v -5.1 0 0.0999999
v -5 0 0.0999999
v -4.1 0 0.0999999
v -4 0 0.0999999
v -3.1 0 0.0999999
v -3 0 0.0999999
v -2.1 0 0.0999999
v -2 0 0.0999999
v -1.3 0 0.0999999
v 1.3 0 0.0999999
v 1.9 0 0.0999999
v 2 0 0.0999999
v 2.9 0 0.0999999
v 3 0 0.0999999
v 3.9 0 0.0999999
v 4 0 0.0999999
v 4.9 0 0.0999999
v 5 0 0.0999999
v 5.9 0 0.0999999
v 6 0 0.0999999
v 6.9 0 0.0999999
v 7 0 0.0999999
v 7.9 0 0.0999999
v 8 0 0.0999999
v 8.9 0 0.0999999
v 9 0 0.0999999
v 9.9 0 0.0999999
v -10 0 0
v -9.1 0 0
v -9 0 0
v -8.1 0 0
v -8 0 0
v -7.1 0 0
v -7 0 0
v -6.1 0 0
v -6 0 0
v -5.1 0 0
v -5 0 0
v -4.1 0 0
v -4 0 0
v -3.1 0 0
v -3 0 0
v -2.1 0 0
v -2 0 0
v -1.3 0 0
v 1.3 0 0
v 1.9 0 0
v 2 0 0
v 2.9 0 0
v 3 0 0
v 3.9 0 0
v 4 0 0
v 4.9 0 0
v 5 0 0
v 5.9 0 0
v 6 0 0
v 6.9 0 0
v 7 0 0
v 7.9 0 0
v 8 0 0
v 8.9 0 0
v 9 0 0
v 9.9 0 0
v -10 0 -0.9
v -9.1 0 -0.9
v -9 0 -0.9
v -8.1 0 -0.9
v -8 0 -0.9
v -7.1 0 -0.9
v -7 0 -0.9
v -6.1 0 -0.9
v -6 0 -0.9
v -5.1 0 -0.9
v -5 0 -0.9
v -4.1 0 -0.9
v -4 0 -0.9
v -3.1 0 -0.9
v -3 0 -0.9
v -2.1 0 -0.9
v -2 0 -0.9
v -1.3 0 -0.9
v 1.3 0 -0.9
v 1.9 0 -0.9
v 2 0 -0.9
v 2.9 0 -0.9
v 3 0 -0.9
v 3.9 0 -0.9
v 4 0 -0.9
v 4.9 0 -0.9
v 5 0 -0.9
v 5.9 0 -0.9
v 6 0 -0.9
v 6.9 0 -0.9
v 7 0 -0.9
v 7.9 0 -0.9
v 8 0 -0.9
v 8.9 0 -0.9
v 9 0 -0.9
v 9.9 0 -0.9
v -10 0 -1
v -9.1 0 -1
v -9 0 -1
v -8.1 0 -1
v -8 0 -1
v -7.1 0 -1
v -7 0 -1
v -6.1 0 -1
v -6 0 -1
v -5.1 0 -1
v -5 0 -1
v -4.1 0 -1
v -4 0 -1
v -3.1 0 -1
v -3 0 -1
v -2.1 0 -1
v -2 0 -1
v -1.3 0 -1
v 1.3 0 -1
v 1.9 0 -1
v 2 0 -1
v 2.9 0 -1
v 3 0 -1
v 3.9 0 -1
v 4 0 -1
v 4.9 0 -1
v 5 0 -1
v 5.9 0 -1
v 6 0 -1
v 6.9 0 -1
v 7 0 -1
v 7.9 0 -1
v 8 0 -1
v 8.9 0 -1
v 9 0 -1
v 9.9 0 -1
v -10 0 -1.9
v -9.1 0 -1.9
v -9 0 -1.9
v -8.1 0 -1.9
v -8 0 -1.9
v -7.1 0 -1.9
v -7 0 -1.9
v -6.1 0 -1.9
v -6 0 -1.9
v -5.1 0 -1.9
v -5 0 -1.9
v -4.1 0 -1.9
v -4 0 -1.9
v -3.1 0 -1.9
v -3 0 -1.9
v -2.1 0 -1.9
v -2 0 -1.9
v -1.3 0 -1.9
v 1.3 0 -1.9
v 1.9 0 -1.9
v 2 0 -1.9
v 2.9 0 -1.9
v 3 0 -1.9
v 3.9 0 -1.9
v 4 0 -1.9
v 4.9 0 -1.9
v 5 0 -1.9
v 5.9 0 -1.9
v 6 0 -1.9
v 6.9 0 -1.9
v 7 0 -1.9
v 7.9 0 -1.9
v 8 0 -1.9
v 8.9 0 -1.9
v 9 0 -1.9
v 9.9 0 -1.9
v -10 0 -2
v -9.1 0 -2
v -9 0 -2
v -8.1 0 -2
v -8 0 -2
v -7.1 0 -2
v -7 0 -2
v -6.1 0 -2
v -6 0 -2
v -5.1 0 -2
v -5 0 -2
v -4.1 0 -2
v -4 0 -2
v -3.1 0 -2
v -3 0 -2
v -2.1 0 -2
v -2 0 -2
v -1.3 0 -2
v 1.3 0 -2
v 1.9 0 -2
v 2 0 -2
v 2.9 0 -2
v 3 0 -2
v 3.9 0 -2
v 4 0 -2
v 4.9 0 -2
v 5 0 -2
v 5.9 0 -2
v 6 0 -2
v 6.9 0 -2
v 7 0 -2
v 7.9 0 -2
v 8 0 -2
v 8.9 0 -2
v 9 0 -2
v 9.9 0 -2
v -10 0 -2.9
v -9.1 0 -2.9
v -9 0 -2.9
v -8.1 0 -2.9
v -8 0 -2.9
v -7.1 0 -2.9
v -7 0 -2.9
v -6.1 0 -2.9
v -6 0 -2.9
v -5.1 0 -2.9
v -5 0 -2.9
v -4.1 0 -2.9
v -4 0 -2.9
v -3.1 0 -2.9
v -3 0 -2.9
v -2.1 0 -2.9
v -2 0 -2.9
v -1.3 0 -2.9
v 1.3 0 -2.9
v 1.9 0 -2.9
v 2 0 -2.9
v 2.9 0 -2.9
v 3 0 -2.9
v 3.9 0 -2.9
v 4 0 -2.9
v 4.9 0 -2.9
v 5 0 -2.9
v 5.9 0 -2.9
v 6 0 -2.9
v 6.9 0 -2.9
v 7 0 -2.9
v 7.9 0 -2.9
v 8 0 -2.9
v 8.9 0 -2.9
v 9 0 -2.9
v 9.9 0 -2.9
v -10 0 -3
v -9.1 0 -3
v -9 0 -3
v -8.1 0 -3
v -8 0 -3
v -7.1 0 -3
v -7 0 -3
v -6.1 0 -3
v -6 0 -3
v -5.1 0 -3
v -5 0 -3
v -4.1 0 -3
v -4 0 -3
v -3.1 0 -3
v -3 0 -3
v -2.1 0 -3
v -2 0 -3
v -1.3 0 -3
v 1.3 0 -3
v 1.9 0 -3
v 2 0 -3
v 2.9 0 -3
v 3 0 -3
v 3.9 0 -3
v 4 0 -3
v 4.9 0 -3
v 5 0 -3
v 5.9 0 -3
v 6 0 -3
v 6.9 0 -3
v 7 0 -3
v 7.9 0 -3
v 8 0 -3
v 8.9 0 -3
v 9 0 -3
v 9.9 0 -3
v -10 0 -3.9
v -9.1 0 -3.9
v -9 0 -3.9
v -8.1 0 -3.9
v -8 0 -3.9
v -7.1 0 -3.9
v -7 0 -3.9
v -6.1 0 -3.9
v -6 0 -3.9
v -5.1 0 -3.9
v -5 0 -3.9
v -4.1 0 -3.9
v -4 0 -3.9
v -3.1 0 -3.9
v -3 0 -3.9
v -2.1 0 -3.9
v -2 0 -3.9
v -1.3 0 -3.9
v 1.3 0 -3.9
v 1.9 0 -3.9
v 2 0 -3.9
v 2.9 0 -3.9
v 3 0 -3.9
v 3.9 0 -3.9
v 4 0 -3.9
v 4.9 0 -3.9
v 5 0 -3.9
v 5.9 0 -3.9
v 6 0 -3.9
v 6.9 0 -3.9
v 7 0 -3.9
v 7.9 0 -3.9
v 8 0 -3.9
v 8.9 0 -3.9
v 9 0 -3.9
v 9.9 0 -3.9
v -10 0 -4
v -9.1 0 -4
v -9 0 -4
v -8.1 0 -4
v -8 0 -4
v -7.1 0 -4
v -7 0 -4
v -6.1 0 -4
v -6 0 -4
v -5.1 0 -4
v -5 0 -4
v -4.1 0 -4
v -4 0 -4
v -3.1 0 -4
v -3 0 -4
v -2.1 0 -4
v -2 0 -4
v -1.3 0 -4
v 1.3 0 -4
v 1.9 0 -4
v 2 0 -4
v 2.9 0 -4
v 3 0 -4
v 3.9 0 -4
v 4 0 -4
v 4.9 0 -4
v 5 0 -4
v 5.9 0 -4
v 6 0 -4
v 6.9 0 -4
v 7 0 -4
v 7.9 0 -4
v 8 0 -4
v 8.9 0 -4
v 9 0 -4
v 9.9 0 -4
v -10 0 -4.9
v -9.1 0 -4.9
v -9 0 -4.9
v -8.1 0 -4.9
v -8 0 -4.9
v -7.1 0 -4.9
v -7 0 -4.9
v -6.1 0 -4.9
v -6 0 -4.9
v -5.1 0 -4.9
v -5 0 -4.9
v -4.1 0 -4.9
v -4 0 -4.9
v -3.1 0 -4.9
v -3 0 -4.9
v -2.1 0 -4.9
v -2 0 -4.9
v -1.3 0 -4.9
v 1.3 0 -4.9
v 1.9 0 -4.9
v 2 0 -4.9
v 2.9 0 -4.9
v 3 0 -4.9
v 3.9 0 -4.9
v 4 0 -4.9
v 4.9 0 -4.9
v 5 0 -4.9
v 5.9 0 -4.9
v 6 0 -4.9
v 6.9 0 -4.9
v 7 0 -4.9
v 7.9 0 -4.9
v 8 0 -4.9
v 8.9 0 -4.9
v 9 0 -4.9
v 9.9 0 -4.9
v -10 0 -5
v -9.1 0 -5
v -9 0 -5
v -8.1 0 -5
v -8 0 -5
v -7.1 0 -5
v -7 0 -5
v -6.1 0 -5
v -6 0 -5
v -5.1 0 -5
v -5 0 -5
v -4.1 0 -5
v -4 0 -5
v -3.1 0 -5
v -3 0 -5
v -2.1 0 -5
v -2 0 -5
v -1.3 0 -5
v 1.3 0 -5
v 1.9 0 -5
v 2 0 -5
v 2.9 0 -5
v 3 0 -5
v 3.9 0 -5
v 4 0 -5
v 4.9 0 -5
v 5 0 -5
v 5.9 0 -5
v 6 0 -5
v 6.9 0 -5
v 7 0 -5
v 7.9 0 -5
v 8 0 -5
v 8.9 0 -5
v 9 0 -5
v 9.9 0 -5
v -10 0 -5.9
v -9.1 0 -5.9
v -9 0 -5.9
v -8.1 0 -5.9
v -8 0 -5.9
v -7.1 0 -5.9
v -7 0 -5.9
v -6.1 0 -5.9
v -6 0 -5.9
v -5.1 0 -5.9
v -5 0 -5.9
v -4.1 0 -5.9
v -4 0 -5.9
v -3.1 0 -5.9
v -3 0 -5.9
v -2.1 0 -5.9
v -2 0 -5.9
v -1.3 0 -5.9
v 1.3 0 -5.9
v 1.9 0 -5.9
v 2 0 -5.9
v 2.9 0 -5.9
v 3 0 -5.9
v 3.9 0 -5.9
v 4 0 -5.9
v 4.9 0 -5.9
v 5 0 -5.9
v 5.9 0 -5.9
v 6 0 -5.9
v 6.9 0 -5.9
v 7 0 -5.9
v 7.9 0 -5.9
v 8 0 -5.9
v 8.9 0 -5.9
v 9 0 -5.9
v 9.9 0 -5.9
v -10 0 -6
v -9.1 0 -6
v -9 0 -6
v -8.1 0 -6
v -8 0 -6
v -7.1 0 -6
v -7 0 -6
v -6.1 0 -6
v -6 0 -6
v -5.1 0 -6
v -5 0 -6
v -4.1 0 -6
v -4 0 -6
v -3.1 0 -6
v -3 0 -6
v -2.1 0 -6
v -2 0 -6
v -1.3 0 -6
v 1.3 0 -6
v 1.9 0 -6
v 2 0 -6
v 2.9 0 -6
v 3 0 -6
v 3.9 0 -6
v 4 0 -6
v 4.9 0 -6
v 5 0 -6
v 5.9 0 -6
v 6 0 -6
v 6.9 0 -6
v 7 0 -6
v 7.9 0 -6
v 8 0 -6
v 8.9 0 -6
v 9 0 -6
v 9.9 0 -6
v -10 0 -6.4
v -9.1 0 -6.4
v -9 0 -6.4
v -8.1 0 -6.4
v -8 0 -6.4
v -7.1 0 -6.4
v -7 0 -6.4
v -6.1 0 -6.4
v -6 0 -6.4
v -5.1 0 -6.4
v -5 0 -6.4
v -4.1 0 -6.4
v -4 0 -6.4
v -3.1 0 -6.4
v -3 0 -6.4
v -2.1 0 -6.4
v -2 0 -6.4
v -1.3 0 -6.4
v -1.1 0 -6.4
v 1.1 0 -6.4
v 1.3 0 -6.4
v 1.9 0 -6.4
v 2 0 -6.4
v 2.9 0 -6.4
v 3 0 -6.4
v 3.9 0 -6.4
v 4 0 -6.4
v 4.9 0 -6.4
v 5 0 -6.4
v 5.9 0 -6.4
v 6 0 -6.4
v 6.9 0 -6.4
v 7 0 -6.4
v 7.9 0 -6.4
v 8 0 -6.4
v 8.9 0 -6.4
v 9 0 -6.4
v 9.9 0 -6.4
v 10 0 -6.4
v 7.1 0.4 2
v 7.5 0.4 2
v 7 0.4 1.9
v 7.1 0.4 1.9
v 7.5 0.4 1.9
v 7.6 0.4 1.9
v 8.6 0.4 1.9
v 9 0.4 1.9
v 6.9 0.4 1.8
v 7 0.4 1.8
v 7.1 0.4 1.8
v 7.5 0.4 1.8
v 7.6 0.4 1.8
v 7.7 0.4 1.8
v 8.5 0.4 1.8
v 8.6 0.4 1.8
v 9 0.4 1.8
v 9.1 0.4 1.8
v 6.8 0.4 1.7
v 6.9 0.4 1.7
v 7 0.4 1.7
v 7.6 0.4 1.7
v 7.7 0.4 1.7
v 7.8 0.4 1.7
v 8.4 0.4 1.7
v 8.5 0.4 1.7
v 8.6 0.4 1.7
v 9 0.4 1.7
v 9.1 0.4 1.7
v 9.2 0.4 1.7
v 6.7 0.4 1.6
v 6.8 0.4 1.6
v 6.9 0.4 1.6
v 7.7 0.4 1.6
v 7.8 0.4 1.6
v 7.9 0.4 1.6
v 8.3 0.4 1.6
v 8.4 0.4 1.6
v 8.5 0.4 1.6
v 9.1 0.4 1.6
v 9.2 0.4 1.6
v 9.3 0.4 1.6
v 8.2 0.4 1.5
v 8.3 0.4 1.5
v 8.4 0.4 1.5
v 9.2 0.4 1.5
v 9.3 0.4 1.5
v 9.4 0.4 1.5
v 6.7 0.4 1.2
v 6.8 0.4 1.2
v 6.9 0.4 1.2
v 7.7 0.4 1.2
v 7.8 0.4 1.2
v 7.9 0.4 1.2
v 6.8 0.4 1.1
v 6.9 0.4 1.1
v 7 0.4 1.1
v 7.6 0.4 1.1
v 7.7 0.4 1.1
v 7.8 0.4 1.1
v 8.2 0.4 1.1
v 8.3 0.4 1.1
v 8.4 0.4 1.1
v 9.2 0.4 1.1
v 9.3 0.4 1.1
v 9.4 0.4 1.1
v 6.9 0.4 1
v 7 0.4 1
v 7.1 0.4 1
v 7.5 0.4 1
v 7.6 0.4 1
v 7.7 0.4 1
v 8.3 0.4 1
v 8.4 0.4 1
v 8.5 0.4 1
v 9.1 0.4 1
v 9.2 0.4 1
v 9.3 0.4 1
v 7 0.4 0.9
v 7.1 0.4 0.9
v 7.5 0.4 0.9
v 7.6 0.4 0.9
v 8.4 0.4 0.9
v 8.5 0.4 0.9
v 8.6 0.4 0.9
v 9 0.4 0.9
v 9.1 0.4 0.9
v 9.2 0.4 0.9
v 7.1 0.4 0.8
v 7.5 0.4 0.8
v 8.5 0.4 0.8
v 8.6 0.4 0.8
v 9 0.4 0.8
v 9.1 0.4 0.8
v 8.6 0.4 0.7
v 9 0.4 0.7
v 7.9 0.4 0.6
v 8.3 0.4 0.6
v 7.8 0.4 0.5
v 7.9 0.4 0.5
v 8.3 0.4 0.5
v 8.4 0.4 0.5
v 7.7 0.4 0.4
v 7.8 0.4 0.4
v 7.9 0.4 0.4
v 8.3 0.4 0.4
v 8.4 0.4 0.4
v 8.5 0.4 0.4
v 7.6 0.4 0.3
v 7.7 0.4 0.3
v 7.8 0.4 0.3
v 8.4 0.4 0.3
v 8.5 0.4 0.3
v 8.6 0.4 0.3
v 7.5 0.4 0.2
v 7.6 0.4 0.2
v 7.7 0.4 0.2
v 8.5 0.4 0.2
v 8.6 0.4 0.2
v 8.7 0.4 0.2
v 7.5 0.4 -0.2
v 7.6 0.4 -0.2
v 7.7 0.4 -0.2
v 8.5 0.4 -0.2
v 8.6 0.4 -0.2
v 8.7 0.4 -0.2
v 7.6 0.4 -0.3
v 7.7 0.4 -0.3
v 7.8 0.4 -0.3
v 8.4 0.4 -0.3
v 8.5 0.4 -0.3
v 8.6 0.4 -0.3
v 7.7 0.4 -0.4
v 7.8 0.4 -0.4
v 7.9 0.4 -0.4
v 8.3 0.4 -0.4
v 8.4 0.4 -0.4
v 8.5 0.4 -0.4
v 7.8 0.4 -0.5
v 7.9 0.4 -0.5
v 8.3 0.4 -0.5
v 8.4 0.4 -0.5
v 7.9 0.4 -0.6
v 8.3 0.4 -0.6
v -8.2 0.5 2.2
v -7.8 0.5 2.2
v -8.3 0.5 2.1
v -8.2 0.5 2.1
v -7.8 0.5 2.1
v -7.7 0.5 2.1
v -8.3 0.5 1.7
v -8.2 0.5 1.7
v -7.8 0.5 1.7
v -7.7 0.5 1.7
v -8.2 0.5 1.6
v -7.8 0.5 1.6
v -6.7 0.5 0.8
v -6.3 0.5 0.8
v -6.8 0.5 0.7
v -6.7 0.5 0.7
v -6.3 0.5 0.7
v -6.2 0.5 0.7
v -6.8 0.5 0.3
v -6.7 0.5 0.3
v -6.3 0.5 0.3
v -6.2 0.5 0.3
v -6.7 0.5 0.2
v -6.3 0.5 0.2
v -0.1 0.5 -1.3
v 0.0999994 0.5 -1.3
v -1.1 0.5 -1.4
v -0.900001 0.5 -1.4
v -0.1 0.5 -1.4
v 0.0999994 0.5 -1.4
v 0.9 0.5 -1.4
v 1.1 0.5 -1.4
v -1.1 0.5 -1.5
v -0.900001 0.5 -1.5
v 0.9 0.5 -1.5
v 1.1 0.5 -1.5
v 7.1 0.6 1.9
v 7.2 0.6 1.9
v 7.4 0.6 1.9
v 7.5 0.6 1.9
v 7 0.6 1.8
v 7.1 0.6 1.8
v 7.2 0.6 1.8
v 7.4 0.6 1.8
v 7.5 0.6 1.8
v 7.6 0.6 1.8
v 8.6 0.6 1.8
v 8.7 0.6 1.8
v 8.9 0.6 1.8
v 9 0.6 1.8
v 6.9 0.6 1.7
v 7 0.6 1.7
v 7.1 0.6 1.7
v 7.5 0.6 1.7
v 7.6 0.6 1.7
v 7.7 0.6 1.7
v 8.5 0.6 1.7
v 8.6 0.6 1.7
v 8.7 0.6 1.7
v 8.9 0.6 1.7
v 9 0.6 1.7
v 9.1 0.6 1.7
v 6.8 0.6 1.6
v 6.9 0.6 1.6
v 7 0.6 1.6
v 7.6 0.6 1.6
v 7.7 0.6 1.6
v 7.8 0.6 1.6
v 8.4 0.6 1.6
v 8.5 0.6 1.6
v 8.6 0.6 1.6
v 9 0.6 1.6
v 9.1 0.6 1.6
v 9.2 0.6 1.6
v 6.8 0.6 1.5
v 6.9 0.6 1.5
v 7.7 0.6 1.5
v 7.8 0.6 1.5
v 8.3 0.6 1.5
v 8.4 0.6 1.5
v 8.5 0.6 1.5
v 9.1 0.6 1.5
v 9.2 0.6 1.5
v 9.3 0.6 1.5
v 8.3 0.6 1.4
v 8.4 0.6 1.4
v 9.2 0.6 1.4
v 9.3 0.6 1.4
v 6.8 0.6 1.3
v 6.9 0.6 1.3
v 7.7 0.6 1.3
v 7.8 0.6 1.3
v 6.8 0.6 1.2
v 6.9 0.6 1.2
v 7 0.6 1.2
v 7.6 0.6 1.2
v 7.7 0.6 1.2
v 7.8 0.6 1.2
v 8.3 0.6 1.2
v 8.4 0.6 1.2
v 9.2 0.6 1.2
v 9.3 0.6 1.2
v 6.9 0.6 1.1
v 7 0.6 1.1
v 7.1 0.6 1.1
v 7.5 0.6 1.1
v 7.6 0.6 1.1
v 7.7 0.6 1.1
v 8.3 0.6 1.1
v 8.4 0.6 1.1
v 8.5 0.6 1.1
v 9.1 0.6 1.1
v 9.2 0.6 1.1
v 9.3 0.6 1.1
v 7 0.6 1
v 7.1 0.6 1
v 7.2 0.6 1
v 7.4 0.6 1
v 7.5 0.6 1
v 7.6 0.6 1
v 8.4 0.6 1
v 8.5 0.6 1
v 8.6 0.6 1
v 9 0.6 1
v 9.1 0.6 1
v 9.2 0.6 1
v 7.1 0.6 0.9
v 7.2 0.6 0.9
v 7.4 0.6 0.9
v 7.5 0.6 0.9
v 8.5 0.6 0.9
v 8.6 0.6 0.9
v 8.7 0.6 0.9
v 8.9 0.6 0.9
v 9 0.6 0.9
v 9.1 0.6 0.9
v 8.6 0.6 0.8
v 8.7 0.6 0.8
v 8.9 0.6 0.8
v 9 0.6 0.8
v 7.9 0.6 0.5
v 8 0.6 0.5
v 8.2 0.6 0.5
v 8.3 0.6 0.5
v 7.8 0.6 0.4
v 7.9 0.6 0.4
v 8 0.6 0.4
v 8.2 0.6 0.4
v 8.3 0.6 0.4
v 8.4 0.6 0.4
v 7.7 0.6 0.3
v 7.8 0.6 0.3
v 7.9 0.6 0.3
v 8.3 0.6 0.3
v 8.4 0.6 0.3
v 8.5 0.6 0.3
v 7.6 0.6 0.2
v 7.7 0.6 0.2
v 7.8 0.6 0.2
v 8.4 0.6 0.2
v 8.5 0.6 0.2
v 8.6 0.6 0.2
v 7.6 0.6 0.0999999
v 7.7 0.6 0.0999999
v 8.5 0.6 0.0999999
v 8.6 0.6 0.0999999
v 7.6 0.6 -0.0999999
v 7.7 0.6 -0.0999999
v 8.5 0.6 -0.0999999
v 8.6 0.6 -0.0999999
v 7.6 0.6 -0.2
v 7.7 0.6 -0.2
v 7.8 0.6 -0.2
v 8.4 0.6 -0.2
v 8.5 0.6 -0.2
v 8.6 0.6 -0.2
v 7.7 0.6 -0.3
v 7.8 0.6 -0.3
v 7.9 0.6 -0.3
v 8.3 0.6 -0.3
v 8.4 0.6 -0.3
v 8.5 0.6 -0.3
v 7.8 0.6 -0.4
v 7.9 0.6 -0.4
v 8 0.6 -0.4
v 8.2 0.6 -0.4
v 8.3 0.6 -0.4
v 8.4 0.6 -0.4
v 7.9 0.6 -0.5
v 8 0.6 -0.5
v 8.2 0.6 -0.5
v 8.3 0.6 -0.5
v -8.8 0.8 1.5
v -7.1 0.8 1.5
v -9 0.8 1.3
v -8.8 0.8 1.3
v -7.1 0.8 1.3
v -6.9 0.8 1.3
v -9 0.8 -0.4
v -8.8 0.8 -0.4
v -7.1 0.8 -0.4
v -6.9 0.8 -0.4
v -8.8 0.8 -0.6
v -7.1 0.8 -0.6
v -5.1 0.9 -0.0999999
v -4.6 0.9 -0.0999999
v -5.2 0.9 -0.2
v -5.1 0.9 -0.2
v -5 0.9 -0.2
v -4.7 0.9 -0.2
v -4.6 0.9 -0.2
v -4.5 0.9 -0.2
v -5.3 0.9 -0.3
v -5.2 0.9 -0.3
v -5 0.9 -0.3
v -4.7 0.9 -0.3
v -4.5 0.9 -0.3
v -4.4 0.9 -0.3
v -5.4 0.9 -0.4
v -5.3 0.9 -0.4
v -4.4 0.9 -0.4
v -4.3 0.9 -0.4
v -5.3 0.9 -0.5
v -5.2 0.9 -0.5
v -4.5 0.9 -0.5
v -4.4 0.9 -0.5
v -5.3 0.9 -0.8
v -5.2 0.9 -0.8
v -4.5 0.9 -0.8
v -4.4 0.9 -0.8
v -5.4 0.9 -0.9
v -5.3 0.9 -0.9
v -4.4 0.9 -0.9
v -4.3 0.9 -0.9
v -5.3 0.9 -1
v -5.2 0.9 -1
v -5 0.9 -1
v -4.7 0.9 -1
v -4.5 0.9 -1
v -4.4 0.9 -1
v -5.2 0.9 -1.1
v -5.1 0.9 -1.1
v -5 0.9 -1.1
v -4.7 0.9 -1.1
v -4.6 0.9 -1.1
v -4.5 0.9 -1.1
v -5.1 0.9 -1.2
v -4.6 0.9 -1.2
v -0.1 0.9 -1.3
v 0.0999994 0.9 -1.3
v -1.1 0.9 -1.4
v -0.900001 0.9 -1.4
v -0.1 0.9 -1.4
v 0.0999994 0.9 -1.4
v 0.9 0.9 -1.4
v 1.1 0.9 -1.4
v -1.1 0.9 -1.5
v -0.900001 0.9 -1.5
v 0.9 0.9 -1.5
v 1.1 0.9 -1.5
v -5.1 1 0
v -4.6 1 0
v -5.2 1 -0.0999999
v -5.1 1 -0.0999999
v -4.6 1 -0.0999999
v -4.5 1 -0.0999999
v -5.3 1 -0.2
v -5.2 1 -0.2
v -5.1 1 -0.2
v -4.6 1 -0.2
v -4.5 1 -0.2
v -4.4 1 -0.2
v -5.4 1 -0.3
v -5.3 1 -0.3
v -5.2 1 -0.3
v -4.5 1 -0.3
v -4.4 1 -0.3
v -4.3 1 -0.3
v -5.5 1 -0.4
v -5.4 1 -0.4
v -5.3 1 -0.4
v -4.4 1 -0.4
v -4.3 1 -0.4
v -4.2 1 -0.4
v -5.5 1 -0.9
v -5.4 1 -0.9
v -5.3 1 -0.9
v -4.4 1 -0.9
v -4.3 1 -0.9
v -4.2 1 -0.9
v -5.4 1 -1
v -5.3 1 -1
v -5.2 1 -1
v -4.5 1 -1
v -4.4 1 -1
v -4.3 1 -1
v -5.3 1 -1.1
v -5.2 1 -1.1
v -5.1 1 -1.1
v -4.6 1 -1.1
v -4.5 1 -1.1
v -4.4 1 -1.1
v -5.2 1 -1.2
v -5.1 1 -1.2
v -4.6 1 -1.2
v -4.5 1 -1.2
v -5.1 1 -1.3
v -4.6 1 -1.3
v 4.4 1 -1.9
v 7.8 1 -1.9
v 4.4 1 -2
v 7.8 1 -2
v 4.4 1 -2.1
v 4.6 1 -2.1
v 4.7 1 -2.1
v 5.3 1 -2.1
v 5.4 1 -2.1
v 6 1 -2.1
v 6.1 1 -2.1
v 6.7 1 -2.1
v 6.8 1 -2.1
v 7.4 1 -2.1
v 7.5 1 -2.1
v 7.8 1 -2.1
v -2.8 1.1 -2
v -2.1 1.1 -2
v 1.9 1.1 -2
v 2.5 1.1 -2
v -2.8 1.1 -2.1
v -2.4 1.1 -2.1
v -2.3 1.1 -2.1
v -2.1 1.1 -2.1
v 1.9 1.1 -2.1
v 2.5 1.1 -2.1
v 7.2 1.2 1.9
v 7.4 1.2 1.9
v 7.1 1.2 1.8
v 7.2 1.2 1.8
v 7.4 1.2 1.8
v 7.5 1.2 1.8
v 8.7 1.2 1.8
v 8.9 1.2 1.8
v 7 1.2 1.7
v 7.1 1.2 1.7
v 7.2 1.2 1.7
v 7.4 1.2 1.7
v 7.5 1.2 1.7
v 7.6 1.2 1.7
v 8.6 1.2 1.7
v 8.7 1.2 1.7
v 8.9 1.2 1.7
v 9 1.2 1.7
v 6.9 1.2 1.6
v 7 1.2 1.6
v 7.1 1.2 1.6
v 7.5 1.2 1.6
v 7.6 1.2 1.6
v 7.7 1.2 1.6
v 8.5 1.2 1.6
v 8.6 1.2 1.6
v 8.7 1.2 1.6
v 8.9 1.2 1.6
v 9 1.2 1.6
v 9.1 1.2 1.6
v 6.8 1.2 1.5
v 6.9 1.2 1.5
v 7 1.2 1.5
v 7.6 1.2 1.5
v 7.7 1.2 1.5
v 7.8 1.2 1.5
v 8.4 1.2 1.5
v 8.5 1.2 1.5
v 8.6 1.2 1.5
v 9 1.2 1.5
v 9.1 1.2 1.5
v 9.2 1.2 1.5
v 8.3 1.2 1.4
v 8.4 1.2 1.4
v 8.5 1.2 1.4
v 9.1 1.2 1.4
v 9.2 1.2 1.4
v 9.3 1.2 1.4
v 6.8 1.2 1.3
v 6.9 1.2 1.3
v 7 1.2 1.3
v 7.6 1.2 1.3
v 7.7 1.2 1.3
v 7.8 1.2 1.3
v 6.9 1.2 1.2
v 7 1.2 1.2
v 7.1 1.2 1.2
v 7.5 1.2 1.2
v 7.6 1.2 1.2
v 7.7 1.2 1.2
v 8.3 1.2 1.2
v 8.4 1.2 1.2
v 8.5 1.2 1.2
v 9.1 1.2 1.2
v 9.2 1.2 1.2
v 9.3 1.2 1.2
v 7 1.2 1.1
v 7.1 1.2 1.1
v 7.2 1.2 1.1
v 7.5 1.2 1.1
v 7.6 1.2 1.1
v 8.4 1.2 1.1
v 8.5 1.2 1.1
v 8.6 1.2 1.1
v 9 1.2 1.1
v 9.1 1.2 1.1
v 9.2 1.2 1.1
v 7.1 1.2 1
v 7.2 1.2 1
v 7.4 1.2 1
v 8.5 1.2 1
v 8.6 1.2 1
v 8.7 1.2 1
v 9 1.2 1
v 9.1 1.2 1
v 7.2 1.2 0.9
v 7.4 1.2 0.9
v 8.6 1.2 0.9
v 8.7 1.2 0.9
v 8.9 1.2 0.9
v 8.7 1.2 0.8
v 8.9 1.2 0.8
v 8 1.2 0.5
v 8.2 1.2 0.5
v 7.9 1.2 0.4
v 8 1.2 0.4
v 8.2 1.2 0.4
v 8.3 1.2 0.4
v 7.8 1.2 0.3
v 7.9 1.2 0.3
v 8 1.2 0.3
v 8.2 1.2 0.3
v 8.3 1.2 0.3
v 8.4 1.2 0.3
v 7.7 1.2 0.2
v 7.8 1.2 0.2
v 7.9 1.2 0.2
v 8.3 1.2 0.2
v 8.4 1.2 0.2
v 8.5 1.2 0.2
v 7.6 1.2 0.0999999
v 7.7 1.2 0.0999999
v 7.8 1.2 0.0999999
v 8.4 1.2 0.0999999
v 8.5 1.2 0.0999999
v 8.6 1.2 0.0999999
v 7.6 1.2 -0.0999999
v 7.7 1.2 -0.0999999
v 7.8 1.2 -0.0999999
v 8.4 1.2 -0.0999999
v 8.5 1.2 -0.0999999
v 8.6 1.2 -0.0999999
v 7.7 1.2 -0.2
v 7.8 1.2 -0.2
v 7.9 1.2 -0.2
v 8.3 1.2 -0.2
v 8.4 1.2 -0.2
v 8.5 1.2 -0.2
v 7.8 1.2 -0.3
v 7.9 1.2 -0.3
v 8 1.2 -0.3
v 8.3 1.2 -0.3
v 8.4 1.2 -0.3
v 7.9 1.2 -0.4
v 8 1.2 -0.4
v 8.2 1.2 -0.4
v 8 1.2 -0.5
v 8.2 1.2 -0.5
v 5.2 1.3 -1.9
v 6.9 1.3 -1.9
v 5.2 1.3 -2
v 6.9 1.3 -2
v 7.2 1.4 1.8
v 7.4 1.4 1.8
v 7.1 1.4 1.7
v 7.2 1.4 1.7
v 7.4 1.4 1.7
v 7.5 1.4 1.7
v 8.7 1.4 1.7
v 8.9 1.4 1.7
v 7 1.4 1.6
v 7.1 1.4 1.6
v 7.5 1.4 1.6
v 7.6 1.4 1.6
v 8.6 1.4 1.6
v 8.7 1.4 1.6
v 8.9 1.4 1.6
v 9 1.4 1.6
v 6.9 1.4 1.5
v 7 1.4 1.5
v 7.6 1.4 1.5
v 7.7 1.4 1.5
v 8.5 1.4 1.5
v 8.6 1.4 1.5
v 9 1.4 1.5
v 9.1 1.4 1.5
v 8.4 1.4 1.4
v 8.5 1.4 1.4
v 9.1 1.4 1.4
v 9.2 1.4 1.4
v 6.9 1.4 1.3
v 7 1.4 1.3
v 7.6 1.4 1.3
v 7.7 1.4 1.3
v 7 1.4 1.2
v 7.1 1.4 1.2
v 7.5 1.4 1.2
v 7.6 1.4 1.2
v 8.4 1.4 1.2
v 8.5 1.4 1.2
v 9.1 1.4 1.2
v 9.2 1.4 1.2
v 7.1 1.4 1.1
v 7.2 1.4 1.1
v 8.5 1.4 1.1
v 8.6 1.4 1.1
v 9 1.4 1.1
v 9.1 1.4 1.1
v 7.2 1.4 1
v 7.5 1.4 1
v 8.6 1.4 1
v 8.7 1.4 1
v 8.7 1.4 0.9
v 9 1.4 0.9
v 8 1.4 0.4
v 8.2 1.4 0.4
v 7.9 1.4 0.3
v 8 1.4 0.3
v 8.2 1.4 0.3
v 8.3 1.4 0.3
v 7.8 1.4 0.2
v 7.9 1.4 0.2
v 8.3 1.4 0.2
v 8.4 1.4 0.2
v 7.7 1.4 0.0999999
v 7.8 1.4 0.0999999
v 8.4 1.4 0.0999999
v 8.5 1.4 0.0999999
v 7.7 1.4 -0.0999999
v 7.8 1.4 -0.0999999
v 8.4 1.4 -0.0999999
v 8.5 1.4 -0.0999999
v 7.8 1.4 -0.2
v 7.9 1.4 -0.2
v 8.3 1.4 -0.2
v 8.4 1.4 -0.2
v 7.9 1.4 -0.3
v 8 1.4 -0.3
v 8 1.4 -0.4
v 8.3 1.4 -0.4
v -0.1 1.4 -1.3
v 0.0999994 1.4 -1.3
v -1.1 1.4 -1.4
v -0.900001 1.4 -1.4
v -0.1 1.4 -1.4
v 0.0999994 1.4 -1.4
v 0.9 1.4 -1.4
v 1.1 1.4 -1.4
v -1.1 1.4 -1.5
v -0.900001 1.4 -1.5
v 0.9 1.4 -1.5
v 1.1 1.4 -1.5
v 5.1 1.4 -1.9
v 5.2 1.4 -1.9
v 6.9 1.4 -1.9
v 7 1.4 -1.9
v 5.1 1.4 -2
v 5.2 1.4 -2
v 6.9 1.4 -2
v 7 1.4 -2
v -0.900001 1.5 -1.5
v -0.1 1.5 -1.5
v 0.0999994 1.5 -1.5
v 0.9 1.5 -1.5
v -0.900001 1.5 -1.6
v -0.1 1.5 -1.6
v 0.0999994 1.5 -1.6
v 0.9 1.5 -1.6
v 7 1.5 -1.9
v 7.1 1.5 -1.9
v -3.8 1.5 -2
v -3.7 1.5 -2
v 3.5 1.5 -2
v 3.6 1.5 -2
v 7 1.5 -2
v 7.1 1.5 -2
v -3.8 1.5 -2.1
v -3.7 1.5 -2.1
v 3.5 1.5 -2.1
v 3.6 1.5 -2.1
v -3.9 1.6 -2
v -3.8 1.6 -2
v -3.7 1.6 -2
v -3.6 1.6 -2
v 3.4 1.6 -2
v 3.5 1.6 -2
v 3.6 1.6 -2
v 3.7 1.6 -2
v -3.9 1.6 -2.1
v -3.8 1.6 -2.1
v -3.7 1.6 -2.1
v -3.6 1.6 -2.1
v 3.4 1.6 -2.1
v 3.5 1.6 -2.1
v 3.6 1.6 -2.1
v 3.7 1.6 -2.1
v -4 1.7 -2
v -3.9 1.7 -2
v -3.6 1.7 -2
v -3.5 1.7 -2
v 3.3 1.7 -2
v 3.4 1.7 -2
v 3.7 1.7 -2
v 3.8 1.7 -2
v -4 1.7 -2.1
v -3.9 1.7 -2.1
v -3.6 1.7 -2.1
v -3.5 1.7 -2.1
v 3.3 1.7 -2.1
v 3.4 1.7 -2.1
v 3.7 1.7 -2.1
v 3.8 1.7 -2.1
v -1.1 1.8 -1.3
v -0.900001 1.8 -1.3
v 0.9 1.8 -1.3
v 1.1 1.8 -1.3
v -0.900001 1.8 -1.4
v -0.8 1.8 -1.4
v 0.4 1.8 -1.4
v 0.9 1.8 -1.4
v -1.1 1.8 -1.5
v -0.8 1.8 -1.5
v 0.4 1.8 -1.5
v 1.1 1.8 -1.5
v -3.8 1.8 -1.9
v -3.7 1.8 -1.9
v 3.5 1.8 -1.9
v 3.6 1.8 -1.9
v -3.8 1.8 -2
v -3.7 1.8 -2
v 3.5 1.8 -2
v 3.6 1.8 -2
v -4.1 2.1 -1.8
v -3.7 2.1 -1.8
v 3.5 2.1 -1.8
v 3.8 2.1 -1.8
v -4.1 2.1 -1.9
v -3.8 2.1 -1.9
v 3.6 2.1 -1.9
v 3.8 2.1 -1.9
v -3.8 2.1 -2
v -3.7 2.1 -2
v 3.5 2.1 -2
v 3.6 2.1 -2
v -2.9 2.3 -2
v -2.8 2.3 -2
v -2.1 2.3 -2
v -2 2.3 -2
v 1.8 2.3 -2
v 1.9 2.3 -2
v 2.5 2.3 -2
v 2.7 2.3 -2
v -2.9 2.3 -2.1
v -2.8 2.3 -2.1
v -2.1 2.3 -2.1
v -2 2.3 -2.1
v 1.8 2.3 -2.1
v 1.9 2.3 -2.1
v 2.5 2.3 -2.1
v 2.6 2.3 -2.1
v 2.7 2.3 -2.1
v -4.2 2.4 -1.8
v -4.1 2.4 -1.8
v -4 2.4 -1.8
v -3.9 2.4 -1.8
v -2.5 2.4 -1.8
v -2.4 2.4 -1.8
v 2.2 2.4 -1.8
v 2.3 2.4 -1.8
v 3.6 2.4 -1.8
v 3.7 2.4 -1.8
v 3.8 2.4 -1.8
v 3.9 2.4 -1.8
v -4.2 2.4 -1.9
v -4.1 2.4 -1.9
v -4 2.4 -1.9
v -3.9 2.4 -1.9
v -2.8 2.4 -1.9
v -2.7 2.4 -1.9
v -2.6 2.4 -1.9
v -2.5 2.4 -1.9
v -2.4 2.4 -1.9
v -2.3 2.4 -1.9
v -2.2 2.4 -1.9
v -2.1 2.4 -1.9
v 1.9 2.4 -1.9
v 2 2.4 -1.9
v 2.1 2.4 -1.9
v 2.2 2.4 -1.9
v 2.3 2.4 -1.9
v 2.4 2.4 -1.9
v 2.5 2.4 -1.9
v 2.6 2.4 -1.9
v 3.6 2.4 -1.9
v 3.7 2.4 -1.9
v 3.8 2.4 -1.9
v 3.9 2.4 -1.9
v -3 2.4 -2
v -2.9 2.4 -2
v -2.8 2.4 -2
v -2.7 2.4 -2
v -2.6 2.4 -2
v -2.5 2.4 -2
v -2.4 2.4 -2
v -2.3 2.4 -2
v -2.2 2.4 -2
v -2.1 2.4 -2
v -2 2.4 -2
v -1.9 2.4 -2
v 1.7 2.4 -2
v 1.8 2.4 -2
v 1.9 2.4 -2
v 2 2.4 -2
v 2.1 2.4 -2
v 2.2 2.4 -2
v 2.3 2.4 -2
v 2.4 2.4 -2
v 2.5 2.4 -2
v 2.6 2.4 -2
v 2.7 2.4 -2
v 2.8 2.4 -2
v -3 2.4 -2.1
v -2.9 2.4 -2.1
v -2 2.4 -2.1
v -1.9 2.4 -2.1
v 1.7 2.4 -2.1
v 1.8 2.4 -2.1
v 2.7 2.4 -2.1
v 2.8 2.4 -2.1
v -2.9 2.5 -1.9
v -2.8 2.5 -1.9
v -2.1 2.5 -1.9
v -2 2.5 -1.9
v 1.8 2.5 -1.9
v 1.9 2.5 -1.9
v 2.6 2.5 -1.9
v 2.7 2.5 -1.9
v -3.1 2.5 -2
v -3 2.5 -2
v -2.9 2.5 -2
v -2.8 2.5 -2
v -2.1 2.5 -2
v -2 2.5 -2
v -1.9 2.5 -2
v -1.8 2.5 -2
v 1.6 2.5 -2
v 1.7 2.5 -2
v 1.8 2.5 -2
v 1.9 2.5 -2
v 2.6 2.5 -2
v 2.7 2.5 -2
v 2.8 2.5 -2
v 2.9 2.5 -2
v -3.1 2.5 -2.1
v -3 2.5 -2.1
v -1.9 2.5 -2.1
v -1.8 2.5 -2.1
v 1.6 2.5 -2.1
v 1.7 2.5 -2.1
v 2.8 2.5 -2.1
v 2.9 2.5 -2.1
v -1.1 2.6 -1.3
v -0.900001 2.6 -1.3
v 0.9 2.6 -1.3
v 1.1 2.6 -1.3
v -1.1 2.6 -1.4
v -0.900001 2.6 -1.4
v -0.2 2.6 -1.4
v 0.9 2.6 -1.4
v 1.1 2.6 -1.4
v -0.900001 2.6 -1.5
v -0.2 2.6 -1.5
v 0.9 2.6 -1.5
v -2.6 2.6 -1.8
v -2.5 2.6 -1.8
v -2.4 2.6 -1.8
v -2.3 2.6 -1.8
v 2.1 2.6 -1.8
v 2.2 2.6 -1.8
v 2.3 2.6 -1.8
v 2.4 2.6 -1.8
v -2.6 2.6 -1.9
v -2.5 2.6 -1.9
v -2.4 2.6 -1.9
v -2.3 2.6 -1.9
v 2.1 2.6 -1.9
v 2.2 2.6 -1.9
v 2.3 2.6 -1.9
v 2.4 2.6 -1.9
v 4.5 2.7 -1.9
v 7.7 2.7 -1.9
v 4.5 2.7 -2
v 7.7 2.7 -2
v -0.900001 2.8 -1.3
v 0.9 2.8 -1.3
v -0.900001 2.8 -1.4
v -0.1 2.8 -1.4
v 0.9 2.8 -1.4
v -0.1 3.7 -1.4
v 0.0999994 3.7 -1.4
v -1.1 3.7 -1.5
v -0.1 3.7 -1.5
v 0.0999994 3.7 -1.5
v 1.1 3.7 -1.5
v -1.1 3.7 -1.6
v 1.1 3.7 -1.6
v -0.3 3.8 -1.4
v -0.1 3.8 -1.4
v 0.0999994 3.8 -1.4
v 0.3 3.8 -1.4
v -0.3 3.8 -1.5
v -0.1 3.8 -1.5
v 0.0999994 3.8 -1.5
v 0.3 3.8 -1.5
v -5.1 3.9 -0.0999999
v -4.6 3.9 -0.0999999
v -5.2 3.9 -0.2
v -5.1 3.9 -0.2
v -5 3.9 -0.2
v -4.7 3.9 -0.2
v -4.6 3.9 -0.2
v -4.5 3.9 -0.2
v -5.3 3.9 -0.3
v -5.2 3.9 -0.3
v -5 3.9 -0.3
v -4.7 3.9 -0.3
v -4.5 3.9 -0.3
v -4.4 3.9 -0.3
v -5.4 3.9 -0.4
v -5.3 3.9 -0.4
v -4.4 3.9 -0.4
v -4.3 3.9 -0.4
v -5.3 3.9 -0.5
v -5.2 3.9 -0.5
v -4.5 3.9 -0.5
v -4.4 3.9 -0.5
v -5.3 3.9 -0.8
v -5.2 3.9 -0.8
v -4.5 3.9 -0.8
v -4.4 3.9 -0.8
v -5.4 3.9 -0.9
v -5.3 3.9 -0.9
v -4.4 3.9 -0.9
v -4.3 3.9 -0.9
v -5.3 3.9 -1
v -5.2 3.9 -1
v -5 3.9 -1
v -4.7 3.9 -1
v -4.5 3.9 -1
v -4.4 3.9 -1
v -5.2 3.9 -1.1
v -5.1 3.9 -1.1
v -5 3.9 -1.1
v -4.7 3.9 -1.1
v -4.6 3.9 -1.1
v -4.5 3.9 -1.1
v -5.1 3.9 -1.2
v -4.6 3.9 -1.2
v -0.400001 3.9 -1.4
v -0.3 3.9 -1.4
v 0.3 3.9 -1.4
v 0.4 3.9 -1.4
v -0.400001 3.9 -1.5
v -0.3 3.9 -1.5
v 0.3 3.9 -1.5
v 0.4 3.9 -1.5
v -0.2 4 -1.2
v 0.2 4 -1.2
v -0.5 4 -1.4
v -0.400001 4 -1.4
v -0.2 4 -1.4
v 0.2 4 -1.4
v 0.4 4 -1.4
v 0.5 4 -1.4
v -0.5 4 -1.5
v -0.400001 4 -1.5
v 0.4 4 -1.5
v 0.5 4 -1.5
v -0.7 4.1 -1.4
v -0.5 4.1 -1.4
v 0.5 4.1 -1.4
v 0.7 4.1 -1.4
v -0.7 4.1 -1.5
v -0.6 4.1 -1.5
v -0.5 4.1 -1.5
v 0.5 4.1 -1.5
v 0.599999 4.1 -1.5
v 0.7 4.1 -1.5
v -5.1 4.2 0
v -4.6 4.2 0
v -5.2 4.2 -0.0999999
v -5.1 4.2 -0.0999999
v -4.6 4.2 -0.0999999
v -4.5 4.2 -0.0999999
v -5.3 4.2 -0.2
v -5.2 4.2 -0.2
v -5.1 4.2 -0.2
v -4.6 4.2 -0.2
v -4.5 4.2 -0.2
v -4.4 4.2 -0.2
v -5.4 4.2 -0.3
v -5.3 4.2 -0.3
v -5.2 4.2 -0.3
v -4.5 4.2 -0.3
v -4.4 4.2 -0.3
v -4.3 4.2 -0.3
v -5.5 4.2 -0.4
v -5.4 4.2 -0.4
v -5.3 4.2 -0.4
v -4.4 4.2 -0.4
v -4.3 4.2 -0.4
v -4.2 4.2 -0.4
v -5.5 4.2 -0.9
v -5.4 4.2 -0.9
v -5.3 4.2 -0.9
v -4.4 4.2 -0.9
v -4.3 4.2 -0.9
v -4.2 4.2 -0.9
v -5.4 4.2 -1
v -5.3 4.2 -1
v -5.2 4.2 -1
v -4.5 4.2 -1
v -4.4 4.2 -1
v -4.3 4.2 -1
v -5.3 4.2 -1.1
v -5.2 4.2 -1.1
v -5.1 4.2 -1.1
v -4.6 4.2 -1.1
v -4.5 4.2 -1.1
v -4.4 4.2 -1.1
v -5.2 4.2 -1.2
v -5.1 4.2 -1.2
v -4.6 4.2 -1.2
v -4.5 4.2 -1.2
v -5.1 4.2 -1.3
v -4.6 4.2 -1.3
v -0.8 4.2 -1.4
v -0.7 4.2 -1.4
v 0.7 4.2 -1.4
v 0.8 4.2 -1.4
v -0.8 4.2 -1.5
v -0.7 4.2 -1.5
v 0.7 4.2 -1.5
v 0.8 4.2 -1.5
v -5.1 4.3 0.0999999
v -4.6 4.3 0.0999999
v -5.2 4.3 0
v -5.1 4.3 0
v -4.6 4.3 0
v -4.5 4.3 0
v -5.3 4.3 -0.0999999
v -5.2 4.3 -0.0999999
v -5.1 4.3 -0.0999999
v -4.6 4.3 -0.0999999
v -4.5 4.3 -0.0999999
v -4.4 4.3 -0.0999999
v -5.4 4.3 -0.2
v -5.3 4.3 -0.2
v -5.2 4.3 -0.2
v -4.5 4.3 -0.2
v -4.4 4.3 -0.2
v -4.3 4.3 -0.2
v -5.5 4.3 -0.3
v -5.4 4.3 -0.3
v -5.3 4.3 -0.3
v -4.4 4.3 -0.3
v -4.3 4.3 -0.3
v -4.2 4.3 -0.3
v -5.6 4.3 -0.4
v -5.5 4.3 -0.4
v -5.4 4.3 -0.4
v -4.3 4.3 -0.4
v -4.2 4.3 -0.4
v -4.1 4.3 -0.4
v -5.6 4.3 -0.9
v -5.5 4.3 -0.9
v -5.4 4.3 -0.9
v -4.3 4.3 -0.9
v -4.2 4.3 -0.9
v -4.1 4.3 -0.9
v -5.5 4.3 -1
v -5.4 4.3 -1
v -5.3 4.3 -1
v -4.4 4.3 -1
v -4.3 4.3 -1
v -4.2 4.3 -1
v -5.4 4.3 -1.1
v -5.3 4.3 -1.1
v -5.2 4.3 -1.1
v -4.5 4.3 -1.1
v -4.4 4.3 -1.1
v -4.3 4.3 -1.1
v -5.3 4.3 -1.2
v -5.2 4.3 -1.2
v -5.1 4.3 -1.2
v -4.6 4.3 -1.2
v -4.5 4.3 -1.2
v -4.4 4.3 -1.2
v -5.2 4.3 -1.3
v -5.1 4.3 -1.3
v -4.6 4.3 -1.3
v -4.5 4.3 -1.3
v -5.1 4.3 -1.4
v -4.6 4.3 -1.4
v -0.900001 4.3 -1.4
v -0.8 4.3 -1.4
v 0.8 4.3 -1.4
v 0.9 4.3 -1.4
v -0.900001 4.3 -1.5
v -0.8 4.3 -1.5
v 0.8 4.3 -1.5
v 0.9 4.3 -1.5
v -1 4.6 -1.4
v -0.900001 4.6 -1.4
v 0.9 4.6 -1.4
v 1 4.6 -1.4
v -1 4.6 -1.5
v -0.900001 4.6 -1.5
v 0.9 4.6 -1.5
v 1 4.6 -1.5
v -1.1 4.9 -1.4
v -1 4.9 -1.4
v 1 4.9 -1.4
v 1.1 4.9 -1.4
v -1.1 4.9 -1.5
v -1 4.9 -1.5
v 1 4.9 -1.5
v 1.1 4.9 -1.5
v -0.8 5 -1.2
v -0.6 5 -1.2
v 0.599999 5 -1.2
v 0.8 5 -1.2
v -0.8 5 -1.4
v -0.6 5 -1.4
v 0.599999 5 -1.4
v 0.8 5 -1.4
v -0.6 5.2 -1.2
v -0.400001 5.2 -1.2
v 0.4 5.2 -1.2
v 0.599999 5.2 -1.2
v -0.6 5.2 -1.4
v -0.400001 5.2 -1.4
v 0.4 5.2 -1.4
v 0.599999 5.2 -1.4
v -0.400001 5.3 -1.2
v -0.2 5.3 -1.2
v 0.2 5.3 -1.2
v 0.4 5.3 -1.2
v -1.2 5.3 -1.4
v -1.1 5.3 -1.4
v -0.400001 5.3 -1.4
v -0.2 5.3 -1.4
v 0.2 5.3 -1.4
v 0.4 5.3 -1.4
v 1.1 5.3 -1.4
v 1.2 5.3 -1.4
v -1.2 5.3 -1.5
v -1.1 5.3 -1.5
v 1.1 5.3 -1.5
v 1.2 5.3 -1.5
v -9.9 0.1 6.4
v -9.1 0.1 6.4
v -9 0.1 6.4
v -8.1 0.1 6.4
v -8 0.1 6.4
v -7.1 0.1 6.4
v -7 0.1 6.4
v -6.1 0.1 6.4
v -6 0.1 6.4
v -5.1 0.1 6.4
v -5 0.1 6.4
v -4.1 0.1 6.4
v -4 0.1 6.4
v -3.1 0.1 6.4
v -3 0.1 6.4
v -2.1 0.1 6.4
v -2 0.1 6.4
v -1.3 0.1 6.4
v -1.1 0.1 6.4
v 1.1 0.1 6.4
v 1.3 0.1 6.4
v 1.9 0.1 6.4
v 2 0.1 6.4
v 2.9 0.1 6.4
v 3 0.1 6.4
v 3.9 0.1 6.4
v 4 0.1 6.4
v 4.9 0.1 6.4
v 5 0.1 6.4
v 5.9 0.1 6.4
v 6 0.1 6.4
v 6.9 0.1 6.4
v 7 0.1 6.4
v 7.9 0.1 6.4
v 8 0.1 6.4
v 8.9 0.1 6.4
v 9 0.1 6.4
v 9.9 0.1 6.4
v -9.9 0.1 6.2
v 9.9 0.1 6.2
v -9.9 0.1 6.1
v 9.9 0.1 6.1
v -9.9 0.1 5.9
v -9.1 0.1 5.9
v -9 0.1 5.9
v -8.1 0.1 5.9
v -8 0.1 5.9
v -7.1 0.1 5.9
v -7 0.1 5.9
v -6.1 0.1 5.9
v -6 0.1 5.9
v -5.1 0.1 5.9
v -5 0.1 5.9
v -4.1 0.1 5.9
v -4 0.1 5.9
v -3.1 0.1 5.9
v -3 0.1 5.9
v -2.1 0.1 5.9
v -2 0.1 5.9
v -1.3 0.1 5.9
v 1.3 0.1 5.9
v 1.9 0.1 5.9
v 2 0.1 5.9
v 2.9 0.1 5.9
v 3 0.1 5.9
v 3.9 0.1 5.9
v 4 0.1 5.9
v 4.9 0.1 5.9
v 5 0.1 5.9
v 5.9 0.1 5.9
v 6 0.1 5.9
v 6.9 0.1 5.9
v 7 0.1 5.9
v 7.9 0.1 5.9
v 8 0.1 5.9
v 8.9 0.1 5.9
v 9 0.1 5.9
v 9.9 0.1 5.9
v -9.9 0.1 5.8
v -9.1 0.1 5.8
v -9 0.1 5.8
v -8.1 0.1 5.8
v -8 0.1 5.8
v -7.1 0.1 5.8
v -7 0.1 5.8
v -6.1 0.1 5.8
v -6 0.1 5.8
v -5.1 0.1 5.8
v -5 0.1 5.8
v -4.1 0.1 5.8
v -4 0.1 5.8
v -3.1 0.1 5.8
v -3 0.1 5.8
v -2.1 0.1 5.8
v -2 0.1 5.8
v -1.3 0.1 5.8
v 1.3 0.1 5.8
v 1.9 0.1 5.8
v 2 0.1 5.8
v 2.9 0.1 5.8
v 3 0.1 5.8
v 3.9 0.1 5.8
v 4 0.1 5.8
v 4.9 0.1 5.8
v 5 0.1 5.8
v 5.9 0.1 5.8
v 6 0.1 5.8
v 6.9 0.1 5.8
v 7 0.1 5.8
v 7.9 0.1 5.8
v 8 0.1 5.8
v 8.9 0.1 5.8
v 9 0.1 5.8
v 9.9 0.1 5.8
v -9.9 0.1 5.5
v 9.9 0.1 5.5
v -9.9 0.1 5.4
v 9.9 0.1 5.4
v -9.9 0.1 5.1
v -9.1 0.1 5.1
v -9 0.1 5.1
v -8.1 0.1 5.1
v -8 0.1 5.1
v -7.1 0.1 5.1
v -7 0.1 5.1
v -6.1 0.1 5.1
v -6 0.1 5.1
v -5.1 0.1 5.1
v -5 0.1 5.1
v -4.1 0.1 5.1
v -4 0.1 5.1
v -3.1 0.1 5.1
v -3 0.1 5.1
v -2.1 0.1 5.1
v -2 0.1 5.1
v -1.3 0.1 5.1
v 1.3 0.1 5.1
v 1.9 0.1 5.1
v 2 0.1 5.1
v 2.9 0.1 5.1
v 3 0.1 5.1
v 3.9 0.1 5.1
v 4 0.1 5.1
v 4.9 0.1 5.1
v 5 0.1 5.1
v 5.9 0.1 5.1
v 6 0.1 5.1
v 6.9 0.1 5.1
v 7 0.1 5.1
v 7.9 0.1 5.1
v 8 0.1 5.1
v 8.9 0.1 5.1
v 9 0.1 5.1
v 9.9 0.1 5.1
v -9.9 0.1 5
v -9.1 0.1 5
v -9 0.1 5
v -8.1 0.1 5
v -8 0.1 5
v -7.1 0.1 5
v -7 0.1 5
v -6.1 0.1 5
v -6 0.1 5
v -5.1 0.1 5
v -5 0.1 5
v -4.1 0.1 5
v -4 0.1 5
v -3.1 0.1 5
v -3 0.1 5
v -2.1 0.1 5
v -2 0.1 5
v -1.3 0.1 5
v 1.3 0.1 5
v 1.9 0.1 5
v 2 0.1 5
v 2.9 0.1 5
v 3 0.1 5
v 3.9 0.1 5
v 4 0.1 5
v 4.9 0.1 5
v 5 0.1 5
v 5.9 0.1 5
v 6 0.1 5
v 6.9 0.1 5
v 7 0.1 5
v 7.9 0.1 5
v 8 0.1 5
v 8.9 0.1 5
v 9 0.1 5
v 9.9 0.1 5
v -9.9 0.1 4.8
v 9.9 0.1 4.8
v -9.9 0.1 4.7
v 9.9 0.1 4.7
v -9.9 0.1 4.1
v -9.1 0.1 4.1
v -9 0.1 4.1
v -8.1 0.1 4.1
v -8 0.1 4.1
v -7.1 0.1 4.1
v -7 0.1 4.1
v -6.1 0.1 4.1
v -6 0.1 4.1
v -5.1 0.1 4.1
v -5 0.1 4.1
v -4.1 0.1 4.1
v -4 0.1 4.1
v -3.1 0.1 4.1
v -3 0.1 4.1
v -2.1 0.1 4.1
v -2 0.1 4.1
v -1.3 0.1 4.1
v 1.3 0.1 4.1
v 1.9 0.1 4.1
v 2 0.1 4.1
v 2.9 0.1 4.1
v 3 0.1 4.1
v 3.9 0.1 4.1
v 4 0.1 4.1
v 4.9 0.1 4.1
v 5 0.1 4.1
v 5.9 0.1 4.1
v 6 0.1 4.1
v 6.9 0.1 4.1
v 7 0.1 4.1
v 7.9 0.1 4.1
v 8 0.1 4.1
v 8.9 0.1 4.1
v 9 0.1 4.1
v 9.9 0.1 4.1
v -9.9 0.1 4
v -9.1 0.1 4
v -9 0.1 4
v -8.1 0.1 4
v -8 0.1 4
v -7.1 0.1 4
v -7 0.1 4
v -6.1 0.1 4
v -6 0.1 4
v -5.1 0.1 4
v -5 0.1 4
v -4.1 0.1 4
v -4 0.1 4
v -3.1 0.1 4
v -3 0.1 4
v -2.1 0.1 4
v -2 0.1 4
v -1.3 0.1 4
v 1.3 0.1 4
v 1.9 0.1 4
v 2 0.1 4
v 2.9 0.1 4
v 3 0.1 4
v 3.9 0.1 4
v 4 0.1 4
v 4.9 0.1 4
v 5 0.1 4
v 5.9 0.1 4
v 6 0.1 4
v 6.9 0.1 4
v 7 0.1 4
v 7.9 0.1 4
v 8 0.1 4
v 8.9 0.1 4
v 9 0.1 4
v 9.9 0.1 4
v -9.9 0.1 3.4
v 9.9 0.1 3.4
v -9.9 0.1 3.3
v 9.9 0.1 3.3
v -9.9 0.1 3.1
v -9.1 0.1 3.1
v -9 0.1 3.1
v -8.1 0.1 3.1
v -8 0.1 3.1
v -7.1 0.1 3.1
v -7 0.1 3.1
v -6.1 0.1 3.1
v -6 0.1 3.1
v -5.1 0.1 3.1
v -5 0.1 3.1
v -4.1 0.1 3.1
v -4 0.1 3.1
v -3.1 0.1 3.1
v -3 0.1 3.1
v -2.1 0.1 3.1
v -2 0.1 3.1
v -1.3 0.1 3.1
v 1.3 0.1 3.1
v 1.9 0.1 3.1
v 2 0.1 3.1
v 2.9 0.1 3.1
v 3 0.1 3.1
v 3.9 0.1 3.1
v 4 0.1 3.1
v 4.9 0.1 3.1
v 5 0.1 3.1
v 5.9 0.1 3.1
v 6 0.1 3.1
v 6.9 0.1 3.1
v 7 0.1 3.1
v 7.9 0.1 3.1
v 8 0.1 3.1
v 8.9 0.1 3.1
v 9 0.1 3.1
v 9.9 0.1 3.1
v -9.9 0.1 3
v -9.1 0.1 3
v -9 0.1 3
v -8.1 0.1 3
v -8 0.1 3
v -7.1 0.1 3
v -7 0.1 3
v -6.1 0.1 3
v -6 0.1 3
v -5.1 0.1 3
v -5 0.1 3
v -4.1 0.1 3
v -4 0.1 3
v -3.1 0.1 3
v -3 0.1 3
v -2.1 0.1 3
v -2 0.1 3
v -1.3 0.1 3
v 1.3 0.1 3
v 1.9 0.1 3
v 2 0.1 3
v 2.9 0.1 3
v 3 0.1 3
v 3.9 0.1 3
v 4 0.1 3
v 4.9 0.1 3
v 5 0.1 3
v 5.9 0.1 3
v 6 0.1 3
v 6.9 0.1 3
v 7 0.1 3
v 7.9 0.1 3
v 8 0.1 3
v 8.9 0.1 3
v 9 0.1 3
v 9.9 0.1 3
v -9.9 0.1 2.7
v 9.9 0.1 2.7
v -9.9 0.1 2.6
v 9.9 0.1 2.6
v -8.3 0.1 2.2
v -8.2 0.1 2.2
v -7.8 0.1 2.2
v -7.7 0.1 2.2
v -9.9 0.1 2.1
v -9.1 0.1 2.1
v -9 0.1 2.1
v -8.3 0.1 2.1
v -8.2 0.1 2.1
v -8.1 0.1 2.1
v -8 0.1 2.1
v -7.8 0.1 2.1
v -7.7 0.1 2.1
v -7.1 0.1 2.1
v -7 0.1 2.1
v -6.1 0.1 2.1
v -6 0.1 2.1
v -5.1 0.1 2.1
v -5 0.1 2.1
v -4.1 0.1 2.1
v -4 0.1 2.1
v -3.1 0.1 2.1
v -3 0.1 2.1
v -2.1 0.1 2.1
v -2 0.1 2.1
v -1.3 0.1 2.1
v 1.3 0.1 2.1
v 1.9 0.1 2.1
v 2 0.1 2.1
v 2.9 0.1 2.1
v 3 0.1 2.1
v 3.9 0.1 2.1
v 4 0.1 2.1
v 4.9 0.1 2.1
v 5 0.1 2.1
v 5.9 0.1 2.1
v 6 0.1 2.1
v 6.9 0.1 2.1
v 7 0.1 2.1
v 7.9 0.1 2.1
v 8 0.1 2.1
v 8.9 0.1 2.1
v 9 0.1 2.1
v 9.9 0.1 2.1
v -9.9 0.1 2
v -9.1 0.1 2
v -9 0.1 2
v -8.1 0.1 2
v -8 0.1 2
v -7.1 0.1 2
v -7 0.1 2
v -6.1 0.1 2
v -6 0.1 2
v -5.1 0.1 2
v -5 0.1 2
v -4.1 0.1 2
v -4 0.1 2
v -3.1 0.1 2
v -3 0.1 2
v -2.1 0.1 2
v -2 0.1 2
v -1.3 0.1 2
v 1.3 0.1 2
v 1.9 0.1 2
v 2 0.1 2
v 2.9 0.1 2
v 3 0.1 2
v 3.9 0.1 2
v 4 0.1 2
v 4.9 0.1 2
v 5 0.1 2
v 5.9 0.1 2
v 6 0.1 2
v 6.9 0.1 2
v 7 0.1 2
v 7.9 0.1 2
v 8 0.1 2
v 8.9 0.1 2
v 9 0.1 2
v 9.9 0.1 2
v -9.9 0.1 1.9
v 7.1 0.1 1.9
v 7.5 0.1 1.9
v 9.9 0.1 1.9
v 7 0.1 1.8
v 7.1 0.1 1.8
v 7.2 0.1 1.8
v 7.5 0.1 1.8
v 7.6 0.1 1.8
v 8.6 0.1 1.8
v 8.9 0.1 1.8
v 9 0.1 1.8
v -8.3 0.1 1.7
v -8.2 0.1 1.7
v -7.8 0.1 1.7
v -7.7 0.1 1.7
v 6.9 0.1 1.7
v 7 0.1 1.7
v 7.1 0.1 1.7
v 7.5 0.1 1.7
v 7.6 0.1 1.7
v 7.7 0.1 1.7
v 8.5 0.1 1.7
v 8.6 0.1 1.7
v 8.7 0.1 1.7
v 9 0.1 1.7
v 9.1 0.1 1.7
v -8.3 0.1 1.6
v -8.2 0.1 1.6
v -7.8 0.1 1.6
v -7.7 0.1 1.6
v 6.8 0.1 1.6
v 6.9 0.1 1.6
v 7 0.1 1.6
v 7.6 0.1 1.6
v 7.7 0.1 1.6
v 7.8 0.1 1.6
v 8.4 0.1 1.6
v 8.5 0.1 1.6
v 8.6 0.1 1.6
v 9 0.1 1.6
v 9.1 0.1 1.6
v 9.2 0.1 1.6
v -9 0.1 1.5
v -8.8 0.1 1.5
v -7.1 0.1 1.5
v -7 0.1 1.5
v -6.9 0.1 1.5
v 6.9 0.1 1.5
v 7.1 0.1 1.5
v 7.2 0.1 1.5
v 7.7 0.1 1.5
v 8.3 0.1 1.5
v 8.4 0.1 1.5
v 8.5 0.1 1.5
v 9.1 0.1 1.5
v 9.2 0.1 1.5
v 9.3 0.1 1.5
v 6.9 0.1 1.4
v 7.1 0.1 1.4
v 7.2 0.1 1.4
v 7.7 0.1 1.4
v 8.4 0.1 1.4
v 8.6 0.1 1.4
v 8.7 0.1 1.4
v 9.2 0.1 1.4
v -9.9 0.1 1.3
v -9 0.1 1.3
v -8.8 0.1 1.3
v -7.1 0.1 1.3
v -7 0.1 1.3
v -6.9 0.1 1.3
v 8.4 0.1 1.3
v 8.6 0.1 1.3
v 8.7 0.1 1.3
v 9.2 0.1 1.3
v 9.9 0.1 1.3
v -9.9 0.1 1.2
v 6.8 0.1 1.2
v 6.9 0.1 1.2
v 7 0.1 1.2
v 7.6 0.1 1.2
v 7.7 0.1 1.2
v 7.8 0.1 1.2
v 9.9 0.1 1.2
v -9.9 0.1 1.1
v -9.1 0.1 1.1
v -9 0.1 1.1
v -8.1 0.1 1.1
v -8 0.1 1.1
v -7.1 0.1 1.1
v -7 0.1 1.1
v -6.1 0.1 1.1
v -6 0.1 1.1
v -5.1 0.1 1.1
v -5 0.1 1.1
v -4.1 0.1 1.1
v -4 0.1 1.1
v -3.1 0.1 1.1
v -3 0.1 1.1
v -2.1 0.1 1.1
v -2 0.1 1.1
v -1.3 0.1 1.1
v 1.3 0.1 1.1
v 1.9 0.1 1.1
v 2 0.1 1.1
v 2.9 0.1 1.1
v 3 0.1 1.1
v 3.9 0.1 1.1
v 4 0.1 1.1
v 4.9 0.1 1.1
v 5 0.1 1.1
v 5.9 0.1 1.1
v 6 0.1 1.1
v 6.9 0.1 1.1
v 7 0.1 1.1
v 7.1 0.1 1.1
v 7.5 0.1 1.1
v 7.6 0.1 1.1
v 7.7 0.1 1.1
v 7.9 0.1 1.1
v 8 0.1 1.1
v 8.3 0.1 1.1
v 8.4 0.1 1.1
v 8.5 0.1 1.1
v 9.1 0.1 1.1
v 9.2 0.1 1.1
v 9.3 0.1 1.1
v 9.9 0.1 1.1
v -9.9 0.1 1
v -9.1 0.1 1
v -9 0.1 1
v -8.1 0.1 1
v -8 0.1 1
v -7.1 0.1 1
v -7 0.1 1
v -6.1 0.1 1
v -6 0.1 1
v -5.1 0.1 1
v -5 0.1 1
v -4.1 0.1 1
v -4 0.1 1
v -3.1 0.1 1
v -3 0.1 1
v -2.1 0.1 1
v -2 0.1 1
v -1.3 0.1 1
v 1.3 0.1 1
v 1.9 0.1 1
v 2 0.1 1
v 2.9 0.1 1
v 3 0.1 1
v 3.9 0.1 1
v 4 0.1 1
v 4.9 0.1 1
v 5 0.1 1
v 5.9 0.1 1
v 6 0.1 1
v 6.9 0.1 1
v 7 0.1 1
v 7.1 0.1 1
v 7.2 0.1 1
v 7.5 0.1 1
v 7.6 0.1 1
v 7.9 0.1 1
v 8 0.1 1
v 8.4 0.1 1
v 8.5 0.1 1
v 8.6 0.1 1
v 9 0.1 1
v 9.1 0.1 1
v 9.2 0.1 1
v 9.9 0.1 1
v 7.1 0.1 0.9
v 7.5 0.1 0.9
v 8.5 0.1 0.9
v 8.6 0.1 0.9
v 8.7 0.1 0.9
v 9 0.1 0.9
v 9.1 0.1 0.9
v -6.8 0.1 0.8
v -6.7 0.1 0.8
v -6.3 0.1 0.8
v -6.2 0.1 0.8
v 8.6 0.1 0.8
v 8.9 0.1 0.8
v 9 0.1 0.8
v -6.8 0.1 0.7
v -6.7 0.1 0.7
v -6.3 0.1 0.7
v -6.2 0.1 0.7
v -9.9 0.1 0.6
v 9.9 0.1 0.6
v -9.9 0.1 0.5
v 7.9 0.1 0.5
v 8 0.1 0.5
v 8.3 0.1 0.5
v 9.9 0.1 0.5
v 7.8 0.1 0.4
v 7.9 0.1 0.4
v 8 0.1 0.4
v 8.3 0.1 0.4
v 8.4 0.1 0.4
v -6.8 0.1 0.3
v -6.7 0.1 0.3
v -6.3 0.1 0.3
v -6.2 0.1 0.3
v 7.7 0.1 0.3
v 7.8 0.1 0.3
v 7.9 0.1 0.3
v 8.3 0.1 0.3
v 8.4 0.1 0.3
v 8.5 0.1 0.3
v -6.8 0.1 0.2
v -6.7 0.1 0.2
v -6.3 0.1 0.2
v -6.2 0.1 0.2
v 7.6 0.1 0.2
v 7.7 0.1 0.2
v 7.8 0.1 0.2
v 8.4 0.1 0.2
v 8.5 0.1 0.2
v 8.6 0.1 0.2
v -9.9 0.1 0.0999999
v -9.1 0.1 0.0999999
v -9 0.1 0.0999999
v -8.1 0.1 0.0999999
v -8 0.1 0.0999999
v -7.1 0.1 0.0999999
v -7 0.1 0.0999999
v -6.1 0.1 0.0999999
v -6 0.1 0.0999999
v -5.1 0.1 0.0999999
v -5 0.1 0.0999999
v -4.1 0.1 0.0999999
v -4 0.1 0.0999999
v -3.1 0.1 0.0999999
v -3 0.1 0.0999999
v -2.1 0.1 0.0999999
v -2 0.1 0.0999999
v -1.3 0.1 0.0999999
v 1.3 0.1 0.0999999
v 1.9 0.1 0.0999999
v 2 0.1 0.0999999
v 2.9 0.1 0.0999999
v 3 0.1 0.0999999
v 3.9 0.1 0.0999999
v 4 0.1 0.0999999
v 4.9 0.1 0.0999999
v 5 0.1 0.0999999
v 5.9 0.1 0.0999999
v 6 0.1 0.0999999
v 6.9 0.1 0.0999999
v 7 0.1 0.0999999
v 7.6 0.1 0.0999999
v 7.7 0.1 0.0999999
v 7.9 0.1 0.0999999
v 8 0.1 0.0999999
v 8.5 0.1 0.0999999
v 8.6 0.1 0.0999999
v 8.9 0.1 0.0999999
v 9 0.1 0.0999999
v 9.9 0.1 0.0999999
v -9.9 0.1 0
v -9.1 0.1 0
v -9 0.1 0
v -8.1 0.1 0
v -8 0.1 0
v -7.1 0.1 0
v -7 0.1 0
v -6.1 0.1 0
v -6 0.1 0
v -5.1 0.1 0
v -5 0.1 0
v -4.1 0.1 0
v -4 0.1 0
v -3.1 0.1 0
v -3 0.1 0
v -2.1 0.1 0
v -2 0.1 0
v -1.3 0.1 0
v 1.3 0.1 0
v 1.9 0.1 0
v 2 0.1 0
v 2.9 0.1 0
v 3 0.1 0
v 3.9 0.1 0
v 4 0.1 0
v 4.9 0.1 0
v 5 0.1 0
v 5.9 0.1 0
v 6 0.1 0
v 6.9 0.1 0
v 7 0.1 0
v 7.6 0.1 0
v 7.7 0.1 0
v 7.9 0.1 0
v 8 0.1 0
v 8.5 0.1 0
v 8.6 0.1 0
v 8.9 0.1 0
v 9 0.1 0
v 9.9 0.1 0
v -9.9 0.1 -0.0999999
v 9.9 0.1 -0.0999999
v -9.9 0.1 -0.2
v -5 0.1 -0.2
v -4.7 0.1 -0.2
v 7.6 0.1 -0.2
v 7.7 0.1 -0.2
v 7.8 0.1 -0.2
v 8.4 0.1 -0.2
v 8.5 0.1 -0.2
v 8.6 0.1 -0.2
v 9.9 0.1 -0.2
v -5.2 0.1 -0.3
v -5.1 0.1 -0.3
v -5 0.1 -0.3
v -4.7 0.1 -0.3
v -4.5 0.1 -0.3
v 7.7 0.1 -0.3
v 7.8 0.1 -0.3
v 7.9 0.1 -0.3
v 8.3 0.1 -0.3
v 8.4 0.1 -0.3
v 8.5 0.1 -0.3
v -9 0.1 -0.4
v -8.8 0.1 -0.4
v -7.1 0.1 -0.4
v -7 0.1 -0.4
v -6.9 0.1 -0.4
v 7.8 0.1 -0.4
v 7.9 0.1 -0.4
v 8 0.1 -0.4
v 8.3 0.1 -0.4
v 8.4 0.1 -0.4
v -5.3 0.1 -0.5
v -5.2 0.1 -0.5
v -4.5 0.1 -0.5
v -4.4 0.1 -0.5
v 7.9 0.1 -0.5
v 8 0.1 -0.5
v 8.3 0.1 -0.5
v -9 0.1 -0.6
v -8.8 0.1 -0.6
v -7.1 0.1 -0.6
v -7 0.1 -0.6
v -6.9 0.1 -0.6
v -9.9 0.1 -0.8
v -5.3 0.1 -0.8
v -5.2 0.1 -0.8
v -4.5 0.1 -0.8
v -4.4 0.1 -0.8
v 9.9 0.1 -0.8
v -9.9 0.1 -0.9
v -9.1 0.1 -0.9
v -9 0.1 -0.9
v -8.1 0.1 -0.9
v -8 0.1 -0.9
v -7.1 0.1 -0.9
v -7 0.1 -0.9
v -6.1 0.1 -0.9
v -6 0.1 -0.9
v -5.2 0.1 -0.9
v -4.5 0.1 -0.9
v -4.1 0.1 -0.9
v -4 0.1 -0.9
v -3.1 0.1 -0.9
v -3 0.1 -0.9
v -2.1 0.1 -0.9
v -2 0.1 -0.9
v -1.3 0.1 -0.9
v 1.3 0.1 -0.9
v 1.9 0.1 -0.9
v 2 0.1 -0.9
v 2.9 0.1 -0.9
v 3 0.1 -0.9
v 3.9 0.1 -0.9
v 4 0.1 -0.9
v 4.9 0.1 -0.9
v 5 0.1 -0.9
v 5.9 0.1 -0.9
v 6 0.1 -0.9
v 6.9 0.1 -0.9
v 7 0.1 -0.9
v 7.9 0.1 -0.9
v 8 0.1 -0.9
v 8.9 0.1 -0.9
v 9 0.1 -0.9
v 9.9 0.1 -0.9
v -9.9 0.1 -1
v -9.1 0.1 -1
v -9 0.1 -1
v -8.1 0.1 -1
v -8 0.1 -1
v -7.1 0.1 -1
v -7 0.1 -1
v -6.1 0.1 -1
v -6 0.1 -1
v -5.2 0.1 -1
v -5.1 0.1 -1
v -5 0.1 -1
v -4.7 0.1 -1
v -4.5 0.1 -1
v -4.1 0.1 -1
v -4 0.1 -1
v -3.1 0.1 -1
v -3 0.1 -1
v -2.1 0.1 -1
v -2 0.1 -1
v -1.3 0.1 -1
v 1.3 0.1 -1
v 1.9 0.1 -1
v 2 0.1 -1
v 2.9 0.1 -1
v 3 0.1 -1
v 3.9 0.1 -1
v 4 0.1 -1
v 4.9 0.1 -1
v 5 0.1 -1
v 5.9 0.1 -1
v 6 0.1 -1
v 6.9 0.1 -1
v 7 0.1 -1
v 7.9 0.1 -1
v 8 0.1 -1
v 8.9 0.1 -1
v 9 0.1 -1
v 9.9 0.1 -1
v -5 0.1 -1.1
v -4.7 0.1 -1.1
v -0.1 0.1 -1.3
v 0.0999994 0.1 -1.3
v -1.1 0.1 -1.4
v -0.900001 0.1 -1.4
v 0.9 0.1 -1.4
v 1.1 0.1 -1.4
v -9.9 0.1 -1.5
v 9.9 0.1 -1.5
v -9.9 0.1 -1.6
v -0.900001 0.1 -1.6
v -0.1 0.1 -1.6
v 0.0999994 0.1 -1.6
v 0.9 0.1 -1.6
v 9.9 0.1 -1.6
v -9.9 0.1 -1.9
v -9.1 0.1 -1.9
v -9 0.1 -1.9
v -8.1 0.1 -1.9
v -8 0.1 -1.9
v -7.1 0.1 -1.9
v -7 0.1 -1.9
v -6.1 0.1 -1.9
v -6 0.1 -1.9
v -5.1 0.1 -1.9
v -5 0.1 -1.9
v -4.1 0.1 -1.9
v -4 0.1 -1.9
v -3.1 0.1 -1.9
v -3 0.1 -1.9
v -2.1 0.1 -1.9
v -2 0.1 -1.9
v -1.3 0.1 -1.9
v 1.3 0.1 -1.9
v 1.9 0.1 -1.9
v 2 0.1 -1.9
v 2.9 0.1 -1.9
v 3 0.1 -1.9
v 3.9 0.1 -1.9
v 4 0.1 -1.9
v 4.9 0.1 -1.9
v 5 0.1 -1.9
v 5.9 0.1 -1.9
v 6 0.1 -1.9
v 6.9 0.1 -1.9
v 7 0.1 -1.9
v 7.9 0.1 -1.9
v 8 0.1 -1.9
v 8.9 0.1 -1.9
v 9 0.1 -1.9
v 9.9 0.1 -1.9
v -9.9 0.1 -2
v -9.1 0.1 -2
v -9 0.1 -2
v -8.1 0.1 -2
v -8 0.1 -2
v -7.1 0.1 -2
v -7 0.1 -2
v -6.1 0.1 -2
v -6 0.1 -2
v -5.1 0.1 -2
v -5 0.1 -2
v -4.1 0.1 -2
v -4 0.1 -2
v -3.1 0.1 -2
v -3 0.1 -2
v -2.1 0.1 -2
v -2 0.1 -2
v -1.3 0.1 -2
v 1.3 0.1 -2
v 1.9 0.1 -2
v 2 0.1 -2
v 2.9 0.1 -2
v 3 0.1 -2
v 3.9 0.1 -2
v 4 0.1 -2
v 4.9 0.1 -2
v 5 0.1 -2
v 5.9 0.1 -2
v 6 0.1 -2
v 6.9 0.1 -2
v 7 0.1 -2
v 7.9 0.1 -2
v 8 0.1 -2
v 8.9 0.1 -2
v 9 0.1 -2
v 9.9 0.1 -2
v -9.9 0.1 -2.1
v -9.4 0.1 -2.1
v -9.3 0.1 -2.1
v -9.1 0.1 -2.1
v -9 0.1 -2.1
v -8.7 0.1 -2.1
v -8.6 0.1 -2.1
v -8.1 0.1 -2.1
v -8 0.1 -2.1
v -7.9 0.1 -2.1
v -7.3 0.1 -2.1
v -7.2 0.1 -2.1
v -7.1 0.1 -2.1
v -7 0.1 -2.1
v -6.6 0.1 -2.1
v -6.5 0.1 -2.1
v -6.1 0.1 -2.1
v -6 0.1 -2.1
v -5.9 0.1 -2.1
v -5.8 0.1 -2.1
v -5.2 0.1 -2.1
v -5.1 0.1 -2.1
v -5 0.1 -2.1
v -4.5 0.1 -2.1
v -4.4 0.1 -2.1
v -4.1 0.1 -2.1
v -4 0.1 -2.1
v -3.8 0.1 -2.1
v -3.7 0.1 -2.1
v -3.1 0.1 -2.1
v -3 0.1 -2.1
v -2.4 0.1 -2.1
v -2.3 0.1 -2.1
v -2.1 0.1 -2.1
v -2 0.1 -2.1
v -1.7 0.1 -2.1
v -1.6 0.1 -2.1
v -1.3 0.1 -2.1
v -1.1 0.1 -2.1
v 1.1 0.1 -2.1
v 1.2 0.1 -2.1
v 1.3 0.1 -2.1
v 1.8 0.1 -2.1
v 1.9 0.1 -2.1
v 2 0.1 -2.1
v 2.5 0.1 -2.1
v 2.6 0.1 -2.1
v 2.9 0.1 -2.1
v 3 0.1 -2.1
v 3.2 0.1 -2.1
v 3.3 0.1 -2.1
v 3.9 0.1 -2.1
v 4 0.1 -2.1
v 4.6 0.1 -2.1
v 4.7 0.1 -2.1
v 4.9 0.1 -2.1
v 5 0.1 -2.1
v 5.3 0.1 -2.1
v 5.4 0.1 -2.1
v 5.9 0.1 -2.1
v 6 0.1 -2.1
v 6.1 0.1 -2.1
v 6.7 0.1 -2.1
v 6.8 0.1 -2.1
v 6.9 0.1 -2.1
v 7 0.1 -2.1
v 7.4 0.1 -2.1
v 7.5 0.1 -2.1
v 7.9 0.1 -2.1
v 8 0.1 -2.1
v 8.1 0.1 -2.1
v 8.2 0.1 -2.1
v 8.8 0.1 -2.1
v 8.9 0.1 -2.1
v 9 0.1 -2.1
v 9.5 0.1 -2.1
v 9.6 0.1 -2.1
v 9.9 0.1 -2.1
v -10 0.1 -3
v -9.1 0.1 -3
v -9 0.1 -3
v -8.1 0.1 -3
v -8 0.1 -3
v -7.1 0.1 -3
v -7 0.1 -3
v -6.1 0.1 -3
v -6 0.1 -3
v -5.1 0.1 -3
v -5 0.1 -3
v -4.1 0.1 -3
v -4 0.1 -3
v -3.1 0.1 -3
v -3 0.1 -3
v -2.1 0.1 -3
v -2 0.1 -3
v -1.3 0.1 -3
v -1.1 0.1 -3
v 1.1 0.1 -3
v 1.3 0.1 -3
v 1.9 0.1 -3
v 2 0.1 -3
v 2.9 0.1 -3
v 3 0.1 -3
v 3.9 0.1 -3
v 4 0.1 -3
v 4.9 0.1 -3
v 5 0.1 -3
v 5.9 0.1 -3
v 6 0.1 -3
v 6.9 0.1 -3
v 7 0.1 -3
v 7.9 0.1 -3
v 8 0.1 -3
v 8.9 0.1 -3
v 9 0.1 -3
v 9.9 0.1 -3
v 10 0.1 -3
v -10 0.1 -3.9
v -9.1 0.1 -3.9
v -9 0.1 -3.9
v -8.1 0.1 -3.9
v -8 0.1 -3.9
v -7.1 0.1 -3.9
v -7 0.1 -3.9
v -6.1 0.1 -3.9
v -6 0.1 -3.9
v -5.1 0.1 -3.9
v -5 0.1 -3.9
v -4.1 0.1 -3.9
v -4 0.1 -3.9
v -3.1 0.1 -3.9
v -3 0.1 -3.9
v -2.1 0.1 -3.9
v -2 0.1 -3.9
v -1.3 0.1 -3.9
v 1.3 0.1 -3.9
v 1.9 0.1 -3.9
v 2 0.1 -3.9
v 2.9 0.1 -3.9
v 3 0.1 -3.9
v 3.9 0.1 -3.9
v 4 0.1 -3.9
v 4.9 0.1 -3.9
v 5 0.1 -3.9
v 5.9 0.1 -3.9
v 6 0.1 -3.9
v 6.9 0.1 -3.9
v 7 0.1 -3.9
v 7.9 0.1 -3.9
v 8 0.1 -3.9
v 8.9 0.1 -3.9
v 9 0.1 -3.9
v 9.9 0.1 -3.9
v -10 0.1 -4
v -9.1 0.1 -4
v -9 0.1 -4
v -8.1 0.1 -4
v -8 0.1 -4
v -7.1 0.1 -4
v -7 0.1 -4
v -6.1 0.1 -4
v -6 0.1 -4
v -5.1 0.1 -4
v -5 0.1 -4
v -4.1 0.1 -4
v -4 0.1 -4
v -3.1 0.1 -4
v -3 0.1 -4
v -2.1 0.1 -4
v -2 0.1 -4
v -1.3 0.1 -4
v 1.3 0.1 -4
v 1.9 0.1 -4
v 2 0.1 -4
v 2.9 0.1 -4
v 3 0.1 -4
v 3.9 0.1 -4
v 4 0.1 -4
v 4.9 0.1 -4
v 5 0.1 -4
v 5.9 0.1 -4
v 6 0.1 -4
v 6.9 0.1 -4
v 7 0.1 -4
v 7.9 0.1 -4
v 8 0.1 -4
v 8.9 0.1 -4
v 9 0.1 -4
v 9.9 0.1 -4
v -10 0.1 -4.9
v -9.1 0.1 -4.9
v -9 0.1 -4.9
v -8.1 0.1 -4.9
v -8 0.1 -4.9
v -7.1 0.1 -4.9
v -7 0.1 -4.9
v -6.1 0.1 -4.9
v -6 0.1 -4.9
v -5.1 0.1 -4.9
v -5 0.1 -4.9
v -4.1 0.1 -4.9
v -4 0.1 -4.9
v -3.1 0.1 -4.9
v -3 0.1 -4.9
v -2.1 0.1 -4.9
v -2 0.1 -4.9
v -1.3 0.1 -4.9
v 1.3 0.1 -4.9
v 1.9 0.1 -4.9
v 2 0.1 -4.9
v 2.9 0.1 -4.9
v 3 0.1 -4.9
v 3.9 0.1 -4.9
v 4 0.1 -4.9
v 4.9 0.1 -4.9
v 5 0.1 -4.9
v 5.9 0.1 -4.9
v 6 0.1 -4.9
v 6.9 0.1 -4.9
v 7 0.1 -4.9
v 7.9 0.1 -4.9
v 8 0.1 -4.9
v 8.9 0.1 -4.9
v 9 0.1 -4.9
v 9.9 0.1 -4.9
v -10 0.1 -5
v -9.1 0.1 -5
v -9 0.1 -5
v -8.1 0.1 -5
v -8 0.1 -5
v -7.1 0.1 -5
v -7 0.1 -5
v -6.1 0.1 -5
v -6 0.1 -5
v -5.1 0.1 -5
v -5 0.1 -5
v -4.1 0.1 -5
v -4 0.1 -5
v -3.1 0.1 -5
v -3 0.1 -5
v -2.1 0.1 -5
v -2 0.1 -5
v -1.3 0.1 -5
v 1.3 0.1 -5
v 1.9 0.1 -5
v 2 0.1 -5
v 2.9 0.1 -5
v 3 0.1 -5
v 3.9 0.1 -5
v 4 0.1 -5
v 4.9 0.1 -5
v 5 0.1 -5
v 5.9 0.1 -5
v 6 0.1 -5
v 6.9 0.1 -5
v 7 0.1 -5
v 7.9 0.1 -5
v 8 0.1 -5
v 8.9 0.1 -5
v 9 0.1 -5
v 9.9 0.1 -5
v -10 0.1 -5.9
v -9.1 0.1 -5.9
v -9 0.1 -5.9
v -8.1 0.1 -5.9
v -8 0.1 -5.9
v -7.1 0.1 -5.9
v -7 0.1 -5.9
v -6.1 0.1 -5.9
v -6 0.1 -5.9
v -5.1 0.1 -5.9
v -5 0.1 -5.9
v -4.1 0.1 -5.9
v -4 0.1 -5.9
v -3.1 0.1 -5.9
v -3 0.1 -5.9
v -2.1 0.1 -5.9
v -2 0.1 -5.9
v -1.3 0.1 -5.9
v 1.3 0.1 -5.9
v 1.9 0.1 -5.9
v 2 0.1 -5.9
v 2.9 0.1 -5.9
v 3 0.1 -5.9
v 3.9 0.1 -5.9
v 4 0.1 -5.9
v 4.9 0.1 -5.9
v 5 0.1 -5.9
v 5.9 0.1 -5.9
v 6 0.1 -5.9
v 6.9 0.1 -5.9
v 7 0.1 -5.9
v 7.9 0.1 -5.9
v 8 0.1 -5.9
v 8.9 0.1 -5.9
v 9 0.1 -5.9
v 9.9 0.1 -5.9
v -10 0.1 -6
v -9.1 0.1 -6
v -9 0.1 -6
v -8.1 0.1 -6
v -8 0.1 -6
v -7.1 0.1 -6
v -7 0.1 -6
v -6.1 0.1 -6
v -6 0.1 -6
v -5.1 0.1 -6
v -5 0.1 -6
v -4.1 0.1 -6
v -4 0.1 -6
v -3.1 0.1 -6
v -3 0.1 -6
v -2.1 0.1 -6
v -2 0.1 -6
v -1.3 0.1 -6
v 1.3 0.1 -6
v 1.9 0.1 -6
v 2 0.1 -6
v 2.9 0.1 -6
v 3 0.1 -6
v 3.9 0.1 -6
v 4 0.1 -6
v 4.9 0.1 -6
v 5 0.1 -6
v 5.9 0.1 -6
v 6 0.1 -6
v 6.9 0.1 -6
v 7 0.1 -6
v 7.9 0.1 -6
v 8 0.1 -6
v 8.9 0.1 -6
v 9 0.1 -6
v 9.9 0.1 -6
v -10 0.1 -6.4
v -9.1 0.1 -6.4
v -9 0.1 -6.4
v -8.1 0.1 -6.4
v -8 0.1 -6.4
v -7.1 0.1 -6.4
v -7 0.1 -6.4
v -6.1 0.1 -6.4
v -6 0.1 -6.4
v -5.1 0.1 -6.4
v -5 0.1 -6.4
v -4.1 0.1 -6.4
v -4 0.1 -6.4
v -3.1 0.1 -6.4
v -3 0.1 -6.4
v -2.1 0.1 -6.4
v -2 0.1 -6.4
v -1.3 0.1 -6.4
v -1.1 0.1 -6.4
v 1.1 0.1 -6.4
v 1.3 0.1 -6.4
v 1.9 0.1 -6.4
v 2 0.1 -6.4
v 2.9 0.1 -6.4
v 3 0.1 -6.4
v 3.9 0.1 -6.4
v 4 0.1 -6.4
v 4.9 0.1 -6.4
v 5 0.1 -6.4
v 5.9 0.1 -6.4
v 6 0.1 -6.4
v 6.9 0.1 -6.4
v 7 0.1 -6.4
v 7.9 0.1 -6.4
v 8 0.1 -6.4
v 8.9 0.1 -6.4
v 9 0.1 -6.4
v 9.9 0.1 -6.4
v 10 0.1 -6.4
v -0.1 0.2 -1.3
v 0.0999994 0.2 -1.3
v -1.1 0.2 -1.4
v -0.900001 0.2 -1.4
v -0.1 0.2 -1.4
v 0.0999994 0.2 -1.4
v 0.9 0.2 -1.4
v 1.1 0.2 -1.4
v -1.1 0.2 -1.5
v -0.900001 0.2 -1.5
v 0.9 0.2 -1.5
v 1.1 0.2 -1.5
v 7.2 0.4 1.9
v 7.4 0.4 1.9
v 7.2 0.4 1.8
v 7.4 0.4 1.8
v 8.7 0.4 1.8
v 8.9 0.4 1.8
v 8.7 0.4 1.7
v 8.9 0.4 1.7
v 7.7 0.4 1.5
v 7.8 0.4 1.5
v 9.2 0.4 1.4
v 9.3 0.4 1.4
v 7.7 0.4 1.3
v 7.8 0.4 1.3
v 9.2 0.4 1.2
v 9.3 0.4 1.2
v 7.2 0.4 1
v 7.4 0.4 1
v 7.2 0.4 0.9
v 7.4 0.4 0.9
v 8.7 0.4 0.9
v 8.9 0.4 0.9
v 8.7 0.4 0.8
v 8.9 0.4 0.8
v 8 0.4 0.5
v 8.2 0.4 0.5
v 8 0.4 0.4
v 8.2 0.4 0.4
v 8.5 0.4 0.0999999
v 8.6 0.4 0.0999999
v 8.5 0.4 -0.0999999
v 8.6 0.4 -0.0999999
v 8 0.4 -0.4
v 8.2 0.4 -0.4
v 8 0.4 -0.5
v 8.2 0.4 -0.5
v 7.1 0.5 1.9
v 7.2 0.5 1.9
v 7.4 0.5 1.9
v 7.5 0.5 1.9
v 7 0.5 1.8
v 7.1 0.5 1.8
v 7.2 0.5 1.8
v 7.4 0.5 1.8
v 7.5 0.5 1.8
v 7.6 0.5 1.8
v 8.6 0.5 1.8
v 8.7 0.5 1.8
v 8.9 0.5 1.8
v 9 0.5 1.8
v 6.9 0.5 1.7
v 7 0.5 1.7
v 7.1 0.5 1.7
v 7.5 0.5 1.7
v 7.6 0.5 1.7
v 7.7 0.5 1.7
v 8.5 0.5 1.7
v 8.6 0.5 1.7
v 8.7 0.5 1.7
v 8.9 0.5 1.7
v 9 0.5 1.7
v 9.1 0.5 1.7
v 6.8 0.5 1.6
v 6.9 0.5 1.6
v 7 0.5 1.6
v 7.6 0.5 1.6
v 7.7 0.5 1.6
v 7.8 0.5 1.6
v 8.4 0.5 1.6
v 8.5 0.5 1.6
v 8.6 0.5 1.6
v 9 0.5 1.6
v 9.1 0.5 1.6
v 9.2 0.5 1.6
v 7.7 0.5 1.5
v 7.8 0.5 1.5
v 8.3 0.5 1.5
v 8.4 0.5 1.5
v 8.5 0.5 1.5
v 9.1 0.5 1.5
v 9.2 0.5 1.5
v 9.3 0.5 1.5
v 9.2 0.5 1.4
v 9.3 0.5 1.4
v 7.7 0.5 1.3
v 7.8 0.5 1.3
v 6.8 0.5 1.2
v 6.9 0.5 1.2
v 7 0.5 1.2
v 7.6 0.5 1.2
v 7.7 0.5 1.2
v 7.8 0.5 1.2
v 9.2 0.5 1.2
v 9.3 0.5 1.2
v 6.9 0.5 1.1
v 7 0.5 1.1
v 7.1 0.5 1.1
v 7.5 0.5 1.1
v 7.6 0.5 1.1
v 7.7 0.5 1.1
v 8.3 0.5 1.1
v 8.4 0.5 1.1
v 8.5 0.5 1.1
v 9.1 0.5 1.1
v 9.2 0.5 1.1
v 9.3 0.5 1.1
v 7 0.5 1
v 7.1 0.5 1
v 7.2 0.5 1
v 7.4 0.5 1
v 7.5 0.5 1
v 7.6 0.5 1
v 8.4 0.5 1
v 8.5 0.5 1
v 8.6 0.5 1
v 9 0.5 1
v 9.1 0.5 1
v 9.2 0.5 1
v 7.1 0.5 0.9
v 7.2 0.5 0.9
v 7.4 0.5 0.9
v 7.5 0.5 0.9
v 8.5 0.5 0.9
v 8.6 0.5 0.9
v 8.7 0.5 0.9
v 8.9 0.5 0.9
v 9 0.5 0.9
v 9.1 0.5 0.9
v 8.6 0.5 0.8
v 8.7 0.5 0.8
v 8.9 0.5 0.8
v 9 0.5 0.8
v 7.9 0.5 0.5
v 8 0.5 0.5
v 8.2 0.5 0.5
v 8.3 0.5 0.5
v 7.8 0.5 0.4
v 7.9 0.5 0.4
v 8 0.5 0.4
v 8.2 0.5 0.4
v 8.3 0.5 0.4
v 8.4 0.5 0.4
v 7.7 0.5 0.3
v 7.8 0.5 0.3
v 7.9 0.5 0.3
v 8.3 0.5 0.3
v 8.4 0.5 0.3
v 8.5 0.5 0.3
v 7.6 0.5 0.2
v 7.7 0.5 0.2
v 7.8 0.5 0.2
v 8.4 0.5 0.2
v 8.5 0.5 0.2
v 8.6 0.5 0.2
v 8.5 0.5 0.0999999
v 8.6 0.5 0.0999999
v 8.5 0.5 -0.0999999
v 8.6 0.5 -0.0999999
v 7.6 0.5 -0.2
v 7.7 0.5 -0.2
v 7.8 0.5 -0.2
v 8.4 0.5 -0.2
v 8.5 0.5 -0.2
v 8.6 0.5 -0.2
v 7.7 0.5 -0.3
v 7.8 0.5 -0.3
v 7.9 0.5 -0.3
v 8.3 0.5 -0.3
v 8.4 0.5 -0.3
v 8.5 0.5 -0.3
v 7.8 0.5 -0.4
v 7.9 0.5 -0.4
v 8 0.5 -0.4
v 8.2 0.5 -0.4
v 8.3 0.5 -0.4
v 8.4 0.5 -0.4
v 7.9 0.5 -0.5
v 8 0.5 -0.5
v 8.2 0.5 -0.5
v 8.3 0.5 -0.5
v -8.3 0.6 2.2
v -7.7 0.6 2.2
v -8.3 0.6 1.6
v -7.7 0.6 1.6
v -6.8 0.6 0.8
v -6.2 0.6 0.8
v -6.8 0.6 0.2
v -6.2 0.6 0.2
v -0.1 0.6 -1.3
v 0.0999994 0.6 -1.3
v -1.1 0.6 -1.4
v -0.900001 0.6 -1.4
v -0.1 0.6 -1.4
v 0.0999994 0.6 -1.4
v 0.9 0.6 -1.4
v 1.1 0.6 -1.4
v -1.1 0.6 -1.5
v -0.900001 0.6 -1.5
v 0.9 0.6 -1.5
v 1.1 0.6 -1.5
v -9 0.9 1.5
v -6.9 0.9 1.5
v -9 0.9 -0.6
v -6.9 0.9 -0.6
v -0.1 1 -1.3
v 0.0999994 1 -1.3
v -1.1 1 -1.4
v -0.900001 1 -1.4
v -0.1 1 -1.4
v 0.0999994 1 -1.4
v 0.9 1 -1.4
v 1.1 1 -1.4
v -1.1 1 -1.5
v -0.900001 1 -1.5
v 0.9 1 -1.5
v 1.1 1 -1.5
v 4.5 1.1 -1.9
v 7.7 1.1 -1.9
v 4.5 1.1 -2
v 7.7 1.1 -2
v 7.1 1.2 2
v 7.5 1.2 2
v 7 1.2 1.9
v 7.1 1.2 1.9
v 7.5 1.2 1.9
v 7.6 1.2 1.9
v 8.6 1.2 1.9
v 9 1.2 1.9
v 6.9 1.2 1.8
v 7 1.2 1.8
v 7.1 1.2 1.8
v 7.5 1.2 1.8
v 7.6 1.2 1.8
v 7.7 1.2 1.8
v 8.5 1.2 1.8
v 8.6 1.2 1.8
v 9 1.2 1.8
v 9.1 1.2 1.8
v 6.8 1.2 1.7
v 6.9 1.2 1.7
v 7 1.2 1.7
v 7.6 1.2 1.7
v 7.7 1.2 1.7
v 7.8 1.2 1.7
v 8.4 1.2 1.7
v 8.5 1.2 1.7
v 8.6 1.2 1.7
v 9 1.2 1.7
v 9.1 1.2 1.7
v 9.2 1.2 1.7
v 6.7 1.2 1.6
v 6.8 1.2 1.6
v 6.9 1.2 1.6
v 7.7 1.2 1.6
v 7.8 1.2 1.6
v 7.9 1.2 1.6
v 8.3 1.2 1.6
v 8.4 1.2 1.6
v 8.5 1.2 1.6
v 9.1 1.2 1.6
v 9.2 1.2 1.6
v 9.3 1.2 1.6
v 8.2 1.2 1.5
v 8.3 1.2 1.5
v 8.4 1.2 1.5
v 9.2 1.2 1.5
v 9.3 1.2 1.5
v 9.4 1.2 1.5
v 6.7 1.2 1.2
v 6.8 1.2 1.2
v 6.9 1.2 1.2
v 7.7 1.2 1.2
v 7.8 1.2 1.2
v 7.9 1.2 1.2
v 6.8 1.2 1.1
v 6.9 1.2 1.1
v 7 1.2 1.1
v 7.6 1.2 1.1
v 7.7 1.2 1.1
v 7.8 1.2 1.1
v 8.2 1.2 1.1
v 8.3 1.2 1.1
v 8.4 1.2 1.1
v 9.2 1.2 1.1
v 9.3 1.2 1.1
v 9.4 1.2 1.1
v 6.9 1.2 1
v 7 1.2 1
v 7.1 1.2 1
v 7.5 1.2 1
v 7.6 1.2 1
v 7.7 1.2 1
v 8.3 1.2 1
v 8.4 1.2 1
v 8.5 1.2 1
v 9.1 1.2 1
v 9.2 1.2 1
v 9.3 1.2 1
v 7 1.2 0.9
v 7.1 1.2 0.9
v 7.5 1.2 0.9
v 7.6 1.2 0.9
v 8.4 1.2 0.9
v 8.5 1.2 0.9
v 8.6 1.2 0.9
v 9 1.2 0.9
v 9.1 1.2 0.9
v 9.2 1.2 0.9
v 7.1 1.2 0.8
v 7.5 1.2 0.8
v 8.5 1.2 0.8
v 8.6 1.2 0.8
v 9 1.2 0.8
v 9.1 1.2 0.8
v 8.6 1.2 0.7
v 9 1.2 0.7
v 7.9 1.2 0.6
v 8.3 1.2 0.6
v 7.8 1.2 0.5
v 7.9 1.2 0.5
v 8.3 1.2 0.5
v 8.4 1.2 0.5
v 7.7 1.2 0.4
v 7.8 1.2 0.4
v 7.9 1.2 0.4
v 8.3 1.2 0.4
v 8.4 1.2 0.4
v 8.5 1.2 0.4
v 7.6 1.2 0.3
v 7.7 1.2 0.3
v 7.8 1.2 0.3
v 8.4 1.2 0.3
v 8.5 1.2 0.3
v 8.6 1.2 0.3
v 7.5 1.2 0.2
v 7.6 1.2 0.2
v 7.7 1.2 0.2
v 8.5 1.2 0.2
v 8.6 1.2 0.2
v 8.7 1.2 0.2
v 7.5 1.2 -0.2
v 7.6 1.2 -0.2
v 7.7 1.2 -0.2
v 8.5 1.2 -0.2
v 8.6 1.2 -0.2
v 8.7 1.2 -0.2
v 7.6 1.2 -0.3
v 7.7 1.2 -0.3
v 7.8 1.2 -0.3
v 8.4 1.2 -0.3
v 8.5 1.2 -0.3
v 8.6 1.2 -0.3
v 7.7 1.2 -0.4
v 7.8 1.2 -0.4
v 7.9 1.2 -0.4
v 8.3 1.2 -0.4
v 8.4 1.2 -0.4
v 8.5 1.2 -0.4
v 7.8 1.2 -0.5
v 7.9 1.2 -0.5
v 8.3 1.2 -0.5
v 8.4 1.2 -0.5
v 7.9 1.2 -0.6
v 8.3 1.2 -0.6
v -5.1 1.4 0
v -4.6 1.4 0
v -5.2 1.4 -0.0999999
v -5.1 1.4 -0.0999999
v -4.6 1.4 -0.0999999
v -4.5 1.4 -0.0999999
v -5.3 1.4 -0.2
v -5.2 1.4 -0.2
v -5.1 1.4 -0.2
v -4.6 1.4 -0.2
v -4.5 1.4 -0.2
v -4.4 1.4 -0.2
v -5.4 1.4 -0.3
v -5.3 1.4 -0.3
v -5.2 1.4 -0.3
v -4.5 1.4 -0.3
v -4.4 1.4 -0.3
v -4.3 1.4 -0.3
v -5.5 1.4 -0.4
v -5.4 1.4 -0.4
v -5.3 1.4 -0.4
v -4.4 1.4 -0.4
v -4.3 1.4 -0.4
v -4.2 1.4 -0.4
v -5.5 1.4 -0.9
v -5.4 1.4 -0.9
v -5.3 1.4 -0.9
v -4.4 1.4 -0.9
v -4.3 1.4 -0.9
v -4.2 1.4 -0.9
v -5.4 1.4 -1
v -5.3 1.4 -1
v -5.2 1.4 -1
v -4.5 1.4 -1
v -4.4 1.4 -1
v -4.3 1.4 -1
v -5.3 1.4 -1.1
v -5.2 1.4 -1.1
v -5.1 1.4 -1.1
v -4.6 1.4 -1.1
v -4.5 1.4 -1.1
v -4.4 1.4 -1.1
v -5.2 1.4 -1.2
v -5.1 1.4 -1.2
v -4.6 1.4 -1.2
v -4.5 1.4 -1.2
v -5.1 1.4 -1.3
v -4.6 1.4 -1.3
v 7.1 1.5 1.9
v 7.5 1.5 1.9
v 7 1.5 1.8
v 7.1 1.5 1.8
v 7.2 1.5 1.8
v 7.4 1.5 1.8
v 7.5 1.5 1.8
v 7.6 1.5 1.8
v 8.6 1.5 1.8
v 9 1.5 1.8
v 6.9 1.5 1.7
v 7 1.5 1.7
v 7.1 1.5 1.7
v 7.2 1.5 1.7
v 7.4 1.5 1.7
v 7.5 1.5 1.7
v 7.6 1.5 1.7
v 7.7 1.5 1.7
v 8.5 1.5 1.7
v 8.6 1.5 1.7
v 8.7 1.5 1.7
v 8.9 1.5 1.7
v 9 1.5 1.7
v 9.1 1.5 1.7
v 6.8 1.5 1.6
v 6.9 1.5 1.6
v 7 1.5 1.6
v 7.1 1.5 1.6
v 7.5 1.5 1.6
v 7.6 1.5 1.6
v 7.7 1.5 1.6
v 7.8 1.5 1.6
v 8.4 1.5 1.6
v 8.5 1.5 1.6
v 8.6 1.5 1.6
v 8.7 1.5 1.6
v 8.9 1.5 1.6
v 9 1.5 1.6
v 9.1 1.5 1.6
v 9.2 1.5 1.6
v 6.9 1.5 1.5
v 7 1.5 1.5
v 7.6 1.5 1.5
v 7.7 1.5 1.5
v 8.3 1.5 1.5
v 8.4 1.5 1.5
v 8.5 1.5 1.5
v 8.6 1.5 1.5
v 9 1.5 1.5
v 9.1 1.5 1.5
v 9.2 1.5 1.5
v 9.3 1.5 1.5
v 8.4 1.5 1.4
v 8.5 1.5 1.4
v 9.1 1.5 1.4
v 9.2 1.5 1.4
v 6.9 1.5 1.3
v 7 1.5 1.3
v 7.6 1.5 1.3
v 7.7 1.5 1.3
v 6.8 1.5 1.2
v 6.9 1.5 1.2
v 7 1.5 1.2
v 7.1 1.5 1.2
v 7.5 1.5 1.2
v 7.6 1.5 1.2
v 7.7 1.5 1.2
v 7.8 1.5 1.2
v 8.4 1.5 1.2
v 8.5 1.5 1.2
v 9.1 1.5 1.2
v 9.2 1.5 1.2
v 6.9 1.5 1.1
v 7 1.5 1.1
v 7.1 1.5 1.1
v 7.2 1.5 1.1
v 7.6 1.5 1.1
v 7.7 1.5 1.1
v 8.3 1.5 1.1
v 8.4 1.5 1.1
v 8.5 1.5 1.1
v 8.6 1.5 1.1
v 9 1.5 1.1
v 9.1 1.5 1.1
v 9.2 1.5 1.1
v 9.3 1.5 1.1
v 7 1.5 1
v 7.1 1.5 1
v 7.2 1.5 1
v 7.5 1.5 1
v 7.6 1.5 1
v 8.4 1.5 1
v 8.5 1.5 1
v 8.6 1.5 1
v 8.7 1.5 1
v 9.1 1.5 1
v 9.2 1.5 1
v 7.1 1.5 0.9
v 7.5 1.5 0.9
v 8.5 1.5 0.9
v 8.6 1.5 0.9
v 8.7 1.5 0.9
v 9 1.5 0.9
v 9.1 1.5 0.9
v 8.6 1.5 0.8
v 9 1.5 0.8
v 7.9 1.5 0.5
v 8.3 1.5 0.5
v 7.8 1.5 0.4
v 7.9 1.5 0.4
v 8 1.5 0.4
v 8.2 1.5 0.4
v 8.3 1.5 0.4
v 8.4 1.5 0.4
v 7.7 1.5 0.3
v 7.8 1.5 0.3
v 7.9 1.5 0.3
v 8 1.5 0.3
v 8.2 1.5 0.3
v 8.3 1.5 0.3
v 8.4 1.5 0.3
v 8.5 1.5 0.3
v 7.6 1.5 0.2
v 7.7 1.5 0.2
v 7.8 1.5 0.2
v 7.9 1.5 0.2
v 8.3 1.5 0.2
v 8.4 1.5 0.2
v 8.5 1.5 0.2
v 8.6 1.5 0.2
v 7.7 1.5 0.0999999
v 7.8 1.5 0.0999999
v 8.4 1.5 0.0999999
v 8.5 1.5 0.0999999
v -5.1 1.5 -0.0999999
v -4.6 1.5 -0.0999999
v 7.7 1.5 -0.0999999
v 7.8 1.5 -0.0999999
v 8.4 1.5 -0.0999999
v 8.5 1.5 -0.0999999
v -5.2 1.5 -0.2
v -5.1 1.5 -0.2
v -5 1.5 -0.2
v -4.7 1.5 -0.2
v -4.6 1.5 -0.2
v -4.5 1.5 -0.2
v 7.6 1.5 -0.2
v 7.7 1.5 -0.2
v 7.8 1.5 -0.2
v 7.9 1.5 -0.2
v 8.3 1.5 -0.2
v 8.4 1.5 -0.2
v 8.5 1.5 -0.2
v 8.6 1.5 -0.2
v -5.3 1.5 -0.3
v -5.2 1.5 -0.3
v -5 1.5 -0.3
v -4.7 1.5 -0.3
v -4.5 1.5 -0.3
v -4.4 1.5 -0.3
v 7.7 1.5 -0.3
v 7.8 1.5 -0.3
v 7.9 1.5 -0.3
v 8 1.5 -0.3
v 8.4 1.5 -0.3
v 8.5 1.5 -0.3
v -5.4 1.5 -0.4
v -5.3 1.5 -0.4
v -4.4 1.5 -0.4
v -4.3 1.5 -0.4
v 7.8 1.5 -0.4
v 7.9 1.5 -0.4
v 8 1.5 -0.4
v 8.3 1.5 -0.4
v 8.4 1.5 -0.4
v -5.3 1.5 -0.5
v -5.2 1.5 -0.5
v -4.5 1.5 -0.5
v -4.4 1.5 -0.5
v 7.9 1.5 -0.5
v 8.3 1.5 -0.5
v -5.3 1.5 -0.8
v -5.2 1.5 -0.8
v -4.5 1.5 -0.8
v -4.4 1.5 -0.8
v -5.4 1.5 -0.9
v -5.3 1.5 -0.9
v -4.4 1.5 -0.9
v -4.3 1.5 -0.9
v -5.3 1.5 -1
v -5.2 1.5 -1
v -5 1.5 -1
v -4.7 1.5 -1
v -4.5 1.5 -1
v -4.4 1.5 -1
v -5.2 1.5 -1.1
v -5.1 1.5 -1.1
v -5 1.5 -1.1
v -4.7 1.5 -1.1
v -4.6 1.5 -1.1
v -4.5 1.5 -1.1
v -5.1 1.5 -1.2
v -4.6 1.5 -1.2
v -0.1 1.5 -1.3
v 0.0999994 1.5 -1.3
v -1.1 1.5 -1.4
v -0.900001 1.5 -1.4
v 0.9 1.5 -1.4
v 1.1 1.5 -1.4
v -1.1 1.5 -1.5
v -0.900001 1.5 -1.5
v -0.1 1.5 -1.5
v 0.0999994 1.5 -1.5
v 0.9 1.5 -1.5
v 1.1 1.5 -1.5
v -3.8 1.9 -1.9
v -3.7 1.9 -1.9
v 3.5 1.9 -1.9
v 3.6 1.9 -1.9
v -3.8 1.9 -2
v -3.7 1.9 -2
v 3.5 1.9 -2
v 3.6 1.9 -2
v -1.1 2 -1.3
v -0.900001 2 -1.3
v 0.9 2 -1.3
v 1.1 2 -1.3
v -1.1 2 -1.4
v -0.900001 2 -1.4
v -0.7 2 -1.4
v 0.5 2 -1.4
v 0.9 2 -1.4
v 1.1 2 -1.4
v -0.900001 2 -1.5
v -0.7 2 -1.5
v 0.5 2 -1.5
v 0.9 2 -1.5
v 5.1 2.1 -1.9
v 5.2 2.1 -1.9
v 5.5 2.1 -1.9
v 7.1 2.1 -1.9
v 5.1 2.1 -2
v 5.2 2.1 -2
v 5.5 2.1 -2
v 7.1 2.1 -2
v -4 2.2 -1.8
v -3.7 2.2 -1.8
v 3.5 2.2 -1.8
v 3.7 2.2 -1.8
v -4 2.2 -1.9
v -3.8 2.2 -1.9
v 3.6 2.2 -1.9
v 3.7 2.2 -1.9
v 5.2 2.2 -1.9
v 5.5 2.2 -1.9
v -3.8 2.2 -2
v -3.7 2.2 -2
v 3.5 2.2 -2
v 3.6 2.2 -2
v 5.2 2.2 -2
v 5.5 2.2 -2
v -4 2.3 -2
v -3.9 2.3 -2
v -3.6 2.3 -2
v -3.5 2.3 -2
v 3.3 2.3 -2
v 3.4 2.3 -2
v 3.7 2.3 -2
v 3.8 2.3 -2
v -4 2.3 -2.1
v -3.9 2.3 -2.1
v -3.6 2.3 -2.1
v -3.5 2.3 -2.1
v 3.3 2.3 -2.1
v 3.4 2.3 -2.1
v 3.7 2.3 -2.1
v 3.8 2.3 -2.1
v -3.9 2.4 -2
v -3.8 2.4 -2
v -3.7 2.4 -2
v -3.6 2.4 -2
v 3.4 2.4 -2
v 3.5 2.4 -2
v 3.6 2.4 -2
v 3.7 2.4 -2
v -3.9 2.4 -2.1
v -3.8 2.4 -2.1
v -3.7 2.4 -2.1
v -3.6 2.4 -2.1
v 3.4 2.4 -2.1
v 3.5 2.4 -2.1
v 3.6 2.4 -2.1
v 3.7 2.4 -2.1
v -3.8 2.5 -2
v -3.7 2.5 -2
v 3.5 2.5 -2
v 3.6 2.5 -2
v -3.8 2.5 -2.1
v -3.7 2.5 -2.1
v 3.5 2.5 -2.1
v 3.6 2.5 -2.1
v -2.6 2.6 -1.9
v -2.5 2.6 -1.9
v -2.4 2.6 -1.9
v -2.3 2.6 -1.9
v 2.1 2.6 -1.9
v 2.2 2.6 -1.9
v 2.3 2.6 -1.9
v 2.4 2.6 -1.9
v -2.6 2.6 -2
v -2.5 2.6 -2
v -2.4 2.6 -2
v -2.3 2.6 -2
v 2.1 2.6 -2
v 2.2 2.6 -2
v 2.3 2.6 -2
v 2.4 2.6 -2
v -4.2 2.8 -1.8
v -4.1 2.8 -1.8
v -4 2.8 -1.8
v -3.9 2.8 -1.8
v -2.6 2.8 -1.8
v -2.3 2.8 -1.8
v 2.1 2.8 -1.8
v 2.4 2.8 -1.8
v 3.6 2.8 -1.8
v 3.7 2.8 -1.8
v 3.8 2.8 -1.8
v 3.9 2.8 -1.8
v -4.2 2.8 -1.9
v -4.1 2.8 -1.9
v -4 2.8 -1.9
v -3.9 2.8 -1.9
v -2.9 2.8 -1.9
v -2.8 2.8 -1.9
v -2.7 2.8 -1.9
v -2.6 2.8 -1.9
v -2.3 2.8 -1.9
v -2.2 2.8 -1.9
v -2.1 2.8 -1.9
v -2 2.8 -1.9
v 1.8 2.8 -1.9
v 1.9 2.8 -1.9
v 2 2.8 -1.9
v 2.1 2.8 -1.9
v 2.4 2.8 -1.9
v 2.5 2.8 -1.9
v 2.6 2.8 -1.9
v 2.7 2.8 -1.9
v 3.6 2.8 -1.9
v 3.7 2.8 -1.9
v 3.8 2.8 -1.9
v 3.9 2.8 -1.9
v 4.4 2.8 -1.9
v 7.8 2.8 -1.9
v -2.9 2.8 -2
v -2.8 2.8 -2
v -2.7 2.8 -2
v -2.6 2.8 -2
v -2.3 2.8 -2
v -2.2 2.8 -2
v -2.1 2.8 -2
v -2 2.8 -2
v 1.8 2.8 -2
v 1.9 2.8 -2
v 2 2.8 -2
v 2.1 2.8 -2
v 2.4 2.8 -2
v 2.5 2.8 -2
v 2.6 2.8 -2
v 2.7 2.8 -2
v 4.4 2.8 -2
v 7.8 2.8 -2
v 4.4 2.8 -2.1
v 7.8 2.8 -2.1
v -4.1 2.9 -1.8
v -4 2.9 -1.8
v 3.7 2.9 -1.8
v 3.8 2.9 -1.8
v -4.1 2.9 -1.9
v -4 2.9 -1.9
v 3.7 2.9 -1.9
v 3.8 2.9 -1.9
v -3.1 2.9 -2
v -1.8 2.9 -2
v 1.6 2.9 -2
v 2.9 2.9 -2
v -3.1 2.9 -2.1
v -1.8 2.9 -2.1
v 1.6 2.9 -2.1
v 2.9 2.9 -2.1
v -1.1 3.3 -1.3
v 1.1 3.3 -1.3
v -1.1 3.3 -1.5
v 1.1 3.3 -1.5
v -1.1 3.6 -1.5
v 1.1 3.6 -1.5
v -1.1 3.6 -1.6
v 1.1 3.6 -1.6
v -5.1 4.5 0.0999999
v -4.6 4.5 0.0999999
v -5.2 4.5 0
v -5.1 4.5 0
v -4.6 4.5 0
v -4.5 4.5 0
v -5.3 4.5 -0.0999999
v -5.2 4.5 -0.0999999
v -5.1 4.5 -0.0999999
v -4.6 4.5 -0.0999999
v -4.5 4.5 -0.0999999
v -4.4 4.5 -0.0999999
v -5.4 4.5 -0.2
v -5.3 4.5 -0.2
v -5.2 4.5 -0.2
v -4.5 4.5 -0.2
v -4.4 4.5 -0.2
v -4.3 4.5 -0.2
v -5.5 4.5 -0.3
v -5.4 4.5 -0.3
v -5.3 4.5 -0.3
v -4.4 4.5 -0.3
v -4.3 4.5 -0.3
v -4.2 4.5 -0.3
v -5.6 4.5 -0.4
v -5.5 4.5 -0.4
v -5.4 4.5 -0.4
v -4.3 4.5 -0.4
v -4.2 4.5 -0.4
v -4.1 4.5 -0.4
v -5.6 4.5 -0.9
v -5.5 4.5 -0.9
v -5.4 4.5 -0.9
v -4.3 4.5 -0.9
v -4.2 4.5 -0.9
v -4.1 4.5 -0.9
v -5.5 4.5 -1
v -5.4 4.5 -1
v -5.3 4.5 -1
v -4.4 4.5 -1
v -4.3 4.5 -1
v -4.2 4.5 -1
v -5.4 4.5 -1.1
v -5.3 4.5 -1.1
v -5.2 4.5 -1.1
v -4.5 4.5 -1.1
v -4.4 4.5 -1.1
v -4.3 4.5 -1.1
v -5.3 4.5 -1.2
v -5.2 4.5 -1.2
v -5.1 4.5 -1.2
v -4.6 4.5 -1.2
v -4.5 4.5 -1.2
v -4.4 4.5 -1.2
v -5.2 4.5 -1.3
v -5.1 4.5 -1.3
v -4.6 4.5 -1.3
v -4.5 4.5 -1.3
v -5.1 4.5 -1.4
v -4.6 4.5 -1.4
v -5.1 4.6 0
v -4.6 4.6 0
v -5.2 4.6 -0.0999999
v -5.1 4.6 -0.0999999
v -4.6 4.6 -0.0999999
v -4.5 4.6 -0.0999999
v -5.3 4.6 -0.2
v -5.2 4.6 -0.2
v -5.1 4.6 -0.2
v -4.6 4.6 -0.2
v -4.5 4.6 -0.2
v -4.4 4.6 -0.2
v -5.4 4.6 -0.3
v -5.3 4.6 -0.3
v -5.2 4.6 -0.3
v -4.5 4.6 -0.3
v -4.4 4.6 -0.3
v -4.3 4.6 -0.3
v -5.5 4.6 -0.4
v -5.4 4.6 -0.4
v -5.3 4.6 -0.4
v -4.4 4.6 -0.4
v -4.3 4.6 -0.4
v -4.2 4.6 -0.4
v -5.5 4.6 -0.9
v -5.4 4.6 -0.9
v -5.3 4.6 -0.9
v -4.4 4.6 -0.9
v -4.3 4.6 -0.9
v -4.2 4.6 -0.9
v -5.4 4.6 -1
v -5.3 4.6 -1
v -5.2 4.6 -1
v -4.5 4.6 -1
v -4.4 4.6 -1
v -4.3 4.6 -1
v -5.3 4.6 -1.1
v -5.2 4.6 -1.1
v -5.1 4.6 -1.1
v -4.6 4.6 -1.1
v -4.5 4.6 -1.1
v -4.4 4.6 -1.1
v -5.2 4.6 -1.2
v -5.1 4.6 -1.2
v -4.6 4.6 -1.2
v -4.5 4.6 -1.2
v -5.1 4.6 -1.3
v -4.6 4.6 -1.3
v -5.1 4.7 -0.0999999
v -4.6 4.7 -0.0999999
v -5.2 4.7 -0.2
v -5.1 4.7 -0.2
v -5 4.7 -0.2
v -4.7 4.7 -0.2
v -4.6 4.7 -0.2
v -4.5 4.7 -0.2
v -5.3 4.7 -0.3
v -5.2 4.7 -0.3
v -5.1 4.7 -0.3
v -5 4.7 -0.3
v -4.7 4.7 -0.3
v -4.6 4.7 -0.3
v -4.5 4.7 -0.3
v -4.4 4.7 -0.3
v -5.4 4.7 -0.4
v -5.3 4.7 -0.4
v -5.2 4.7 -0.4
v -5.1 4.7 -0.4
v -4.6 4.7 -0.4
v -4.5 4.7 -0.4
v -4.4 4.7 -0.4
v -4.3 4.7 -0.4
v -5.3 4.7 -0.5
v -5.2 4.7 -0.5
v -4.5 4.7 -0.5
v -4.4 4.7 -0.5
v -5.3 4.7 -0.8
v -5.2 4.7 -0.8
v -4.5 4.7 -0.8
v -4.4 4.7 -0.8
v -5.4 4.7 -0.9
v -5.3 4.7 -0.9
v -5.2 4.7 -0.9
v -5.1 4.7 -0.9
v -4.6 4.7 -0.9
v -4.5 4.7 -0.9
v -4.4 4.7 -0.9
v -4.3 4.7 -0.9
v -5.3 4.7 -1
v -5.2 4.7 -1
v -5.1 4.7 -1
v -5 4.7 -1
v -4.7 4.7 -1
v -4.6 4.7 -1
v -4.5 4.7 -1
v -4.4 4.7 -1
v -5.2 4.7 -1.1
v -5.1 4.7 -1.1
v -5 4.7 -1.1
v -4.7 4.7 -1.1
v -4.6 4.7 -1.1
v -4.5 4.7 -1.1
v -5.1 4.7 -1.2
v -4.6 4.7 -1.2
v -0.8 5.4 -1.2
v -0.6 5.4 -1.2
v 0.599999 5.4 -1.2
v 0.8 5.4 -1.2
v -0.8 5.4 -1.4
v -0.6 5.4 -1.4
v 0.599999 5.4 -1.4
v 0.8 5.4 -1.4
v -0.6 5.5 -1.2
v -0.400001 5.5 -1.2
v 0.4 5.5 -1.2
v 0.599999 5.5 -1.2
v -0.6 5.5 -1.4
v -0.400001 5.5 -1.4
v 0.4 5.5 -1.4
v 0.599999 5.5 -1.4
v -0.400001 5.6 -1.2
v -0.2 5.6 -1.2
v 0.2 5.6 -1.2
v 0.4 5.6 -1.2
v -0.400001 5.6 -1.4
v -0.2 5.6 -1.4
v 0.2 5.6 -1.4
v 0.4 5.6 -1.4
v -0.2 5.8 -1.2
v 0.2 5.8 -1.2
v -1.2 5.8 -1.4
v -0.7 5.8 -1.4
v -0.2 5.8 -1.4
v 0.2 5.8 -1.4
v 0.7 5.8 -1.4
v 1.2 5.8 -1.4
v -1.2 5.8 -1.5
v -1.1 5.8 -1.5
v -0.7 5.8 -1.5
v 0.7 5.8 -1.5
v 1.1 5.8 -1.5
v 1.2 5.8 -1.5
v -0.7 5.9 -1.4
v -0.6 5.9 -1.4
v 0.599999 5.9 -1.4
v 0.7 5.9 -1.4
v -0.7 5.9 -1.5
v -0.6 5.9 -1.5
v 0.599999 5.9 -1.5
v 0.7 5.9 -1.5
v -0.6 6 -1.4
v -0.5 6 -1.4
v 0.5 6 -1.4
v 0.599999 6 -1.4
v -0.6 6 -1.5
v -0.5 6 -1.5
v 0.5 6 -1.5
v 0.599999 6 -1.5
v -10 6 -2.1
v -9.9 6 -2.1
v 9.9 6 -2.1
v 10 6 -2.1
v -10 6 -2.2
v -9.9 6 -2.2
v 9.9 6 -2.2
v 10 6 -2.2
v -10 6 -3
v 10 6 -3
v -0.5 6.1 -1.4
v 0.5 6.1 -1.4
v -0.5 6.1 -1.5
v 0 6.1 -1.5
v 0.0999994 6.1 -1.5
v 0.5 6.1 -1.5
v -10 7.3 6.4
v -9.9 7.3 6.4
v 9.9 7.3 6.4
v 10 7.3 6.4
v -1.1 7.3 -1.5
v 1.1 7.3 -1.5
v -1 7.3 -1.6
v -0.6 7.3 -1.6
v -0.5 7.3 -1.6
v 0 7.3 -1.6
v 0.0999994 7.3 -1.6
v 0.599999 7.3 -1.6
v 0.7 7.3 -1.6
v 1 7.3 -1.6
v -10 7.3 -2.1
v -9.9 7.3 -2.1
v -1.1 7.3 -2.1
v -1 7.3 -2.1
v -0.6 7.3 -2.1
v -0.5 7.3 -2.1
v 0 7.3 -2.1
v 0.0999994 7.3 -2.1
v 0.599999 7.3 -2.1
v 0.7 7.3 -2.1
v 1 7.3 -2.1
v 1.1 7.3 -2.1
v 9.9 7.3 -2.1
v 10 7.3 -2.1
v -9.9 7.3 -2.2
v 9.9 7.3 -2.2
v -5 9 -0.2
v -4.7 9 -0.2
v -5.1 9 -0.3
v -5 9 -0.3
v -4.7 9 -0.3
v -4.6 9 -0.3
v -5.2 9 -0.4
v -5.1 9 -0.4
v -4.6 9 -0.4
v -4.5 9 -0.4
v -5.3 9 -0.5
v -5.2 9 -0.5
v -4.5 9 -0.5
v -4.4 9 -0.5
v -5.3 9 -0.8
v -5.2 9 -0.8
v -4.5 9 -0.8
v -4.4 9 -0.8
v -5.2 9 -0.9
v -5.1 9 -0.9
v -4.6 9 -0.9
v -4.5 9 -0.9
v -5.1 9 -1
v -5 9 -1
v -4.7 9 -1
v -4.6 9 -1
v -5 9 -1.1
v -4.7 9 -1.1

# faces
f 29/26/1 2/26/1 1/26/1
f 30/26/1 2/26/1 29/26/1
f 31/26/1 2/26/1 30/26/1
f 32/33/1 3/33/1 2/33/1
f 32/26/1 2/26/1 31/26/1
f 33/26/1 4/26/1 3/26/1
f 33/33/1 3/33/1 32/33/1
f 34/26/1 4/26/1 33/26/1
f 35/26/1 4/26/1 34/26/1
f 36/33/1 5/33/1 4/33/1
f 36/26/1 4/26/1 35/26/1
f 37/26/1 6/26/1 5/26/1
f 37/33/1 5/33/1 36/33/1
f 38/26/1 6/26/1 37/26/1
f 39/26/1 6/26/1 38/26/1
f 40/33/1 7/33/1 6/33/1
f 40/26/1 6/26/1 39/26/1
f 41/26/1 8/26/1 7/26/1
f 41/33/1 7/33/1 40/33/1
f 42/26/1 8/26/1 41/26/1
f 43/26/1 8/26/1 42/26/1
f 44/33/1 9/33/1 8/33/1
f 44/26/1 8/26/1 43/26/1
f 45/26/1 10/26/1 9/26/1
f 45/33/1 9/33/1 44/33/1
f 46/26/1 10/26/1 45/26/1
f 47/26/1 10/26/1 46/26/1
f 48/33/1 11/33/1 10/33/1
f 48/26/1 10/26/1 47/26/1
f 49/26/1 12/26/1 11/26/1
f 49/33/1 11/33/1 48/33/1
f 50/26/1 12/26/1 49/26/1
f 51/26/1 12/26/1 50/26/1
f 52/26/1 12/26/1 51/26/1
f 53/33/1 13/33/1 12/33/1
f 53/26/1 12/26/1 52/26/1
f 54/26/1 14/26/1 13/26/1
f 54/33/1 13/33/1 53/33/1
f 55/26/1 14/26/1 54/26/1
f 56/26/1 14/26/1 55/26/1
f 57/33/1 15/33/1 14/33/1
f 57/26/1 14/26/1 56/26/1
f 58/26/1 16/26/1 15/26/1
f 58/33/1 15/33/1 57/33/1
f 59/26/1 16/26/1 58/26/1
f 60/26/1 16/26/1 59/26/1
f 61/26/1 16/26/1 60/26/1
f 62/33/1 17/33/1 16/33/1
f 62/26/1 16/26/1 61/26/1
f 63/26/1 18/26/1 17/26/1
f 63/33/1 17/33/1 62/33/1
f 64/26/1 18/26/1 63/26/1
f 65/26/1 18/26/1 64/26/1
f 66/33/1 19/33/1 18/33/1
f 66/26/1 18/26/1 65/26/1
f 67/26/1 20/26/1 19/26/1
f 67/33/1 19/33/1 66/33/1
f 68/33/1 21/33/1 20/33/1
f 68/26/1 20/26/1 67/26/1
f 69/26/1 22/26/1 21/26/1
f 69/33/1 21/33/1 68/33/1
f 70/33/1 23/33/1 22/33/1
f 70/26/1 22/26/1 69/26/1
f 71/26/1 24/26/1 23/26/1
f 71/33/1 23/33/1 70/33/1
f 72/33/1 25/33/1 24/33/1
f 72/26/1 24/26/1 71/26/1
f 73/26/1 26/26/1 25/26/1
f 73/33/1 25/33/1 72/33/1
f 74/33/1 27/33/1 26/33/1
f 74/26/1 26/26/1 73/26/1
f 75/26/1 28/26/1 27/26/1
f 75/33/1 27/33/1 74/33/1
f 76/26/1 28/26/1 75/26/1
f 77/23/1 30/23/1 29/23/1
f 78/25/1 31/25/1 30/25/1
f 78/23/1 30/23/1 77/23/1
f 79/23/1 32/23/1 31/23/1
f 79/25/1 31/25/1 78/25/1
f 79/23/1 33/23/1 32/23/1
f 79/23/1 34/23/1 33/23/1
f 80/25/1 35/25/1 34/25/1
f 80/23/1 34/23/1 79/23/1
f 81/23/1 36/23/1 35/23/1
f 81/25/1 35/25/1 80/25/1
f 81/23/1 37/23/1 36/23/1
f 81/23/1 38/23/1 37/23/1
f 82/25/1 39/25/1 38/25/1
f 82/23/1 38/23/1 81/23/1
f 83/23/1 40/23/1 39/23/1
f 83/25/1 39/25/1 82/25/1
f 84/25/1 41/25/1 40/25/1
f 84/23/1 40/23/1 83/23/1
f 85/23/1 42/23/1 41/23/1
f 85/25/1 41/25/1 84/25/1
f 86/25/1 43/25/1 42/25/1
f 86/23/1 42/23/1 85/23/1
f 87/23/1 44/23/1 43/23/1
f 87/25/1 43/25/1 86/25/1
f 87/23/1 45/23/1 44/23/1
f 87/23/1 46/23/1 45/23/1
f 88/25/1 47/25/1 46/25/1
f 88/23/1 46/23/1 87/23/1
f 89/23/1 48/23/1 47/23/1
f 89/25/1 47/25/1 88/25/1
f 89/23/1 49/23/1 48/23/1
f 90/25/1 50/25/1 49/25/1
f 90/23/1 49/23/1 89/23/1
f 91/23/1 51/23/1 50/23/1
f 91/25/1 50/25/1 90/25/1
f 92/25/1 52/25/1 51/25/1
f 92/23/1 51/23/1 91/23/1
f 93/23/1 53/23/1 52/23/1
f 93/25/1 52/25/1 92/25/1
f 93/23/1 55/23/1 54/23/1
f 93/23/1 54/23/1 53/23/1
f 94/25/1 56/25/1 55/25/1
f 94/23/1 55/23/1 93/23/1
f 95/23/1 57/23/1 56/23/1
f 95/25/1 56/25/1 94/25/1
f 95/23/1 59/23/1 58/23/1
f 95/23/1 58/23/1 57/23/1
f 96/25/1 60/25/1 59/25/1
f 96/23/1 59/23/1 95/23/1
f 97/23/1 61/23/1 60/23/1
f 97/25/1 60/25/1 96/25/1
f 98/25/1 62/25/1 61/25/1
f 98/23/1 61/23/1 97/23/1
f 99/23/1 64/23/1 63/23/1
f 99/25/1 62/25/1 98/25/1
f 99/23/1 63/23/1 62/23/1
f 100/25/1 65/25/1 64/25/1
f 100/23/1 64/23/1 99/23/1
f 101/23/1 66/23/1 65/23/1
f 101/25/1 65/25/1 100/25/1
f 101/23/1 67/23/1 66/23/1
f 101/23/1 68/23/1 67/23/1
f 101/23/1 69/23/1 68/23/1
f 102/23/1 69/23/1 101/23/1
f 103/25/1 78/25/1 77/25/1
f 103/25/1 79/25/1 78/25/1
f 103/25/1 102/25/1 101/25/1
f 103/25/1 101/25/1 100/25/1
f 103/25/1 89/25/1 88/25/1
f 103/25/1 95/25/1 94/25/1
f 103/25/1 83/25/1 82/25/1
f 103/25/1 98/25/1 97/25/1
f 103/25/1 80/25/1 79/25/1
f 103/25/1 90/25/1 89/25/1
f 103/25/1 84/25/1 83/25/1
f 103/25/1 100/25/1 99/25/1
f 103/25/1 99/25/1 98/25/1
f 103/25/1 97/25/1 96/25/1
f 103/25/1 96/25/1 95/25/1
f 103/25/1 94/25/1 93/25/1
f 103/25/1 93/25/1 92/25/1
f 103/25/1 92/25/1 91/25/1
f 103/25/1 91/25/1 90/25/1
f 103/25/1 88/25/1 87/25/1
f 103/25/1 87/25/1 86/25/1
f 103/25/1 86/25/1 85/25/1
f 103/25/1 85/25/1 84/25/1
f 103/25/1 82/25/1 81/25/1
f 103/25/1 81/25/1 80/25/1
f 104/25/1 102/25/1 103/25/1
f 105/25/1 102/25/1 104/25/1
f 106/25/1 102/25/1 105/25/1
f 107/25/1 102/25/1 106/25/1
f 108/25/1 102/25/1 107/25/1
f 109/25/1 102/25/1 108/25/1
f 110/25/1 102/25/1 109/25/1
f 111/25/1 102/25/1 110/25/1
f 112/25/1 102/25/1 111/25/1
f 113/25/1 102/25/1 112/25/1
f 114/25/1 102/25/1 113/25/1
f 115/25/1 102/25/1 114/25/1
f 116/25/1 102/25/1 115/25/1
f 117/25/1 102/25/1 116/25/1
f 118/25/1 102/25/1 117/25/1
f 119/25/1 102/25/1 118/25/1
f 120/25/1 102/25/1 119/25/1
f 121/25/1 102/25/1 120/25/1
f 122/25/1 102/25/1 121/25/1
f 123/25/1 102/25/1 122/25/1
f 124/25/1 102/25/1 123/25/1
f 125/25/1 102/25/1 124/25/1
f 126/25/1 102/25/1 125/25/1
f 127/25/1 102/25/1 126/25/1
f 128/23/1 69/23/1 102/23/1
f 128/25/1 102/25/1 127/25/1
f 129/23/1 104/23/1 103/23/1
f 130/25/1 105/25/1 104/25/1
f 130/23/1 104/23/1 129/23/1
f 131/23/1 106/23/1 105/23/1
f 131/25/1 105/25/1 130/25/1
f 132/25/1 107/25/1 106/25/1
f 132/23/1 106/23/1 131/23/1
f 133/23/1 108/23/1 107/23/1
f 133/25/1 107/25/1 132/25/1
f 134/25/1 109/25/1 108/25/1
f 134/23/1 108/23/1 133/23/1
f 135/23/1 110/23/1 109/23/1
f 135/25/1 109/25/1 134/25/1
f 136/25/1 111/25/1 110/25/1
f 136/23/1 110/23/1 135/23/1
f 137/23/1 112/23/1 111/23/1
f 137/25/1 111/25/1 136/25/1
f 138/25/1 113/25/1 112/25/1
f 138/23/1 112/23/1 137/23/1
f 139/23/1 114/23/1 113/23/1
f 139/25/1 113/25/1 138/25/1
f 140/25/1 115/25/1 114/25/1
f 140/23/1 114/23/1 139/23/1
f 141/23/1 116/23/1 115/23/1
f 141/25/1 115/25/1 140/25/1
f 142/25/1 117/25/1 116/25/1
f 142/23/1 116/23/1 141/23/1
f 143/23/1 118/23/1 117/23/1
f 143/25/1 117/25/1 142/25/1
f 144/25/1 119/25/1 118/25/1
f 144/23/1 118/23/1 143/23/1
f 145/23/1 120/23/1 119/23/1
f 145/25/1 119/25/1 144/25/1
f 146/25/1 121/25/1 120/25/1
f 146/23/1 120/23/1 145/23/1
f 147/23/1 122/23/1 121/23/1
f 147/25/1 121/25/1 146/25/1
f 148/25/1 123/25/1 122/25/1
f 148/23/1 122/23/1 147/23/1
f 149/23/1 124/23/1 123/23/1
f 149/25/1 123/25/1 148/25/1
f 150/25/1 125/25/1 124/25/1
f 150/23/1 124/23/1 149/23/1
f 151/23/1 126/23/1 125/23/1
f 151/25/1 125/25/1 150/25/1
f 152/25/1 127/25/1 126/25/1
f 152/23/1 126/23/1 151/23/1
f 153/23/1 128/23/1 127/23/1
f 153/25/1 127/25/1 152/25/1
f 154/23/1 69/23/1 128/23/1
f 154/23/1 128/23/1 153/23/1
f 155/25/1 151/25/1 150/25/1
f 155/25/1 153/25/1 152/25/1
f 155/25/1 154/25/1 153/25/1
f 155/25/1 152/25/1 151/25/1
f 155/25/1 150/25/1 149/25/1
f 155/25/1 149/25/1 148/25/1
f 155/25/1 148/25/1 147/25/1
f 155/25/1 147/25/1 146/25/1
f 155/25/1 146/25/1 145/25/1
f 155/25/1 145/25/1 144/25/1
f 155/25/1 144/25/1 143/25/1
f 155/25/1 143/25/1 142/25/1
f 155/25/1 142/25/1 141/25/1
f 155/25/1 141/25/1 140/25/1
f 155/25/1 140/25/1 139/25/1
f 155/25/1 139/25/1 138/25/1
f 155/25/1 138/25/1 137/25/1
f 155/25/1 137/25/1 136/25/1
f 155/25/1 136/25/1 135/25/1
f 155/25/1 135/25/1 134/25/1
f 155/25/1 134/25/1 133/25/1
f 155/25/1 133/25/1 132/25/1
f 155/25/1 132/25/1 131/25/1
f 155/25/1 131/25/1 130/25/1
f 155/25/1 130/25/1 129/25/1
f 156/25/1 154/25/1 155/25/1
f 157/25/1 154/25/1 156/25/1
f 158/25/1 154/25/1 157/25/1
f 159/25/1 154/25/1 158/25/1
f 160/25/1 154/25/1 159/25/1
f 161/25/1 154/25/1 160/25/1
f 162/25/1 154/25/1 161/25/1
f 163/25/1 154/25/1 162/25/1
f 164/25/1 154/25/1 163/25/1
f 165/25/1 154/25/1 164/25/1
f 166/25/1 154/25/1 165/25/1
f 167/25/1 154/25/1 166/25/1
f 168/25/1 154/25/1 167/25/1
f 169/25/1 154/25/1 168/25/1
f 170/25/1 154/25/1 169/25/1
f 171/25/1 154/25/1 170/25/1
f 172/25/1 154/25/1 171/25/1
f 173/25/1 154/25/1 172/25/1
f 174/25/1 154/25/1 173/25/1
f 175/25/1 154/25/1 174/25/1
f 176/25/1 154/25/1 175/25/1
f 177/25/1 154/25/1 176/25/1
f 178/25/1 154/25/1 177/25/1
f 179/25/1 154/25/1 178/25/1
f 180/23/1 69/23/1 154/23/1
f 180/25/1 154/25/1 179/25/1
f 181/23/1 156/23/1 155/23/1
f 182/25/1 157/25/1 156/25/1
f 182/23/1 156/23/1 181/23/1
f 183/23/1 158/23/1 157/23/1
f 183/25/1 157/25/1 182/25/1
f 184/25/1 159/25/1 158/25/1
f 184/23/1 158/23/1 183/23/1
f 185/23/1 160/23/1 159/23/1
f 185/25/1 159/25/1 184/25/1
f 186/25/1 161/25/1 160/25/1
f 186/23/1 160/23/1 185/23/1
f 187/23/1 162/23/1 161/23/1
f 187/25/1 161/25/1 186/25/1
f 188/25/1 163/25/1 162/25/1
f 188/23/1 162/23/1 187/23/1
f 189/23/1 164/23/1 163/23/1
f 189/25/1 163/25/1 188/25/1
f 190/25/1 165/25/1 164/25/1
f 190/23/1 164/23/1 189/23/1
f 191/23/1 166/23/1 165/23/1
f 191/25/1 165/25/1 190/25/1
f 192/25/1 167/25/1 166/25/1
f 192/23/1 166/23/1 191/23/1
f 193/23/1 168/23/1 167/23/1
f 193/25/1 167/25/1 192/25/1
f 194/25/1 169/25/1 168/25/1
f 194/23/1 168/23/1 193/23/1
f 195/23/1 170/23/1 169/23/1
f 195/25/1 169/25/1 194/25/1
f 196/25/1 171/25/1 170/25/1
f 196/23/1 170/23/1 195/23/1
f 197/23/1 172/23/1 171/23/1
f 197/25/1 171/25/1 196/25/1
f 198/25/1 173/25/1 172/25/1
f 198/23/1 172/23/1 197/23/1
f 199/23/1 174/23/1 173/23/1
f 199/25/1 173/25/1 198/25/1
f 200/25/1 175/25/1 174/25/1
f 200/23/1 174/23/1 199/23/1
f 201/23/1 176/23/1 175/23/1
f 201/25/1 175/25/1 200/25/1
f 202/25/1 177/25/1 176/25/1
f 202/23/1 176/23/1 201/23/1
f 203/23/1 178/23/1 177/23/1
f 203/25/1 177/25/1 202/25/1
f 204/25/1 179/25/1 178/25/1
f 204/23/1 178/23/1 203/23/1
f 205/23/1 180/23/1 179/23/1
f 205/25/1 179/25/1 204/25/1
f 206/23/1 69/23/1 180/23/1
f 206/23/1 180/23/1 205/23/1
f 207/25/1 203/25/1 202/25/1
f 207/25/1 205/25/1 204/25/1
f 207/25/1 206/25/1 205/25/1
f 207/25/1 204/25/1 203/25/1
f 207/25/1 202/25/1 201/25/1
f 207/25/1 201/25/1 200/25/1
f 207/25/1 200/25/1 199/25/1
f 207/25/1 199/25/1 198/25/1
f 207/25/1 198/25/1 197/25/1
f 207/25/1 197/25/1 196/25/1
f 207/25/1 196/25/1 195/25/1
f 207/25/1 195/25/1 194/25/1
f 207/25/1 194/25/1 193/25/1
f 207/25/1 193/25/1 192/25/1
f 207/25/1 192/25/1 191/25/1
f 207/25/1 191/25/1 190/25/1
f 207/25/1 190/25/1 189/25/1
f 207/25/1 189/25/1 188/25/1
f 207/25/1 188/25/1 187/25/1
f 207/25/1 187/25/1 186/25/1
f 207/25/1 186/25/1 185/25/1
f 207/25/1 185/25/1 184/25/1
f 207/25/1 184/25/1 183/25/1
f 207/25/1 183/25/1 182/25/1
f 207/25/1 182/25/1 181/25/1
f 208/25/1 206/25/1 207/25/1
f 209/25/1 206/25/1 208/25/1
f 210/25/1 206/25/1 209/25/1
f 211/25/1 206/25/1 210/25/1
f 212/25/1 206/25/1 211/25/1
f 213/25/1 206/25/1 212/25/1
f 214/25/1 206/25/1 213/25/1
f 215/25/1 206/25/1 214/25/1
f 216/25/1 206/25/1 215/25/1
f 217/25/1 206/25/1 216/25/1
f 218/25/1 206/25/1 217/25/1
f 219/25/1 206/25/1 218/25/1
f 220/25/1 206/25/1 219/25/1
f 221/25/1 206/25/1 220/25/1
f 222/25/1 206/25/1 221/25/1
f 223/25/1 206/25/1 222/25/1
f 224/25/1 206/25/1 223/25/1
f 225/25/1 206/25/1 224/25/1
f 226/25/1 206/25/1 225/25/1
f 227/25/1 206/25/1 226/25/1
f 228/25/1 206/25/1 227/25/1
f 229/25/1 206/25/1 228/25/1
f 230/25/1 206/25/1 229/25/1
f 231/25/1 206/25/1 230/25/1
f 232/23/1 69/23/1 206/23/1
f 232/25/1 206/25/1 231/25/1
f 233/23/1 208/23/1 207/23/1
f 234/25/1 209/25/1 208/25/1
f 234/23/1 208/23/1 233/23/1
f 235/23/1 210/23/1 209/23/1
f 235/25/1 209/25/1 234/25/1
f 236/25/1 211/25/1 210/25/1
f 236/23/1 210/23/1 235/23/1
f 237/23/1 212/23/1 211/23/1
f 237/25/1 211/25/1 236/25/1
f 238/25/1 213/25/1 212/25/1
f 238/23/1 212/23/1 237/23/1
f 239/23/1 214/23/1 213/23/1
f 239/25/1 213/25/1 238/25/1
f 240/25/1 215/25/1 214/25/1
f 240/23/1 214/23/1 239/23/1
f 241/23/1 216/23/1 215/23/1
f 241/25/1 215/25/1 240/25/1
f 242/25/1 217/25/1 216/25/1
f 242/23/1 216/23/1 241/23/1
f 243/23/1 218/23/1 217/23/1
f 243/25/1 217/25/1 242/25/1
f 244/25/1 219/25/1 218/25/1
f 244/23/1 218/23/1 243/23/1
f 245/23/1 220/23/1 219/23/1
f 245/25/1 219/25/1 244/25/1
f 246/25/1 221/25/1 220/25/1
f 246/23/1 220/23/1 245/23/1
f 247/23/1 222/23/1 221/23/1
f 247/25/1 221/25/1 246/25/1
f 248/25/1 223/25/1 222/25/1
f 248/23/1 222/23/1 247/23/1
f 249/23/1 224/23/1 223/23/1
f 249/25/1 223/25/1 248/25/1
f 250/25/1 225/25/1 224/25/1
f 250/23/1 224/23/1 249/23/1
f 251/23/1 226/23/1 225/23/1
f 251/25/1 225/25/1 250/25/1
f 252/25/1 227/25/1 226/25/1
f 252/23/1 226/23/1 251/23/1
f 253/23/1 228/23/1 227/23/1
f 253/25/1 227/25/1 252/25/1
f 254/25/1 229/25/1 228/25/1
f 254/23/1 228/23/1 253/23/1
f 255/23/1 230/23/1 229/23/1
f 255/25/1 229/25/1 254/25/1
f 256/25/1 231/25/1 230/25/1
f 256/23/1 230/23/1 255/23/1
f 257/23/1 232/23/1 231/23/1
f 257/25/1 231/25/1 256/25/1
f 258/23/1 69/23/1 232/23/1
f 258/23/1 232/23/1 257/23/1
f 259/25/1 255/25/1 254/25/1
f 259/25/1 257/25/1 256/25/1
f 259/25/1 258/25/1 257/25/1
f 259/25/1 256/25/1 255/25/1
f 259/25/1 254/25/1 253/25/1
f 259/25/1 253/25/1 252/25/1
f 259/25/1 252/25/1 251/25/1
f 259/25/1 251/25/1 250/25/1
f 259/25/1 250/25/1 249/25/1
f 259/25/1 249/25/1 248/25/1
f 259/25/1 248/25/1 247/25/1
f 259/25/1 247/25/1 246/25/1
f 259/25/1 246/25/1 245/25/1
f 259/25/1 245/25/1 244/25/1
f 259/25/1 244/25/1 243/25/1
f 259/25/1 243/25/1 242/25/1
f 259/25/1 242/25/1 241/25/1
f 259/25/1 241/25/1 240/25/1
f 259/25/1 240/25/1 239/25/1
f 259/25/1 239/25/1 238/25/1
f 259/25/1 238/25/1 237/25/1
f 259/25/1 237/25/1 236/25/1
f 259/25/1 236/25/1 235/25/1
f 259/25/1 235/25/1 234/25/1
f 259/25/1 234/25/1 233/25/1
f 260/25/1 258/25/1 259/25/1
f 261/25/1 258/25/1 260/25/1
f 262/25/1 258/25/1 261/25/1
f 263/25/1 258/25/1 262/25/1
f 264/25/1 258/25/1 263/25/1
f 265/25/1 258/25/1 264/25/1
f 266/25/1 258/25/1 265/25/1
f 267/25/1 258/25/1 266/25/1
f 268/25/1 258/25/1 267/25/1
f 269/25/1 258/25/1 268/25/1
f 270/25/1 258/25/1 269/25/1
f 271/25/1 258/25/1 270/25/1
f 272/25/1 258/25/1 271/25/1
f 273/25/1 258/25/1 272/25/1
f 274/25/1 258/25/1 273/25/1
f 275/25/1 258/25/1 274/25/1
f 276/25/1 258/25/1 275/25/1
f 277/25/1 258/25/1 276/25/1
f 278/25/1 258/25/1 277/25/1
f 279/25/1 258/25/1 278/25/1
f 280/25/1 258/25/1 279/25/1
f 281/25/1 258/25/1 280/25/1
f 282/25/1 258/25/1 281/25/1
f 283/25/1 258/25/1 282/25/1
f 284/23/1 69/23/1 258/23/1
f 284/25/1 258/25/1 283/25/1
f 285/23/1 260/23/1 259/23/1
f 286/25/1 261/25/1 260/25/1
f 286/23/1 260/23/1 285/23/1
f 287/23/1 262/23/1 261/23/1
f 287/25/1 261/25/1 286/25/1
f 288/25/1 263/25/1 262/25/1
f 288/23/1 262/23/1 287/23/1
f 289/23/1 264/23/1 263/23/1
f 289/25/1 263/25/1 288/25/1
f 290/25/1 265/25/1 264/25/1
f 290/23/1 264/23/1 289/23/1
f 291/23/1 266/23/1 265/23/1
f 291/25/1 265/25/1 290/25/1
f 292/25/1 267/25/1 266/25/1
f 292/23/1 266/23/1 291/23/1
f 293/23/1 268/23/1 267/23/1
f 293/25/1 267/25/1 292/25/1
f 294/25/1 269/25/1 268/25/1
f 294/23/1 268/23/1 293/23/1
f 295/23/1 270/23/1 269/23/1
f 295/25/1 269/25/1 294/25/1
f 296/25/1 271/25/1 270/25/1
f 296/23/1 270/23/1 295/23/1
f 297/23/1 272/23/1 271/23/1
f 297/25/1 271/25/1 296/25/1
f 298/25/1 273/25/1 272/25/1
f 298/23/1 272/23/1 297/23/1
f 299/23/1 274/23/1 273/23/1
f 299/25/1 273/25/1 298/25/1
f 300/25/1 275/25/1 274/25/1
f 300/23/1 274/23/1 299/23/1
f 301/23/1 276/23/1 275/23/1
f 301/25/1 275/25/1 300/25/1
f 302/25/1 277/25/1 276/25/1
f 302/23/1 276/23/1 301/23/1
f 303/23/1 278/23/1 277/23/1
f 303/25/1 277/25/1 302/25/1
f 304/25/1 279/25/1 278/25/1
f 304/23/1 278/23/1 303/23/1
f 305/23/1 280/23/1 279/23/1
f 305/25/1 279/25/1 304/25/1
f 306/25/1 281/25/1 280/25/1
f 306/23/1 280/23/1 305/23/1
f 307/23/1 282/23/1 281/23/1
f 307/25/1 281/25/1 306/25/1
f 308/25/1 283/25/1 282/25/1
f 308/23/1 282/23/1 307/23/1
f 309/23/1 284/23/1 283/23/1
f 309/25/1 283/25/1 308/25/1
f 310/23/1 69/23/1 284/23/1
f 310/23/1 284/23/1 309/23/1
f 311/25/1 307/25/1 306/25/1
f 311/25/1 309/25/1 308/25/1
f 311/25/1 310/25/1 309/25/1
f 311/25/1 308/25/1 307/25/1
f 311/25/1 306/25/1 305/25/1
f 311/25/1 305/25/1 304/25/1
f 311/25/1 304/25/1 303/25/1
f 311/25/1 303/25/1 302/25/1
f 311/25/1 302/25/1 301/25/1
f 311/25/1 301/25/1 300/25/1
f 311/25/1 300/25/1 299/25/1
f 311/25/1 299/25/1 298/25/1
f 311/25/1 298/25/1 297/25/1
f 311/25/1 297/25/1 296/25/1
f 311/25/1 296/25/1 295/25/1
f 311/25/1 295/25/1 294/25/1
f 311/25/1 294/25/1 293/25/1
f 311/25/1 293/25/1 292/25/1
f 311/25/1 292/25/1 291/25/1
f 311/25/1 291/25/1 290/25/1
f 311/25/1 290/25/1 289/25/1
f 311/25/1 289/25/1 288/25/1
f 311/25/1 288/25/1 287/25/1
f 311/25/1 287/25/1 286/25/1
f 311/25/1 286/25/1 285/25/1
f 312/25/1 310/25/1 311/25/1
f 313/25/1 310/25/1 312/25/1
f 314/25/1 310/25/1 313/25/1
f 315/25/1 310/25/1 314/25/1
f 316/25/1 310/25/1 315/25/1
f 317/25/1 310/25/1 316/25/1
f 318/25/1 310/25/1 317/25/1
f 319/25/1 310/25/1 318/25/1
f 320/25/1 310/25/1 319/25/1
f 321/25/1 310/25/1 320/25/1
f 322/25/1 310/25/1 321/25/1
f 323/25/1 310/25/1 322/25/1
f 324/25/1 310/25/1 323/25/1
f 325/25/1 310/25/1 324/25/1
f 326/25/1 310/25/1 325/25/1
f 327/25/1 310/25/1 326/25/1
f 328/25/1 310/25/1 327/25/1
f 329/25/1 310/25/1 328/25/1
f 330/25/1 310/25/1 329/25/1
f 331/25/1 310/25/1 330/25/1
f 332/25/1 310/25/1 331/25/1
f 333/25/1 310/25/1 332/25/1
f 334/25/1 310/25/1 333/25/1
f 335/25/1 310/25/1 334/25/1
f 336/23/1 69/23/1 310/23/1
f 336/25/1 310/25/1 335/25/1
f 337/23/1 312/23/1 311/23/1
f 338/25/1 313/25/1 312/25/1
f 338/23/1 312/23/1 337/23/1
f 339/23/1 314/23/1 313/23/1
f 339/25/1 313/25/1 338/25/1
f 340/25/1 315/25/1 314/25/1
f 340/23/1 314/23/1 339/23/1
f 341/23/1 316/23/1 315/23/1
f 341/25/1 315/25/1 340/25/1
f 342/25/1 317/25/1 316/25/1
f 342/23/1 316/23/1 341/23/1
f 343/23/1 318/23/1 317/23/1
f 343/25/1 317/25/1 342/25/1
f 344/25/1 319/25/1 318/25/1
f 344/23/1 318/23/1 343/23/1
f 345/23/1 320/23/1 319/23/1
f 345/25/1 319/25/1 344/25/1
f 346/25/1 321/25/1 320/25/1
f 346/23/1 320/23/1 345/23/1
f 347/23/1 322/23/1 321/23/1
f 347/25/1 321/25/1 346/25/1
f 348/25/1 323/25/1 322/25/1
f 348/23/1 322/23/1 347/23/1
f 349/23/1 324/23/1 323/23/1
f 349/25/1 323/25/1 348/25/1
f 350/25/1 325/25/1 324/25/1
f 350/23/1 324/23/1 349/23/1
f 351/23/1 326/23/1 325/23/1
f 351/25/1 325/25/1 350/25/1
f 352/25/1 327/25/1 326/25/1
f 352/23/1 326/23/1 351/23/1
f 353/23/1 328/23/1 327/23/1
f 353/25/1 327/25/1 352/25/1
f 354/25/1 329/25/1 328/25/1
f 354/23/1 328/23/1 353/23/1
f 355/23/1 330/23/1 329/23/1
f 355/25/1 329/25/1 354/25/1
f 356/25/1 331/25/1 330/25/1
f 356/23/1 330/23/1 355/23/1
f 357/23/1 332/23/1 331/23/1
f 357/25/1 331/25/1 356/25/1
f 358/25/1 333/25/1 332/25/1
f 358/23/1 332/23/1 357/23/1
f 359/23/1 334/23/1 333/23/1
f 359/25/1 333/25/1 358/25/1
f 360/25/1 335/25/1 334/25/1
f 360/23/1 334/23/1 359/23/1
f 361/23/1 336/23/1 335/23/1
f 361/25/1 335/25/1 360/25/1
f 362/23/1 69/23/1 336/23/1
f 362/23/1 336/23/1 361/23/1
f 363/15/1 359/15/1 358/15/1
f 363/15/1 361/15/1 360/15/1
f 363/15/1 362/15/1 361/15/1
f 363/15/1 360/15/1 359/15/1
f 363/15/1 358/15/1 357/15/1
f 363/15/1 357/15/1 356/15/1
f 363/15/1 356/15/1 355/15/1
f 363/15/1 355/15/1 354/15/1
f 363/15/1 354/15/1 353/15/1
f 363/15/1 353/15/1 352/15/1
f 363/15/1 352/15/1 351/15/1
f 363/15/1 351/15/1 350/15/1
f 363/15/1 350/15/1 349/15/1
f 363/15/1 349/15/1 348/15/1
f 363/15/1 348/15/1 347/15/1
f 363/15/1 347/15/1 346/15/1
f 363/15/1 346/15/1 345/15/1
f 363/15/1 345/15/1 344/15/1
f 363/15/1 344/15/1 343/15/1
f 363/15/1 343/15/1 342/15/1
f 363/15/1 342/15/1 341/15/1
f 363/15/1 341/15/1 340/15/1
f 363/15/1 340/15/1 339/15/1
f 363/15/1 339/15/1 338/15/1
f 363/15/1 338/15/1 337/15/1
f 364/15/1 362/15/1 363/15/1
f 365/15/1 362/15/1 364/15/1
f 366/15/1 362/15/1 365/15/1
f 367/15/1 362/15/1 366/15/1
f 368/15/1 362/15/1 367/15/1
f 369/15/1 362/15/1 368/15/1
f 370/15/1 362/15/1 369/15/1
f 371/15/1 362/15/1 370/15/1
f 372/15/1 362/15/1 371/15/1
f 373/15/1 362/15/1 372/15/1
f 374/15/1 362/15/1 373/15/1
f 375/15/1 362/15/1 374/15/1
f 376/15/1 362/15/1 375/15/1
f 377/15/1 362/15/1 376/15/1
f 378/15/1 362/15/1 377/15/1
f 379/15/1 362/15/1 378/15/1
f 380/15/1 362/15/1 379/15/1
f 381/15/1 362/15/1 380/15/1
f 382/15/1 362/15/1 381/15/1
f 383/15/1 362/15/1 382/15/1
f 384/15/1 362/15/1 383/15/1
f 385/15/1 362/15/1 384/15/1
f 386/15/1 362/15/1 385/15/1
f 387/15/1 362/15/1 386/15/1
f 388/23/1 69/23/1 362/23/1
f 388/15/1 362/15/1 387/15/1
f 389/23/1 364/23/1 363/23/1
f 390/25/1 365/25/1 364/25/1
f 390/23/1 364/23/1 389/23/1
f 391/23/1 366/23/1 365/23/1
f 391/25/1 365/25/1 390/25/1
f 392/25/1 367/25/1 366/25/1
f 392/23/1 366/23/1 391/23/1
f 393/23/1 368/23/1 367/23/1
f 393/25/1 367/25/1 392/25/1
f 394/25/1 369/25/1 368/25/1
f 394/23/1 368/23/1 393/23/1
f 395/23/1 370/23/1 369/23/1
f 395/25/1 369/25/1 394/25/1
f 396/25/1 371/25/1 370/25/1
f 396/23/1 370/23/1 395/23/1
f 397/23/1 372/23/1 371/23/1
f 397/25/1 371/25/1 396/25/1
f 398/25/1 373/25/1 372/25/1
f 398/23/1 372/23/1 397/23/1
f 399/23/1 374/23/1 373/23/1
f 399/25/1 373/25/1 398/25/1
f 400/25/1 375/25/1 374/25/1
f 400/23/1 374/23/1 399/23/1
f 401/23/1 376/23/1 375/23/1
f 401/25/1 375/25/1 400/25/1
f 402/25/1 377/25/1 376/25/1
f 402/23/1 376/23/1 401/23/1
f 403/23/1 378/23/1 377/23/1
f 403/25/1 377/25/1 402/25/1
f 404/25/1 379/25/1 378/25/1
f 404/23/1 378/23/1 403/23/1
f 405/23/1 380/23/1 379/23/1
f 405/25/1 379/25/1 404/25/1
f 406/25/1 381/25/1 380/25/1
f 406/23/1 380/23/1 405/23/1
f 407/23/1 382/23/1 381/23/1
f 407/25/1 381/25/1 406/25/1
f 408/25/1 383/25/1 382/25/1
f 408/23/1 382/23/1 407/23/1
f 409/23/1 384/23/1 383/23/1
f 409/25/1 383/25/1 408/25/1
f 410/25/1 385/25/1 384/25/1
f 410/23/1 384/23/1 409/23/1
f 411/23/1 386/23/1 385/23/1
f 411/25/1 385/25/1 410/25/1
f 412/25/1 387/25/1 386/25/1
f 412/23/1 386/23/1 411/23/1
f 413/23/1 388/23/1 387/23/1
f 413/25/1 387/25/1 412/25/1
f 414/23/1 69/23/1 388/23/1
f 414/23/1 388/23/1 413/23/1
f 415/25/1 411/25/1 410/25/1
f 415/25/1 413/25/1 412/25/1
f 415/25/1 414/25/1 413/25/1
f 415/25/1 412/25/1 411/25/1
f 415/25/1 410/25/1 409/25/1
f 415/25/1 409/25/1 408/25/1
f 415/25/1 408/25/1 407/25/1
f 415/25/1 407/25/1 406/25/1
f 415/25/1 406/25/1 405/25/1
f 415/25/1 405/25/1 404/25/1
f 415/25/1 404/25/1 403/25/1
f 415/25/1 403/25/1 402/25/1
f 415/25/1 402/25/1 401/25/1
f 415/25/1 401/25/1 400/25/1
f 415/25/1 400/25/1 399/25/1
f 415/25/1 399/25/1 398/25/1
f 415/25/1 398/25/1 397/25/1
f 415/25/1 397/25/1 396/25/1
f 415/25/1 396/25/1 395/25/1
f 415/25/1 395/25/1 394/25/1
f 415/25/1 394/25/1 393/25/1
f 415/25/1 393/25/1 392/25/1
f 415/25/1 392/25/1 391/25/1
f 415/25/1 391/25/1 390/25/1
f 415/25/1 390/25/1 389/25/1
f 416/25/1 414/25/1 415/25/1
f 417/25/1 414/25/1 416/25/1
f 418/25/1 414/25/1 417/25/1
f 419/25/1 414/25/1 418/25/1
f 420/25/1 414/25/1 419/25/1
f 421/25/1 414/25/1 420/25/1
f 422/25/1 414/25/1 421/25/1
f 423/25/1 414/25/1 422/25/1
f 424/25/1 414/25/1 423/25/1
f 425/25/1 414/25/1 424/25/1
f 426/25/1 414/25/1 425/25/1
f 427/25/1 414/25/1 426/25/1
f 428/25/1 414/25/1 427/25/1
f 429/25/1 414/25/1 428/25/1
f 430/25/1 414/25/1 429/25/1
f 431/25/1 414/25/1 430/25/1
f 432/25/1 414/25/1 431/25/1
f 433/25/1 414/25/1 432/25/1
f 434/25/1 414/25/1 433/25/1
f 435/25/1 414/25/1 434/25/1
f 436/25/1 414/25/1 435/25/1
f 437/25/1 414/25/1 436/25/1
f 438/25/1 414/25/1 437/25/1
f 439/25/1 414/25/1 438/25/1
f 440/23/1 69/23/1 414/23/1
f 440/25/1 414/25/1 439/25/1
f 441/23/1 416/23/1 415/23/1
f 442/25/1 417/25/1 416/25/1
f 442/23/1 416/23/1 441/23/1
f 443/23/1 418/23/1 417/23/1
f 443/25/1 417/25/1 442/25/1
f 444/25/1 419/25/1 418/25/1
f 444/23/1 418/23/1 443/23/1
f 445/23/1 420/23/1 419/23/1
f 445/25/1 419/25/1 444/25/1
f 446/25/1 421/25/1 420/25/1
f 446/23/1 420/23/1 445/23/1
f 447/23/1 422/23/1 421/23/1
f 447/25/1 421/25/1 446/25/1
f 448/25/1 423/25/1 422/25/1
f 448/23/1 422/23/1 447/23/1
f 449/23/1 424/23/1 423/23/1
f 449/25/1 423/25/1 448/25/1
f 450/25/1 425/25/1 424/25/1
f 450/23/1 424/23/1 449/23/1
f 451/23/1 426/23/1 425/23/1
f 451/25/1 425/25/1 450/25/1
f 452/25/1 427/25/1 426/25/1
f 452/23/1 426/23/1 451/23/1
f 453/23/1 428/23/1 427/23/1
f 453/25/1 427/25/1 452/25/1
f 454/25/1 429/25/1 428/25/1
f 454/23/1 428/23/1 453/23/1
f 455/23/1 430/23/1 429/23/1
f 455/25/1 429/25/1 454/25/1
f 456/25/1 431/25/1 430/25/1
f 456/23/1 430/23/1 455/23/1
f 457/23/1 432/23/1 431/23/1
f 457/25/1 431/25/1 456/25/1
f 458/25/1 433/25/1 432/25/1
f 458/23/1 432/23/1 457/23/1
f 459/23/1 434/23/1 433/23/1
f 459/25/1 433/25/1 458/25/1
f 460/25/1 435/25/1 434/25/1
f 460/23/1 434/23/1 459/23/1
f 461/23/1 436/23/1 435/23/1
f 461/25/1 435/25/1 460/25/1
f 462/25/1 437/25/1 436/25/1
f 462/23/1 436/23/1 461/23/1
f 463/23/1 438/23/1 437/23/1
f 463/25/1 437/25/1 462/25/1
f 464/25/1 439/25/1 438/25/1
f 464/23/1 438/23/1 463/23/1
f 465/23/1 440/23/1 439/23/1
f 465/25/1 439/25/1 464/25/1
f 466/23/1 69/23/1 440/23/1
f 466/23/1 440/23/1 465/23/1
f 467/25/1 463/25/1 462/25/1
f 467/25/1 465/25/1 464/25/1
f 467/25/1 466/25/1 465/25/1
f 467/25/1 464/25/1 463/25/1
f 467/25/1 462/25/1 461/25/1
f 467/25/1 461/25/1 460/25/1
f 467/25/1 460/25/1 459/25/1
f 467/25/1 459/25/1 458/25/1
f 467/25/1 458/25/1 457/25/1
f 467/25/1 457/25/1 456/25/1
f 467/25/1 456/25/1 455/25/1
f 467/25/1 455/25/1 454/25/1
f 467/25/1 454/25/1 453/25/1
f 467/25/1 453/25/1 452/25/1
f 467/25/1 452/25/1 451/25/1
f 467/25/1 451/25/1 450/25/1
f 467/25/1 450/25/1 449/25/1
f 467/25/1 449/25/1 448/25/1
f 467/25/1 448/25/1 447/25/1
f 467/25/1 447/25/1 446/25/1
f 467/25/1 446/25/1 445/25/1
f 467/25/1 445/25/1 444/25/1
f 467/25/1 444/25/1 443/25/1
f 467/25/1 443/25/1 442/25/1
f 467/25/1 442/25/1 441/25/1
f 468/25/1 466/25/1 467/25/1
f 469/25/1 466/25/1 468/25/1
f 470/25/1 466/25/1 469/25/1
f 471/25/1 466/25/1 470/25/1
f 472/25/1 466/25/1 471/25/1
f 473/25/1 466/25/1 472/25/1
f 474/25/1 466/25/1 473/25/1
f 475/25/1 466/25/1 474/25/1
f 476/25/1 466/25/1 475/25/1
f 477/25/1 466/25/1 476/25/1
f 478/25/1 466/25/1 477/25/1
f 479/25/1 466/25/1 478/25/1
f 480/25/1 466/25/1 479/25/1
f 481/25/1 466/25/1 480/25/1
f 482/25/1 466/25/1 481/25/1
f 483/25/1 466/25/1 482/25/1
f 484/25/1 466/25/1 483/25/1
f 485/25/1 466/25/1 484/25/1
f 486/25/1 466/25/1 485/25/1
f 487/25/1 466/25/1 486/25/1
f 488/25/1 466/25/1 487/25/1
f 489/25/1 466/25/1 488/25/1
f 490/25/1 466/25/1 489/25/1
f 491/25/1 466/25/1 490/25/1
f 492/23/1 69/23/1 466/23/1
f 492/25/1 466/25/1 491/25/1
f 493/23/1 468/23/1 467/23/1
f 494/25/1 469/25/1 468/25/1
f 494/23/1 468/23/1 493/23/1
f 495/23/1 470/23/1 469/23/1
f 495/25/1 469/25/1 494/25/1
f 496/25/1 471/25/1 470/25/1
f 496/23/1 470/23/1 495/23/1
f 497/23/1 472/23/1 471/23/1
f 497/25/1 471/25/1 496/25/1
f 498/25/1 473/25/1 472/25/1
f 498/23/1 472/23/1 497/23/1
f 499/23/1 474/23/1 473/23/1
f 499/25/1 473/25/1 498/25/1
f 500/25/1 475/25/1 474/25/1
f 500/23/1 474/23/1 499/23/1
f 501/23/1 476/23/1 475/23/1
f 501/25/1 475/25/1 500/25/1
f 502/25/1 477/25/1 476/25/1
f 502/23/1 476/23/1 501/23/1
f 503/23/1 478/23/1 477/23/1
f 503/25/1 477/25/1 502/25/1
f 504/25/1 479/25/1 478/25/1
f 504/23/1 478/23/1 503/23/1
f 505/23/1 480/23/1 479/23/1
f 505/25/1 479/25/1 504/25/1
f 506/25/1 481/25/1 480/25/1
f 506/23/1 480/23/1 505/23/1
f 507/23/1 482/23/1 481/23/1
f 507/25/1 481/25/1 506/25/1
f 508/25/1 483/25/1 482/25/1
f 508/23/1 482/23/1 507/23/1
f 509/23/1 484/23/1 483/23/1
f 509/25/1 483/25/1 508/25/1
f 510/25/1 485/25/1 484/25/1
f 510/23/1 484/23/1 509/23/1
f 511/23/1 486/23/1 485/23/1
f 511/25/1 485/25/1 510/25/1
f 512/25/1 487/25/1 486/25/1
f 512/23/1 486/23/1 511/23/1
f 513/23/1 488/23/1 487/23/1
f 513/25/1 487/25/1 512/25/1
f 514/25/1 489/25/1 488/25/1
f 514/23/1 488/23/1 513/23/1
f 515/23/1 490/23/1 489/23/1
f 515/25/1 489/25/1 514/25/1
f 516/25/1 491/25/1 490/25/1
f 516/23/1 490/23/1 515/23/1
f 517/23/1 492/23/1 491/23/1
f 517/25/1 491/25/1 516/25/1
f 518/23/1 69/23/1 492/23/1
f 518/23/1 492/23/1 517/23/1
f 519/25/1 515/25/1 514/25/1
f 519/25/1 517/25/1 516/25/1
f 519/25/1 518/25/1 517/25/1
f 519/25/1 516/25/1 515/25/1
f 519/25/1 514/25/1 513/25/1
f 519/25/1 513/25/1 512/25/1
f 519/25/1 512/25/1 511/25/1
f 519/25/1 511/25/1 510/25/1
f 519/25/1 510/25/1 509/25/1
f 519/25/1 509/25/1 508/25/1
f 519/25/1 508/25/1 507/25/1
f 519/25/1 507/25/1 506/25/1
f 519/25/1 506/25/1 505/25/1
f 519/25/1 505/25/1 504/25/1
f 519/25/1 504/25/1 503/25/1
f 519/25/1 503/25/1 502/25/1
f 519/25/1 502/25/1 501/25/1
f 519/25/1 501/25/1 500/25/1
f 519/25/1 500/25/1 499/25/1
f 519/25/1 499/25/1 498/25/1
f 519/25/1 498/25/1 497/25/1
f 519/25/1 497/25/1 496/25/1
f 519/25/1 496/25/1 495/25/1
f 519/25/1 495/25/1 494/25/1
f 519/25/1 494/25/1 493/25/1
f 520/23/1 69/23/1 518/23/1
f 520/25/1 518/25/1 519/25/1
f 521/15/1 520/15/1 519/15/1
f 522/23/1 69/23/1 520/23/1
f 522/15/1 520/15/1 521/15/1
f 523/4/1 522/4/1 521/4/1
f 524/4/1 522/4/1 523/4/1
f 525/4/1 522/4/1 524/4/1
f 526/4/1 522/4/1 525/4/1
f 527/4/1 522/4/1 526/4/1
f 528/4/1 522/4/1 527/4/1
f 529/4/1 522/4/1 528/4/1
f 530/4/1 522/4/1 529/4/1
f 531/4/1 522/4/1 530/4/1
f 532/4/1 522/4/1 531/4/1
f 533/4/1 522/4/1 532/4/1
f 534/4/1 522/4/1 533/4/1
f 535/4/1 522/4/1 534/4/1
f 536/4/1 522/4/1 535/4/1
f 537/4/1 522/4/1 536/4/1
f 538/4/1 522/4/1 537/4/1
f 539/4/1 522/4/1 538/4/1
f 540/4/1 522/4/1 539/4/1
f 541/4/1 522/4/1 540/4/1
f 542/4/1 522/4/1 541/4/1
f 543/4/1 522/4/1 542/4/1
f 544/4/1 522/4/1 543/4/1
f 545/4/1 522/4/1 544/4/1
f 546/4/1 522/4/1 545/4/1
f 547/4/1 522/4/1 546/4/1
f 548/4/1 522/4/1 547/4/1
f 549/4/1 522/4/1 548/4/1
f 550/4/1 522/4/1 549/4/1
f 551/4/1 522/4/1 550/4/1
f 552/4/1 522/4/1 551/4/1
f 553/4/1 522/4/1 552/4/1
f 554/4/1 522/4/1 553/4/1
f 555/4/1 522/4/1 554/4/1
f 556/4/1 522/4/1 555/4/1
f 557/4/1 522/4/1 556/4/1
f 558/4/1 522/4/1 557/4/1
f 559/4/1 522/4/1 558/4/1
f 560/4/1 522/4/1 559/4/1
f 561/4/1 522/4/1 560/4/1
f 562/4/1 522/4/1 561/4/1
f 563/4/1 522/4/1 562/4/1
f 564/4/1 522/4/1 563/4/1
f 565/4/1 522/4/1 564/4/1
f 566/4/1 522/4/1 565/4/1
f 567/23/1 69/23/1 522/23/1
f 567/4/1 522/4/1 566/4/1
f 568/5/1 524/5/1 523/5/1
f 569/15/1 525/15/1 524/15/1
f 569/5/1 524/5/1 568/5/1
f 570/5/1 526/5/1 525/5/1
f 570/15/1 525/15/1 569/15/1
f 571/15/1 527/15/1 526/15/1
f 571/5/1 526/5/1 570/5/1
f 572/5/1 528/5/1 527/5/1
f 572/15/1 527/15/1 571/15/1
f 573/15/1 529/15/1 528/15/1
f 573/5/1 528/5/1 572/5/1
f 574/5/1 530/5/1 529/5/1
f 574/15/1 529/15/1 573/15/1
f 575/15/1 531/15/1 530/15/1
f 575/5/1 530/5/1 574/5/1
f 576/5/1 532/5/1 531/5/1
f 576/15/1 531/15/1 575/15/1
f 577/15/1 533/15/1 532/15/1
f 577/5/1 532/5/1 576/5/1
f 578/5/1 534/5/1 533/5/1
f 578/15/1 533/15/1 577/15/1
f 579/15/1 535/15/1 534/15/1
f 579/5/1 534/5/1 578/5/1
f 580/5/1 536/5/1 535/5/1
f 580/15/1 535/15/1 579/15/1
f 581/15/1 537/15/1 536/15/1
f 581/5/1 536/5/1 580/5/1
f 582/5/1 538/5/1 537/5/1
f 582/15/1 537/15/1 581/15/1
f 583/15/1 539/15/1 538/15/1
f 583/5/1 538/5/1 582/5/1
f 584/5/1 540/5/1 539/5/1
f 584/15/1 539/15/1 583/15/1
f 585/15/1 541/15/1 540/15/1
f 585/5/1 540/5/1 584/5/1
f 586/5/1 542/5/1 541/5/1
f 586/15/1 541/15/1 585/15/1
f 587/15/1 543/15/1 542/15/1
f 587/5/1 542/5/1 586/5/1
f 588/5/1 544/5/1 543/5/1
f 588/15/1 543/15/1 587/15/1
f 589/15/1 545/15/1 544/15/1
f 589/5/1 544/5/1 588/5/1
f 590/5/1 546/5/1 545/5/1
f 590/15/1 545/15/1 589/15/1
f 591/15/1 547/15/1 546/15/1
f 591/5/1 546/5/1 590/5/1
f 592/5/1 548/5/1 547/5/1
f 592/15/1 547/15/1 591/15/1
f 593/15/1 549/15/1 548/15/1
f 593/5/1 548/5/1 592/5/1
f 594/5/1 550/5/1 549/5/1
f 594/15/1 549/15/1 593/15/1
f 595/15/1 551/15/1 550/15/1
f 595/5/1 550/5/1 594/5/1
f 596/5/1 552/5/1 551/5/1
f 596/15/1 551/15/1 595/15/1
f 597/15/1 553/15/1 552/15/1
f 597/5/1 552/5/1 596/5/1
f 598/5/1 554/5/1 553/5/1
f 598/15/1 553/15/1 597/15/1
f 599/15/1 555/15/1 554/15/1
f 599/5/1 554/5/1 598/5/1
f 600/5/1 556/5/1 555/5/1
f 600/15/1 555/15/1 599/15/1
f 601/15/1 557/15/1 556/15/1
f 601/5/1 556/5/1 600/5/1
f 602/5/1 558/5/1 557/5/1
f 602/15/1 557/15/1 601/15/1
f 603/15/1 559/15/1 558/15/1
f 603/5/1 558/5/1 602/5/1
f 604/5/1 560/5/1 559/5/1
f 604/15/1 559/15/1 603/15/1
f 605/15/1 561/15/1 560/15/1
f 605/5/1 560/5/1 604/5/1
f 606/5/1 562/5/1 561/5/1
f 606/15/1 561/15/1 605/15/1
f 607/15/1 563/15/1 562/15/1
f 607/5/1 562/5/1 606/5/1
f 608/5/1 564/5/1 563/5/1
f 608/15/1 563/15/1 607/15/1
f 609/15/1 565/15/1 564/15/1
f 609/5/1 564/5/1 608/5/1
f 610/5/1 566/5/1 565/5/1
f 610/15/1 565/15/1 609/15/1
f 611/15/1 567/15/1 566/15/1
f 611/5/1 566/5/1 610/5/1
f 612/15/1 569/15/1 568/15/1
f 613/5/1 570/5/1 569/5/1
f 613/15/1 569/15/1 612/15/1
f 614/15/1 571/15/1 570/15/1
f 614/5/1 570/5/1 613/5/1
f 614/15/1 572/15/1 571/15/1
f 614/15/1 573/15/1 572/15/1
f 615/15/1 573/15/1 614/15/1
f 616/15/1 573/15/1 615/15/1
f 617/5/1 574/5/1 573/5/1
f 617/15/1 573/15/1 616/15/1
f 618/15/1 575/15/1 574/15/1
f 618/5/1 574/5/1 617/5/1
f 618/15/1 576/15/1 575/15/1
f 618/15/1 577/15/1 576/15/1
f 619/15/1 577/15/1 618/15/1
f 620/15/1 577/15/1 619/15/1
f 621/5/1 578/5/1 577/5/1
f 621/15/1 577/15/1 620/15/1
f 622/15/1 579/15/1 578/15/1
f 622/5/1 578/5/1 621/5/1
f 622/15/1 580/15/1 579/15/1
f 622/15/1 581/15/1 580/15/1
f 623/15/1 581/15/1 622/15/1
f 624/15/1 581/15/1 623/15/1
f 625/5/1 582/5/1 581/5/1
f 625/15/1 581/15/1 624/15/1
f 626/15/1 583/15/1 582/15/1
f 626/5/1 582/5/1 625/5/1
f 626/15/1 584/15/1 583/15/1
f 626/15/1 585/15/1 584/15/1
f 627/15/1 585/15/1 626/15/1
f 628/15/1 585/15/1 627/15/1
f 629/5/1 586/5/1 585/5/1
f 629/15/1 585/15/1 628/15/1
f 630/15/1 587/15/1 586/15/1
f 630/5/1 586/5/1 629/5/1
f 630/15/1 588/15/1 587/15/1
f 630/15/1 589/15/1 588/15/1
f 631/15/1 589/15/1 630/15/1
f 632/15/1 589/15/1 631/15/1
f 633/5/1 590/5/1 589/5/1
f 633/15/1 589/15/1 632/15/1
f 634/15/1 591/15/1 590/15/1
f 634/5/1 590/5/1 633/5/1
f 634/15/1 592/15/1 591/15/1
f 634/15/1 593/15/1 592/15/1
f 635/15/1 593/15/1 634/15/1
f 636/15/1 593/15/1 635/15/1
f 637/5/1 594/5/1 593/5/1
f 637/15/1 593/15/1 636/15/1
f 638/15/1 595/15/1 594/15/1
f 638/5/1 594/5/1 637/5/1
f 638/15/1 596/15/1 595/15/1
f 638/15/1 597/15/1 596/15/1
f 639/15/1 597/15/1 638/15/1
f 640/15/1 597/15/1 639/15/1
f 641/5/1 598/5/1 597/5/1
f 641/15/1 597/15/1 640/15/1
f 642/15/1 599/15/1 598/15/1
f 642/5/1 598/5/1 641/5/1
f 642/15/1 600/15/1 599/15/1
f 642/15/1 601/15/1 600/15/1
f 643/15/1 601/15/1 642/15/1
f 644/15/1 601/15/1 643/15/1
f 645/5/1 602/5/1 601/5/1
f 645/15/1 601/15/1 644/15/1
f 646/15/1 603/15/1 602/15/1
f 646/5/1 602/5/1 645/5/1
f 646/15/1 604/15/1 603/15/1
f 646/15/1 605/15/1 604/15/1
f 647/15/1 605/15/1 646/15/1
f 648/15/1 605/15/1 647/15/1
f 649/5/1 606/5/1 605/5/1
f 649/15/1 605/15/1 648/15/1
f 650/15/1 609/15/1 608/15/1
f 650/5/1 606/5/1 649/5/1
f 650/15/1 607/15/1 606/15/1
f 650/15/1 608/15/1 607/15/1
f 651/15/1 609/15/1 650/15/1
f 652/15/1 609/15/1 651/15/1
f 653/5/1 610/5/1 609/5/1
f 653/15/1 609/15/1 652/15/1
f 654/15/1 611/15/1 610/15/1
f 654/5/1 610/5/1 653/5/1
f 655/15/1 567/15/1 611/15/1
f 655/15/1 611/15/1 654/15/1
f 656/5/1 613/5/1 612/5/1
f 657/15/1 614/15/1 613/15/1
f 657/5/1 613/5/1 656/5/1
f 658/5/1 615/5/1 614/5/1
f 658/15/1 614/15/1 657/15/1
f 659/15/1 616/15/1 615/15/1
f 659/5/1 615/5/1 658/5/1
f 660/5/1 617/5/1 616/5/1
f 660/15/1 616/15/1 659/15/1
f 661/15/1 618/15/1 617/15/1
f 661/5/1 617/5/1 660/5/1
f 662/5/1 619/5/1 618/5/1
f 662/15/1 618/15/1 661/15/1
f 663/15/1 620/15/1 619/15/1
f 663/5/1 619/5/1 662/5/1
f 664/5/1 621/5/1 620/5/1
f 664/15/1 620/15/1 663/15/1
f 665/15/1 622/15/1 621/15/1
f 665/5/1 621/5/1 664/5/1
f 666/5/1 623/5/1 622/5/1
f 666/15/1 622/15/1 665/15/1
f 667/15/1 624/15/1 623/15/1
f 667/5/1 623/5/1 666/5/1
f 668/5/1 625/5/1 624/5/1
f 668/15/1 624/15/1 667/15/1
f 669/15/1 626/15/1 625/15/1
f 669/5/1 625/5/1 668/5/1
f 670/5/1 627/5/1 626/5/1
f 670/15/1 626/15/1 669/15/1
f 671/15/1 628/15/1 627/15/1
f 671/5/1 627/5/1 670/5/1
f 672/5/1 629/5/1 628/5/1
f 672/15/1 628/15/1 671/15/1
f 673/15/1 630/15/1 629/15/1
f 673/5/1 629/5/1 672/5/1
f 674/5/1 631/5/1 630/5/1
f 674/15/1 630/15/1 673/15/1
f 675/15/1 632/15/1 631/15/1
f 675/5/1 631/5/1 674/5/1
f 676/5/1 633/5/1 632/5/1
f 676/15/1 632/15/1 675/15/1
f 677/15/1 634/15/1 633/15/1
f 677/5/1 633/5/1 676/5/1
f 678/5/1 635/5/1 634/5/1
f 678/15/1 634/15/1 677/15/1
f 679/15/1 636/15/1 635/15/1
f 679/5/1 635/5/1 678/5/1
f 680/5/1 637/5/1 636/5/1
f 680/15/1 636/15/1 679/15/1
f 681/15/1 638/15/1 637/15/1
f 681/5/1 637/5/1 680/5/1
f 682/5/1 639/5/1 638/5/1
f 682/15/1 638/15/1 681/15/1
f 683/15/1 640/15/1 639/15/1
f 683/5/1 639/5/1 682/5/1
f 684/5/1 641/5/1 640/5/1
f 684/15/1 640/15/1 683/15/1
f 685/15/1 642/15/1 641/15/1
f 685/5/1 641/5/1 684/5/1
f 686/5/1 643/5/1 642/5/1
f 686/15/1 642/15/1 685/15/1
f 687/15/1 644/15/1 643/15/1
f 687/5/1 643/5/1 686/5/1
f 688/5/1 645/5/1 644/5/1
f 688/15/1 644/15/1 687/15/1
f 689/15/1 646/15/1 645/15/1
f 689/5/1 645/5/1 688/5/1
f 690/5/1 647/5/1 646/5/1
f 690/15/1 646/15/1 689/15/1
f 691/15/1 648/15/1 647/15/1
f 691/5/1 647/5/1 690/5/1
f 692/5/1 649/5/1 648/5/1
f 692/15/1 648/15/1 691/15/1
f 693/15/1 650/15/1 649/15/1
f 693/5/1 649/5/1 692/5/1
f 694/5/1 651/5/1 650/5/1
f 694/15/1 650/15/1 693/15/1
f 695/15/1 652/15/1 651/15/1
f 695/5/1 651/5/1 694/5/1
f 696/5/1 653/5/1 652/5/1
f 696/15/1 652/15/1 695/15/1
f 697/15/1 654/15/1 653/15/1
f 697/5/1 653/5/1 696/5/1
f 698/5/1 655/5/1 654/5/1
f 698/15/1 654/15/1 697/15/1
f 699/15/1 567/15/1 655/15/1
f 699/5/1 655/5/1 698/5/1
f 700/23/1 69/23/1 567/23/1
f 700/15/1 567/15/1 699/15/1
f 701/4/1 691/4/1 690/4/1
f 701/4/1 699/4/1 698/4/1
f 701/4/1 700/4/1 699/4/1
f 701/4/1 697/4/1 696/4/1
f 701/4/1 693/4/1 692/4/1
f 701/4/1 692/4/1 691/4/1
f 701/4/1 688/4/1 687/4/1
f 701/4/1 689/4/1 688/4/1
f 701/4/1 690/4/1 689/4/1
f 701/4/1 684/4/1 683/4/1
f 701/4/1 685/4/1 684/4/1
f 701/4/1 687/4/1 686/4/1
f 701/4/1 686/4/1 685/4/1
f 701/4/1 680/4/1 679/4/1
f 701/4/1 681/4/1 680/4/1
f 701/4/1 683/4/1 682/4/1
f 701/4/1 682/4/1 681/4/1
f 701/4/1 676/4/1 675/4/1
f 701/4/1 677/4/1 676/4/1
f 701/4/1 679/4/1 678/4/1
f 701/4/1 678/4/1 677/4/1
f 701/4/1 672/4/1 671/4/1
f 701/4/1 673/4/1 672/4/1
f 701/4/1 675/4/1 674/4/1
f 701/4/1 674/4/1 673/4/1
f 701/4/1 668/4/1 667/4/1
f 701/4/1 669/4/1 668/4/1
f 701/4/1 671/4/1 670/4/1
f 701/4/1 670/4/1 669/4/1
f 701/4/1 664/4/1 663/4/1
f 701/4/1 665/4/1 664/4/1
f 701/4/1 667/4/1 666/4/1
f 701/4/1 666/4/1 665/4/1
f 701/4/1 660/4/1 659/4/1
f 701/4/1 661/4/1 660/4/1
f 701/4/1 663/4/1 662/4/1
f 701/4/1 662/4/1 661/4/1
f 701/4/1 696/4/1 695/4/1
f 701/4/1 657/4/1 656/4/1
f 701/4/1 659/4/1 658/4/1
f 701/4/1 658/4/1 657/4/1
f 701/4/1 694/4/1 693/4/1
f 701/4/1 695/4/1 694/4/1
f 701/4/1 698/4/1 697/4/1
f 702/23/1 69/23/1 700/23/1
f 702/4/1 700/4/1 701/4/1
f 703/15/1 702/15/1 701/15/1
f 704/15/1 702/15/1 703/15/1
f 705/25/1 704/25/1 703/25/1
f 706/15/1 702/15/1 704/15/1
f 706/25/1 704/25/1 705/25/1
f 707/23/1 69/23/1 702/23/1
f 707/15/1 702/15/1 706/15/1
f 708/23/1 69/23/1 707/23/1
f 709/15/1 706/15/1 705/15/1
f 710/15/1 706/15/1 709/15/1
f 711/4/1 710/4/1 709/4/1
f 712/4/1 710/4/1 711/4/1
f 713/4/1 710/4/1 712/4/1
f 714/4/1 710/4/1 713/4/1
f 715/4/1 710/4/1 714/4/1
f 716/4/1 710/4/1 715/4/1
f 717/4/1 710/4/1 716/4/1
f 718/4/1 710/4/1 717/4/1
f 719/4/1 710/4/1 718/4/1
f 720/4/1 710/4/1 719/4/1
f 721/4/1 710/4/1 720/4/1
f 722/4/1 710/4/1 721/4/1
f 723/4/1 710/4/1 722/4/1
f 724/4/1 710/4/1 723/4/1
f 725/4/1 710/4/1 724/4/1
f 726/4/1 710/4/1 725/4/1
f 727/4/1 710/4/1 726/4/1
f 728/4/1 710/4/1 727/4/1
f 729/4/1 710/4/1 728/4/1
f 730/4/1 710/4/1 729/4/1
f 731/4/1 710/4/1 730/4/1
f 732/4/1 710/4/1 731/4/1
f 733/4/1 710/4/1 732/4/1
f 734/4/1 710/4/1 733/4/1
f 735/4/1 710/4/1 734/4/1
f 736/4/1 710/4/1 735/4/1
f 737/4/1 710/4/1 736/4/1
f 738/4/1 710/4/1 737/4/1
f 739/4/1 710/4/1 738/4/1
f 740/4/1 710/4/1 739/4/1
f 741/4/1 710/4/1 740/4/1
f 742/4/1 710/4/1 741/4/1
f 743/4/1 710/4/1 742/4/1
f 744/4/1 710/4/1 743/4/1
f 745/4/1 710/4/1 744/4/1
f 746/4/1 710/4/1 745/4/1
f 747/4/1 710/4/1 746/4/1
f 748/4/1 710/4/1 747/4/1
f 749/4/1 710/4/1 748/4/1
f 750/4/1 710/4/1 749/4/1
f 751/4/1 710/4/1 750/4/1
f 752/4/1 710/4/1 751/4/1
f 753/4/1 710/4/1 752/4/1
f 754/4/1 710/4/1 753/4/1
f 755/5/1 712/5/1 711/5/1
f 756/15/1 713/15/1 712/15/1
f 756/5/1 712/5/1 755/5/1
f 757/5/1 714/5/1 713/5/1
f 757/15/1 713/15/1 756/15/1
f 758/15/1 715/15/1 714/15/1
f 758/5/1 714/5/1 757/5/1
f 759/5/1 716/5/1 715/5/1
f 759/15/1 715/15/1 758/15/1
f 760/15/1 717/15/1 716/15/1
f 760/5/1 716/5/1 759/5/1
f 761/5/1 718/5/1 717/5/1
f 761/15/1 717/15/1 760/15/1
f 762/15/1 719/15/1 718/15/1
f 762/5/1 718/5/1 761/5/1
f 763/5/1 720/5/1 719/5/1
f 763/15/1 719/15/1 762/15/1
f 764/15/1 721/15/1 720/15/1
f 764/5/1 720/5/1 763/5/1
f 765/5/1 722/5/1 721/5/1
f 765/15/1 721/15/1 764/15/1
f 766/15/1 723/15/1 722/15/1
f 766/5/1 722/5/1 765/5/1
f 767/5/1 724/5/1 723/5/1
f 767/15/1 723/15/1 766/15/1
f 768/15/1 725/15/1 724/15/1
f 768/5/1 724/5/1 767/5/1
f 769/5/1 726/5/1 725/5/1
f 769/15/1 725/15/1 768/15/1
f 770/15/1 727/15/1 726/15/1
f 770/5/1 726/5/1 769/5/1
f 771/5/1 728/5/1 727/5/1
f 771/15/1 727/15/1 770/15/1
f 772/15/1 729/15/1 728/15/1
f 772/5/1 728/5/1 771/5/1
f 773/5/1 730/5/1 729/5/1
f 773/15/1 729/15/1 772/15/1
f 774/15/1 731/15/1 730/15/1
f 774/5/1 730/5/1 773/5/1
f 775/5/1 732/5/1 731/5/1
f 775/15/1 731/15/1 774/15/1
f 776/15/1 733/15/1 732/15/1
f 776/5/1 732/5/1 775/5/1
f 777/5/1 734/5/1 733/5/1
f 777/15/1 733/15/1 776/15/1
f 778/15/1 735/15/1 734/15/1
f 778/5/1 734/5/1 777/5/1
f 779/5/1 736/5/1 735/5/1
f 779/15/1 735/15/1 778/15/1
f 780/15/1 737/15/1 736/15/1
f 780/5/1 736/5/1 779/5/1
f 781/5/1 738/5/1 737/5/1
f 781/15/1 737/15/1 780/15/1
f 782/15/1 739/15/1 738/15/1
f 782/5/1 738/5/1 781/5/1
f 783/5/1 740/5/1 739/5/1
f 783/15/1 739/15/1 782/15/1
f 784/15/1 741/15/1 740/15/1
f 784/5/1 740/5/1 783/5/1
f 785/5/1 742/5/1 741/5/1
f 785/15/1 741/15/1 784/15/1
f 786/15/1 743/15/1 742/15/1
f 786/5/1 742/5/1 785/5/1
f 787/5/1 744/5/1 743/5/1
f 787/15/1 743/15/1 786/15/1
f 788/15/1 745/15/1 744/15/1
f 788/5/1 744/5/1 787/5/1
f 789/5/1 746/5/1 745/5/1
f 789/15/1 745/15/1 788/15/1
f 790/15/1 747/15/1 746/15/1
f 790/5/1 746/5/1 789/5/1
f 791/5/1 748/5/1 747/5/1
f 791/15/1 747/15/1 790/15/1
f 792/15/1 749/15/1 748/15/1
f 792/5/1 748/5/1 791/5/1
f 793/5/1 750/5/1 749/5/1
f 793/15/1 749/15/1 792/15/1
f 794/15/1 751/15/1 750/15/1
f 794/5/1 750/5/1 793/5/1
f 795/5/1 752/5/1 751/5/1
f 795/15/1 751/15/1 794/15/1
f 796/15/1 753/15/1 752/15/1
f 796/5/1 752/5/1 795/5/1
f 797/5/1 754/5/1 753/5/1
f 797/15/1 753/15/1 796/15/1
f 798/5/1 754/5/1 797/5/1
f 799/15/1 756/15/1 755/15/1
f 800/5/1 757/5/1 756/5/1
f 800/15/1 756/15/1 799/15/1
f 801/15/1 758/15/1 757/15/1
f 801/5/1 757/5/1 800/5/1
f 801/15/1 759/15/1 758/15/1
f 801/15/1 760/15/1 759/15/1
f 802/15/1 760/15/1 801/15/1
f 803/15/1 760/15/1 802/15/1
f 804/5/1 761/5/1 760/5/1
f 804/15/1 760/15/1 803/15/1
f 805/15/1 762/15/1 761/15/1
f 805/5/1 761/5/1 804/5/1
f 805/15/1 763/15/1 762/15/1
f 805/15/1 764/15/1 763/15/1
f 806/15/1 764/15/1 805/15/1
f 807/15/1 764/15/1 806/15/1
f 808/5/1 765/5/1 764/5/1
f 808/15/1 764/15/1 807/15/1
f 809/15/1 766/15/1 765/15/1
f 809/5/1 765/5/1 808/5/1
f 809/15/1 767/15/1 766/15/1
f 809/15/1 768/15/1 767/15/1
f 810/15/1 768/15/1 809/15/1
f 811/15/1 768/15/1 810/15/1
f 812/5/1 769/5/1 768/5/1
f 812/15/1 768/15/1 811/15/1
f 813/15/1 770/15/1 769/15/1
f 813/5/1 769/5/1 812/5/1
f 813/15/1 771/15/1 770/15/1
f 813/15/1 772/15/1 771/15/1
f 814/15/1 772/15/1 813/15/1
f 815/15/1 772/15/1 814/15/1
f 816/5/1 773/5/1 772/5/1
f 816/15/1 772/15/1 815/15/1
f 817/15/1 774/15/1 773/15/1
f 817/5/1 773/5/1 816/5/1
f 817/15/1 775/15/1 774/15/1
f 817/15/1 776/15/1 775/15/1
f 818/15/1 776/15/1 817/15/1
f 819/15/1 776/15/1 818/15/1
f 820/5/1 777/5/1 776/5/1
f 820/15/1 776/15/1 819/15/1
f 821/15/1 778/15/1 777/15/1
f 821/5/1 777/5/1 820/5/1
f 821/15/1 779/15/1 778/15/1
f 821/15/1 780/15/1 779/15/1
f 822/15/1 780/15/1 821/15/1
f 823/15/1 780/15/1 822/15/1
f 824/5/1 781/5/1 780/5/1
f 824/15/1 780/15/1 823/15/1
f 825/15/1 782/15/1 781/15/1
f 825/5/1 781/5/1 824/5/1
f 825/15/1 783/15/1 782/15/1
f 825/15/1 784/15/1 783/15/1
f 826/15/1 784/15/1 825/15/1
f 827/15/1 784/15/1 826/15/1
f 828/5/1 785/5/1 784/5/1
f 828/15/1 784/15/1 827/15/1
f 829/15/1 786/15/1 785/15/1
f 829/5/1 785/5/1 828/5/1
f 829/15/1 787/15/1 786/15/1
f 829/15/1 788/15/1 787/15/1
f 830/15/1 788/15/1 829/15/1
f 831/15/1 788/15/1 830/15/1
f 832/5/1 789/5/1 788/5/1
f 832/15/1 788/15/1 831/15/1
f 833/15/1 790/15/1 789/15/1
f 833/5/1 789/5/1 832/5/1
f 833/15/1 791/15/1 790/15/1
f 833/15/1 792/15/1 791/15/1
f 834/15/1 792/15/1 833/15/1
f 835/15/1 792/15/1 834/15/1
f 836/5/1 793/5/1 792/5/1
f 836/15/1 792/15/1 835/15/1
f 837/15/1 794/15/1 793/15/1
f 837/5/1 793/5/1 836/5/1
f 837/15/1 795/15/1 794/15/1
f 837/15/1 796/15/1 795/15/1
f 838/15/1 796/15/1 837/15/1
f 839/15/1 796/15/1 838/15/1
f 840/5/1 797/5/1 796/5/1
f 840/15/1 796/15/1 839/15/1
f 841/15/1 798/15/1 797/15/1
f 841/5/1 797/5/1 840/5/1
f 842/15/1 798/15/1 841/15/1
f 843/5/1 800/5/1 799/5/1
f 844/15/1 801/15/1 800/15/1
f 844/5/1 800/5/1 843/5/1
f 845/5/1 802/5/1 801/5/1
f 845/15/1 801/15/1 844/15/1
f 846/15/1 803/15/1 802/15/1
f 846/5/1 802/5/1 845/5/1
f 847/5/1 804/5/1 803/5/1
f 847/15/1 803/15/1 846/15/1
f 848/15/1 805/15/1 804/15/1
f 848/5/1 804/5/1 847/5/1
f 849/5/1 806/5/1 805/5/1
f 849/15/1 805/15/1 848/15/1
f 850/15/1 807/15/1 806/15/1
f 850/5/1 806/5/1 849/5/1
f 851/5/1 808/5/1 807/5/1
f 851/15/1 807/15/1 850/15/1
f 852/15/1 809/15/1 808/15/1
f 852/5/1 808/5/1 851/5/1
f 853/5/1 810/5/1 809/5/1
f 853/15/1 809/15/1 852/15/1
f 854/15/1 811/15/1 810/15/1
f 854/5/1 810/5/1 853/5/1
f 855/5/1 812/5/1 811/5/1
f 855/15/1 811/15/1 854/15/1
f 856/15/1 813/15/1 812/15/1
f 856/5/1 812/5/1 855/5/1
f 857/5/1 814/5/1 813/5/1
f 857/15/1 813/15/1 856/15/1
f 858/15/1 815/15/1 814/15/1
f 858/5/1 814/5/1 857/5/1
f 859/5/1 816/5/1 815/5/1
f 859/15/1 815/15/1 858/15/1
f 860/15/1 817/15/1 816/15/1
f 860/5/1 816/5/1 859/5/1
f 861/5/1 818/5/1 817/5/1
f 861/15/1 817/15/1 860/15/1
f 862/15/1 819/15/1 818/15/1
f 862/5/1 818/5/1 861/5/1
f 863/5/1 820/5/1 819/5/1
f 863/15/1 819/15/1 862/15/1
f 864/15/1 821/15/1 820/15/1
f 864/5/1 820/5/1 863/5/1
f 865/5/1 822/5/1 821/5/1
f 865/15/1 821/15/1 864/15/1
f 866/15/1 823/15/1 822/15/1
f 866/5/1 822/5/1 865/5/1
f 867/5/1 824/5/1 823/5/1
f 867/15/1 823/15/1 866/15/1
f 868/15/1 825/15/1 824/15/1
f 868/5/1 824/5/1 867/5/1
f 869/5/1 826/5/1 825/5/1
f 869/15/1 825/15/1 868/15/1
f 870/15/1 827/15/1 826/15/1
f 870/5/1 826/5/1 869/5/1
f 871/5/1 828/5/1 827/5/1
f 871/15/1 827/15/1 870/15/1
f 872/15/1 829/15/1 828/15/1
f 872/5/1 828/5/1 871/5/1
f 873/5/1 830/5/1 829/5/1
f 873/15/1 829/15/1 872/15/1
f 874/15/1 831/15/1 830/15/1
f 874/5/1 830/5/1 873/5/1
f 875/5/1 832/5/1 831/5/1
f 875/15/1 831/15/1 874/15/1
f 876/15/1 833/15/1 832/15/1
f 876/5/1 832/5/1 875/5/1
f 877/5/1 834/5/1 833/5/1
f 877/15/1 833/15/1 876/15/1
f 878/15/1 835/15/1 834/15/1
f 878/5/1 834/5/1 877/5/1
f 879/5/1 836/5/1 835/5/1
f 879/15/1 835/15/1 878/15/1
f 880/15/1 837/15/1 836/15/1
f 880/5/1 836/5/1 879/5/1
f 881/5/1 838/5/1 837/5/1
f 881/15/1 837/15/1 880/15/1
f 882/15/1 839/15/1 838/15/1
f 882/5/1 838/5/1 881/5/1
f 883/5/1 840/5/1 839/5/1
f 883/15/1 839/15/1 882/15/1
f 884/15/1 841/15/1 840/15/1
f 884/5/1 840/5/1 883/5/1
f 885/5/1 842/5/1 841/5/1
f 885/15/1 841/15/1 884/15/1
f 886/5/1 842/5/1 885/5/1
f 887/4/1 882/4/1 881/4/1
f 887/4/1 881/4/1 880/4/1
f 887/4/1 886/4/1 885/4/1
f 887/4/1 885/4/1 884/4/1
f 887/4/1 884/4/1 883/4/1
f 887/4/1 883/4/1 882/4/1
f 887/4/1 880/4/1 879/4/1
f 887/4/1 879/4/1 878/4/1
f 887/4/1 875/4/1 874/4/1
f 887/4/1 876/4/1 875/4/1
f 887/4/1 878/4/1 877/4/1
f 887/4/1 877/4/1 876/4/1
f 887/4/1 871/4/1 870/4/1
f 887/4/1 872/4/1 871/4/1
f 887/4/1 874/4/1 873/4/1
f 887/4/1 873/4/1 872/4/1
f 887/4/1 867/4/1 866/4/1
f 887/4/1 868/4/1 867/4/1
f 887/4/1 870/4/1 869/4/1
f 887/4/1 869/4/1 868/4/1
f 887/4/1 863/4/1 862/4/1
f 887/4/1 864/4/1 863/4/1
f 887/4/1 866/4/1 865/4/1
f 887/4/1 865/4/1 864/4/1
f 887/4/1 859/4/1 858/4/1
f 887/4/1 860/4/1 859/4/1
f 887/4/1 862/4/1 861/4/1
f 887/4/1 861/4/1 860/4/1
f 887/4/1 855/4/1 854/4/1
f 887/4/1 856/4/1 855/4/1
f 887/4/1 858/4/1 857/4/1
f 887/4/1 857/4/1 856/4/1
f 887/4/1 851/4/1 850/4/1
f 887/4/1 852/4/1 851/4/1
f 887/4/1 854/4/1 853/4/1
f 887/4/1 853/4/1 852/4/1
f 887/4/1 847/4/1 846/4/1
f 887/4/1 848/4/1 847/4/1
f 887/4/1 850/4/1 849/4/1
f 887/4/1 849/4/1 848/4/1
f 887/4/1 845/4/1 844/4/1
f 887/4/1 844/4/1 843/4/1
f 887/4/1 846/4/1 845/4/1
f 888/4/1 886/4/1 887/4/1
f 889/15/1 888/15/1 887/15/1
f 890/15/1 888/15/1 889/15/1
f 891/25/1 890/25/1 889/25/1
f 892/25/1 890/25/1 891/25/1
f 893/15/1 892/15/1 891/15/1
f 894/15/1 892/15/1 893/15/1
f 897/15/1 896/15/1 895/15/1
f 898/15/1 896/15/1 897/15/1
f 899/4/1 898/4/1 897/4/1
f 900/4/1 898/4/1 899/4/1
f 901/5/1 900/5/1 899/5/1
f 902/5/1 900/5/1 901/5/1
f 903/15/1 902/15/1 901/15/1
f 904/15/1 902/15/1 903/15/1
f 905/5/1 904/5/1 903/5/1
f 906/5/1 904/5/1 905/5/1
f 907/4/1 906/4/1 905/4/1
f 908/4/1 906/4/1 907/4/1
f 909/15/1 908/15/1 907/15/1
f 910/15/1 908/15/1 909/15/1
f 911/25/1 910/25/1 909/25/1
f 912/25/1 910/25/1 911/25/1
f 913/15/1 912/15/1 911/15/1
f 914/15/1 912/15/1 913/15/1
f 919/1/1 916/1/1 915/1/1
f 920/1/1 918/1/1 917/1/1
f 921/1/1 919/1/1 915/1/1
f 921/1/1 920/1/1 919/1/1
f 922/1/1 918/1/1 920/1/1
f 922/1/1 920/1/1 921/1/1
f 927/1/1 924/1/1 923/1/1
f 928/1/1 924/1/1 927/1/1
f 929/1/1 926/1/1 925/1/1
f 930/1/1 926/1/1 929/1/1
f 931/2/1 928/2/1 927/2/1
f 931/2/1 929/2/1 928/2/1
f 931/2/1 930/2/1 929/2/1
f 932/2/1 930/2/1 931/2/1
f 937/1/1 934/1/1 933/1/1
f 938/1/1 934/1/1 937/1/1
f 939/1/1 936/1/1 935/1/1
f 940/1/1 936/1/1 939/1/1
f 945/1/1 942/1/1 941/1/1
f 946/1/1 942/1/1 945/1/1
f 947/1/1 944/1/1 943/1/1
f 948/1/1 944/1/1 947/1/1
f 953/1/1 950/1/1 949/1/1
f 954/1/1 950/1/1 953/1/1
f 955/1/1 952/1/1 951/1/1
f 956/1/1 952/1/1 955/1/1
f 957/2/1 954/2/1 953/2/1
f 957/2/1 955/2/1 954/2/1
f 957/2/1 956/2/1 955/2/1
f 958/2/1 956/2/1 957/2/1
f 963/1/1 960/1/1 959/1/1
f 964/1/1 960/1/1 963/1/1
f 965/1/1 962/1/1 961/1/1
f 966/1/1 962/1/1 965/1/1
f 969/30/1 968/30/1 967/30/1
f 970/30/1 968/30/1 969/30/1
f 973/30/1 972/30/1 971/30/1
f 974/30/1 972/30/1 973/30/1
f 975/29/1 974/29/1 973/29/1
f 976/29/1 974/29/1 975/29/1
f 977/30/1 976/30/1 975/30/1
f 978/30/1 976/30/1 977/30/1
f 982/30/1 980/30/1 979/30/1
f 983/30/1 980/30/1 982/30/1
f 985/30/1 982/30/1 981/30/1
f 986/30/1 982/30/1 985/30/1
f 987/30/1 984/30/1 983/30/1
f 988/30/1 984/30/1 987/30/1
f 989/30/1 987/30/1 986/30/1
f 990/30/1 987/30/1 989/30/1
f 994/30/1 992/30/1 991/30/1
f 995/30/1 992/30/1 994/30/1
f 997/30/1 994/30/1 993/30/1
f 998/30/1 994/30/1 997/30/1
f 999/30/1 996/30/1 995/30/1
f 1000/30/1 996/30/1 999/30/1
f 1001/29/1 998/29/1 997/29/1
f 1002/29/1 998/29/1 1001/29/1
f 1003/29/1 1000/29/1 999/29/1
f 1004/29/1 1000/29/1 1003/29/1
f 1005/30/1 1002/30/1 1001/30/1
f 1006/30/1 1002/30/1 1005/30/1
f 1007/30/1 1004/30/1 1003/30/1
f 1008/30/1 1004/30/1 1007/30/1
f 1009/30/1 1007/30/1 1006/30/1
f 1010/30/1 1007/30/1 1009/30/1
f 1013/29/1 1012/29/1 1011/29/1
f 1014/29/1 1012/29/1 1013/29/1
f 1015/30/1 1014/30/1 1013/30/1
f 1016/30/1 1014/30/1 1015/30/1
f 1018/29/1 1016/29/1 1015/29/1
f 1019/29/1 1016/29/1 1018/29/1
f 1022/30/1 1018/30/1 1017/30/1
f 1023/30/1 1018/30/1 1022/30/1
f 1024/30/1 1020/30/1 1019/30/1
f 1025/30/1 1020/30/1 1024/30/1
f 1027/30/1 1022/30/1 1021/30/1
f 1028/30/1 1022/30/1 1027/30/1
f 1031/30/1 1026/30/1 1025/30/1
f 1032/30/1 1026/30/1 1031/30/1
f 1033/30/1 1029/30/1 1028/30/1
f 1034/30/1 1029/30/1 1033/30/1
f 1035/30/1 1031/30/1 1030/30/1
f 1036/30/1 1031/30/1 1035/30/1
f 1037/30/1 1035/30/1 1034/30/1
f 1038/30/1 1035/30/1 1037/30/1
f 1041/29/1 1040/29/1 1039/29/1
f 1042/29/1 1040/29/1 1041/29/1
f 1043/30/1 1042/30/1 1041/30/1
f 1044/30/1 1042/30/1 1043/30/1
f 1045/29/1 1044/29/1 1043/29/1
f 1046/29/1 1044/29/1 1045/29/1
f 1047/30/1 1046/30/1 1045/30/1
f 1048/30/1 1046/30/1 1047/30/1
f 1051/29/1 1048/29/1 1047/29/1
f 1052/29/1 1048/29/1 1051/29/1
f 1056/30/1 1050/30/1 1049/30/1
f 1057/30/1 1050/30/1 1056/30/1
f 1058/30/1 1054/30/1 1053/30/1
f 1059/30/1 1054/30/1 1058/30/1
f 1061/30/1 1056/30/1 1055/30/1
f 1062/30/1 1056/30/1 1061/30/1
f 1063/30/1 1060/30/1 1059/30/1
f 1064/30/1 1060/30/1 1063/30/1
f 1065/29/1 1062/29/1 1061/29/1
f 1066/29/1 1062/29/1 1065/29/1
f 1067/29/1 1064/29/1 1063/29/1
f 1068/29/1 1064/29/1 1067/29/1
f 1069/30/1 1066/30/1 1065/30/1
f 1070/30/1 1066/30/1 1069/30/1
f 1073/30/1 1068/30/1 1067/30/1
f 1074/30/1 1068/30/1 1073/30/1
f 1075/30/1 1071/30/1 1070/30/1
f 1076/30/1 1071/30/1 1075/30/1
f 1079/30/1 1073/30/1 1072/30/1
f 1080/30/1 1073/30/1 1079/30/1
f 1081/30/1 1078/30/1 1077/30/1
f 1082/30/1 1078/30/1 1081/30/1
f 1083/30/1 1078/30/1 1082/30/1
f 1084/30/1 1078/30/1 1083/30/1
f 1085/29/1 1082/29/1 1081/29/1
f 1086/30/1 1083/30/1 1082/30/1
f 1086/29/1 1082/29/1 1085/29/1
f 1087/29/1 1084/29/1 1083/29/1
f 1087/30/1 1083/30/1 1086/30/1
f 1088/29/1 1084/29/1 1087/29/1
f 1091/30/1 1086/30/1 1085/30/1
f 1091/30/1 1087/30/1 1086/30/1
f 1091/30/1 1088/30/1 1087/30/1
f 1092/30/1 1088/30/1 1091/30/1
f 1095/29/1 1090/29/1 1089/29/1
f 1096/29/1 1090/29/1 1095/29/1
f 1097/29/1 1094/29/1 1093/29/1
f 1098/29/1 1094/29/1 1097/29/1
f 1099/30/1 1096/30/1 1095/30/1
f 1100/30/1 1096/30/1 1099/30/1
f 1101/30/1 1098/30/1 1097/30/1
f 1102/30/1 1098/30/1 1101/30/1
f 1104/29/1 1100/29/1 1099/29/1
f 1105/29/1 1100/29/1 1104/29/1
f 1106/29/1 1102/29/1 1101/29/1
f 1107/29/1 1102/29/1 1106/29/1
f 1110/30/1 1104/30/1 1103/30/1
f 1111/30/1 1104/30/1 1110/30/1
f 1112/30/1 1108/30/1 1107/30/1
f 1113/30/1 1108/30/1 1112/30/1
f 1115/30/1 1110/30/1 1109/30/1
f 1116/30/1 1110/30/1 1115/30/1
f 1119/30/1 1114/30/1 1113/30/1
f 1120/30/1 1114/30/1 1119/30/1
f 1121/30/1 1117/30/1 1116/30/1
f 1122/30/1 1117/30/1 1121/30/1
f 1125/30/1 1119/30/1 1118/30/1
f 1126/30/1 1119/30/1 1125/30/1
f 1127/30/1 1123/30/1 1122/30/1
f 1128/30/1 1123/30/1 1127/30/1
f 1131/30/1 1125/30/1 1124/30/1
f 1132/30/1 1125/30/1 1131/30/1
f 1133/30/1 1130/30/1 1129/30/1
f 1134/30/1 1130/30/1 1133/30/1
f 1140/29/1 1136/29/1 1135/29/1
f 1141/29/1 1136/29/1 1140/29/1
f 1142/29/1 1139/29/1 1138/29/1
f 1142/29/1 1138/29/1 1137/29/1
f 1143/29/1 1139/29/1 1142/29/1
f 1144/30/1 1141/30/1 1140/30/1
f 1145/30/1 1141/30/1 1144/30/1
f 1146/30/1 1143/30/1 1142/30/1
f 1147/30/1 1143/30/1 1146/30/1
f 1148/29/1 1145/29/1 1144/29/1
f 1149/29/1 1145/29/1 1148/29/1
f 1150/29/1 1147/29/1 1146/29/1
f 1151/29/1 1147/29/1 1150/29/1
f 1152/30/1 1149/30/1 1148/30/1
f 1153/30/1 1149/30/1 1152/30/1
f 1154/30/1 1151/30/1 1150/30/1
f 1155/30/1 1151/30/1 1154/30/1
f 1157/29/1 1153/29/1 1152/29/1
f 1158/29/1 1153/29/1 1157/29/1
f 1159/29/1 1155/29/1 1154/29/1
f 1160/29/1 1155/29/1 1159/29/1
f 1163/30/1 1157/30/1 1156/30/1
f 1164/30/1 1157/30/1 1163/30/1
f 1165/30/1 1161/30/1 1160/30/1
f 1166/30/1 1161/30/1 1165/30/1
f 1168/30/1 1163/30/1 1162/30/1
f 1169/30/1 1163/30/1 1168/30/1
f 1170/30/1 1167/30/1 1166/30/1
f 1171/30/1 1167/30/1 1170/30/1
f 1172/29/1 1169/29/1 1168/29/1
f 1173/29/1 1169/29/1 1172/29/1
f 1174/29/1 1171/29/1 1170/29/1
f 1175/29/1 1171/29/1 1174/29/1
f 1176/30/1 1173/30/1 1172/30/1
f 1177/30/1 1173/30/1 1176/30/1
f 1180/30/1 1175/30/1 1174/30/1
f 1181/30/1 1175/30/1 1180/30/1
f 1182/30/1 1178/30/1 1177/30/1
f 1183/30/1 1178/30/1 1182/30/1
f 1186/30/1 1180/30/1 1179/30/1
f 1187/30/1 1180/30/1 1186/30/1
f 1188/30/1 1184/30/1 1183/30/1
f 1189/30/1 1186/30/1 1185/30/1
f 1190/30/1 1188/30/1 1183/30/1
f 1191/30/1 1186/30/1 1189/30/1
f 1193/30/1 1190/30/1 1183/30/1
f 1194/30/1 1190/30/1 1193/30/1
f 1195/30/1 1186/30/1 1191/30/1
f 1196/30/1 1186/30/1 1195/30/1
f 1198/29/1 1193/29/1 1192/29/1
f 1199/29/1 1193/29/1 1198/29/1
f 1200/29/1 1197/29/1 1196/29/1
f 1201/29/1 1197/29/1 1200/29/1
f 1202/30/1 1199/30/1 1198/30/1
f 1203/30/1 1199/30/1 1202/30/1
f 1204/30/1 1201/30/1 1200/30/1
f 1205/30/1 1201/30/1 1204/30/1
f 1207/29/1 1203/29/1 1202/29/1
f 1208/29/1 1203/29/1 1207/29/1
f 1209/29/1 1205/29/1 1204/29/1
f 1210/29/1 1205/29/1 1209/29/1
f 1213/30/1 1207/30/1 1206/30/1
f 1214/30/1 1207/30/1 1213/30/1
f 1215/30/1 1211/30/1 1210/30/1
f 1216/30/1 1211/30/1 1215/30/1
f 1218/30/1 1213/30/1 1212/30/1
f 1219/30/1 1213/30/1 1218/30/1
f 1222/30/1 1217/30/1 1216/30/1
f 1223/30/1 1217/30/1 1222/30/1
f 1224/30/1 1220/30/1 1219/30/1
f 1225/30/1 1220/30/1 1224/30/1
f 1228/30/1 1222/30/1 1221/30/1
f 1229/30/1 1222/30/1 1228/30/1
f 1230/30/1 1226/30/1 1225/30/1
f 1231/30/1 1226/30/1 1230/30/1
f 1236/30/1 1228/30/1 1227/30/1
f 1237/30/1 1228/30/1 1236/30/1
f 1238/30/1 1233/30/1 1232/30/1
f 1239/30/1 1233/30/1 1238/30/1
f 1240/30/1 1235/30/1 1234/30/1
f 1241/30/1 1235/30/1 1240/30/1
f 1247/30/1 1243/30/1 1242/30/1
f 1248/30/1 1243/30/1 1247/30/1
f 1249/30/1 1245/30/1 1244/30/1
f 1250/30/1 1245/30/1 1249/30/1
f 1252/30/1 1247/30/1 1246/30/1
f 1253/30/1 1247/30/1 1252/30/1
f 1254/30/1 1251/30/1 1250/30/1
f 1255/30/1 1251/30/1 1254/30/1
f 1256/29/1 1253/29/1 1252/29/1
f 1257/29/1 1253/29/1 1256/29/1
f 1258/29/1 1255/29/1 1254/29/1
f 1259/29/1 1255/29/1 1258/29/1
f 1260/30/1 1257/30/1 1256/30/1
f 1261/30/1 1257/30/1 1260/30/1
f 1264/30/1 1259/30/1 1258/30/1
f 1265/30/1 1259/30/1 1264/30/1
f 1266/30/1 1262/30/1 1261/30/1
f 1267/30/1 1262/30/1 1266/30/1
f 1268/30/1 1264/30/1 1263/30/1
f 1269/30/1 1264/30/1 1268/30/1
f 1274/29/1 1271/29/1 1270/29/1
f 1275/29/1 1271/29/1 1274/29/1
f 1276/29/1 1273/29/1 1272/29/1
f 1277/29/1 1273/29/1 1276/29/1
f 1278/30/1 1275/30/1 1274/30/1
f 1279/30/1 1275/30/1 1278/30/1
f 1280/30/1 1277/30/1 1276/30/1
f 1281/30/1 1277/30/1 1280/30/1
f 1283/29/1 1279/29/1 1278/29/1
f 1284/29/1 1279/29/1 1283/29/1
f 1285/29/1 1281/29/1 1280/29/1
f 1286/29/1 1281/29/1 1285/29/1
f 1289/30/1 1283/30/1 1282/30/1
f 1290/30/1 1283/30/1 1289/30/1
f 1291/30/1 1287/30/1 1286/30/1
f 1292/30/1 1287/30/1 1291/30/1
f 1294/30/1 1289/30/1 1288/30/1
f 1295/30/1 1289/30/1 1294/30/1
f 1298/30/1 1293/30/1 1292/30/1
f 1299/30/1 1293/30/1 1298/30/1
f 1300/30/1 1296/30/1 1295/30/1
f 1301/30/1 1296/30/1 1300/30/1
f 1304/30/1 1298/30/1 1297/30/1
f 1305/30/1 1298/30/1 1304/30/1
f 1306/30/1 1302/30/1 1301/30/1
f 1307/30/1 1302/30/1 1306/30/1
f 1312/30/1 1304/30/1 1303/30/1
f 1313/30/1 1304/30/1 1312/30/1
f 1314/30/1 1309/30/1 1308/30/1
f 1315/30/1 1309/30/1 1314/30/1
f 1316/30/1 1311/30/1 1310/30/1
f 1317/30/1 1311/30/1 1316/30/1
f 1322/29/1 1319/29/1 1318/29/1
f 1323/29/1 1319/29/1 1322/29/1
f 1324/29/1 1321/29/1 1320/29/1
f 1325/29/1 1321/29/1 1324/29/1
f 1326/30/1 1323/30/1 1322/30/1
f 1327/30/1 1323/30/1 1326/30/1
f 1328/30/1 1325/30/1 1324/30/1
f 1329/30/1 1325/30/1 1328/30/1
f 1330/29/1 1327/29/1 1326/29/1
f 1331/29/1 1327/29/1 1330/29/1
f 1332/29/1 1329/29/1 1328/29/1
f 1333/29/1 1329/29/1 1332/29/1
f 1334/30/1 1331/30/1 1330/30/1
f 1335/30/1 1331/30/1 1334/30/1
f 1336/30/1 1333/30/1 1332/30/1
f 1337/30/1 1333/30/1 1336/30/1
f 1338/29/1 1335/29/1 1334/29/1
f 1339/29/1 1335/29/1 1338/29/1
f 1340/29/1 1337/29/1 1336/29/1
f 1341/29/1 1337/29/1 1340/29/1
f 1346/30/1 1343/30/1 1342/30/1
f 1347/30/1 1345/30/1 1344/30/1
f 1348/30/1 1346/30/1 1342/30/1
f 1349/30/1 1345/30/1 1347/30/1
f 1350/30/1 1348/30/1 1342/30/1
f 1351/30/1 1348/30/1 1350/30/1
f 1352/30/1 1345/30/1 1349/30/1
f 1353/30/1 1345/30/1 1352/30/1
f 1358/30/1 1355/30/1 1354/30/1
f 1359/30/1 1355/30/1 1358/30/1
f 1360/30/1 1357/30/1 1356/30/1
f 1361/30/1 1357/30/1 1360/30/1
f 1364/15/1 1363/15/1 1362/15/1
f 1365/15/1 1363/15/1 1364/15/1
f 1366/7/1 1365/7/1 1364/7/1
f 1367/7/1 1365/7/1 1366/7/1
f 1368/8/1 1367/8/1 1366/8/1
f 1369/8/1 1367/8/1 1368/8/1
f 1372/15/1 1371/15/1 1370/15/1
f 1373/15/1 1371/15/1 1372/15/1
f 1376/9/1 1375/9/1 1374/9/1
f 1377/9/1 1375/9/1 1376/9/1
f 1380/15/1 1379/15/1 1378/15/1
f 1381/15/1 1380/15/1 1378/15/1
f 1382/15/1 1381/15/1 1378/15/1
f 1383/15/1 1381/15/1 1382/15/1
f 1386/15/1 1385/15/1 1384/15/1
f 1387/15/1 1385/15/1 1386/15/1
f 1390/15/1 1389/15/1 1388/15/1
f 1391/15/1 1389/15/1 1390/15/1
f 1394/15/1 1393/15/1 1392/15/1
f 1395/15/1 1393/15/1 1394/15/1
f 1398/15/1 1397/15/1 1396/15/1
f 1399/15/1 1397/15/1 1398/15/1
f 1402/15/1 1401/15/1 1400/15/1
f 1403/15/1 1401/15/1 1402/15/1
f 1406/15/1 1405/15/1 1404/15/1
f 1407/15/1 1405/15/1 1406/15/1
f 1410/24/1 1409/24/1 1408/24/1
f 1411/24/1 1409/24/1 1410/24/1
f 1412/29/1 1411/29/1 1410/29/1
f 1413/29/1 1411/29/1 1412/29/1
f 1416/24/1 1415/24/1 1414/24/1
f 1417/24/1 1415/24/1 1416/24/1
f 1420/24/1 1419/24/1 1418/24/1
f 1421/24/1 1419/24/1 1420/24/1
f 1424/29/1 1423/29/1 1422/29/1
f 1425/29/1 1423/29/1 1424/29/1
f 1428/24/1 1427/24/1 1426/24/1
f 1429/24/1 1428/24/1 1426/24/1
f 1430/24/1 1429/24/1 1426/24/1
f 1431/24/1 1430/24/1 1426/24/1
f 1432/24/1 1431/24/1 1426/24/1
f 1433/24/1 1431/24/1 1432/24/1
f 1436/29/1 1435/29/1 1434/29/1
f 1437/29/1 1435/29/1 1436/29/1
f 1440/14/1 1439/14/1 1438/14/1
f 1441/14/1 1439/14/1 1440/14/1
f 1444/14/1 1443/14/1 1442/14/1
f 1445/14/1 1443/14/1 1444/14/1
f 1448/29/1 1447/29/1 1446/29/1
f 1449/29/1 1447/29/1 1448/29/1
f 1452/29/1 1451/29/1 1450/29/1
f 1453/29/1 1451/29/1 1452/29/1
f 1456/3/1 1455/3/1 1454/3/1
f 1457/3/1 1455/3/1 1456/3/1
f 1460/31/1 1459/31/1 1458/31/1
f 1461/31/1 1459/31/1 1460/31/1
f 1462/31/1 1459/31/1 1461/31/1
f 1463/31/1 1459/31/1 1462/31/1
f 1464/31/1 1459/31/1 1463/31/1
f 1465/31/1 1464/31/1 1463/31/1
f 1467/13/1 1463/13/1 1462/13/1
f 1468/13/1 1467/13/1 1466/13/1
f 1469/13/1 1463/13/1 1467/13/1
f 1469/13/1 1467/13/1 1468/13/1
f 1470/31/1 1465/31/1 1463/31/1
f 1472/13/1 1463/13/1 1469/13/1
f 1473/31/1 1470/31/1 1463/31/1
f 1474/13/1 1472/13/1 1471/13/1
f 1475/13/1 1463/13/1 1472/13/1
f 1475/13/1 1472/13/1 1474/13/1
f 1476/31/1 1473/31/1 1463/31/1
f 1478/13/1 1463/13/1 1475/13/1
f 1479/31/1 1476/31/1 1463/31/1
f 1480/13/1 1478/13/1 1477/13/1
f 1481/13/1 1463/13/1 1478/13/1
f 1481/13/1 1478/13/1 1480/13/1
f 1482/31/1 1479/31/1 1463/31/1
f 1482/13/1 1463/13/1 1481/13/1
f 1483/22/1 1482/22/1 1481/22/1
f 1484/31/1 1479/31/1 1482/31/1
f 1484/22/1 1482/22/1 1483/22/1
f 1486/12/1 1484/12/1 1483/12/1
f 1487/31/1 1479/31/1 1484/31/1
f 1487/12/1 1484/12/1 1486/12/1
f 1488/31/1 1479/31/1 1487/31/1
f 1489/31/1 1488/31/1 1487/31/1
f 1490/19/1 1486/19/1 1485/19/1
f 1490/19/1 1487/19/1 1486/19/1
f 1491/19/1 1487/19/1 1490/19/1
f 1492/31/1 1489/31/1 1487/31/1
f 1493/31/1 1492/31/1 1487/31/1
f 1494/19/1 1487/19/1 1491/19/1
f 1495/31/1 1493/31/1 1487/31/1
f 1495/19/1 1487/19/1 1494/19/1
f 1497/17/1 1495/17/1 1494/17/1
f 1498/17/1 1497/17/1 1496/17/1
f 1499/31/1 1493/31/1 1495/31/1
f 1499/17/1 1497/17/1 1498/17/1
f 1499/17/1 1495/17/1 1497/17/1
f 1500/31/1 1493/31/1 1499/31/1
f 1501/16/1 1499/16/1 1498/16/1
f 1502/16/1 1499/16/1 1501/16/1
f 1503/31/1 1500/31/1 1499/31/1
f 1503/16/1 1499/16/1 1502/16/1
f 1504/31/1 1503/31/1 1502/31/1
f 1505/31/1 1500/31/1 1503/31/1
f 1505/31/1 1503/31/1 1504/31/1
f 1506/31/1 1500/31/1 1505/31/1
f 1508/31/1 1506/31/1 1505/31/1
f 1509/31/1 1506/31/1 1508/31/1
f 1509/31/1 1508/31/1 1507/31/1
f 1510/31/1 1509/31/1 1507/31/1
f 1511/31/1 1510/31/1 1507/31/1
f 1512/31/1 1510/31/1 1511/31/1
f 1513/23/1 1512/23/1 1511/23/1
f 1514/23/1 1512/23/1 1513/23/1
f 1515/25/1 1514/25/1 1513/25/1
f 1516/25/1 1514/25/1 1515/25/1
f 1517/23/1 1516/23/1 1515/23/1
f 1518/23/1 1517/23/1 1515/23/1
f 1519/23/1 1517/23/1 1518/23/1
f 1520/25/1 1519/25/1 1518/25/1
f 1521/25/1 1519/25/1 1520/25/1
f 1523/23/1 1521/23/1 1520/23/1
f 1524/23/1 1521/23/1 1523/23/1
f 1525/23/1 1524/23/1 1523/23/1
f 1526/3/1 1523/3/1 1522/3/1
f 1526/23/1 1525/23/1 1523/23/1
f 1527/23/1 1525/23/1 1526/23/1
f 1528/3/1 1526/3/1 1522/3/1
f 1529/25/1 1527/25/1 1526/25/1
f 1529/3/1 1526/3/1 1528/3/1
f 1530/25/1 1527/25/1 1529/25/1
f 1531/23/1 1530/23/1 1529/23/1
f 1532/23/1 1531/23/1 1529/23/1
f 1533/23/1 1532/23/1 1529/23/1
f 1534/23/1 1532/23/1 1533/23/1
f 1535/25/1 1534/25/1 1533/25/1
f 1536/25/1 1534/25/1 1535/25/1
f 1537/23/1 1536/23/1 1535/23/1
f 1538/23/1 1537/23/1 1535/23/1
f 1539/23/1 1537/23/1 1538/23/1
f 1540/25/1 1539/25/1 1538/25/1
f 1541/25/1 1539/25/1 1540/25/1
f 1542/23/1 1541/23/1 1540/23/1
f 1543/23/1 1542/23/1 1540/23/1
f 1544/23/1 1542/23/1 1543/23/1
f 1545/25/1 1544/25/1 1543/25/1
f 1546/25/1 1544/25/1 1545/25/1
f 1547/23/1 1546/23/1 1545/23/1
f 1548/23/1 1547/23/1 1545/23/1
f 1549/23/1 1548/23/1 1545/23/1
f 1550/23/1 1548/23/1 1549/23/1
f 1551/25/1 1550/25/1 1549/25/1
f 1552/25/1 1550/25/1 1551/25/1
f 1555/3/1 1554/3/1 1553/3/1
f 1556/3/1 1555/3/1 1553/3/1
f 1557/3/1 1556/3/1 1553/3/1
f 1558/3/1 1556/3/1 1557/3/1
f 1561/3/1 1560/3/1 1559/3/1
f 1562/3/1 1560/3/1 1561/3/1
f 1565/3/1 1564/3/1 1563/3/1
f 1566/3/1 1564/3/1 1565/3/1
f 1569/32/1 1568/32/1 1567/32/1
f 1570/32/1 1568/32/1 1569/32/1
f 1573/3/1 1572/3/1 1571/3/1
f 1574/3/1 1572/3/1 1573/3/1
f 1577/3/1 1576/3/1 1575/3/1
f 1578/3/1 1576/3/1 1577/3/1
f 1581/32/1 1580/32/1 1579/32/1
f 1582/32/1 1580/32/1 1581/32/1
f 1585/3/1 1584/3/1 1583/3/1
f 1586/3/1 1584/3/1 1585/3/1
f 1589/3/1 1588/3/1 1587/3/1
f 1590/3/1 1588/3/1 1589/3/1
f 1593/3/1 1592/3/1 1591/3/1
f 1594/3/1 1592/3/1 1593/3/1
f 1597/3/1 1596/3/1 1595/3/1
f 1598/3/1 1596/3/1 1597/3/1
f 1601/32/1 1600/32/1 1599/32/1
f 1602/32/1 1600/32/1 1601/32/1
f 1605/3/1 1604/3/1 1603/3/1
f 1606/3/1 1604/3/1 1605/3/1
f 1609/20/1 1608/20/1 1607/20/1
f 1610/20/1 1608/20/1 1609/20/1
f 1613/20/1 1612/20/1 1611/20/1
f 1614/20/1 1612/20/1 1613/20/1
f 1617/31/1 1616/31/1 1615/31/1
f 1618/31/1 1616/31/1 1617/31/1
f 1619/31/1 1616/31/1 1618/31/1
f 1620/31/1 1616/31/1 1619/31/1
f 1622/13/1 1620/13/1 1619/13/1
f 1623/13/1 1622/13/1 1621/13/1
f 1624/13/1 1620/13/1 1622/13/1
f 1624/13/1 1622/13/1 1623/13/1
f 1626/13/1 1620/13/1 1624/13/1
f 1627/13/1 1626/13/1 1625/13/1
f 1628/13/1 1620/13/1 1626/13/1
f 1628/13/1 1626/13/1 1627/13/1
f 1630/13/1 1620/13/1 1628/13/1
f 1631/13/1 1630/13/1 1629/13/1
f 1632/31/1 1616/31/1 1620/31/1
f 1632/13/1 1630/13/1 1631/13/1
f 1632/13/1 1620/13/1 1630/13/1
f 1633/31/1 1616/31/1 1632/31/1
f 1636/3/1 1635/3/1 1634/3/1
f 1637/3/1 1635/3/1 1636/3/1
f 1640/32/1 1639/32/1 1638/32/1
f 1641/32/1 1639/32/1 1640/32/1
f 1644/32/1 1643/32/1 1642/32/1
f 1645/32/1 1643/32/1 1644/32/1
f 1648/31/1 1647/31/1 1646/31/1
f 1649/31/1 1647/31/1 1648/31/1
f 1650/31/1 1647/31/1 1649/31/1
f 1651/31/1 1647/31/1 1650/31/1
f 1653/13/1 1651/13/1 1650/13/1
f 1654/13/1 1653/13/1 1652/13/1
f 1655/13/1 1651/13/1 1653/13/1
f 1655/13/1 1653/13/1 1654/13/1
f 1657/13/1 1651/13/1 1655/13/1
f 1658/13/1 1657/13/1 1656/13/1
f 1659/13/1 1651/13/1 1657/13/1
f 1659/13/1 1657/13/1 1658/13/1
f 1661/13/1 1651/13/1 1659/13/1
f 1662/13/1 1661/13/1 1660/13/1
f 1663/13/1 1651/13/1 1661/13/1
f 1663/13/1 1661/13/1 1662/13/1
f 1664/13/1 1651/13/1 1663/13/1
f 1667/20/1 1666/20/1 1665/20/1
f 1668/20/1 1666/20/1 1667/20/1
f 1670/20/1 1669/20/1 1668/20/1
f 1671/20/1 1669/20/1 1670/20/1
f 1673/18/1 1671/18/1 1670/18/1
f 1674/18/1 1671/18/1 1673/18/1
f 1675/18/1 1673/18/1 1672/18/1
f 1676/18/1 1673/18/1 1675/18/1
f 1679/24/1 1678/24/1 1677/24/1
f 1680/24/1 1678/24/1 1679/24/1
f 1681/29/1 1680/29/1 1679/29/1
f 1682/29/1 1680/29/1 1681/29/1
f 1685/24/1 1684/24/1 1683/24/1
f 1686/24/1 1684/24/1 1685/24/1
f 1689/24/1 1688/24/1 1687/24/1
f 1690/24/1 1688/24/1 1689/24/1
f 1693/29/1 1692/29/1 1691/29/1
f 1694/29/1 1692/29/1 1693/29/1
f 1697/24/1 1696/24/1 1695/24/1
f 1698/24/1 1696/24/1 1697/24/1
f 1701/29/1 1700/29/1 1699/29/1
f 1702/29/1 1700/29/1 1701/29/1
f 1705/14/1 1704/14/1 1703/14/1
f 1706/14/1 1704/14/1 1705/14/1
f 1709/14/1 1708/14/1 1707/14/1
f 1710/14/1 1708/14/1 1709/14/1
f 1713/29/1 1712/29/1 1711/29/1
f 1714/29/1 1712/29/1 1713/29/1
f 1717/29/1 1716/29/1 1715/29/1
f 1718/29/1 1716/29/1 1717/29/1
f 1721/15/1 1720/15/1 1719/15/1
f 1722/15/1 1720/15/1 1721/15/1
f 1725/15/1 1724/15/1 1723/15/1
f 1726/15/1 1724/15/1 1725/15/1
f 1729/15/1 1728/15/1 1727/15/1
f 1730/15/1 1728/15/1 1729/15/1
f 1733/15/1 1732/15/1 1731/15/1
f 1734/15/1 1732/15/1 1733/15/1
f 1737/15/1 1736/15/1 1735/15/1
f 1738/15/1 1736/15/1 1737/15/1
f 1741/15/1 1740/15/1 1739/15/1
f 1742/15/1 1740/15/1 1741/15/1
f 1745/15/1 1744/15/1 1743/15/1
f 1746/15/1 1744/15/1 1745/15/1
f 1749/15/1 1748/15/1 1747/15/1
f 1750/15/1 1748/15/1 1749/15/1
f 1751/7/1 1750/7/1 1749/7/1
f 1752/7/1 1750/7/1 1751/7/1
f 1753/8/1 1752/8/1 1751/8/1
f 1754/8/1 1752/8/1 1753/8/1
f 1757/15/1 1756/15/1 1755/15/1
f 1758/15/1 1756/15/1 1757/15/1
f 1761/9/1 1760/9/1 1759/9/1
f 1762/9/1 1760/9/1 1761/9/1
f 1766/15/1 1765/15/1 1764/15/1
f 1767/15/1 1766/15/1 1764/15/1
f 1768/15/1 1767/15/1 1764/15/1
f 1769/15/1 1768/15/1 1764/15/1
f 1770/15/1 1769/15/1 1764/15/1
f 1771/15/1 1770/15/1 1764/15/1
f 1772/16/1 1764/16/1 1763/16/1
f 1773/15/1 1771/15/1 1764/15/1
f 1773/16/1 1764/16/1 1772/16/1
f 1774/15/1 1771/15/1 1773/15/1
f 1777/11/1 1776/11/1 1775/11/1
f 1778/11/1 1777/11/1 1775/11/1
f 1779/11/1 1777/11/1 1778/11/1
f 1782/11/1 1781/11/1 1780/11/1
f 1783/11/1 1781/11/1 1782/11/1
f 1786/11/1 1785/11/1 1784/11/1
f 1787/11/1 1785/11/1 1786/11/1
f 1790/3/1 1789/3/1 1788/3/1
f 1791/3/1 1789/3/1 1790/3/1
f 1792/1/1 1791/1/1 1790/1/1
f 1793/1/1 1791/1/1 1792/1/1
f 1794/3/1 1793/3/1 1792/3/1
f 1795/3/1 1793/3/1 1794/3/1
f 1798/3/1 1797/3/1 1796/3/1
f 1799/3/1 1797/3/1 1798/3/1
f 1801/1/1 1799/1/1 1798/1/1
f 1802/1/1 1799/1/1 1801/1/1
f 1804/3/1 1801/3/1 1800/3/1
f 1805/3/1 1801/3/1 1804/3/1
f 1806/3/1 1803/3/1 1802/3/1
f 1807/3/1 1803/3/1 1806/3/1
f 1808/1/1 1805/1/1 1804/1/1
f 1809/1/1 1805/1/1 1808/1/1
f 1810/1/1 1807/1/1 1806/1/1
f 1811/1/1 1807/1/1 1810/1/1
f 1812/3/1 1809/3/1 1808/3/1
f 1813/3/1 1809/3/1 1812/3/1
f 1814/3/1 1811/3/1 1810/3/1
f 1815/3/1 1811/3/1 1814/3/1
f 1816/1/1 1814/1/1 1813/1/1
f 1817/1/1 1814/1/1 1816/1/1
f 1818/3/1 1817/3/1 1816/3/1
f 1819/3/1 1817/3/1 1818/3/1
f 1824/3/1 1821/3/1 1820/3/1
f 1825/3/1 1821/3/1 1824/3/1
f 1826/3/1 1823/3/1 1822/3/1
f 1827/3/1 1823/3/1 1826/3/1
f 1829/1/1 1825/1/1 1824/1/1
f 1830/1/1 1825/1/1 1829/1/1
f 1831/1/1 1827/1/1 1826/1/1
f 1832/1/1 1827/1/1 1831/1/1
f 1834/3/1 1829/3/1 1828/3/1
f 1835/3/1 1829/3/1 1834/3/1
f 1836/3/1 1833/3/1 1832/3/1
f 1837/3/1 1833/3/1 1836/3/1
f 1838/1/1 1835/1/1 1834/1/1
f 1839/1/1 1835/1/1 1838/1/1
f 1840/1/1 1837/1/1 1836/1/1
f 1841/1/1 1837/1/1 1840/1/1
f 1842/3/1 1839/3/1 1838/3/1
f 1843/3/1 1839/3/1 1842/3/1
f 1846/3/1 1841/3/1 1840/3/1
f 1847/3/1 1841/3/1 1846/3/1
f 1848/1/1 1844/1/1 1843/1/1
f 1849/1/1 1844/1/1 1848/1/1
f 1850/1/1 1846/1/1 1845/1/1
f 1851/1/1 1846/1/1 1850/1/1
f 1852/3/1 1849/3/1 1848/3/1
f 1853/3/1 1849/3/1 1852/3/1
f 1854/3/1 1851/3/1 1850/3/1
f 1855/3/1 1851/3/1 1854/3/1
f 1860/3/1 1857/3/1 1856/3/1
f 1861/3/1 1857/3/1 1860/3/1
f 1862/3/1 1859/3/1 1858/3/1
f 1863/3/1 1859/3/1 1862/3/1
f 1865/1/1 1861/1/1 1860/1/1
f 1866/1/1 1861/1/1 1865/1/1
f 1867/1/1 1863/1/1 1862/1/1
f 1868/1/1 1863/1/1 1867/1/1
f 1870/3/1 1865/3/1 1864/3/1
f 1871/3/1 1865/3/1 1870/3/1
f 1872/3/1 1869/3/1 1868/3/1
f 1873/3/1 1869/3/1 1872/3/1
f 1874/1/1 1871/1/1 1870/1/1
f 1875/1/1 1871/1/1 1874/1/1
f 1876/1/1 1873/1/1 1872/1/1
f 1877/1/1 1873/1/1 1876/1/1
f 1878/3/1 1875/3/1 1874/3/1
f 1879/3/1 1875/3/1 1878/3/1
f 1882/3/1 1877/3/1 1876/3/1
f 1883/3/1 1877/3/1 1882/3/1
f 1884/1/1 1880/1/1 1879/1/1
f 1885/1/1 1880/1/1 1884/1/1
f 1886/1/1 1882/1/1 1881/1/1
f 1887/1/1 1882/1/1 1886/1/1
f 1888/3/1 1885/3/1 1884/3/1
f 1889/3/1 1885/3/1 1888/3/1
f 1890/3/1 1887/3/1 1886/3/1
f 1891/3/1 1887/3/1 1890/3/1
f 1896/3/1 1893/3/1 1892/3/1
f 1897/3/1 1893/3/1 1896/3/1
f 1898/3/1 1895/3/1 1894/3/1
f 1899/3/1 1895/3/1 1898/3/1
f 1901/1/1 1897/1/1 1896/1/1
f 1902/1/1 1897/1/1 1901/1/1
f 1903/1/1 1899/1/1 1898/1/1
f 1904/1/1 1899/1/1 1903/1/1
f 1906/3/1 1901/3/1 1900/3/1
f 1907/3/1 1901/3/1 1906/3/1
f 1908/3/1 1905/3/1 1904/3/1
f 1909/3/1 1905/3/1 1908/3/1
f 1910/1/1 1907/1/1 1906/1/1
f 1911/1/1 1907/1/1 1910/1/1
f 1912/1/1 1909/1/1 1908/1/1
f 1913/1/1 1909/1/1 1912/1/1
f 1914/3/1 1911/3/1 1910/3/1
f 1915/3/1 1911/3/1 1914/3/1
f 1918/3/1 1913/3/1 1912/3/1
f 1919/3/1 1913/3/1 1918/3/1
f 1920/1/1 1916/1/1 1915/1/1
f 1921/1/1 1916/1/1 1920/1/1
f 1922/1/1 1918/1/1 1917/1/1
f 1923/1/1 1918/1/1 1922/1/1
f 1924/3/1 1921/3/1 1920/3/1
f 1925/3/1 1921/3/1 1924/3/1
f 1926/3/1 1923/3/1 1922/3/1
f 1927/3/1 1923/3/1 1926/3/1
f 1932/3/1 1929/3/1 1928/3/1
f 1933/3/1 1929/3/1 1932/3/1
f 1934/3/1 1931/3/1 1930/3/1
f 1935/3/1 1931/3/1 1934/3/1
f 1940/1/1 1937/1/1 1936/1/1
f 1941/1/1 1937/1/1 1940/1/1
f 1942/1/1 1939/1/1 1938/1/1
f 1943/1/1 1939/1/1 1942/1/1
f 1944/3/1 1941/3/1 1940/3/1
f 1945/3/1 1941/3/1 1944/3/1
f 1947/3/1 1943/3/1 1942/3/1
f 1948/3/1 1943/3/1 1947/3/1
f 1949/1/1 1946/1/1 1945/1/1
f 1950/1/1 1946/1/1 1949/1/1
f 1955/3/1 1952/3/1 1951/3/1
f 1956/3/1 1952/3/1 1955/3/1
f 1957/3/1 1954/3/1 1953/3/1
f 1958/3/1 1954/3/1 1957/3/1
f 1959/1/1 1956/1/1 1955/1/1
f 1960/1/1 1956/1/1 1959/1/1
f 1961/1/1 1958/1/1 1957/1/1
f 1962/1/1 1958/1/1 1961/1/1
f 1966/3/1 1960/3/1 1959/3/1
f 1967/3/1 1960/3/1 1966/3/1
f 1968/3/1 1962/3/1 1961/3/1
f 1969/3/1 1962/3/1 1968/3/1
f 1971/3/1 1964/3/1 1963/3/1
f 1972/3/1 1964/3/1 1971/3/1
f 1973/1/1 1966/1/1 1965/1/1
f 1974/1/1 1966/1/1 1973/1/1
f 1977/1/1 1970/1/1 1969/1/1
f 1978/1/1 1970/1/1 1977/1/1
f 1979/1/1 1975/1/1 1974/1/1
f 1980/1/1 1975/1/1 1979/1/1
f 1981/1/1 1977/1/1 1976/1/1
f 1982/1/1 1977/1/1 1981/1/1
f 1983/1/1 1972/1/1 1971/1/1
f 1984/1/1 1972/1/1 1983/1/1
f 1985/3/1 1980/3/1 1979/3/1
f 1986/3/1 1980/3/1 1985/3/1
f 1989/3/1 1982/3/1 1981/3/1
f 1990/3/1 1982/3/1 1989/3/1
f 1991/3/1 1984/3/1 1983/3/1
f 1992/3/1 1984/3/1 1991/3/1
f 1993/1/1 1987/1/1 1986/1/1
f 1994/1/1 1987/1/1 1993/1/1
f 1995/1/1 1990/1/1 1989/1/1
f 1995/1/1 1989/1/1 1988/1/1
f 1996/1/1 1990/1/1 1995/1/1
f 2005/3/1 1998/3/1 1997/3/1
f 2006/3/1 1998/3/1 2005/3/1
f 2007/3/1 2000/3/1 1999/3/1
f 2008/3/1 2000/3/1 2007/3/1
f 2009/3/1 2004/3/1 2003/3/1
f 2009/3/1 2002/3/1 2001/3/1
f 2009/3/1 2003/3/1 2002/3/1
f 2010/3/1 2004/3/1 2009/3/1
f 2011/1/1 2006/1/1 2005/1/1
f 2012/1/1 2006/1/1 2011/1/1
f 2013/1/1 2008/1/1 2007/1/1
f 2014/1/1 2008/1/1 2013/1/1
f 2016/1/1 2010/1/1 2009/1/1
f 2017/1/1 2010/1/1 2016/1/1
f 2020/3/1 2012/3/1 2011/3/1
f 2021/3/1 2012/3/1 2020/3/1
f 2022/3/1 2014/3/1 2013/3/1
f 2023/3/1 2014/3/1 2022/3/1
f 2025/3/1 2016/3/1 2015/3/1
f 2026/3/1 2016/3/1 2025/3/1
f 2027/3/1 2018/3/1 2017/3/1
f 2028/3/1 2018/3/1 2027/3/1
f 2029/1/1 2020/1/1 2019/1/1
f 2030/1/1 2020/1/1 2029/1/1
f 2033/1/1 2024/1/1 2023/1/1
f 2034/1/1 2024/1/1 2033/1/1
f 2035/1/1 2031/1/1 2030/1/1
f 2036/1/1 2031/1/1 2035/1/1
f 2037/1/1 2033/1/1 2032/1/1
f 2038/1/1 2033/1/1 2037/1/1
f 2039/1/1 2026/1/1 2025/1/1
f 2040/1/1 2026/1/1 2039/1/1
f 2041/1/1 2028/1/1 2027/1/1
f 2042/1/1 2028/1/1 2041/1/1
f 2043/3/1 2036/3/1 2035/3/1
f 2044/3/1 2036/3/1 2043/3/1
f 2047/3/1 2038/3/1 2037/3/1
f 2048/3/1 2038/3/1 2047/3/1
f 2049/3/1 2040/3/1 2039/3/1
f 2050/3/1 2040/3/1 2049/3/1
f 2051/3/1 2042/3/1 2041/3/1
f 2052/3/1 2042/3/1 2051/3/1
f 2053/1/1 2045/1/1 2044/1/1
f 2054/1/1 2045/1/1 2053/1/1
f 2055/1/1 2047/1/1 2046/1/1
f 2056/1/1 2047/1/1 2055/1/1
f 2057/1/1 2051/1/1 2050/1/1
f 2058/1/1 2051/1/1 2057/1/1
f 2059/3/1 2058/3/1 2057/3/1
f 2060/3/1 2058/3/1 2059/3/1
f 2069/3/1 2062/3/1 2061/3/1
f 2069/3/1 2063/3/1 2062/3/1
f 2069/3/1 2064/3/1 2063/3/1
f 2070/3/1 2064/3/1 2069/3/1
f 2071/3/1 2066/3/1 2065/3/1
f 2072/3/1 2066/3/1 2071/3/1
f 2073/3/1 2068/3/1 2067/3/1
f 2074/3/1 2068/3/1 2073/3/1
f 2075/1/1 2070/1/1 2069/1/1
f 2076/1/1 2070/1/1 2075/1/1
f 2077/1/1 2070/1/1 2076/1/1
f 2078/1/1 2070/1/1 2077/1/1
f 2080/1/1 2072/1/1 2071/1/1
f 2081/1/1 2072/1/1 2080/1/1
f 2082/1/1 2074/1/1 2073/1/1
f 2083/1/1 2074/1/1 2082/1/1
f 2086/3/1 2076/3/1 2075/3/1
f 2087/3/1 2076/3/1 2086/3/1
f 2088/3/1 2078/3/1 2077/3/1
f 2089/3/1 2078/3/1 2088/3/1
f 2091/3/1 2080/3/1 2079/3/1
f 2092/3/1 2080/3/1 2091/3/1
f 2093/3/1 2084/3/1 2083/3/1
f 2094/3/1 2084/3/1 2093/3/1
f 2095/1/1 2086/1/1 2085/1/1
f 2096/1/1 2086/1/1 2095/1/1
f 2099/1/1 2090/1/1 2089/1/1
f 2100/1/1 2090/1/1 2099/1/1
f 2101/1/1 2097/1/1 2096/1/1
f 2102/1/1 2097/1/1 2101/1/1
f 2103/1/1 2099/1/1 2098/1/1
f 2104/1/1 2099/1/1 2103/1/1
f 2105/1/1 2092/1/1 2091/1/1
f 2106/1/1 2092/1/1 2105/1/1
f 2107/1/1 2094/1/1 2093/1/1
f 2108/1/1 2094/1/1 2107/1/1
f 2111/3/1 2102/3/1 2101/3/1
f 2112/3/1 2102/3/1 2111/3/1
f 2113/3/1 2104/3/1 2103/3/1
f 2114/3/1 2104/3/1 2113/3/1
f 2115/3/1 2106/3/1 2105/3/1
f 2116/3/1 2106/3/1 2115/3/1
f 2119/3/1 2108/3/1 2107/3/1
f 2120/3/1 2108/3/1 2119/3/1
f 2121/16/1 2110/16/1 2109/16/1
f 2122/1/1 2113/1/1 2112/1/1
f 2123/1/1 2113/1/1 2122/1/1
f 2124/1/1 2117/1/1 2116/1/1
f 2125/1/1 2117/1/1 2124/1/1
f 2126/1/1 2119/1/1 2118/1/1
f 2127/1/1 2119/1/1 2126/1/1
f 2128/16/1 2121/16/1 2109/16/1
f 2129/3/1 2125/3/1 2124/3/1
f 2130/3/1 2125/3/1 2129/3/1
f 2131/3/1 2127/3/1 2126/3/1
f 2132/3/1 2127/3/1 2131/3/1
f 2133/16/1 2128/16/1 2109/16/1
f 2134/16/1 2133/16/1 2109/16/1
f 2135/16/1 2134/16/1 2109/16/1
f 2136/16/1 2134/16/1 2135/16/1
f 2141/3/1 2138/3/1 2137/3/1
f 2142/3/1 2138/3/1 2141/3/1
f 2143/3/1 2140/3/1 2139/3/1
f 2144/3/1 2140/3/1 2143/3/1
f 2148/1/1 2142/1/1 2141/1/1
f 2149/1/1 2142/1/1 2148/1/1
f 2150/1/1 2144/1/1 2143/1/1
f 2151/1/1 2144/1/1 2150/1/1
f 2154/3/1 2146/3/1 2145/3/1
f 2155/3/1 2146/3/1 2154/3/1
f 2157/3/1 2148/3/1 2147/3/1
f 2158/3/1 2148/3/1 2157/3/1
f 2159/3/1 2152/3/1 2151/3/1
f 2160/3/1 2152/3/1 2159/3/1
f 2161/1/1 2156/1/1 2155/1/1
f 2161/1/1 2154/1/1 2153/1/1
f 2161/1/1 2155/1/1 2154/1/1
f 2162/1/1 2156/1/1 2161/1/1
f 2163/1/1 2156/1/1 2162/1/1
f 2164/1/1 2156/1/1 2163/1/1
f 2165/1/1 2163/1/1 2162/1/1
f 2166/1/1 2163/1/1 2165/1/1
f 2167/1/1 2158/1/1 2157/1/1
f 2168/1/1 2158/1/1 2167/1/1
f 2169/1/1 2160/1/1 2159/1/1
f 2170/1/1 2160/1/1 2169/1/1
f 2171/3/1 2166/3/1 2165/3/1
f 2172/3/1 2166/3/1 2171/3/1
f 2173/3/1 2168/3/1 2167/3/1
f 2174/3/1 2168/3/1 2173/3/1
f 2177/3/1 2170/3/1 2169/3/1
f 2178/3/1 2170/3/1 2177/3/1
f 2179/1/1 2175/1/1 2174/1/1
f 2180/1/1 2175/1/1 2179/1/1
f 2181/1/1 2177/1/1 2176/1/1
f 2182/1/1 2177/1/1 2181/1/1
f 2183/3/1 2180/3/1 2179/3/1
f 2184/3/1 2180/3/1 2183/3/1
f 2185/3/1 2182/3/1 2181/3/1
f 2186/3/1 2182/3/1 2185/3/1
f 2191/3/1 2188/3/1 2187/3/1
f 2192/3/1 2188/3/1 2191/3/1
f 2193/3/1 2190/3/1 2189/3/1
f 2194/3/1 2190/3/1 2193/3/1
f 2196/1/1 2192/1/1 2191/1/1
f 2197/1/1 2192/1/1 2196/1/1
f 2198/1/1 2194/1/1 2193/1/1
f 2199/1/1 2194/1/1 2198/1/1
f 2201/3/1 2196/3/1 2195/3/1
f 2202/3/1 2196/3/1 2201/3/1
f 2203/3/1 2200/3/1 2199/3/1
f 2204/3/1 2200/3/1 2203/3/1
f 2205/1/1 2202/1/1 2201/1/1
f 2206/1/1 2202/1/1 2205/1/1
f 2207/1/1 2204/1/1 2203/1/1
f 2208/1/1 2204/1/1 2207/1/1
f 2209/3/1 2206/3/1 2205/3/1
f 2210/3/1 2206/3/1 2209/3/1
f 2213/3/1 2208/3/1 2207/3/1
f 2214/3/1 2208/3/1 2213/3/1
f 2215/1/1 2211/1/1 2210/1/1
f 2216/1/1 2211/1/1 2215/1/1
f 2217/1/1 2213/1/1 2212/1/1
f 2218/1/1 2213/1/1 2217/1/1
f 2219/3/1 2216/3/1 2215/3/1
f 2220/3/1 2216/3/1 2219/3/1
f 2221/3/1 2218/3/1 2217/3/1
f 2222/3/1 2218/3/1 2221/3/1
f 2229/3/1 2224/3/1 2223/3/1
f 2230/3/1 2224/3/1 2229/3/1
f 2231/3/1 2226/3/1 2225/3/1
f 2232/3/1 2226/3/1 2231/3/1
f 2233/3/1 2228/3/1 2227/3/1
f 2234/3/1 2228/3/1 2233/3/1
f 2239/1/1 2230/1/1 2229/1/1
f 2240/1/1 2230/1/1 2239/1/1
f 2241/1/1 2236/1/1 2235/1/1
f 2242/1/1 2236/1/1 2241/1/1
f 2243/1/1 2238/1/1 2237/1/1
f 2244/1/1 2238/1/1 2243/1/1
f 2245/3/1 2240/3/1 2239/3/1
f 2246/3/1 2240/3/1 2245/3/1
f 2247/3/1 2242/3/1 2241/3/1
f 2248/3/1 2242/3/1 2247/3/1
f 2250/3/1 2244/3/1 2243/3/1
f 2251/3/1 2244/3/1 2250/3/1
f 2252/1/1 2249/1/1 2248/1/1
f 2253/1/1 2249/1/1 2252/1/1
f 2260/3/1 2255/3/1 2254/3/1
f 2261/3/1 2255/3/1 2260/3/1
f 2262/3/1 2257/3/1 2256/3/1
f 2263/3/1 2257/3/1 2262/3/1
f 2264/3/1 2259/3/1 2258/3/1
f 2265/3/1 2259/3/1 2264/3/1
f 2267/1/1 2261/1/1 2260/1/1
f 2268/1/1 2261/1/1 2267/1/1
f 2270/1/1 2263/1/1 2262/1/1
f 2271/1/1 2263/1/1 2270/1/1
f 2272/1/1 2265/1/1 2264/1/1
f 2273/1/1 2265/1/1 2272/1/1
f 2274/3/1 2267/3/1 2266/3/1
f 2275/3/1 2267/3/1 2274/3/1
f 2276/3/1 2269/3/1 2268/3/1
f 2277/3/1 2269/3/1 2276/3/1
f 2279/3/1 2271/3/1 2270/3/1
f 2280/3/1 2271/3/1 2279/3/1
f 2281/3/1 2273/3/1 2272/3/1
f 2282/3/1 2273/3/1 2281/3/1
f 2284/1/1 2279/1/1 2278/1/1
f 2285/1/1 2279/1/1 2284/1/1
f 2288/1/1 2283/1/1 2282/1/1
f 2289/1/1 2283/1/1 2288/1/1
f 2290/1/1 2275/1/1 2274/1/1
f 2291/1/1 2275/1/1 2290/1/1
f 2292/1/1 2277/1/1 2276/1/1
f 2293/1/1 2277/1/1 2292/1/1
f 2294/1/1 2286/1/1 2285/1/1
f 2295/1/1 2286/1/1 2294/1/1
f 2296/1/1 2288/1/1 2287/1/1
f 2297/1/1 2288/1/1 2296/1/1
f 2298/3/1 2291/3/1 2290/3/1
f 2299/3/1 2291/3/1 2298/3/1
f 2300/3/1 2293/3/1 2292/3/1
f 2301/3/1 2293/3/1 2300/3/1
f 2302/3/1 2295/3/1 2294/3/1
f 2303/3/1 2295/3/1 2302/3/1
f 2306/3/1 2297/3/1 2296/3/1
f 2307/3/1 2297/3/1 2306/3/1
f 2308/1/1 2300/1/1 2299/1/1
f 2309/1/1 2300/1/1 2308/1/1
f 2310/1/1 2304/1/1 2303/1/1
f 2311/1/1 2304/1/1 2310/1/1
f 2312/1/1 2307/1/1 2306/1/1
f 2312/1/1 2306/1/1 2305/1/1
f 2313/1/1 2307/1/1 2312/1/1
f 2314/3/1 2309/3/1 2308/3/1
f 2315/3/1 2309/3/1 2314/3/1
f 2324/3/1 2317/3/1 2316/3/1
f 2325/3/1 2317/3/1 2324/3/1
f 2326/3/1 2319/3/1 2318/3/1
f 2327/3/1 2319/3/1 2326/3/1
f 2328/3/1 2321/3/1 2320/3/1
f 2329/3/1 2321/3/1 2328/3/1
f 2330/3/1 2323/3/1 2322/3/1
f 2331/3/1 2323/3/1 2330/3/1
f 2333/1/1 2325/1/1 2324/1/1
f 2334/1/1 2325/1/1 2333/1/1
f 2335/1/1 2327/1/1 2326/1/1
f 2336/1/1 2327/1/1 2335/1/1
f 2338/1/1 2329/1/1 2328/1/1
f 2339/1/1 2329/1/1 2338/1/1
f 2340/1/1 2331/1/1 2330/1/1
f 2341/1/1 2331/1/1 2340/1/1
f 2342/3/1 2333/3/1 2332/3/1
f 2343/3/1 2333/3/1 2342/3/1
f 2344/3/1 2337/3/1 2336/3/1
f 2345/3/1 2337/3/1 2344/3/1
f 2347/3/1 2339/3/1 2338/3/1
f 2348/3/1 2339/3/1 2347/3/1
f 2349/3/1 2341/3/1 2340/3/1
f 2350/3/1 2341/3/1 2349/3/1
f 2352/1/1 2347/1/1 2346/1/1
f 2353/1/1 2347/1/1 2352/1/1
f 2356/1/1 2351/1/1 2350/1/1
f 2357/1/1 2351/1/1 2356/1/1
f 2358/1/1 2343/1/1 2342/1/1
f 2359/1/1 2343/1/1 2358/1/1
f 2360/1/1 2345/1/1 2344/1/1
f 2361/1/1 2345/1/1 2360/1/1
f 2362/1/1 2354/1/1 2353/1/1
f 2363/1/1 2354/1/1 2362/1/1
f 2364/1/1 2356/1/1 2355/1/1
f 2365/1/1 2356/1/1 2364/1/1
f 2366/3/1 2359/3/1 2358/3/1
f 2367/3/1 2359/3/1 2366/3/1
f 2370/3/1 2361/3/1 2360/3/1
f 2371/3/1 2361/3/1 2370/3/1
f 2372/3/1 2363/3/1 2362/3/1
f 2373/3/1 2363/3/1 2372/3/1
f 2376/3/1 2365/3/1 2364/3/1
f 2377/3/1 2365/3/1 2376/3/1
f 2378/1/1 2368/1/1 2367/1/1
f 2379/1/1 2368/1/1 2378/1/1
f 2380/1/1 2370/1/1 2369/1/1
f 2381/1/1 2370/1/1 2380/1/1
f 2382/1/1 2374/1/1 2373/1/1
f 2383/1/1 2374/1/1 2382/1/1
f 2384/1/1 2376/1/1 2375/1/1
f 2385/1/1 2376/1/1 2384/1/1
f 2386/3/1 2379/3/1 2378/3/1
f 2387/3/1 2379/3/1 2386/3/1
f 2388/3/1 2381/3/1 2380/3/1
f 2389/3/1 2381/3/1 2388/3/1
f 2398/3/1 2391/3/1 2390/3/1
f 2399/3/1 2391/3/1 2398/3/1
f 2400/3/1 2393/3/1 2392/3/1
f 2401/3/1 2393/3/1 2400/3/1
f 2402/3/1 2397/3/1 2396/3/1
f 2402/3/1 2395/3/1 2394/3/1
f 2402/3/1 2396/3/1 2395/3/1
f 2403/3/1 2397/3/1 2402/3/1
f 2405/1/1 2399/1/1 2398/1/1
f 2406/1/1 2399/1/1 2405/1/1
f 2407/1/1 2401/1/1 2400/1/1
f 2408/1/1 2401/1/1 2407/1/1
f 2410/1/1 2403/1/1 2402/1/1
f 2411/1/1 2403/1/1 2410/1/1
f 2412/1/1 2403/1/1 2411/1/1
f 2413/1/1 2403/1/1 2412/1/1
f 2414/3/1 2405/3/1 2404/3/1
f 2415/3/1 2405/3/1 2414/3/1
f 2416/3/1 2409/3/1 2408/3/1
f 2417/3/1 2409/3/1 2416/3/1
f 2419/3/1 2411/3/1 2410/3/1
f 2420/3/1 2411/3/1 2419/3/1
f 2421/3/1 2413/3/1 2412/3/1
f 2422/3/1 2413/3/1 2421/3/1
f 2424/1/1 2419/1/1 2418/1/1
f 2425/1/1 2419/1/1 2424/1/1
f 2428/1/1 2423/1/1 2422/1/1
f 2429/1/1 2423/1/1 2428/1/1
f 2430/1/1 2415/1/1 2414/1/1
f 2431/1/1 2415/1/1 2430/1/1
f 2432/1/1 2417/1/1 2416/1/1
f 2433/1/1 2417/1/1 2432/1/1
f 2434/1/1 2426/1/1 2425/1/1
f 2435/1/1 2426/1/1 2434/1/1
f 2436/1/1 2428/1/1 2427/1/1
f 2437/1/1 2428/1/1 2436/1/1
f 2438/3/1 2431/3/1 2430/3/1
f 2439/3/1 2431/3/1 2438/3/1
f 2442/3/1 2433/3/1 2432/3/1
f 2443/3/1 2433/3/1 2442/3/1
f 2444/3/1 2435/3/1 2434/3/1
f 2445/3/1 2435/3/1 2444/3/1
f 2446/3/1 2437/3/1 2436/3/1
f 2447/3/1 2437/3/1 2446/3/1
f 2448/1/1 2440/1/1 2439/1/1
f 2449/1/1 2440/1/1 2448/1/1
f 2450/1/1 2442/1/1 2441/1/1
f 2451/1/1 2442/1/1 2450/1/1
f 2452/1/1 2446/1/1 2445/1/1
f 2453/1/1 2446/1/1 2452/1/1
f 2454/3/1 2449/3/1 2448/3/1
f 2455/3/1 2449/3/1 2454/3/1
f 2456/3/1 2451/3/1 2450/3/1
f 2457/3/1 2451/3/1 2456/3/1
f 2462/3/1 2459/3/1 2458/3/1
f 2463/3/1 2459/3/1 2462/3/1
f 2464/3/1 2461/3/1 2460/3/1
f 2465/3/1 2461/3/1 2464/3/1
f 2467/1/1 2463/1/1 2462/1/1
f 2468/1/1 2463/1/1 2467/1/1
f 2469/1/1 2465/1/1 2464/1/1
f 2470/1/1 2465/1/1 2469/1/1
f 2474/3/1 2467/3/1 2466/3/1
f 2475/3/1 2467/3/1 2474/3/1
f 2476/3/1 2471/3/1 2470/3/1
f 2477/3/1 2471/3/1 2476/3/1
f 2479/3/1 2473/3/1 2472/3/1
f 2480/3/1 2473/3/1 2479/3/1
f 2482/1/1 2479/1/1 2478/1/1
f 2482/1/1 2481/1/1 2480/1/1
f 2482/1/1 2480/1/1 2479/1/1
f 2483/1/1 2481/1/1 2482/1/1
f 2484/1/1 2481/1/1 2483/1/1
f 2485/1/1 2481/1/1 2484/1/1
f 2486/1/1 2475/1/1 2474/1/1
f 2487/1/1 2475/1/1 2486/1/1
f 2488/1/1 2477/1/1 2476/1/1
f 2489/1/1 2477/1/1 2488/1/1
f 2490/1/1 2484/1/1 2483/1/1
f 2491/1/1 2484/1/1 2490/1/1
f 2492/3/1 2487/3/1 2486/3/1
f 2493/3/1 2487/3/1 2492/3/1
f 2496/3/1 2489/3/1 2488/3/1
f 2497/3/1 2489/3/1 2496/3/1
f 2498/3/1 2491/3/1 2490/3/1
f 2499/3/1 2491/3/1 2498/3/1
f 2500/1/1 2494/1/1 2493/1/1
f 2501/1/1 2494/1/1 2500/1/1
f 2502/1/1 2496/1/1 2495/1/1
f 2503/1/1 2496/1/1 2502/1/1
f 2504/3/1 2501/3/1 2500/3/1
f 2505/3/1 2501/3/1 2504/3/1
f 2506/3/1 2503/3/1 2502/3/1
f 2507/3/1 2503/3/1 2506/3/1
f 2512/3/1 2509/3/1 2508/3/1
f 2513/3/1 2509/3/1 2512/3/1
f 2514/3/1 2511/3/1 2510/3/1
f 2515/3/1 2511/3/1 2514/3/1
f 2520/1/1 2517/1/1 2516/1/1
f 2521/1/1 2517/1/1 2520/1/1
f 2522/1/1 2519/1/1 2518/1/1
f 2523/1/1 2519/1/1 2522/1/1
f 2524/3/1 2521/3/1 2520/3/1
f 2525/3/1 2521/3/1 2524/3/1
f 2527/3/1 2523/3/1 2522/3/1
f 2528/3/1 2523/3/1 2527/3/1
f 2529/1/1 2526/1/1 2525/1/1
f 2530/1/1 2526/1/1 2529/1/1
f 2535/3/1 2532/3/1 2531/3/1
f 2536/3/1 2532/3/1 2535/3/1
f 2537/3/1 2534/3/1 2533/3/1
f 2538/3/1 2534/3/1 2537/3/1
f 2539/1/1 2536/1/1 2535/1/1
f 2540/1/1 2536/1/1 2539/1/1
f 2541/1/1 2538/1/1 2537/1/1
f 2542/1/1 2538/1/1 2541/1/1
f 2544/3/1 2540/3/1 2539/3/1
f 2545/3/1 2540/3/1 2544/3/1
f 2546/3/1 2542/3/1 2541/3/1
f 2547/3/1 2542/3/1 2546/3/1
f 2549/1/1 2544/1/1 2543/1/1
f 2550/1/1 2544/1/1 2549/1/1
f 2553/1/1 2548/1/1 2547/1/1
f 2554/1/1 2548/1/1 2553/1/1
f 2555/1/1 2551/1/1 2550/1/1
f 2556/1/1 2551/1/1 2555/1/1
f 2557/1/1 2553/1/1 2552/1/1
f 2558/1/1 2553/1/1 2557/1/1
f 2559/3/1 2556/3/1 2555/3/1
f 2560/3/1 2556/3/1 2559/3/1
f 2563/3/1 2558/3/1 2557/3/1
f 2564/3/1 2558/3/1 2563/3/1
f 2565/1/1 2561/1/1 2560/1/1
f 2566/1/1 2561/1/1 2565/1/1
f 2567/1/1 2564/1/1 2563/1/1
f 2567/1/1 2563/1/1 2562/1/1
f 2568/1/1 2564/1/1 2567/1/1
f 2573/3/1 2570/3/1 2569/3/1
f 2574/3/1 2570/3/1 2573/3/1
f 2575/3/1 2572/3/1 2571/3/1
f 2576/3/1 2572/3/1 2575/3/1
f 2577/1/1 2574/1/1 2573/1/1
f 2578/1/1 2574/1/1 2577/1/1
f 2579/1/1 2576/1/1 2575/1/1
f 2580/1/1 2576/1/1 2579/1/1
f 2582/3/1 2578/3/1 2577/3/1
f 2583/3/1 2578/3/1 2582/3/1
f 2584/3/1 2580/3/1 2579/3/1
f 2585/3/1 2580/3/1 2584/3/1
f 2587/1/1 2582/1/1 2581/1/1
f 2588/1/1 2582/1/1 2587/1/1
f 2591/1/1 2586/1/1 2585/1/1
f 2592/1/1 2586/1/1 2591/1/1
f 2593/1/1 2589/1/1 2588/1/1
f 2594/1/1 2589/1/1 2593/1/1
f 2595/1/1 2591/1/1 2590/1/1
f 2596/1/1 2591/1/1 2595/1/1
f 2597/3/1 2594/3/1 2593/3/1
f 2598/3/1 2594/3/1 2597/3/1
f 2601/3/1 2596/3/1 2595/3/1
f 2602/3/1 2596/3/1 2601/3/1
f 2603/1/1 2599/1/1 2598/1/1
f 2604/1/1 2599/1/1 2603/1/1
f 2605/1/1 2601/1/1 2600/1/1
f 2606/1/1 2601/1/1 2605/1/1
f 2611/3/1 2608/3/1 2607/3/1
f 2611/3/1 2610/3/1 2609/3/1
f 2611/3/1 2609/3/1 2608/3/1
f 2612/3/1 2610/3/1 2611/3/1
f 2613/1/1 2612/1/1 2611/1/1
f 2614/1/1 2612/1/1 2613/1/1
f 2615/1/1 2612/1/1 2614/1/1
f 2616/1/1 2612/1/1 2615/1/1
f 2618/3/1 2614/3/1 2613/3/1
f 2619/3/1 2614/3/1 2618/3/1
f 2620/3/1 2616/3/1 2615/3/1
f 2621/3/1 2616/3/1 2620/3/1
f 2623/1/1 2618/1/1 2617/1/1
f 2624/1/1 2618/1/1 2623/1/1
f 2627/1/1 2622/1/1 2621/1/1
f 2628/1/1 2622/1/1 2627/1/1
f 2629/1/1 2625/1/1 2624/1/1
f 2630/1/1 2625/1/1 2629/1/1
f 2631/1/1 2627/1/1 2626/1/1
f 2632/1/1 2627/1/1 2631/1/1
f 2633/3/1 2630/3/1 2629/3/1
f 2634/3/1 2630/3/1 2633/3/1
f 2635/3/1 2632/3/1 2631/3/1
f 2636/3/1 2632/3/1 2635/3/1
f 2637/1/1 2635/1/1 2634/1/1
f 2638/1/1 2635/1/1 2637/1/1
f 2642/3/1 2640/3/1 2639/3/1
f 2643/3/1 2640/3/1 2642/3/1
f 2645/1/1 2642/1/1 2641/1/1
f 2645/1/1 2644/1/1 2643/1/1
f 2645/1/1 2643/1/1 2642/1/1
f 2646/1/1 2644/1/1 2645/1/1
f 2647/1/1 2644/1/1 2646/1/1
f 2648/1/1 2644/1/1 2647/1/1
f 2649/1/1 2647/1/1 2646/1/1
f 2650/1/1 2647/1/1 2649/1/1
f 2651/3/1 2650/3/1 2649/3/1
f 2652/3/1 2650/3/1 2651/3/1
f 2693/23/1 2654/23/1 2653/23/1
f 2694/25/1 2655/25/1 2654/25/1
f 2694/23/1 2654/23/1 2693/23/1
f 2695/23/1 2656/23/1 2655/23/1
f 2695/25/1 2655/25/1 2694/25/1
f 2695/23/1 2657/23/1 2656/23/1
f 2695/23/1 2658/23/1 2657/23/1
f 2696/25/1 2659/25/1 2658/25/1
f 2696/23/1 2658/23/1 2695/23/1
f 2697/23/1 2660/23/1 2659/23/1
f 2697/25/1 2659/25/1 2696/25/1
f 2697/23/1 2661/23/1 2660/23/1
f 2697/23/1 2662/23/1 2661/23/1
f 2698/25/1 2663/25/1 2662/25/1
f 2698/23/1 2662/23/1 2697/23/1
f 2699/23/1 2664/23/1 2663/23/1
f 2699/25/1 2663/25/1 2698/25/1
f 2700/25/1 2665/25/1 2664/25/1
f 2700/23/1 2664/23/1 2699/23/1
f 2701/23/1 2666/23/1 2665/23/1
f 2701/25/1 2665/25/1 2700/25/1
f 2702/25/1 2667/25/1 2666/25/1
f 2702/23/1 2666/23/1 2701/23/1
f 2703/23/1 2668/23/1 2667/23/1
f 2703/25/1 2667/25/1 2702/25/1
f 2703/23/1 2669/23/1 2668/23/1
f 2703/23/1 2670/23/1 2669/23/1
f 2704/25/1 2671/25/1 2670/25/1
f 2704/23/1 2670/23/1 2703/23/1
f 2705/23/1 2672/23/1 2671/23/1
f 2705/25/1 2671/25/1 2704/25/1
f 2705/23/1 2673/23/1 2672/23/1
f 2706/25/1 2674/25/1 2673/25/1
f 2706/23/1 2673/23/1 2705/23/1
f 2707/23/1 2675/23/1 2674/23/1
f 2707/25/1 2674/25/1 2706/25/1
f 2708/25/1 2676/25/1 2675/25/1
f 2708/23/1 2675/23/1 2707/23/1
f 2709/23/1 2677/23/1 2676/23/1
f 2709/25/1 2676/25/1 2708/25/1
f 2709/23/1 2678/23/1 2677/23/1
f 2709/23/1 2679/23/1 2678/23/1
f 2710/25/1 2680/25/1 2679/25/1
f 2710/23/1 2679/23/1 2709/23/1
f 2711/23/1 2683/23/1 2682/23/1
f 2711/25/1 2680/25/1 2710/25/1
f 2711/23/1 2681/23/1 2680/23/1
f 2711/23/1 2682/23/1 2681/23/1
f 2712/25/1 2684/25/1 2683/25/1
f 2712/23/1 2683/23/1 2711/23/1
f 2713/23/1 2685/23/1 2684/23/1
f 2713/25/1 2684/25/1 2712/25/1
f 2714/25/1 2686/25/1 2685/25/1
f 2714/23/1 2685/23/1 2713/23/1
f 2715/23/1 2688/23/1 2687/23/1
f 2715/25/1 2686/25/1 2714/25/1
f 2715/23/1 2687/23/1 2686/23/1
f 2716/25/1 2689/25/1 2688/25/1
f 2716/23/1 2688/23/1 2715/23/1
f 2717/23/1 2692/23/1 2691/23/1
f 2717/25/1 2689/25/1 2716/25/1
f 2717/23/1 2691/23/1 2690/23/1
f 2717/23/1 2690/23/1 2689/23/1
f 2718/23/1 2692/23/1 2717/23/1
f 2719/25/1 2716/25/1 2715/25/1
f 2719/25/1 2694/25/1 2693/25/1
f 2719/25/1 2718/25/1 2717/25/1
f 2719/25/1 2717/25/1 2716/25/1
f 2719/25/1 2708/25/1 2707/25/1
f 2719/25/1 2707/25/1 2706/25/1
f 2719/25/1 2706/25/1 2705/25/1
f 2719/25/1 2705/25/1 2704/25/1
f 2719/25/1 2712/25/1 2711/25/1
f 2719/25/1 2704/25/1 2703/25/1
f 2719/25/1 2703/25/1 2702/25/1
f 2719/25/1 2713/25/1 2712/25/1
f 2719/25/1 2709/25/1 2708/25/1
f 2719/25/1 2702/25/1 2701/25/1
f 2719/25/1 2701/25/1 2700/25/1
f 2719/25/1 2700/25/1 2699/25/1
f 2719/25/1 2699/25/1 2698/25/1
f 2719/25/1 2698/25/1 2697/25/1
f 2719/25/1 2697/25/1 2696/25/1
f 2719/25/1 2714/25/1 2713/25/1
f 2719/25/1 2715/25/1 2714/25/1
f 2719/25/1 2696/25/1 2695/25/1
f 2719/25/1 2695/25/1 2694/25/1
f 2719/25/1 2711/25/1 2710/25/1
f 2719/25/1 2710/25/1 2709/25/1
f 2720/25/1 2718/25/1 2719/25/1
f 2721/25/1 2718/25/1 2720/25/1
f 2722/25/1 2718/25/1 2721/25/1
f 2723/25/1 2718/25/1 2722/25/1
f 2724/25/1 2718/25/1 2723/25/1
f 2725/25/1 2718/25/1 2724/25/1
f 2726/25/1 2718/25/1 2725/25/1
f 2727/25/1 2718/25/1 2726/25/1
f 2728/25/1 2718/25/1 2727/25/1
f 2729/25/1 2718/25/1 2728/25/1
f 2730/25/1 2718/25/1 2729/25/1
f 2731/25/1 2718/25/1 2730/25/1
f 2732/25/1 2718/25/1 2731/25/1
f 2733/25/1 2718/25/1 2732/25/1
f 2734/25/1 2718/25/1 2733/25/1
f 2735/25/1 2718/25/1 2734/25/1
f 2736/25/1 2718/25/1 2735/25/1
f 2737/25/1 2718/25/1 2736/25/1
f 2738/25/1 2718/25/1 2737/25/1
f 2739/25/1 2718/25/1 2738/25/1
f 2740/25/1 2718/25/1 2739/25/1
f 2741/25/1 2718/25/1 2740/25/1
f 2742/25/1 2718/25/1 2741/25/1
f 2743/25/1 2718/25/1 2742/25/1
f 2744/25/1 2718/25/1 2743/25/1
f 2745/23/1 2720/23/1 2719/23/1
f 2746/25/1 2721/25/1 2720/25/1
f 2746/23/1 2720/23/1 2745/23/1
f 2747/23/1 2722/23/1 2721/23/1
f 2747/25/1 2721/25/1 2746/25/1
f 2748/25/1 2723/25/1 2722/25/1
f 2748/23/1 2722/23/1 2747/23/1
f 2749/23/1 2724/23/1 2723/23/1
f 2749/25/1 2723/25/1 2748/25/1
f 2750/25/1 2725/25/1 2724/25/1
f 2750/23/1 2724/23/1 2749/23/1
f 2751/23/1 2726/23/1 2725/23/1
f 2751/25/1 2725/25/1 2750/25/1
f 2752/25/1 2727/25/1 2726/25/1
f 2752/23/1 2726/23/1 2751/23/1
f 2753/23/1 2728/23/1 2727/23/1
f 2753/25/1 2727/25/1 2752/25/1
f 2754/25/1 2729/25/1 2728/25/1
f 2754/23/1 2728/23/1 2753/23/1
f 2755/23/1 2730/23/1 2729/23/1
f 2755/25/1 2729/25/1 2754/25/1
f 2756/25/1 2731/25/1 2730/25/1
f 2756/23/1 2730/23/1 2755/23/1
f 2757/23/1 2732/23/1 2731/23/1
f 2757/25/1 2731/25/1 2756/25/1
f 2758/25/1 2733/25/1 2732/25/1
f 2758/23/1 2732/23/1 2757/23/1
f 2759/23/1 2734/23/1 2733/23/1
f 2759/25/1 2733/25/1 2758/25/1
f 2760/25/1 2735/25/1 2734/25/1
f 2760/23/1 2734/23/1 2759/23/1
f 2761/23/1 2736/23/1 2735/23/1
f 2761/25/1 2735/25/1 2760/25/1
f 2762/25/1 2737/25/1 2736/25/1
f 2762/23/1 2736/23/1 2761/23/1
f 2763/23/1 2738/23/1 2737/23/1
f 2763/25/1 2737/25/1 2762/25/1
f 2764/25/1 2739/25/1 2738/25/1
f 2764/23/1 2738/23/1 2763/23/1
f 2765/23/1 2740/23/1 2739/23/1
f 2765/25/1 2739/25/1 2764/25/1
f 2766/25/1 2741/25/1 2740/25/1
f 2766/23/1 2740/23/1 2765/23/1
f 2767/23/1 2742/23/1 2741/23/1
f 2767/25/1 2741/25/1 2766/25/1
f 2768/25/1 2743/25/1 2742/25/1
f 2768/23/1 2742/23/1 2767/23/1
f 2769/23/1 2744/23/1 2743/23/1
f 2769/25/1 2743/25/1 2768/25/1
f 2770/23/1 2744/23/1 2769/23/1
f 2771/25/1 2746/25/1 2745/25/1
f 2771/25/1 2747/25/1 2746/25/1
f 2771/25/1 2770/25/1 2769/25/1
f 2771/25/1 2769/25/1 2768/25/1
f 2771/25/1 2768/25/1 2767/25/1
f 2771/25/1 2767/25/1 2766/25/1
f 2771/25/1 2766/25/1 2765/25/1
f 2771/25/1 2765/25/1 2764/25/1
f 2771/25/1 2764/25/1 2763/25/1
f 2771/25/1 2763/25/1 2762/25/1
f 2771/25/1 2762/25/1 2761/25/1
f 2771/25/1 2761/25/1 2760/25/1
f 2771/25/1 2760/25/1 2759/25/1
f 2771/25/1 2759/25/1 2758/25/1
f 2771/25/1 2758/25/1 2757/25/1
f 2771/25/1 2757/25/1 2756/25/1
f 2771/25/1 2756/25/1 2755/25/1
f 2771/25/1 2755/25/1 2754/25/1
f 2771/25/1 2754/25/1 2753/25/1
f 2771/25/1 2753/25/1 2752/25/1
f 2771/25/1 2752/25/1 2751/25/1
f 2771/25/1 2751/25/1 2750/25/1
f 2771/25/1 2750/25/1 2749/25/1
f 2771/25/1 2749/25/1 2748/25/1
f 2771/25/1 2748/25/1 2747/25/1
f 2772/25/1 2770/25/1 2771/25/1
f 2773/25/1 2770/25/1 2772/25/1
f 2774/25/1 2770/25/1 2773/25/1
f 2775/25/1 2770/25/1 2774/25/1
f 2776/25/1 2770/25/1 2775/25/1
f 2777/25/1 2770/25/1 2776/25/1
f 2778/25/1 2770/25/1 2777/25/1
f 2779/25/1 2770/25/1 2778/25/1
f 2780/25/1 2770/25/1 2779/25/1
f 2781/25/1 2770/25/1 2780/25/1
f 2782/25/1 2770/25/1 2781/25/1
f 2783/25/1 2770/25/1 2782/25/1
f 2784/25/1 2770/25/1 2783/25/1
f 2785/25/1 2770/25/1 2784/25/1
f 2786/25/1 2770/25/1 2785/25/1
f 2787/25/1 2770/25/1 2786/25/1
f 2788/25/1 2770/25/1 2787/25/1
f 2789/25/1 2770/25/1 2788/25/1
f 2790/25/1 2770/25/1 2789/25/1
f 2791/25/1 2770/25/1 2790/25/1
f 2792/25/1 2770/25/1 2791/25/1
f 2793/25/1 2770/25/1 2792/25/1
f 2794/25/1 2770/25/1 2793/25/1
f 2795/25/1 2770/25/1 2794/25/1
f 2796/25/1 2770/25/1 2795/25/1
f 2797/23/1 2772/23/1 2771/23/1
f 2798/25/1 2773/25/1 2772/25/1
f 2798/23/1 2772/23/1 2797/23/1
f 2799/23/1 2774/23/1 2773/23/1
f 2799/25/1 2773/25/1 2798/25/1
f 2800/25/1 2775/25/1 2774/25/1
f 2800/23/1 2774/23/1 2799/23/1
f 2801/23/1 2776/23/1 2775/23/1
f 2801/25/1 2775/25/1 2800/25/1
f 2802/25/1 2777/25/1 2776/25/1
f 2802/23/1 2776/23/1 2801/23/1
f 2803/23/1 2778/23/1 2777/23/1
f 2803/25/1 2777/25/1 2802/25/1
f 2804/25/1 2779/25/1 2778/25/1
f 2804/23/1 2778/23/1 2803/23/1
f 2805/23/1 2780/23/1 2779/23/1
f 2805/25/1 2779/25/1 2804/25/1
f 2806/25/1 2781/25/1 2780/25/1
f 2806/23/1 2780/23/1 2805/23/1
f 2807/23/1 2782/23/1 2781/23/1
f 2807/25/1 2781/25/1 2806/25/1
f 2808/25/1 2783/25/1 2782/25/1
f 2808/23/1 2782/23/1 2807/23/1
f 2809/23/1 2784/23/1 2783/23/1
f 2809/25/1 2783/25/1 2808/25/1
f 2810/25/1 2785/25/1 2784/25/1
f 2810/23/1 2784/23/1 2809/23/1
f 2811/23/1 2786/23/1 2785/23/1
f 2811/25/1 2785/25/1 2810/25/1
f 2812/25/1 2787/25/1 2786/25/1
f 2812/23/1 2786/23/1 2811/23/1
f 2813/23/1 2788/23/1 2787/23/1
f 2813/25/1 2787/25/1 2812/25/1
f 2814/25/1 2789/25/1 2788/25/1
f 2814/23/1 2788/23/1 2813/23/1
f 2815/23/1 2790/23/1 2789/23/1
f 2815/25/1 2789/25/1 2814/25/1
f 2816/25/1 2791/25/1 2790/25/1
f 2816/23/1 2790/23/1 2815/23/1
f 2817/23/1 2792/23/1 2791/23/1
f 2817/25/1 2791/25/1 2816/25/1
f 2818/25/1 2793/25/1 2792/25/1
f 2818/23/1 2792/23/1 2817/23/1
f 2819/23/1 2794/23/1 2793/23/1
f 2819/25/1 2793/25/1 2818/25/1
f 2820/25/1 2795/25/1 2794/25/1
f 2820/23/1 2794/23/1 2819/23/1
f 2821/23/1 2796/23/1 2795/23/1
f 2821/25/1 2795/25/1 2820/25/1
f 2822/23/1 2796/23/1 2821/23/1
f 2823/25/1 2798/25/1 2797/25/1
f 2823/25/1 2799/25/1 2798/25/1
f 2823/25/1 2822/25/1 2821/25/1
f 2823/25/1 2821/25/1 2820/25/1
f 2823/25/1 2820/25/1 2819/25/1
f 2823/25/1 2819/25/1 2818/25/1
f 2823/25/1 2818/25/1 2817/25/1
f 2823/25/1 2817/25/1 2816/25/1
f 2823/25/1 2816/25/1 2815/25/1
f 2823/25/1 2815/25/1 2814/25/1
f 2823/25/1 2814/25/1 2813/25/1
f 2823/25/1 2813/25/1 2812/25/1
f 2823/25/1 2812/25/1 2811/25/1
f 2823/25/1 2811/25/1 2810/25/1
f 2823/25/1 2810/25/1 2809/25/1
f 2823/25/1 2809/25/1 2808/25/1
f 2823/25/1 2808/25/1 2807/25/1
f 2823/25/1 2807/25/1 2806/25/1
f 2823/25/1 2806/25/1 2805/25/1
f 2823/25/1 2805/25/1 2804/25/1
f 2823/25/1 2804/25/1 2803/25/1
f 2823/25/1 2803/25/1 2802/25/1
f 2823/25/1 2802/25/1 2801/25/1
f 2823/25/1 2801/25/1 2800/25/1
f 2823/25/1 2800/25/1 2799/25/1
f 2824/25/1 2822/25/1 2823/25/1
f 2825/25/1 2822/25/1 2824/25/1
f 2826/25/1 2822/25/1 2825/25/1
f 2827/25/1 2822/25/1 2826/25/1
f 2828/25/1 2822/25/1 2827/25/1
f 2829/25/1 2822/25/1 2828/25/1
f 2830/25/1 2822/25/1 2829/25/1
f 2831/25/1 2822/25/1 2830/25/1
f 2832/25/1 2822/25/1 2831/25/1
f 2833/25/1 2822/25/1 2832/25/1
f 2834/25/1 2822/25/1 2833/25/1
f 2835/25/1 2822/25/1 2834/25/1
f 2836/25/1 2822/25/1 2835/25/1
f 2837/25/1 2822/25/1 2836/25/1
f 2838/25/1 2822/25/1 2837/25/1
f 2839/25/1 2822/25/1 2838/25/1
f 2840/25/1 2822/25/1 2839/25/1
f 2841/25/1 2822/25/1 2840/25/1
f 2842/25/1 2822/25/1 2841/25/1
f 2843/25/1 2822/25/1 2842/25/1
f 2844/25/1 2822/25/1 2843/25/1
f 2845/25/1 2822/25/1 2844/25/1
f 2846/25/1 2822/25/1 2845/25/1
f 2847/25/1 2822/25/1 2846/25/1
f 2848/25/1 2822/25/1 2847/25/1
f 2849/23/1 2824/23/1 2823/23/1
f 2850/25/1 2825/25/1 2824/25/1
f 2850/23/1 2824/23/1 2849/23/1
f 2851/23/1 2826/23/1 2825/23/1
f 2851/25/1 2825/25/1 2850/25/1
f 2852/25/1 2827/25/1 2826/25/1
f 2852/23/1 2826/23/1 2851/23/1
f 2853/23/1 2828/23/1 2827/23/1
f 2853/25/1 2827/25/1 2852/25/1
f 2854/25/1 2829/25/1 2828/25/1
f 2854/23/1 2828/23/1 2853/23/1
f 2855/23/1 2830/23/1 2829/23/1
f 2855/25/1 2829/25/1 2854/25/1
f 2856/25/1 2831/25/1 2830/25/1
f 2856/23/1 2830/23/1 2855/23/1
f 2857/23/1 2832/23/1 2831/23/1
f 2857/25/1 2831/25/1 2856/25/1
f 2858/25/1 2833/25/1 2832/25/1
f 2858/23/1 2832/23/1 2857/23/1
f 2859/23/1 2834/23/1 2833/23/1
f 2859/25/1 2833/25/1 2858/25/1
f 2860/25/1 2835/25/1 2834/25/1
f 2860/23/1 2834/23/1 2859/23/1
f 2861/23/1 2836/23/1 2835/23/1
f 2861/25/1 2835/25/1 2860/25/1
f 2862/25/1 2837/25/1 2836/25/1
f 2862/23/1 2836/23/1 2861/23/1
f 2863/23/1 2838/23/1 2837/23/1
f 2863/25/1 2837/25/1 2862/25/1
f 2864/25/1 2839/25/1 2838/25/1
f 2864/23/1 2838/23/1 2863/23/1
f 2865/23/1 2840/23/1 2839/23/1
f 2865/25/1 2839/25/1 2864/25/1
f 2866/25/1 2841/25/1 2840/25/1
f 2866/23/1 2840/23/1 2865/23/1
f 2867/23/1 2842/23/1 2841/23/1
f 2867/25/1 2841/25/1 2866/25/1
f 2868/25/1 2843/25/1 2842/25/1
f 2868/23/1 2842/23/1 2867/23/1
f 2869/23/1 2844/23/1 2843/23/1
f 2869/25/1 2843/25/1 2868/25/1
f 2870/25/1 2845/25/1 2844/25/1
f 2870/23/1 2844/23/1 2869/23/1
f 2871/23/1 2846/23/1 2845/23/1
f 2871/25/1 2845/25/1 2870/25/1
f 2872/25/1 2847/25/1 2846/25/1
f 2872/23/1 2846/23/1 2871/23/1
f 2873/23/1 2848/23/1 2847/23/1
f 2873/25/1 2847/25/1 2872/25/1
f 2874/23/1 2848/23/1 2873/23/1
f 2875/25/1 2850/25/1 2849/25/1
f 2875/25/1 2851/25/1 2850/25/1
f 2875/25/1 2874/25/1 2873/25/1
f 2875/25/1 2873/25/1 2872/25/1
f 2875/25/1 2872/25/1 2871/25/1
f 2875/25/1 2871/25/1 2870/25/1
f 2875/25/1 2870/25/1 2869/25/1
f 2875/25/1 2869/25/1 2868/25/1
f 2875/25/1 2868/25/1 2867/25/1
f 2875/25/1 2867/25/1 2866/25/1
f 2875/25/1 2866/25/1 2865/25/1
f 2875/25/1 2865/25/1 2864/25/1
f 2875/25/1 2864/25/1 2863/25/1
f 2875/25/1 2863/25/1 2862/25/1
f 2875/25/1 2862/25/1 2861/25/1
f 2875/25/1 2861/25/1 2860/25/1
f 2875/25/1 2860/25/1 2859/25/1
f 2875/25/1 2859/25/1 2858/25/1
f 2875/25/1 2858/25/1 2857/25/1
f 2875/25/1 2857/25/1 2856/25/1
f 2875/25/1 2856/25/1 2855/25/1
f 2875/25/1 2855/25/1 2854/25/1
f 2875/25/1 2854/25/1 2853/25/1
f 2875/25/1 2853/25/1 2852/25/1
f 2875/25/1 2852/25/1 2851/25/1
f 2876/25/1 2874/25/1 2875/25/1
f 2877/25/1 2874/25/1 2876/25/1
f 2878/25/1 2874/25/1 2877/25/1
f 2879/25/1 2874/25/1 2878/25/1
f 2880/25/1 2874/25/1 2879/25/1
f 2881/25/1 2874/25/1 2880/25/1
f 2882/25/1 2874/25/1 2881/25/1
f 2883/25/1 2874/25/1 2882/25/1
f 2884/25/1 2874/25/1 2883/25/1
f 2885/25/1 2874/25/1 2884/25/1
f 2886/25/1 2874/25/1 2885/25/1
f 2887/25/1 2874/25/1 2886/25/1
f 2888/25/1 2874/25/1 2887/25/1
f 2889/25/1 2874/25/1 2888/25/1
f 2890/25/1 2874/25/1 2889/25/1
f 2891/25/1 2874/25/1 2890/25/1
f 2892/25/1 2874/25/1 2891/25/1
f 2893/25/1 2874/25/1 2892/25/1
f 2894/25/1 2874/25/1 2893/25/1
f 2895/25/1 2874/25/1 2894/25/1
f 2896/25/1 2874/25/1 2895/25/1
f 2897/25/1 2874/25/1 2896/25/1
f 2898/25/1 2874/25/1 2897/25/1
f 2899/25/1 2874/25/1 2898/25/1
f 2900/25/1 2874/25/1 2899/25/1
f 2901/23/1 2876/23/1 2875/23/1
f 2902/25/1 2877/25/1 2876/25/1
f 2902/23/1 2876/23/1 2901/23/1
f 2903/23/1 2878/23/1 2877/23/1
f 2903/25/1 2877/25/1 2902/25/1
f 2904/25/1 2879/25/1 2878/25/1
f 2904/23/1 2878/23/1 2903/23/1
f 2905/23/1 2880/23/1 2879/23/1
f 2905/25/1 2879/25/1 2904/25/1
f 2906/25/1 2881/25/1 2880/25/1
f 2906/23/1 2880/23/1 2905/23/1
f 2907/23/1 2882/23/1 2881/23/1
f 2907/25/1 2881/25/1 2906/25/1
f 2908/25/1 2883/25/1 2882/25/1
f 2908/23/1 2882/23/1 2907/23/1
f 2909/23/1 2884/23/1 2883/23/1
f 2909/25/1 2883/25/1 2908/25/1
f 2910/25/1 2885/25/1 2884/25/1
f 2910/23/1 2884/23/1 2909/23/1
f 2911/23/1 2886/23/1 2885/23/1
f 2911/25/1 2885/25/1 2910/25/1
f 2912/25/1 2887/25/1 2886/25/1
f 2912/23/1 2886/23/1 2911/23/1
f 2913/23/1 2888/23/1 2887/23/1
f 2913/25/1 2887/25/1 2912/25/1
f 2914/25/1 2889/25/1 2888/25/1
f 2914/23/1 2888/23/1 2913/23/1
f 2915/23/1 2890/23/1 2889/23/1
f 2915/25/1 2889/25/1 2914/25/1
f 2916/25/1 2891/25/1 2890/25/1
f 2916/23/1 2890/23/1 2915/23/1
f 2917/23/1 2892/23/1 2891/23/1
f 2917/25/1 2891/25/1 2916/25/1
f 2918/25/1 2893/25/1 2892/25/1
f 2918/23/1 2892/23/1 2917/23/1
f 2919/23/1 2894/23/1 2893/23/1
f 2919/25/1 2893/25/1 2918/25/1
f 2920/25/1 2895/25/1 2894/25/1
f 2920/23/1 2894/23/1 2919/23/1
f 2921/23/1 2896/23/1 2895/23/1
f 2921/25/1 2895/25/1 2920/25/1
f 2922/25/1 2897/25/1 2896/25/1
f 2922/23/1 2896/23/1 2921/23/1
f 2923/23/1 2898/23/1 2897/23/1
f 2923/25/1 2897/25/1 2922/25/1
f 2924/25/1 2899/25/1 2898/25/1
f 2924/23/1 2898/23/1 2923/23/1
f 2925/23/1 2900/23/1 2899/23/1
f 2925/25/1 2899/25/1 2924/25/1
f 2926/23/1 2900/23/1 2925/23/1
f 2927/25/1 2902/25/1 2901/25/1
f 2927/25/1 2903/25/1 2902/25/1
f 2927/25/1 2926/25/1 2925/25/1
f 2927/25/1 2925/25/1 2924/25/1
f 2927/25/1 2924/25/1 2923/25/1
f 2927/25/1 2923/25/1 2922/25/1
f 2927/25/1 2922/25/1 2921/25/1
f 2927/25/1 2921/25/1 2920/25/1
f 2927/25/1 2920/25/1 2919/25/1
f 2927/25/1 2919/25/1 2918/25/1
f 2927/25/1 2918/25/1 2917/25/1
f 2927/25/1 2917/25/1 2916/25/1
f 2927/25/1 2916/25/1 2915/25/1
f 2927/25/1 2915/25/1 2914/25/1
f 2927/25/1 2914/25/1 2913/25/1
f 2927/25/1 2913/25/1 2912/25/1
f 2927/25/1 2912/25/1 2911/25/1
f 2927/25/1 2911/25/1 2910/25/1
f 2927/25/1 2910/25/1 2909/25/1
f 2927/25/1 2909/25/1 2908/25/1
f 2927/25/1 2908/25/1 2907/25/1
f 2927/25/1 2907/25/1 2906/25/1
f 2927/25/1 2906/25/1 2905/25/1
f 2927/25/1 2905/25/1 2904/25/1
f 2927/25/1 2904/25/1 2903/25/1
f 2928/25/1 2926/25/1 2927/25/1
f 2929/25/1 2926/25/1 2928/25/1
f 2930/25/1 2926/25/1 2929/25/1
f 2931/25/1 2926/25/1 2930/25/1
f 2932/25/1 2926/25/1 2931/25/1
f 2933/25/1 2926/25/1 2932/25/1
f 2934/25/1 2926/25/1 2933/25/1
f 2935/25/1 2926/25/1 2934/25/1
f 2936/25/1 2926/25/1 2935/25/1
f 2937/25/1 2926/25/1 2936/25/1
f 2938/25/1 2926/25/1 2937/25/1
f 2939/25/1 2926/25/1 2938/25/1
f 2940/25/1 2926/25/1 2939/25/1
f 2941/25/1 2926/25/1 2940/25/1
f 2942/25/1 2926/25/1 2941/25/1
f 2943/25/1 2926/25/1 2942/25/1
f 2944/25/1 2926/25/1 2943/25/1
f 2945/25/1 2926/25/1 2944/25/1
f 2946/25/1 2926/25/1 2945/25/1
f 2947/25/1 2926/25/1 2946/25/1
f 2948/25/1 2926/25/1 2947/25/1
f 2949/25/1 2926/25/1 2948/25/1
f 2950/25/1 2926/25/1 2949/25/1
f 2951/25/1 2926/25/1 2950/25/1
f 2952/25/1 2926/25/1 2951/25/1
f 2953/23/1 2928/23/1 2927/23/1
f 2954/25/1 2929/25/1 2928/25/1
f 2954/23/1 2928/23/1 2953/23/1
f 2955/23/1 2930/23/1 2929/23/1
f 2955/25/1 2929/25/1 2954/25/1
f 2956/25/1 2931/25/1 2930/25/1
f 2956/23/1 2930/23/1 2955/23/1
f 2957/23/1 2932/23/1 2931/23/1
f 2957/25/1 2931/25/1 2956/25/1
f 2958/25/1 2933/25/1 2932/25/1
f 2958/23/1 2932/23/1 2957/23/1
f 2959/23/1 2934/23/1 2933/23/1
f 2959/25/1 2933/25/1 2958/25/1
f 2960/25/1 2935/25/1 2934/25/1
f 2960/23/1 2934/23/1 2959/23/1
f 2961/23/1 2936/23/1 2935/23/1
f 2961/25/1 2935/25/1 2960/25/1
f 2962/25/1 2937/25/1 2936/25/1
f 2962/23/1 2936/23/1 2961/23/1
f 2963/23/1 2938/23/1 2937/23/1
f 2963/25/1 2937/25/1 2962/25/1
f 2964/25/1 2939/25/1 2938/25/1
f 2964/23/1 2938/23/1 2963/23/1
f 2965/23/1 2940/23/1 2939/23/1
f 2965/25/1 2939/25/1 2964/25/1
f 2966/25/1 2941/25/1 2940/25/1
f 2966/23/1 2940/23/1 2965/23/1
f 2967/23/1 2942/23/1 2941/23/1
f 2967/25/1 2941/25/1 2966/25/1
f 2968/25/1 2943/25/1 2942/25/1
f 2968/23/1 2942/23/1 2967/23/1
f 2969/23/1 2944/23/1 2943/23/1
f 2969/25/1 2943/25/1 2968/25/1
f 2970/25/1 2945/25/1 2944/25/1
f 2970/23/1 2944/23/1 2969/23/1
f 2971/23/1 2946/23/1 2945/23/1
f 2971/25/1 2945/25/1 2970/25/1
f 2972/25/1 2947/25/1 2946/25/1
f 2972/23/1 2946/23/1 2971/23/1
f 2973/23/1 2948/23/1 2947/23/1
f 2973/25/1 2947/25/1 2972/25/1
f 2974/25/1 2949/25/1 2948/25/1
f 2974/23/1 2948/23/1 2973/23/1
f 2975/23/1 2950/23/1 2949/23/1
f 2975/25/1 2949/25/1 2974/25/1
f 2976/25/1 2951/25/1 2950/25/1
f 2976/23/1 2950/23/1 2975/23/1
f 2977/23/1 2952/23/1 2951/23/1
f 2977/25/1 2951/25/1 2976/25/1
f 2978/23/1 2952/23/1 2977/23/1
f 2979/15/1 2954/15/1 2953/15/1
f 2979/15/1 2955/15/1 2954/15/1
f 2979/15/1 2978/15/1 2977/15/1
f 2979/15/1 2977/15/1 2976/15/1
f 2979/15/1 2976/15/1 2975/15/1
f 2979/15/1 2975/15/1 2974/15/1
f 2979/15/1 2974/15/1 2973/15/1
f 2979/15/1 2973/15/1 2972/15/1
f 2979/15/1 2972/15/1 2971/15/1
f 2979/15/1 2971/15/1 2970/15/1
f 2979/15/1 2970/15/1 2969/15/1
f 2979/15/1 2969/15/1 2968/15/1
f 2979/15/1 2968/15/1 2967/15/1
f 2979/15/1 2967/15/1 2966/15/1
f 2979/15/1 2966/15/1 2965/15/1
f 2979/15/1 2965/15/1 2964/15/1
f 2979/15/1 2964/15/1 2963/15/1
f 2979/15/1 2963/15/1 2962/15/1
f 2979/15/1 2962/15/1 2961/15/1
f 2979/15/1 2961/15/1 2960/15/1
f 2979/15/1 2960/15/1 2959/15/1
f 2979/15/1 2959/15/1 2958/15/1
f 2979/15/1 2958/15/1 2957/15/1
f 2979/15/1 2957/15/1 2956/15/1
f 2979/15/1 2956/15/1 2955/15/1
f 2980/15/1 2978/15/1 2979/15/1
f 2981/15/1 2978/15/1 2980/15/1
f 2982/15/1 2978/15/1 2981/15/1
f 2983/15/1 2978/15/1 2982/15/1
f 2984/15/1 2978/15/1 2983/15/1
f 2985/15/1 2978/15/1 2984/15/1
f 2986/15/1 2978/15/1 2985/15/1
f 2987/15/1 2978/15/1 2986/15/1
f 2988/15/1 2978/15/1 2987/15/1
f 2989/15/1 2978/15/1 2988/15/1
f 2990/15/1 2978/15/1 2989/15/1
f 2991/15/1 2978/15/1 2990/15/1
f 2992/15/1 2978/15/1 2991/15/1
f 2993/15/1 2978/15/1 2992/15/1
f 2994/15/1 2978/15/1 2993/15/1
f 2995/15/1 2978/15/1 2994/15/1
f 2996/15/1 2978/15/1 2995/15/1
f 2997/15/1 2978/15/1 2996/15/1
f 2998/15/1 2978/15/1 2997/15/1
f 2999/15/1 2978/15/1 2998/15/1
f 3000/15/1 2978/15/1 2999/15/1
f 3001/15/1 2978/15/1 3000/15/1
f 3002/15/1 2978/15/1 3001/15/1
f 3003/15/1 2978/15/1 3002/15/1
f 3004/15/1 2978/15/1 3003/15/1
f 3005/23/1 2980/23/1 2979/23/1
f 3006/25/1 2981/25/1 2980/25/1
f 3006/23/1 2980/23/1 3005/23/1
f 3007/23/1 2982/23/1 2981/23/1
f 3007/25/1 2981/25/1 3006/25/1
f 3008/25/1 2983/25/1 2982/25/1
f 3008/23/1 2982/23/1 3007/23/1
f 3009/23/1 2984/23/1 2983/23/1
f 3009/25/1 2983/25/1 3008/25/1
f 3010/25/1 2985/25/1 2984/25/1
f 3010/23/1 2984/23/1 3009/23/1
f 3011/23/1 2986/23/1 2985/23/1
f 3011/25/1 2985/25/1 3010/25/1
f 3012/25/1 2987/25/1 2986/25/1
f 3012/23/1 2986/23/1 3011/23/1
f 3013/23/1 2988/23/1 2987/23/1
f 3013/25/1 2987/25/1 3012/25/1
f 3014/25/1 2989/25/1 2988/25/1
f 3014/23/1 2988/23/1 3013/23/1
f 3015/23/1 2990/23/1 2989/23/1
f 3015/25/1 2989/25/1 3014/25/1
f 3016/25/1 2991/25/1 2990/25/1
f 3016/23/1 2990/23/1 3015/23/1
f 3017/23/1 2992/23/1 2991/23/1
f 3017/25/1 2991/25/1 3016/25/1
f 3018/25/1 2993/25/1 2992/25/1
f 3018/23/1 2992/23/1 3017/23/1
f 3019/23/1 2994/23/1 2993/23/1
f 3019/25/1 2993/25/1 3018/25/1
f 3020/25/1 2995/25/1 2994/25/1
f 3020/23/1 2994/23/1 3019/23/1
f 3021/23/1 2996/23/1 2995/23/1
f 3021/25/1 2995/25/1 3020/25/1
f 3022/25/1 2997/25/1 2996/25/1
f 3022/23/1 2996/23/1 3021/23/1
f 3023/23/1 2998/23/1 2997/23/1
f 3023/25/1 2997/25/1 3022/25/1
f 3024/25/1 2999/25/1 2998/25/1
f 3024/23/1 2998/23/1 3023/23/1
f 3025/23/1 3000/23/1 2999/23/1
f 3025/25/1 2999/25/1 3024/25/1
f 3026/25/1 3001/25/1 3000/25/1
f 3026/23/1 3000/23/1 3025/23/1
f 3027/23/1 3002/23/1 3001/23/1
f 3027/25/1 3001/25/1 3026/25/1
f 3028/25/1 3003/25/1 3002/25/1
f 3028/23/1 3002/23/1 3027/23/1
f 3029/23/1 3004/23/1 3003/23/1
f 3029/25/1 3003/25/1 3028/25/1
f 3030/23/1 3004/23/1 3029/23/1
f 3031/25/1 3006/25/1 3005/25/1
f 3031/25/1 3007/25/1 3006/25/1
f 3031/25/1 3030/25/1 3029/25/1
f 3031/25/1 3029/25/1 3028/25/1
f 3031/25/1 3028/25/1 3027/25/1
f 3031/25/1 3027/25/1 3026/25/1
f 3031/25/1 3026/25/1 3025/25/1
f 3031/25/1 3025/25/1 3024/25/1
f 3031/25/1 3024/25/1 3023/25/1
f 3031/25/1 3023/25/1 3022/25/1
f 3031/25/1 3022/25/1 3021/25/1
f 3031/25/1 3021/25/1 3020/25/1
f 3031/25/1 3020/25/1 3019/25/1
f 3031/25/1 3019/25/1 3018/25/1
f 3031/25/1 3018/25/1 3017/25/1
f 3031/25/1 3017/25/1 3016/25/1
f 3031/25/1 3016/25/1 3015/25/1
f 3031/25/1 3015/25/1 3014/25/1
f 3031/25/1 3014/25/1 3013/25/1
f 3031/25/1 3013/25/1 3012/25/1
f 3031/25/1 3012/25/1 3011/25/1
f 3031/25/1 3011/25/1 3010/25/1
f 3031/25/1 3010/25/1 3009/25/1
f 3031/25/1 3009/25/1 3008/25/1
f 3031/25/1 3008/25/1 3007/25/1
f 3032/25/1 3030/25/1 3031/25/1
f 3033/25/1 3030/25/1 3032/25/1
f 3034/25/1 3030/25/1 3033/25/1
f 3035/25/1 3030/25/1 3034/25/1
f 3036/25/1 3030/25/1 3035/25/1
f 3037/25/1 3030/25/1 3036/25/1
f 3038/25/1 3030/25/1 3037/25/1
f 3039/25/1 3030/25/1 3038/25/1
f 3040/25/1 3030/25/1 3039/25/1
f 3041/25/1 3030/25/1 3040/25/1
f 3042/25/1 3030/25/1 3041/25/1
f 3043/25/1 3030/25/1 3042/25/1
f 3044/25/1 3030/25/1 3043/25/1
f 3045/25/1 3030/25/1 3044/25/1
f 3046/25/1 3030/25/1 3045/25/1
f 3047/25/1 3030/25/1 3046/25/1
f 3048/25/1 3030/25/1 3047/25/1
f 3049/25/1 3030/25/1 3048/25/1
f 3050/25/1 3030/25/1 3049/25/1
f 3051/25/1 3030/25/1 3050/25/1
f 3052/25/1 3030/25/1 3051/25/1
f 3053/25/1 3030/25/1 3052/25/1
f 3054/25/1 3030/25/1 3053/25/1
f 3055/25/1 3030/25/1 3054/25/1
f 3056/25/1 3030/25/1 3055/25/1
f 3057/23/1 3032/23/1 3031/23/1
f 3058/25/1 3033/25/1 3032/25/1
f 3058/23/1 3032/23/1 3057/23/1
f 3059/23/1 3034/23/1 3033/23/1
f 3059/25/1 3033/25/1 3058/25/1
f 3060/25/1 3035/25/1 3034/25/1
f 3060/23/1 3034/23/1 3059/23/1
f 3061/23/1 3036/23/1 3035/23/1
f 3061/25/1 3035/25/1 3060/25/1
f 3062/25/1 3037/25/1 3036/25/1
f 3062/23/1 3036/23/1 3061/23/1
f 3063/23/1 3038/23/1 3037/23/1
f 3063/25/1 3037/25/1 3062/25/1
f 3064/25/1 3039/25/1 3038/25/1
f 3064/23/1 3038/23/1 3063/23/1
f 3065/23/1 3040/23/1 3039/23/1
f 3065/25/1 3039/25/1 3064/25/1
f 3066/25/1 3041/25/1 3040/25/1
f 3066/23/1 3040/23/1 3065/23/1
f 3067/23/1 3042/23/1 3041/23/1
f 3067/25/1 3041/25/1 3066/25/1
f 3068/25/1 3043/25/1 3042/25/1
f 3068/23/1 3042/23/1 3067/23/1
f 3069/23/1 3044/23/1 3043/23/1
f 3069/25/1 3043/25/1 3068/25/1
f 3070/25/1 3045/25/1 3044/25/1
f 3070/23/1 3044/23/1 3069/23/1
f 3071/23/1 3046/23/1 3045/23/1
f 3071/25/1 3045/25/1 3070/25/1
f 3072/25/1 3047/25/1 3046/25/1
f 3072/23/1 3046/23/1 3071/23/1
f 3073/23/1 3048/23/1 3047/23/1
f 3073/25/1 3047/25/1 3072/25/1
f 3074/25/1 3049/25/1 3048/25/1
f 3074/23/1 3048/23/1 3073/23/1
f 3075/23/1 3050/23/1 3049/23/1
f 3075/25/1 3049/25/1 3074/25/1
f 3076/25/1 3051/25/1 3050/25/1
f 3076/23/1 3050/23/1 3075/23/1
f 3077/23/1 3052/23/1 3051/23/1
f 3077/25/1 3051/25/1 3076/25/1
f 3078/25/1 3053/25/1 3052/25/1
f 3078/23/1 3052/23/1 3077/23/1
f 3079/23/1 3054/23/1 3053/23/1
f 3079/25/1 3053/25/1 3078/25/1
f 3080/25/1 3055/25/1 3054/25/1
f 3080/23/1 3054/23/1 3079/23/1
f 3081/23/1 3056/23/1 3055/23/1
f 3081/25/1 3055/25/1 3080/25/1
f 3082/23/1 3056/23/1 3081/23/1
f 3083/25/1 3058/25/1 3057/25/1
f 3083/25/1 3059/25/1 3058/25/1
f 3083/25/1 3082/25/1 3081/25/1
f 3083/25/1 3081/25/1 3080/25/1
f 3083/25/1 3080/25/1 3079/25/1
f 3083/25/1 3079/25/1 3078/25/1
f 3083/25/1 3078/25/1 3077/25/1
f 3083/25/1 3077/25/1 3076/25/1
f 3083/25/1 3076/25/1 3075/25/1
f 3083/25/1 3075/25/1 3074/25/1
f 3083/25/1 3074/25/1 3073/25/1
f 3083/25/1 3073/25/1 3072/25/1
f 3083/25/1 3072/25/1 3071/25/1
f 3083/25/1 3071/25/1 3070/25/1
f 3083/25/1 3070/25/1 3069/25/1
f 3083/25/1 3069/25/1 3068/25/1
f 3083/25/1 3068/25/1 3067/25/1
f 3083/25/1 3067/25/1 3066/25/1
f 3083/25/1 3066/25/1 3065/25/1
f 3083/25/1 3065/25/1 3064/25/1
f 3083/25/1 3064/25/1 3063/25/1
f 3083/25/1 3063/25/1 3062/25/1
f 3083/25/1 3062/25/1 3061/25/1
f 3083/25/1 3061/25/1 3060/25/1
f 3083/25/1 3060/25/1 3059/25/1
f 3084/25/1 3082/25/1 3083/25/1
f 3085/25/1 3082/25/1 3084/25/1
f 3086/25/1 3082/25/1 3085/25/1
f 3087/25/1 3082/25/1 3086/25/1
f 3088/25/1 3082/25/1 3087/25/1
f 3089/25/1 3082/25/1 3088/25/1
f 3090/25/1 3082/25/1 3089/25/1
f 3091/25/1 3082/25/1 3090/25/1
f 3092/25/1 3082/25/1 3091/25/1
f 3093/25/1 3082/25/1 3092/25/1
f 3094/25/1 3082/25/1 3093/25/1
f 3095/25/1 3082/25/1 3094/25/1
f 3096/25/1 3082/25/1 3095/25/1
f 3097/25/1 3082/25/1 3096/25/1
f 3098/25/1 3082/25/1 3097/25/1
f 3099/25/1 3082/25/1 3098/25/1
f 3100/25/1 3082/25/1 3099/25/1
f 3101/25/1 3082/25/1 3100/25/1
f 3102/25/1 3082/25/1 3101/25/1
f 3103/25/1 3082/25/1 3102/25/1
f 3104/25/1 3082/25/1 3103/25/1
f 3105/25/1 3082/25/1 3104/25/1
f 3106/25/1 3082/25/1 3105/25/1
f 3107/25/1 3082/25/1 3106/25/1
f 3108/25/1 3082/25/1 3107/25/1
f 3109/23/1 3084/23/1 3083/23/1
f 3110/25/1 3085/25/1 3084/25/1
f 3110/23/1 3084/23/1 3109/23/1
f 3111/23/1 3086/23/1 3085/23/1
f 3111/25/1 3085/25/1 3110/25/1
f 3112/25/1 3087/25/1 3086/25/1
f 3112/23/1 3086/23/1 3111/23/1
f 3113/23/1 3088/23/1 3087/23/1
f 3113/25/1 3087/25/1 3112/25/1
f 3114/25/1 3089/25/1 3088/25/1
f 3114/23/1 3088/23/1 3113/23/1
f 3115/23/1 3090/23/1 3089/23/1
f 3115/25/1 3089/25/1 3114/25/1
f 3116/25/1 3091/25/1 3090/25/1
f 3116/23/1 3090/23/1 3115/23/1
f 3117/23/1 3092/23/1 3091/23/1
f 3117/25/1 3091/25/1 3116/25/1
f 3118/25/1 3093/25/1 3092/25/1
f 3118/23/1 3092/23/1 3117/23/1
f 3119/23/1 3094/23/1 3093/23/1
f 3119/25/1 3093/25/1 3118/25/1
f 3120/25/1 3095/25/1 3094/25/1
f 3120/23/1 3094/23/1 3119/23/1
f 3121/23/1 3096/23/1 3095/23/1
f 3121/25/1 3095/25/1 3120/25/1
f 3122/25/1 3097/25/1 3096/25/1
f 3122/23/1 3096/23/1 3121/23/1
f 3123/23/1 3098/23/1 3097/23/1
f 3123/25/1 3097/25/1 3122/25/1
f 3124/25/1 3099/25/1 3098/25/1
f 3124/23/1 3098/23/1 3123/23/1
f 3125/23/1 3100/23/1 3099/23/1
f 3125/25/1 3099/25/1 3124/25/1
f 3126/25/1 3101/25/1 3100/25/1
f 3126/23/1 3100/23/1 3125/23/1
f 3127/23/1 3102/23/1 3101/23/1
f 3127/25/1 3101/25/1 3126/25/1
f 3128/25/1 3103/25/1 3102/25/1
f 3128/23/1 3102/23/1 3127/23/1
f 3129/23/1 3104/23/1 3103/23/1
f 3129/25/1 3103/25/1 3128/25/1
f 3130/25/1 3105/25/1 3104/25/1
f 3130/23/1 3104/23/1 3129/23/1
f 3131/23/1 3106/23/1 3105/23/1
f 3131/25/1 3105/25/1 3130/25/1
f 3132/25/1 3107/25/1 3106/25/1
f 3132/23/1 3106/23/1 3131/23/1
f 3133/23/1 3108/23/1 3107/23/1
f 3133/25/1 3107/25/1 3132/25/1
f 3134/23/1 3108/23/1 3133/23/1
f 3135/25/1 3110/25/1 3109/25/1
f 3135/25/1 3111/25/1 3110/25/1
f 3135/25/1 3134/25/1 3133/25/1
f 3135/25/1 3133/25/1 3132/25/1
f 3135/25/1 3132/25/1 3131/25/1
f 3135/25/1 3131/25/1 3130/25/1
f 3135/25/1 3130/25/1 3129/25/1
f 3135/25/1 3129/25/1 3128/25/1
f 3135/25/1 3128/25/1 3127/25/1
f 3135/25/1 3127/25/1 3126/25/1
f 3135/25/1 3126/25/1 3125/25/1
f 3135/25/1 3125/25/1 3124/25/1
f 3135/25/1 3124/25/1 3123/25/1
f 3135/25/1 3123/25/1 3122/25/1
f 3135/25/1 3122/25/1 3121/25/1
f 3135/25/1 3121/25/1 3120/25/1
f 3135/25/1 3120/25/1 3119/25/1
f 3135/25/1 3119/25/1 3118/25/1
f 3135/25/1 3118/25/1 3117/25/1
f 3135/25/1 3117/25/1 3116/25/1
f 3135/25/1 3116/25/1 3115/25/1
f 3135/25/1 3115/25/1 3114/25/1
f 3135/25/1 3114/25/1 3113/25/1
f 3135/25/1 3113/25/1 3112/25/1
f 3135/25/1 3112/25/1 3111/25/1
f 3136/25/1 3134/25/1 3135/25/1
f 3137/15/1 3136/15/1 3135/15/1
f 3138/15/1 3136/15/1 3137/15/1
f 3139/4/1 3138/4/1 3137/4/1
f 3140/4/1 3138/4/1 3139/4/1
f 3141/4/1 3138/4/1 3140/4/1
f 3142/4/1 3138/4/1 3141/4/1
f 3143/4/1 3138/4/1 3142/4/1
f 3144/4/1 3138/4/1 3143/4/1
f 3145/4/1 3138/4/1 3144/4/1
f 3146/4/1 3138/4/1 3145/4/1
f 3147/4/1 3138/4/1 3146/4/1
f 3148/4/1 3138/4/1 3147/4/1
f 3149/4/1 3138/4/1 3148/4/1
f 3150/4/1 3138/4/1 3149/4/1
f 3151/4/1 3138/4/1 3150/4/1
f 3152/4/1 3138/4/1 3151/4/1
f 3153/4/1 3138/4/1 3152/4/1
f 3154/4/1 3138/4/1 3153/4/1
f 3155/4/1 3138/4/1 3154/4/1
f 3156/4/1 3138/4/1 3155/4/1
f 3157/4/1 3138/4/1 3156/4/1
f 3158/4/1 3138/4/1 3157/4/1
f 3159/4/1 3138/4/1 3158/4/1
f 3160/4/1 3138/4/1 3159/4/1
f 3161/4/1 3138/4/1 3160/4/1
f 3162/4/1 3138/4/1 3161/4/1
f 3163/4/1 3138/4/1 3162/4/1
f 3164/4/1 3138/4/1 3163/4/1
f 3165/4/1 3138/4/1 3164/4/1
f 3166/4/1 3138/4/1 3165/4/1
f 3167/4/1 3138/4/1 3166/4/1
f 3168/4/1 3138/4/1 3167/4/1
f 3169/4/1 3138/4/1 3168/4/1
f 3170/4/1 3138/4/1 3169/4/1
f 3171/4/1 3138/4/1 3170/4/1
f 3172/4/1 3138/4/1 3171/4/1
f 3173/4/1 3138/4/1 3172/4/1
f 3174/4/1 3138/4/1 3173/4/1
f 3175/4/1 3138/4/1 3174/4/1
f 3176/4/1 3138/4/1 3175/4/1
f 3177/4/1 3138/4/1 3176/4/1
f 3178/4/1 3138/4/1 3177/4/1
f 3179/4/1 3138/4/1 3178/4/1
f 3180/4/1 3138/4/1 3179/4/1
f 3181/4/1 3138/4/1 3180/4/1
f 3182/4/1 3138/4/1 3181/4/1
f 3183/5/1 3140/5/1 3139/5/1
f 3184/15/1 3141/15/1 3140/15/1
f 3184/5/1 3140/5/1 3183/5/1
f 3185/5/1 3142/5/1 3141/5/1
f 3185/15/1 3141/15/1 3184/15/1
f 3186/15/1 3143/15/1 3142/15/1
f 3186/5/1 3142/5/1 3185/5/1
f 3187/5/1 3144/5/1 3143/5/1
f 3187/15/1 3143/15/1 3186/15/1
f 3188/15/1 3145/15/1 3144/15/1
f 3188/5/1 3144/5/1 3187/5/1
f 3189/5/1 3146/5/1 3145/5/1
f 3189/15/1 3145/15/1 3188/15/1
f 3190/15/1 3147/15/1 3146/15/1
f 3190/5/1 3146/5/1 3189/5/1
f 3191/5/1 3148/5/1 3147/5/1
f 3191/15/1 3147/15/1 3190/15/1
f 3192/15/1 3149/15/1 3148/15/1
f 3192/5/1 3148/5/1 3191/5/1
f 3193/5/1 3150/5/1 3149/5/1
f 3193/15/1 3149/15/1 3192/15/1
f 3194/15/1 3151/15/1 3150/15/1
f 3194/5/1 3150/5/1 3193/5/1
f 3195/5/1 3152/5/1 3151/5/1
f 3195/15/1 3151/15/1 3194/15/1
f 3196/15/1 3153/15/1 3152/15/1
f 3196/5/1 3152/5/1 3195/5/1
f 3197/5/1 3154/5/1 3153/5/1
f 3197/15/1 3153/15/1 3196/15/1
f 3198/15/1 3155/15/1 3154/15/1
f 3198/5/1 3154/5/1 3197/5/1
f 3199/5/1 3156/5/1 3155/5/1
f 3199/15/1 3155/15/1 3198/15/1
f 3200/15/1 3157/15/1 3156/15/1
f 3200/5/1 3156/5/1 3199/5/1
f 3201/5/1 3158/5/1 3157/5/1
f 3201/15/1 3157/15/1 3200/15/1
f 3202/15/1 3159/15/1 3158/15/1
f 3202/5/1 3158/5/1 3201/5/1
f 3203/5/1 3160/5/1 3159/5/1
f 3203/15/1 3159/15/1 3202/15/1
f 3204/15/1 3161/15/1 3160/15/1
f 3204/5/1 3160/5/1 3203/5/1
f 3205/5/1 3162/5/1 3161/5/1
f 3205/15/1 3161/15/1 3204/15/1
f 3206/15/1 3163/15/1 3162/15/1
f 3206/5/1 3162/5/1 3205/5/1
f 3207/5/1 3164/5/1 3163/5/1
f 3207/15/1 3163/15/1 3206/15/1
f 3208/15/1 3165/15/1 3164/15/1
f 3208/5/1 3164/5/1 3207/5/1
f 3209/5/1 3166/5/1 3165/5/1
f 3209/15/1 3165/15/1 3208/15/1
f 3210/15/1 3167/15/1 3166/15/1
f 3210/5/1 3166/5/1 3209/5/1
f 3211/5/1 3168/5/1 3167/5/1
f 3211/15/1 3167/15/1 3210/15/1
f 3212/15/1 3169/15/1 3168/15/1
f 3212/5/1 3168/5/1 3211/5/1
f 3213/5/1 3170/5/1 3169/5/1
f 3213/15/1 3169/15/1 3212/15/1
f 3214/15/1 3171/15/1 3170/15/1
f 3214/5/1 3170/5/1 3213/5/1
f 3215/5/1 3172/5/1 3171/5/1
f 3215/15/1 3171/15/1 3214/15/1
f 3216/15/1 3173/15/1 3172/15/1
f 3216/5/1 3172/5/1 3215/5/1
f 3217/5/1 3174/5/1 3173/5/1
f 3217/15/1 3173/15/1 3216/15/1
f 3218/15/1 3175/15/1 3174/15/1
f 3218/5/1 3174/5/1 3217/5/1
f 3219/5/1 3176/5/1 3175/5/1
f 3219/15/1 3175/15/1 3218/15/1
f 3220/15/1 3177/15/1 3176/15/1
f 3220/5/1 3176/5/1 3219/5/1
f 3221/5/1 3178/5/1 3177/5/1
f 3221/15/1 3177/15/1 3220/15/1
f 3222/15/1 3179/15/1 3178/15/1
f 3222/5/1 3178/5/1 3221/5/1
f 3223/5/1 3180/5/1 3179/5/1
f 3223/15/1 3179/15/1 3222/15/1
f 3224/15/1 3181/15/1 3180/15/1
f 3224/5/1 3180/5/1 3223/5/1
f 3225/5/1 3182/5/1 3181/5/1
f 3225/15/1 3181/15/1 3224/15/1
f 3226/5/1 3182/5/1 3225/5/1
f 3227/15/1 3184/15/1 3183/15/1
f 3228/5/1 3185/5/1 3184/5/1
f 3228/15/1 3184/15/1 3227/15/1
f 3229/15/1 3186/15/1 3185/15/1
f 3229/5/1 3185/5/1 3228/5/1
f 3229/15/1 3187/15/1 3186/15/1
f 3229/15/1 3188/15/1 3187/15/1
f 3230/15/1 3188/15/1 3229/15/1
f 3231/15/1 3188/15/1 3230/15/1
f 3232/5/1 3189/5/1 3188/5/1
f 3232/15/1 3188/15/1 3231/15/1
f 3233/15/1 3190/15/1 3189/15/1
f 3233/5/1 3189/5/1 3232/5/1
f 3233/15/1 3191/15/1 3190/15/1
f 3233/15/1 3192/15/1 3191/15/1
f 3234/15/1 3192/15/1 3233/15/1
f 3235/15/1 3192/15/1 3234/15/1
f 3236/5/1 3193/5/1 3192/5/1
f 3236/15/1 3192/15/1 3235/15/1
f 3237/15/1 3194/15/1 3193/15/1
f 3237/5/1 3193/5/1 3236/5/1
f 3237/15/1 3195/15/1 3194/15/1
f 3237/15/1 3196/15/1 3195/15/1
f 3238/15/1 3196/15/1 3237/15/1
f 3239/15/1 3196/15/1 3238/15/1
f 3240/5/1 3197/5/1 3196/5/1
f 3240/15/1 3196/15/1 3239/15/1
f 3241/15/1 3198/15/1 3197/15/1
f 3241/5/1 3197/5/1 3240/5/1
f 3241/15/1 3199/15/1 3198/15/1
f 3241/15/1 3200/15/1 3199/15/1
f 3242/15/1 3200/15/1 3241/15/1
f 3243/15/1 3200/15/1 3242/15/1
f 3244/5/1 3201/5/1 3200/5/1
f 3244/15/1 3200/15/1 3243/15/1
f 3245/15/1 3202/15/1 3201/15/1
f 3245/5/1 3201/5/1 3244/5/1
f 3245/15/1 3203/15/1 3202/15/1
f 3245/15/1 3204/15/1 3203/15/1
f 3246/15/1 3204/15/1 3245/15/1
f 3247/15/1 3204/15/1 3246/15/1
f 3248/5/1 3205/5/1 3204/5/1
f 3248/15/1 3204/15/1 3247/15/1
f 3249/15/1 3206/15/1 3205/15/1
f 3249/5/1 3205/5/1 3248/5/1
f 3249/15/1 3207/15/1 3206/15/1
f 3249/15/1 3208/15/1 3207/15/1
f 3250/15/1 3208/15/1 3249/15/1
f 3251/15/1 3208/15/1 3250/15/1
f 3252/5/1 3209/5/1 3208/5/1
f 3252/15/1 3208/15/1 3251/15/1
f 3253/15/1 3210/15/1 3209/15/1
f 3253/5/1 3209/5/1 3252/5/1
f 3253/15/1 3211/15/1 3210/15/1
f 3253/15/1 3212/15/1 3211/15/1
f 3254/15/1 3212/15/1 3253/15/1
f 3255/15/1 3212/15/1 3254/15/1
f 3256/5/1 3213/5/1 3212/5/1
f 3256/15/1 3212/15/1 3255/15/1
f 3257/15/1 3214/15/1 3213/15/1
f 3257/5/1 3213/5/1 3256/5/1
f 3257/15/1 3215/15/1 3214/15/1
f 3257/15/1 3216/15/1 3215/15/1
f 3258/15/1 3216/15/1 3257/15/1
f 3259/15/1 3216/15/1 3258/15/1
f 3260/5/1 3217/5/1 3216/5/1
f 3260/15/1 3216/15/1 3259/15/1
f 3261/15/1 3218/15/1 3217/15/1
f 3261/5/1 3217/5/1 3260/5/1
f 3261/15/1 3219/15/1 3218/15/1
f 3261/15/1 3220/15/1 3219/15/1
f 3262/15/1 3220/15/1 3261/15/1
f 3263/15/1 3220/15/1 3262/15/1
f 3264/5/1 3221/5/1 3220/5/1
f 3264/15/1 3220/15/1 3263/15/1
f 3265/15/1 3222/15/1 3221/15/1
f 3265/5/1 3221/5/1 3264/5/1
f 3265/15/1 3223/15/1 3222/15/1
f 3265/15/1 3224/15/1 3223/15/1
f 3266/15/1 3224/15/1 3265/15/1
f 3267/15/1 3224/15/1 3266/15/1
f 3268/5/1 3225/5/1 3224/5/1
f 3268/15/1 3224/15/1 3267/15/1
f 3269/15/1 3226/15/1 3225/15/1
f 3269/5/1 3225/5/1 3268/5/1
f 3270/15/1 3226/15/1 3269/15/1
f 3271/5/1 3228/5/1 3227/5/1
f 3272/15/1 3229/15/1 3228/15/1
f 3272/5/1 3228/5/1 3271/5/1
f 3273/5/1 3230/5/1 3229/5/1
f 3273/15/1 3229/15/1 3272/15/1
f 3274/15/1 3231/15/1 3230/15/1
f 3274/5/1 3230/5/1 3273/5/1
f 3275/5/1 3232/5/1 3231/5/1
f 3275/15/1 3231/15/1 3274/15/1
f 3276/15/1 3233/15/1 3232/15/1
f 3276/5/1 3232/5/1 3275/5/1
f 3277/5/1 3234/5/1 3233/5/1
f 3277/15/1 3233/15/1 3276/15/1
f 3278/15/1 3235/15/1 3234/15/1
f 3278/5/1 3234/5/1 3277/5/1
f 3279/5/1 3236/5/1 3235/5/1
f 3279/15/1 3235/15/1 3278/15/1
f 3280/15/1 3237/15/1 3236/15/1
f 3280/5/1 3236/5/1 3279/5/1
f 3281/5/1 3238/5/1 3237/5/1
f 3281/15/1 3237/15/1 3280/15/1
f 3282/15/1 3239/15/1 3238/15/1
f 3282/5/1 3238/5/1 3281/5/1
f 3283/5/1 3240/5/1 3239/5/1
f 3283/15/1 3239/15/1 3282/15/1
f 3284/15/1 3241/15/1 3240/15/1
f 3284/5/1 3240/5/1 3283/5/1
f 3285/5/1 3242/5/1 3241/5/1
f 3285/15/1 3241/15/1 3284/15/1
f 3286/15/1 3243/15/1 3242/15/1
f 3286/5/1 3242/5/1 3285/5/1
f 3287/5/1 3244/5/1 3243/5/1
f 3287/15/1 3243/15/1 3286/15/1
f 3288/15/1 3245/15/1 3244/15/1
f 3288/5/1 3244/5/1 3287/5/1
f 3289/5/1 3246/5/1 3245/5/1
f 3289/15/1 3245/15/1 3288/15/1
f 3290/15/1 3247/15/1 3246/15/1
f 3290/5/1 3246/5/1 3289/5/1
f 3291/5/1 3248/5/1 3247/5/1
f 3291/15/1 3247/15/1 3290/15/1
f 3292/15/1 3249/15/1 3248/15/1
f 3292/5/1 3248/5/1 3291/5/1
f 3293/5/1 3250/5/1 3249/5/1
f 3293/15/1 3249/15/1 3292/15/1
f 3294/15/1 3251/15/1 3250/15/1
f 3294/5/1 3250/5/1 3293/5/1
f 3295/5/1 3252/5/1 3251/5/1
f 3295/15/1 3251/15/1 3294/15/1
f 3296/15/1 3253/15/1 3252/15/1
f 3296/5/1 3252/5/1 3295/5/1
f 3297/5/1 3254/5/1 3253/5/1
f 3297/15/1 3253/15/1 3296/15/1
f 3298/15/1 3255/15/1 3254/15/1
f 3298/5/1 3254/5/1 3297/5/1
f 3299/5/1 3256/5/1 3255/5/1
f 3299/15/1 3255/15/1 3298/15/1
f 3300/15/1 3257/15/1 3256/15/1
f 3300/5/1 3256/5/1 3299/5/1
f 3301/5/1 3258/5/1 3257/5/1
f 3301/15/1 3257/15/1 3300/15/1
f 3302/15/1 3259/15/1 3258/15/1
f 3302/5/1 3258/5/1 3301/5/1
f 3303/5/1 3260/5/1 3259/5/1
f 3303/15/1 3259/15/1 3302/15/1
f 3304/15/1 3261/15/1 3260/15/1
f 3304/5/1 3260/5/1 3303/5/1
f 3305/5/1 3262/5/1 3261/5/1
f 3305/15/1 3261/15/1 3304/15/1
f 3306/15/1 3263/15/1 3262/15/1
f 3306/5/1 3262/5/1 3305/5/1
f 3307/5/1 3264/5/1 3263/5/1
f 3307/15/1 3263/15/1 3306/15/1
f 3308/15/1 3265/15/1 3264/15/1
f 3308/5/1 3264/5/1 3307/5/1
f 3309/5/1 3266/5/1 3265/5/1
f 3309/15/1 3265/15/1 3308/15/1
f 3310/15/1 3267/15/1 3266/15/1
f 3310/5/1 3266/5/1 3309/5/1
f 3311/5/1 3268/5/1 3267/5/1
f 3311/15/1 3267/15/1 3310/15/1
f 3312/15/1 3269/15/1 3268/15/1
f 3312/5/1 3268/5/1 3311/5/1
f 3313/5/1 3270/5/1 3269/5/1
f 3313/15/1 3269/15/1 3312/15/1
f 3314/5/1 3270/5/1 3313/5/1
f 3315/4/1 3310/4/1 3309/4/1
f 3315/4/1 3309/4/1 3308/4/1
f 3315/4/1 3314/4/1 3313/4/1
f 3315/4/1 3313/4/1 3312/4/1
f 3315/4/1 3312/4/1 3311/4/1
f 3315/4/1 3311/4/1 3310/4/1
f 3315/4/1 3308/4/1 3307/4/1
f 3315/4/1 3307/4/1 3306/4/1
f 3315/4/1 3303/4/1 3302/4/1
f 3315/4/1 3304/4/1 3303/4/1
f 3315/4/1 3306/4/1 3305/4/1
f 3315/4/1 3305/4/1 3304/4/1
f 3315/4/1 3299/4/1 3298/4/1
f 3315/4/1 3300/4/1 3299/4/1
f 3315/4/1 3302/4/1 3301/4/1
f 3315/4/1 3301/4/1 3300/4/1
f 3315/4/1 3295/4/1 3294/4/1
f 3315/4/1 3296/4/1 3295/4/1
f 3315/4/1 3298/4/1 3297/4/1
f 3315/4/1 3297/4/1 3296/4/1
f 3315/4/1 3291/4/1 3290/4/1
f 3315/4/1 3292/4/1 3291/4/1
f 3315/4/1 3294/4/1 3293/4/1
f 3315/4/1 3293/4/1 3292/4/1
f 3315/4/1 3287/4/1 3286/4/1
f 3315/4/1 3288/4/1 3287/4/1
f 3315/4/1 3290/4/1 3289/4/1
f 3315/4/1 3289/4/1 3288/4/1
f 3315/4/1 3283/4/1 3282/4/1
f 3315/4/1 3284/4/1 3283/4/1
f 3315/4/1 3286/4/1 3285/4/1
f 3315/4/1 3285/4/1 3284/4/1
f 3315/4/1 3279/4/1 3278/4/1
f 3315/4/1 3280/4/1 3279/4/1
f 3315/4/1 3282/4/1 3281/4/1
f 3315/4/1 3281/4/1 3280/4/1
f 3315/4/1 3275/4/1 3274/4/1
f 3315/4/1 3276/4/1 3275/4/1
f 3315/4/1 3278/4/1 3277/4/1
f 3315/4/1 3277/4/1 3276/4/1
f 3315/4/1 3273/4/1 3272/4/1
f 3315/4/1 3272/4/1 3271/4/1
f 3315/4/1 3274/4/1 3273/4/1
f 3316/4/1 3314/4/1 3315/4/1
f 3317/15/1 3316/15/1 3315/15/1
f 3318/15/1 3316/15/1 3317/15/1
f 3319/25/1 3318/25/1 3317/25/1
f 3320/25/1 3318/25/1 3319/25/1
f 3321/15/1 3320/15/1 3319/15/1
f 3322/15/1 3320/15/1 3321/15/1
f 3323/4/1 3322/4/1 3321/4/1
f 3324/4/1 3322/4/1 3323/4/1
f 3325/4/1 3322/4/1 3324/4/1
f 3326/4/1 3322/4/1 3325/4/1
f 3327/4/1 3322/4/1 3326/4/1
f 3328/4/1 3322/4/1 3327/4/1
f 3329/4/1 3322/4/1 3328/4/1
f 3330/4/1 3322/4/1 3329/4/1
f 3331/4/1 3322/4/1 3330/4/1
f 3332/4/1 3322/4/1 3331/4/1
f 3333/4/1 3322/4/1 3332/4/1
f 3334/4/1 3322/4/1 3333/4/1
f 3335/4/1 3322/4/1 3334/4/1
f 3336/4/1 3322/4/1 3335/4/1
f 3337/4/1 3322/4/1 3336/4/1
f 3338/4/1 3322/4/1 3337/4/1
f 3339/4/1 3322/4/1 3338/4/1
f 3340/4/1 3322/4/1 3339/4/1
f 3341/4/1 3322/4/1 3340/4/1
f 3342/4/1 3322/4/1 3341/4/1
f 3343/4/1 3322/4/1 3342/4/1
f 3344/4/1 3322/4/1 3343/4/1
f 3345/4/1 3322/4/1 3344/4/1
f 3346/4/1 3322/4/1 3345/4/1
f 3347/4/1 3322/4/1 3346/4/1
f 3348/4/1 3322/4/1 3347/4/1
f 3349/4/1 3322/4/1 3348/4/1
f 3350/4/1 3322/4/1 3349/4/1
f 3351/4/1 3322/4/1 3350/4/1
f 3352/4/1 3322/4/1 3351/4/1
f 3353/4/1 3322/4/1 3352/4/1
f 3354/4/1 3322/4/1 3353/4/1
f 3355/4/1 3322/4/1 3354/4/1
f 3356/4/1 3322/4/1 3355/4/1
f 3357/4/1 3322/4/1 3356/4/1
f 3358/4/1 3322/4/1 3357/4/1
f 3359/4/1 3322/4/1 3358/4/1
f 3360/4/1 3322/4/1 3359/4/1
f 3361/4/1 3322/4/1 3360/4/1
f 3362/4/1 3322/4/1 3361/4/1
f 3363/4/1 3322/4/1 3362/4/1
f 3364/4/1 3322/4/1 3363/4/1
f 3365/4/1 3322/4/1 3364/4/1
f 3366/4/1 3322/4/1 3365/4/1
f 3367/5/1 3324/5/1 3323/5/1
f 3368/15/1 3325/15/1 3324/15/1
f 3368/5/1 3324/5/1 3367/5/1
f 3369/5/1 3326/5/1 3325/5/1
f 3369/15/1 3325/15/1 3368/15/1
f 3370/15/1 3327/15/1 3326/15/1
f 3370/5/1 3326/5/1 3369/5/1
f 3371/5/1 3328/5/1 3327/5/1
f 3371/15/1 3327/15/1 3370/15/1
f 3372/15/1 3329/15/1 3328/15/1
f 3372/5/1 3328/5/1 3371/5/1
f 3373/5/1 3330/5/1 3329/5/1
f 3373/15/1 3329/15/1 3372/15/1
f 3374/15/1 3331/15/1 3330/15/1
f 3374/5/1 3330/5/1 3373/5/1
f 3375/5/1 3332/5/1 3331/5/1
f 3375/15/1 3331/15/1 3374/15/1
f 3376/15/1 3333/15/1 3332/15/1
f 3376/5/1 3332/5/1 3375/5/1
f 3377/5/1 3334/5/1 3333/5/1
f 3377/15/1 3333/15/1 3376/15/1
f 3378/15/1 3335/15/1 3334/15/1
f 3378/5/1 3334/5/1 3377/5/1
f 3379/5/1 3336/5/1 3335/5/1
f 3379/15/1 3335/15/1 3378/15/1
f 3380/15/1 3337/15/1 3336/15/1
f 3380/5/1 3336/5/1 3379/5/1
f 3381/5/1 3338/5/1 3337/5/1
f 3381/15/1 3337/15/1 3380/15/1
f 3382/15/1 3339/15/1 3338/15/1
f 3382/5/1 3338/5/1 3381/5/1
f 3383/5/1 3340/5/1 3339/5/1
f 3383/15/1 3339/15/1 3382/15/1
f 3384/15/1 3341/15/1 3340/15/1
f 3384/5/1 3340/5/1 3383/5/1
f 3385/5/1 3342/5/1 3341/5/1
f 3385/15/1 3341/15/1 3384/15/1
f 3386/15/1 3343/15/1 3342/15/1
f 3386/5/1 3342/5/1 3385/5/1
f 3387/5/1 3344/5/1 3343/5/1
f 3387/15/1 3343/15/1 3386/15/1
f 3388/15/1 3345/15/1 3344/15/1
f 3388/5/1 3344/5/1 3387/5/1
f 3389/5/1 3346/5/1 3345/5/1
f 3389/15/1 3345/15/1 3388/15/1
f 3390/15/1 3347/15/1 3346/15/1
f 3390/5/1 3346/5/1 3389/5/1
f 3391/5/1 3348/5/1 3347/5/1
f 3391/15/1 3347/15/1 3390/15/1
f 3392/15/1 3349/15/1 3348/15/1
f 3392/5/1 3348/5/1 3391/5/1
f 3393/5/1 3350/5/1 3349/5/1
f 3393/15/1 3349/15/1 3392/15/1
f 3394/15/1 3351/15/1 3350/15/1
f 3394/5/1 3350/5/1 3393/5/1
f 3395/5/1 3352/5/1 3351/5/1
f 3395/15/1 3351/15/1 3394/15/1
f 3396/15/1 3353/15/1 3352/15/1
f 3396/5/1 3352/5/1 3395/5/1
f 3397/5/1 3354/5/1 3353/5/1
f 3397/15/1 3353/15/1 3396/15/1
f 3398/15/1 3355/15/1 3354/15/1
f 3398/5/1 3354/5/1 3397/5/1
f 3399/5/1 3356/5/1 3355/5/1
f 3399/15/1 3355/15/1 3398/15/1
f 3400/15/1 3357/15/1 3356/15/1
f 3400/5/1 3356/5/1 3399/5/1
f 3401/5/1 3358/5/1 3357/5/1
f 3401/15/1 3357/15/1 3400/15/1
f 3402/15/1 3359/15/1 3358/15/1
f 3402/5/1 3358/5/1 3401/5/1
f 3403/5/1 3360/5/1 3359/5/1
f 3403/15/1 3359/15/1 3402/15/1
f 3404/15/1 3361/15/1 3360/15/1
f 3404/5/1 3360/5/1 3403/5/1
f 3405/5/1 3362/5/1 3361/5/1
f 3405/15/1 3361/15/1 3404/15/1
f 3406/15/1 3363/15/1 3362/15/1
f 3406/5/1 3362/5/1 3405/5/1
f 3407/5/1 3364/5/1 3363/5/1
f 3407/15/1 3363/15/1 3406/15/1
f 3408/15/1 3365/15/1 3364/15/1
f 3408/5/1 3364/5/1 3407/5/1
f 3409/5/1 3366/5/1 3365/5/1
f 3409/15/1 3365/15/1 3408/15/1
f 3410/5/1 3366/5/1 3409/5/1
f 3411/15/1 3368/15/1 3367/15/1
f 3412/5/1 3369/5/1 3368/5/1
f 3412/15/1 3368/15/1 3411/15/1
f 3413/15/1 3370/15/1 3369/15/1
f 3413/5/1 3369/5/1 3412/5/1
f 3413/15/1 3371/15/1 3370/15/1
f 3413/15/1 3372/15/1 3371/15/1
f 3414/15/1 3372/15/1 3413/15/1
f 3415/15/1 3372/15/1 3414/15/1
f 3416/5/1 3373/5/1 3372/5/1
f 3416/15/1 3372/15/1 3415/15/1
f 3417/15/1 3374/15/1 3373/15/1
f 3417/5/1 3373/5/1 3416/5/1
f 3417/15/1 3375/15/1 3374/15/1
f 3417/15/1 3376/15/1 3375/15/1
f 3418/15/1 3376/15/1 3417/15/1
f 3419/15/1 3376/15/1 3418/15/1
f 3420/5/1 3377/5/1 3376/5/1
f 3420/15/1 3376/15/1 3419/15/1
f 3421/15/1 3378/15/1 3377/15/1
f 3421/5/1 3377/5/1 3420/5/1
f 3421/15/1 3379/15/1 3378/15/1
f 3421/15/1 3380/15/1 3379/15/1
f 3422/15/1 3380/15/1 3421/15/1
f 3423/15/1 3380/15/1 3422/15/1
f 3424/5/1 3381/5/1 3380/5/1
f 3424/15/1 3380/15/1 3423/15/1
f 3425/15/1 3382/15/1 3381/15/1
f 3425/5/1 3381/5/1 3424/5/1
f 3425/15/1 3383/15/1 3382/15/1
f 3425/15/1 3384/15/1 3383/15/1
f 3426/15/1 3384/15/1 3425/15/1
f 3427/15/1 3384/15/1 3426/15/1
f 3428/5/1 3385/5/1 3384/5/1
f 3428/15/1 3384/15/1 3427/15/1
f 3429/15/1 3386/15/1 3385/15/1
f 3429/5/1 3385/5/1 3428/5/1
f 3429/15/1 3387/15/1 3386/15/1
f 3429/15/1 3388/15/1 3387/15/1
f 3430/15/1 3388/15/1 3429/15/1
f 3431/15/1 3388/15/1 3430/15/1
f 3432/5/1 3389/5/1 3388/5/1
f 3432/15/1 3388/15/1 3431/15/1
f 3433/15/1 3390/15/1 3389/15/1
f 3433/5/1 3389/5/1 3432/5/1
f 3433/15/1 3391/15/1 3390/15/1
f 3433/15/1 3392/15/1 3391/15/1
f 3434/15/1 3392/15/1 3433/15/1
f 3435/15/1 3392/15/1 3434/15/1
f 3436/5/1 3393/5/1 3392/5/1
f 3436/15/1 3392/15/1 3435/15/1
f 3437/15/1 3394/15/1 3393/15/1
f 3437/5/1 3393/5/1 3436/5/1
f 3437/15/1 3395/15/1 3394/15/1
f 3437/15/1 3396/15/1 3395/15/1
f 3438/15/1 3396/15/1 3437/15/1
f 3439/15/1 3396/15/1 3438/15/1
f 3440/5/1 3397/5/1 3396/5/1
f 3440/15/1 3396/15/1 3439/15/1
f 3441/15/1 3398/15/1 3397/15/1
f 3441/5/1 3397/5/1 3440/5/1
f 3441/15/1 3399/15/1 3398/15/1
f 3441/15/1 3400/15/1 3399/15/1
f 3442/15/1 3400/15/1 3441/15/1
f 3443/15/1 3400/15/1 3442/15/1
f 3444/5/1 3401/5/1 3400/5/1
f 3444/15/1 3400/15/1 3443/15/1
f 3445/15/1 3402/15/1 3401/15/1
f 3445/5/1 3401/5/1 3444/5/1
f 3445/15/1 3403/15/1 3402/15/1
f 3445/15/1 3404/15/1 3403/15/1
f 3446/15/1 3404/15/1 3445/15/1
f 3447/15/1 3404/15/1 3446/15/1
f 3448/5/1 3405/5/1 3404/5/1
f 3448/15/1 3404/15/1 3447/15/1
f 3449/15/1 3406/15/1 3405/15/1
f 3449/5/1 3405/5/1 3448/5/1
f 3449/15/1 3407/15/1 3406/15/1
f 3449/15/1 3408/15/1 3407/15/1
f 3450/15/1 3408/15/1 3449/15/1
f 3451/15/1 3408/15/1 3450/15/1
f 3452/5/1 3409/5/1 3408/5/1
f 3452/15/1 3408/15/1 3451/15/1
f 3453/15/1 3410/15/1 3409/15/1
f 3453/5/1 3409/5/1 3452/5/1
f 3454/15/1 3410/15/1 3453/15/1
f 3455/5/1 3412/5/1 3411/5/1
f 3456/15/1 3413/15/1 3412/15/1
f 3456/5/1 3412/5/1 3455/5/1
f 3457/5/1 3414/5/1 3413/5/1
f 3457/15/1 3413/15/1 3456/15/1
f 3458/15/1 3415/15/1 3414/15/1
f 3458/5/1 3414/5/1 3457/5/1
f 3459/5/1 3416/5/1 3415/5/1
f 3459/15/1 3415/15/1 3458/15/1
f 3460/15/1 3417/15/1 3416/15/1
f 3460/5/1 3416/5/1 3459/5/1
f 3461/5/1 3418/5/1 3417/5/1
f 3461/15/1 3417/15/1 3460/15/1
f 3462/15/1 3419/15/1 3418/15/1
f 3462/5/1 3418/5/1 3461/5/1
f 3463/5/1 3420/5/1 3419/5/1
f 3463/15/1 3419/15/1 3462/15/1
f 3464/15/1 3421/15/1 3420/15/1
f 3464/5/1 3420/5/1 3463/5/1
f 3465/5/1 3422/5/1 3421/5/1
f 3465/15/1 3421/15/1 3464/15/1
f 3466/15/1 3423/15/1 3422/15/1
f 3466/5/1 3422/5/1 3465/5/1
f 3467/5/1 3424/5/1 3423/5/1
f 3467/15/1 3423/15/1 3466/15/1
f 3468/15/1 3425/15/1 3424/15/1
f 3468/5/1 3424/5/1 3467/5/1
f 3469/5/1 3426/5/1 3425/5/1
f 3469/15/1 3425/15/1 3468/15/1
f 3470/15/1 3427/15/1 3426/15/1
f 3470/5/1 3426/5/1 3469/5/1
f 3471/5/1 3428/5/1 3427/5/1
f 3471/15/1 3427/15/1 3470/15/1
f 3472/15/1 3429/15/1 3428/15/1
f 3472/5/1 3428/5/1 3471/5/1
f 3473/5/1 3430/5/1 3429/5/1
f 3473/15/1 3429/15/1 3472/15/1
f 3474/15/1 3431/15/1 3430/15/1
f 3474/5/1 3430/5/1 3473/5/1
f 3475/5/1 3432/5/1 3431/5/1
f 3475/15/1 3431/15/1 3474/15/1
f 3476/15/1 3433/15/1 3432/15/1
f 3476/5/1 3432/5/1 3475/5/1
f 3477/5/1 3434/5/1 3433/5/1
f 3477/15/1 3433/15/1 3476/15/1
f 3478/15/1 3435/15/1 3434/15/1
f 3478/5/1 3434/5/1 3477/5/1
f 3479/5/1 3436/5/1 3435/5/1
f 3479/15/1 3435/15/1 3478/15/1
f 3480/15/1 3437/15/1 3436/15/1
f 3480/5/1 3436/5/1 3479/5/1
f 3481/5/1 3438/5/1 3437/5/1
f 3481/15/1 3437/15/1 3480/15/1
f 3482/15/1 3439/15/1 3438/15/1
f 3482/5/1 3438/5/1 3481/5/1
f 3483/5/1 3440/5/1 3439/5/1
f 3483/15/1 3439/15/1 3482/15/1
f 3484/15/1 3441/15/1 3440/15/1
f 3484/5/1 3440/5/1 3483/5/1
f 3485/5/1 3442/5/1 3441/5/1
f 3485/15/1 3441/15/1 3484/15/1
f 3486/15/1 3443/15/1 3442/15/1
f 3486/5/1 3442/5/1 3485/5/1
f 3487/5/1 3444/5/1 3443/5/1
f 3487/15/1 3443/15/1 3486/15/1
f 3488/15/1 3445/15/1 3444/15/1
f 3488/5/1 3444/5/1 3487/5/1
f 3489/5/1 3446/5/1 3445/5/1
f 3489/15/1 3445/15/1 3488/15/1
f 3490/15/1 3447/15/1 3446/15/1
f 3490/5/1 3446/5/1 3489/5/1
f 3491/5/1 3448/5/1 3447/5/1
f 3491/15/1 3447/15/1 3490/15/1
f 3492/15/1 3449/15/1 3448/15/1
f 3492/5/1 3448/5/1 3491/5/1
f 3493/5/1 3450/5/1 3449/5/1
f 3493/15/1 3449/15/1 3492/15/1
f 3494/15/1 3451/15/1 3450/15/1
f 3494/5/1 3450/5/1 3493/5/1
f 3495/5/1 3452/5/1 3451/5/1
f 3495/15/1 3451/15/1 3494/15/1
f 3496/15/1 3453/15/1 3452/15/1
f 3496/5/1 3452/5/1 3495/5/1
f 3497/5/1 3454/5/1 3453/5/1
f 3497/15/1 3453/15/1 3496/15/1
f 3498/5/1 3454/5/1 3497/5/1
f 3499/4/1 3494/4/1 3493/4/1
f 3499/4/1 3493/4/1 3492/4/1
f 3499/4/1 3498/4/1 3497/4/1
f 3499/4/1 3497/4/1 3496/4/1
f 3499/4/1 3496/4/1 3495/4/1
f 3499/4/1 3495/4/1 3494/4/1
f 3499/4/1 3492/4/1 3491/4/1
f 3499/4/1 3491/4/1 3490/4/1
f 3499/4/1 3487/4/1 3486/4/1
f 3499/4/1 3488/4/1 3487/4/1
f 3499/4/1 3490/4/1 3489/4/1
f 3499/4/1 3489/4/1 3488/4/1
f 3499/4/1 3483/4/1 3482/4/1
f 3499/4/1 3484/4/1 3483/4/1
f 3499/4/1 3486/4/1 3485/4/1
f 3499/4/1 3485/4/1 3484/4/1
f 3499/4/1 3479/4/1 3478/4/1
f 3499/4/1 3480/4/1 3479/4/1
f 3499/4/1 3482/4/1 3481/4/1
f 3499/4/1 3481/4/1 3480/4/1
f 3499/4/1 3475/4/1 3474/4/1
f 3499/4/1 3476/4/1 3475/4/1
f 3499/4/1 3478/4/1 3477/4/1
f 3499/4/1 3477/4/1 3476/4/1
f 3499/4/1 3471/4/1 3470/4/1
f 3499/4/1 3472/4/1 3471/4/1
f 3499/4/1 3474/4/1 3473/4/1
f 3499/4/1 3473/4/1 3472/4/1
f 3499/4/1 3467/4/1 3466/4/1
f 3499/4/1 3468/4/1 3467/4/1
f 3499/4/1 3470/4/1 3469/4/1
f 3499/4/1 3469/4/1 3468/4/1
f 3499/4/1 3463/4/1 3462/4/1
f 3499/4/1 3464/4/1 3463/4/1
f 3499/4/1 3466/4/1 3465/4/1
f 3499/4/1 3465/4/1 3464/4/1
f 3499/4/1 3459/4/1 3458/4/1
f 3499/4/1 3460/4/1 3459/4/1
f 3499/4/1 3462/4/1 3461/4/1
f 3499/4/1 3461/4/1 3460/4/1
f 3499/4/1 3457/4/1 3456/4/1
f 3499/4/1 3456/4/1 3455/4/1
f 3499/4/1 3458/4/1 3457/4/1
f 3500/4/1 3498/4/1 3499/4/1
f 3501/15/1 3500/15/1 3499/15/1
f 3502/15/1 3500/15/1 3501/15/1
f 3503/25/1 3502/25/1 3501/25/1
f 3504/25/1 3502/25/1 3503/25/1
f 3505/15/1 3504/15/1 3503/15/1
f 3506/15/1 3504/15/1 3505/15/1
f 3507/23/2 3508/23/2 3547/23/2
f 3508/25/2 3509/25/2 3548/25/2
f 3547/23/2 3508/23/2 3548/23/2
f 3509/23/2 3510/23/2 3549/23/2
f 3548/25/2 3509/25/2 3549/25/2
f 3510/23/2 3511/23/2 3549/23/2
f 3511/23/2 3512/23/2 3549/23/2
f 3512/25/2 3513/25/2 3550/25/2
f 3549/23/2 3512/23/2 3550/23/2
f 3513/23/2 3514/23/2 3551/23/2
f 3550/25/2 3513/25/2 3551/25/2
f 3514/23/2 3515/23/2 3551/23/2
f 3515/23/2 3516/23/2 3551/23/2
f 3516/25/2 3517/25/2 3552/25/2
f 3551/23/2 3516/23/2 3552/23/2
f 3517/23/2 3518/23/2 3553/23/2
f 3552/25/2 3517/25/2 3553/25/2
f 3518/25/2 3519/25/2 3554/25/2
f 3553/23/2 3518/23/2 3554/23/2
f 3519/23/2 3520/23/2 3555/23/2
f 3554/25/2 3519/25/2 3555/25/2
f 3520/25/2 3521/25/2 3556/25/2
f 3555/23/2 3520/23/2 3556/23/2
f 3521/23/2 3522/23/2 3557/23/2
f 3556/25/2 3521/25/2 3557/25/2
f 3522/23/2 3523/23/2 3557/23/2
f 3523/23/2 3524/23/2 3557/23/2
f 3524/25/2 3525/25/2 3558/25/2
f 3557/23/2 3524/23/2 3558/23/2
f 3525/23/2 3526/23/2 3559/23/2
f 3558/25/2 3525/25/2 3559/25/2
f 3526/23/2 3527/23/2 3559/23/2
f 3527/25/2 3528/25/2 3560/25/2
f 3559/23/2 3527/23/2 3560/23/2
f 3528/23/2 3529/23/2 3561/23/2
f 3560/25/2 3528/25/2 3561/25/2
f 3529/25/2 3530/25/2 3562/25/2
f 3561/23/2 3529/23/2 3562/23/2
f 3530/23/2 3531/23/2 3563/23/2
f 3562/25/2 3530/25/2 3563/25/2
f 3531/23/2 3532/23/2 3563/23/2
f 3532/23/2 3533/23/2 3563/23/2
f 3533/25/2 3534/25/2 3564/25/2
f 3563/23/2 3533/23/2 3564/23/2
f 3536/23/2 3537/23/2 3565/23/2
f 3564/25/2 3534/25/2 3565/25/2
f 3534/23/2 3535/23/2 3565/23/2
f 3535/23/2 3536/23/2 3565/23/2
f 3537/25/2 3538/25/2 3566/25/2
f 3565/23/2 3537/23/2 3566/23/2
f 3538/23/2 3539/23/2 3567/23/2
f 3566/25/2 3538/25/2 3567/25/2
f 3539/25/2 3540/25/2 3568/25/2
f 3567/23/2 3539/23/2 3568/23/2
f 3541/23/2 3542/23/2 3569/23/2
f 3568/25/2 3540/25/2 3569/25/2
f 3540/23/2 3541/23/2 3569/23/2
f 3542/25/2 3543/25/2 3570/25/2
f 3569/23/2 3542/23/2 3570/23/2
f 3545/23/2 3546/23/2 3571/23/2
f 3570/25/2 3543/25/2 3571/25/2
f 3544/23/2 3545/23/2 3571/23/2
f 3543/23/2 3544/23/2 3571/23/2
f 3571/23/2 3546/23/2 3572/23/2
f 3569/25/2 3570/25/2 3573/25/2
f 3547/25/2 3548/25/2 3573/25/2
f 3571/25/2 3572/25/2 3573/25/2
f 3570/25/2 3571/25/2 3573/25/2
f 3561/25/2 3562/25/2 3573/25/2
f 3560/25/2 3561/25/2 3573/25/2
f 3559/25/2 3560/25/2 3573/25/2
f 3558/25/2 3559/25/2 3573/25/2
f 3565/25/2 3566/25/2 3573/25/2
f 3557/25/2 3558/25/2 3573/25/2
f 3556/25/2 3557/25/2 3573/25/2
f 3566/25/2 3567/25/2 3573/25/2
f 3562/25/2 3563/25/2 3573/25/2
f 3555/25/2 3556/25/2 3573/25/2
f 3554/25/2 3555/25/2 3573/25/2
f 3553/25/2 3554/25/2 3573/25/2
f 3552/25/2 3553/25/2 3573/25/2
f 3551/25/2 3552/25/2 3573/25/2
f 3550/25/2 3551/25/2 3573/25/2
f 3567/25/2 3568/25/2 3573/25/2
f 3568/25/2 3569/25/2 3573/25/2
f 3549/25/2 3550/25/2 3573/25/2
f 3548/25/2 3549/25/2 3573/25/2
f 3564/25/2 3565/25/2 3573/25/2
f 3563/25/2 3564/25/2 3573/25/2
f 3573/25/2 3572/25/2 3574/25/2
f 3574/25/2 3572/25/2 3575/25/2
f 3575/25/2 3572/25/2 3576/25/2
f 3576/25/2 3572/25/2 3577/25/2
f 3577/25/2 3572/25/2 3578/25/2
f 3578/25/2 3572/25/2 3579/25/2
f 3579/25/2 3572/25/2 3580/25/2
f 3580/25/2 3572/25/2 3581/25/2
f 3581/25/2 3572/25/2 3582/25/2
f 3582/25/2 3572/25/2 3583/25/2
f 3583/25/2 3572/25/2 3584/25/2
f 3584/25/2 3572/25/2 3585/25/2
f 3585/25/2 3572/25/2 3586/25/2
f 3586/25/2 3572/25/2 3587/25/2
f 3587/25/2 3572/25/2 3588/25/2
f 3588/25/2 3572/25/2 3589/25/2
f 3589/25/2 3572/25/2 3590/25/2
f 3590/25/2 3572/25/2 3591/25/2
f 3591/25/2 3572/25/2 3592/25/2
f 3592/25/2 3572/25/2 3593/25/2
f 3593/25/2 3572/25/2 3594/25/2
f 3594/25/2 3572/25/2 3595/25/2
f 3595/25/2 3572/25/2 3596/25/2
f 3596/25/2 3572/25/2 3597/25/2
f 3597/25/2 3572/25/2 3598/25/2
f 3573/23/2 3574/23/2 3599/23/2
f 3574/25/2 3575/25/2 3600/25/2
f 3599/23/2 3574/23/2 3600/23/2
f 3575/23/2 3576/23/2 3601/23/2
f 3600/25/2 3575/25/2 3601/25/2
f 3576/25/2 3577/25/2 3602/25/2
f 3601/23/2 3576/23/2 3602/23/2
f 3577/23/2 3578/23/2 3603/23/2
f 3602/25/2 3577/25/2 3603/25/2
f 3578/25/2 3579/25/2 3604/25/2
f 3603/23/2 3578/23/2 3604/23/2
f 3579/23/2 3580/23/2 3605/23/2
f 3604/25/2 3579/25/2 3605/25/2
f 3580/25/2 3581/25/2 3606/25/2
f 3605/23/2 3580/23/2 3606/23/2
f 3581/23/2 3582/23/2 3607/23/2
f 3606/25/2 3581/25/2 3607/25/2
f 3582/25/2 3583/25/2 3608/25/2
f 3607/23/2 3582/23/2 3608/23/2
f 3583/23/2 3584/23/2 3609/23/2
f 3608/25/2 3583/25/2 3609/25/2
f 3584/25/2 3585/25/2 3610/25/2
f 3609/23/2 3584/23/2 3610/23/2
f 3585/23/2 3586/23/2 3611/23/2
f 3610/25/2 3585/25/2 3611/25/2
f 3586/25/2 3587/25/2 3612/25/2
f 3611/23/2 3586/23/2 3612/23/2
f 3587/23/2 3588/23/2 3613/23/2
f 3612/25/2 3587/25/2 3613/25/2
f 3588/25/2 3589/25/2 3614/25/2
f 3613/23/2 3588/23/2 3614/23/2
f 3589/23/2 3590/23/2 3615/23/2
f 3614/25/2 3589/25/2 3615/25/2
f 3590/25/2 3591/25/2 3616/25/2
f 3615/23/2 3590/23/2 3616/23/2
f 3591/23/2 3592/23/2 3617/23/2
f 3616/25/2 3591/25/2 3617/25/2
f 3592/25/2 3593/25/2 3618/25/2
f 3617/23/2 3592/23/2 3618/23/2
f 3593/23/2 3594/23/2 3619/23/2
f 3618/25/2 3593/25/2 3619/25/2
f 3594/25/2 3595/25/2 3620/25/2
f 3619/23/2 3594/23/2 3620/23/2
f 3595/23/2 3596/23/2 3621/23/2
f 3620/25/2 3595/25/2 3621/25/2
f 3596/25/2 3597/25/2 3622/25/2
f 3621/23/2 3596/23/2 3622/23/2
f 3597/23/2 3598/23/2 3623/23/2
f 3622/25/2 3597/25/2 3623/25/2
f 3623/23/2 3598/23/2 3624/23/2
f 3599/25/2 3600/25/2 3625/25/2
f 3600/25/2 3601/25/2 3625/25/2
f 3623/25/2 3624/25/2 3625/25/2
f 3622/25/2 3623/25/2 3625/25/2
f 3621/25/2 3622/25/2 3625/25/2
f 3620/25/2 3621/25/2 3625/25/2
f 3619/25/2 3620/25/2 3625/25/2
f 3618/25/2 3619/25/2 3625/25/2
f 3617/25/2 3618/25/2 3625/25/2
f 3616/25/2 3617/25/2 3625/25/2
f 3615/25/2 3616/25/2 3625/25/2
f 3614/25/2 3615/25/2 3625/25/2
f 3613/25/2 3614/25/2 3625/25/2
f 3612/25/2 3613/25/2 3625/25/2
f 3611/25/2 3612/25/2 3625/25/2
f 3610/25/2 3611/25/2 3625/25/2
f 3609/25/2 3610/25/2 3625/25/2
f 3608/25/2 3609/25/2 3625/25/2
f 3607/25/2 3608/25/2 3625/25/2
f 3606/25/2 3607/25/2 3625/25/2
f 3605/25/2 3606/25/2 3625/25/2
f 3604/25/2 3605/25/2 3625/25/2
f 3603/25/2 3604/25/2 3625/25/2
f 3602/25/2 3603/25/2 3625/25/2
f 3601/25/2 3602/25/2 3625/25/2
f 3625/25/2 3624/25/2 3626/25/2
f 3626/25/2 3624/25/2 3627/25/2
f 3627/25/2 3624/25/2 3628/25/2
f 3628/25/2 3624/25/2 3629/25/2
f 3629/25/2 3624/25/2 3630/25/2
f 3630/25/2 3624/25/2 3631/25/2
f 3631/25/2 3624/25/2 3632/25/2
f 3632/25/2 3624/25/2 3633/25/2
f 3633/25/2 3624/25/2 3634/25/2
f 3634/25/2 3624/25/2 3635/25/2
f 3635/25/2 3624/25/2 3636/25/2
f 3636/25/2 3624/25/2 3637/25/2
f 3637/25/2 3624/25/2 3638/25/2
f 3638/25/2 3624/25/2 3639/25/2
f 3639/25/2 3624/25/2 3640/25/2
f 3640/25/2 3624/25/2 3641/25/2
f 3641/25/2 3624/25/2 3642/25/2
f 3642/25/2 3624/25/2 3643/25/2
f 3643/25/2 3624/25/2 3644/25/2
f 3644/25/2 3624/25/2 3645/25/2
f 3645/25/2 3624/25/2 3646/25/2
f 3646/25/2 3624/25/2 3647/25/2
f 3647/25/2 3624/25/2 3648/25/2
f 3648/25/2 3624/25/2 3649/25/2
f 3649/25/2 3624/25/2 3650/25/2
f 3625/23/2 3626/23/2 3651/23/2
f 3626/25/2 3627/25/2 3652/25/2
f 3651/23/2 3626/23/2 3652/23/2
f 3627/23/2 3628/23/2 3653/23/2
f 3652/25/2 3627/25/2 3653/25/2
f 3628/25/2 3629/25/2 3654/25/2
f 3653/23/2 3628/23/2 3654/23/2
f 3629/23/2 3630/23/2 3655/23/2
f 3654/25/2 3629/25/2 3655/25/2
f 3630/25/2 3631/25/2 3656/25/2
f 3655/23/2 3630/23/2 3656/23/2
f 3631/23/2 3632/23/2 3657/23/2
f 3656/25/2 3631/25/2 3657/25/2
f 3632/25/2 3633/25/2 3658/25/2
f 3657/23/2 3632/23/2 3658/23/2
f 3633/23/2 3634/23/2 3659/23/2
f 3658/25/2 3633/25/2 3659/25/2
f 3634/25/2 3635/25/2 3660/25/2
f 3659/23/2 3634/23/2 3660/23/2
f 3635/23/2 3636/23/2 3661/23/2
f 3660/25/2 3635/25/2 3661/25/2
f 3636/25/2 3637/25/2 3662/25/2
f 3661/23/2 3636/23/2 3662/23/2
f 3637/23/2 3638/23/2 3663/23/2
f 3662/25/2 3637/25/2 3663/25/2
f 3638/25/2 3639/25/2 3664/25/2
f 3663/23/2 3638/23/2 3664/23/2
f 3639/23/2 3640/23/2 3665/23/2
f 3664/25/2 3639/25/2 3665/25/2
f 3640/25/2 3641/25/2 3666/25/2
f 3665/23/2 3640/23/2 3666/23/2
f 3641/23/2 3642/23/2 3667/23/2
f 3666/25/2 3641/25/2 3667/25/2
f 3642/25/2 3643/25/2 3668/25/2
f 3667/23/2 3642/23/2 3668/23/2
f 3643/23/2 3644/23/2 3669/23/2
f 3668/25/2 3643/25/2 3669/25/2
f 3644/25/2 3645/25/2 3670/25/2
f 3669/23/2 3644/23/2 3670/23/2
f 3645/23/2 3646/23/2 3671/23/2
f 3670/25/2 3645/25/2 3671/25/2
f 3646/25/2 3647/25/2 3672/25/2
f 3671/23/2 3646/23/2 3672/23/2
f 3647/23/2 3648/23/2 3673/23/2
f 3672/25/2 3647/25/2 3673/25/2
f 3648/25/2 3649/25/2 3674/25/2
f 3673/23/2 3648/23/2 3674/23/2
f 3649/23/2 3650/23/2 3675/23/2
f 3674/25/2 3649/25/2 3675/25/2
f 3675/23/2 3650/23/2 3676/23/2
f 3651/25/2 3652/25/2 3677/25/2
f 3652/25/2 3653/25/2 3677/25/2
f 3675/25/2 3676/25/2 3677/25/2
f 3674/25/2 3675/25/2 3677/25/2
f 3673/25/2 3674/25/2 3677/25/2
f 3672/25/2 3673/25/2 3677/25/2
f 3671/25/2 3672/25/2 3677/25/2
f 3670/25/2 3671/25/2 3677/25/2
f 3669/25/2 3670/25/2 3677/25/2
f 3668/25/2 3669/25/2 3677/25/2
f 3667/25/2 3668/25/2 3677/25/2
f 3666/25/2 3667/25/2 3677/25/2
f 3665/25/2 3666/25/2 3677/25/2
f 3664/25/2 3665/25/2 3677/25/2
f 3663/25/2 3664/25/2 3677/25/2
f 3662/25/2 3663/25/2 3677/25/2
f 3661/25/2 3662/25/2 3677/25/2
f 3660/25/2 3661/25/2 3677/25/2
f 3659/25/2 3660/25/2 3677/25/2
f 3658/25/2 3659/25/2 3677/25/2
f 3657/25/2 3658/25/2 3677/25/2
f 3656/25/2 3657/25/2 3677/25/2
f 3655/25/2 3656/25/2 3677/25/2
f 3654/25/2 3655/25/2 3677/25/2
f 3653/25/2 3654/25/2 3677/25/2
f 3677/25/2 3676/25/2 3678/25/2
f 3678/25/2 3676/25/2 3679/25/2
f 3679/25/2 3676/25/2 3680/25/2
f 3680/25/2 3676/25/2 3681/25/2
f 3681/25/2 3676/25/2 3682/25/2
f 3682/25/2 3676/25/2 3683/25/2
f 3683/25/2 3676/25/2 3684/25/2
f 3684/25/2 3676/25/2 3685/25/2
f 3685/25/2 3676/25/2 3686/25/2
f 3686/25/2 3676/25/2 3687/25/2
f 3687/25/2 3676/25/2 3688/25/2
f 3688/25/2 3676/25/2 3689/25/2
f 3689/25/2 3676/25/2 3690/25/2
f 3690/25/2 3676/25/2 3691/25/2
f 3691/25/2 3676/25/2 3692/25/2
f 3692/25/2 3676/25/2 3693/25/2
f 3693/25/2 3676/25/2 3694/25/2
f 3694/25/2 3676/25/2 3695/25/2
f 3695/25/2 3676/25/2 3696/25/2
f 3696/25/2 3676/25/2 3697/25/2
f 3697/25/2 3676/25/2 3698/25/2
f 3698/25/2 3676/25/2 3699/25/2
f 3699/25/2 3676/25/2 3700/25/2
f 3700/25/2 3676/25/2 3701/25/2
f 3701/25/2 3676/25/2 3702/25/2
f 3677/23/2 3678/23/2 3703/23/2
f 3678/25/2 3679/25/2 3704/25/2
f 3703/23/2 3678/23/2 3704/23/2
f 3679/23/2 3680/23/2 3705/23/2
f 3704/25/2 3679/25/2 3705/25/2
f 3680/25/2 3681/25/2 3706/25/2
f 3705/23/2 3680/23/2 3706/23/2
f 3681/23/2 3682/23/2 3707/23/2
f 3706/25/2 3681/25/2 3707/25/2
f 3682/25/2 3683/25/2 3708/25/2
f 3707/23/2 3682/23/2 3708/23/2
f 3683/23/2 3684/23/2 3709/23/2
f 3708/25/2 3683/25/2 3709/25/2
f 3684/25/2 3685/25/2 3710/25/2
f 3709/23/2 3684/23/2 3710/23/2
f 3685/23/2 3686/23/2 3711/23/2
f 3710/25/2 3685/25/2 3711/25/2
f 3686/25/2 3687/25/2 3712/25/2
f 3711/23/2 3686/23/2 3712/23/2
f 3687/23/2 3688/23/2 3713/23/2
f 3712/25/2 3687/25/2 3713/25/2
f 3688/25/2 3689/25/2 3714/25/2
f 3713/23/2 3688/23/2 3714/23/2
f 3689/23/2 3690/23/2 3715/23/2
f 3714/25/2 3689/25/2 3715/25/2
f 3690/25/2 3691/25/2 3716/25/2
f 3715/23/2 3690/23/2 3716/23/2
f 3691/23/2 3692/23/2 3717/23/2
f 3716/25/2 3691/25/2 3717/25/2
f 3692/25/2 3693/25/2 3718/25/2
f 3717/23/2 3692/23/2 3718/23/2
f 3693/23/2 3694/23/2 3719/23/2
f 3718/25/2 3693/25/2 3719/25/2
f 3694/25/2 3695/25/2 3720/25/2
f 3719/23/2 3694/23/2 3720/23/2
f 3695/23/2 3696/23/2 3721/23/2
f 3720/25/2 3695/25/2 3721/25/2
f 3696/25/2 3697/25/2 3722/25/2
f 3721/23/2 3696/23/2 3722/23/2
f 3697/23/2 3698/23/2 3723/23/2
f 3722/25/2 3697/25/2 3723/25/2
f 3698/25/2 3699/25/2 3724/25/2
f 3723/23/2 3698/23/2 3724/23/2
f 3699/23/2 3700/23/2 3725/23/2
f 3724/25/2 3699/25/2 3725/25/2
f 3700/25/2 3701/25/2 3726/25/2
f 3725/23/2 3700/23/2 3726/23/2
f 3701/23/2 3702/23/2 3727/23/2
f 3726/25/2 3701/25/2 3727/25/2
f 3727/23/2 3702/23/2 3728/23/2
f 3703/25/2 3704/25/2 3729/25/2
f 3704/25/2 3705/25/2 3729/25/2
f 3727/25/2 3728/25/2 3729/25/2
f 3726/25/2 3727/25/2 3729/25/2
f 3725/25/2 3726/25/2 3729/25/2
f 3724/25/2 3725/25/2 3729/25/2
f 3723/25/2 3724/25/2 3729/25/2
f 3722/25/2 3723/25/2 3729/25/2
f 3721/25/2 3722/25/2 3729/25/2
f 3720/25/2 3721/25/2 3729/25/2
f 3719/25/2 3720/25/2 3729/25/2
f 3718/25/2 3719/25/2 3729/25/2
f 3717/25/2 3718/25/2 3729/25/2
f 3716/25/2 3717/25/2 3729/25/2
f 3715/25/2 3716/25/2 3729/25/2
f 3714/25/2 3715/25/2 3729/25/2
f 3713/25/2 3714/25/2 3729/25/2
f 3712/25/2 3713/25/2 3729/25/2
f 3711/25/2 3712/25/2 3729/25/2
f 3710/25/2 3711/25/2 3729/25/2
f 3709/25/2 3710/25/2 3729/25/2
f 3708/25/2 3709/25/2 3729/25/2
f 3707/25/2 3708/25/2 3729/25/2
f 3706/25/2 3707/25/2 3729/25/2
f 3705/25/2 3706/25/2 3729/25/2
f 3729/25/2 3728/25/2 3730/25/2
f 3730/25/2 3728/25/2 3731/25/2
f 3731/25/2 3728/25/2 3732/25/2
f 3732/25/2 3728/25/2 3733/25/2
f 3733/25/2 3728/25/2 3734/25/2
f 3734/25/2 3728/25/2 3735/25/2
f 3735/25/2 3728/25/2 3736/25/2
f 3736/25/2 3728/25/2 3737/25/2
f 3737/25/2 3728/25/2 3738/25/2
f 3738/25/2 3728/25/2 3739/25/2
f 3739/25/2 3728/25/2 3740/25/2
f 3740/25/2 3728/25/2 3741/25/2
f 3741/25/2 3728/25/2 3742/25/2
f 3742/25/2 3728/25/2 3743/25/2
f 3743/25/2 3728/25/2 3744/25/2
f 3744/25/2 3728/25/2 3745/25/2
f 3745/25/2 3728/25/2 3746/25/2
f 3746/25/2 3728/25/2 3747/25/2
f 3747/25/2 3728/25/2 3748/25/2
f 3748/25/2 3728/25/2 3749/25/2
f 3749/25/2 3728/25/2 3750/25/2
f 3750/25/2 3728/25/2 3751/25/2
f 3751/25/2 3728/25/2 3752/25/2
f 3752/25/2 3728/25/2 3753/25/2
f 3753/25/2 3728/25/2 3754/25/2
f 3729/23/2 3730/23/2 3755/23/2
f 3730/25/2 3731/25/2 3756/25/2
f 3755/23/2 3730/23/2 3756/23/2
f 3731/23/2 3732/23/2 3757/23/2
f 3756/25/2 3731/25/2 3757/25/2
f 3732/25/2 3733/25/2 3758/25/2
f 3757/23/2 3732/23/2 3758/23/2
f 3733/23/2 3734/23/2 3759/23/2
f 3758/25/2 3733/25/2 3759/25/2
f 3734/25/2 3735/25/2 3760/25/2
f 3759/23/2 3734/23/2 3760/23/2
f 3735/23/2 3736/23/2 3761/23/2
f 3760/25/2 3735/25/2 3761/25/2
f 3736/25/2 3737/25/2 3762/25/2
f 3761/23/2 3736/23/2 3762/23/2
f 3737/23/2 3738/23/2 3763/23/2
f 3762/25/2 3737/25/2 3763/25/2
f 3738/25/2 3739/25/2 3764/25/2
f 3763/23/2 3738/23/2 3764/23/2
f 3739/23/2 3740/23/2 3765/23/2
f 3764/25/2 3739/25/2 3765/25/2
f 3740/25/2 3741/25/2 3766/25/2
f 3765/23/2 3740/23/2 3766/23/2
f 3741/23/2 3742/23/2 3767/23/2
f 3766/25/2 3741/25/2 3767/25/2
f 3742/25/2 3743/25/2 3768/25/2
f 3767/23/2 3742/23/2 3768/23/2
f 3743/23/2 3744/23/2 3769/23/2
f 3768/25/2 3743/25/2 3769/25/2
f 3744/25/2 3745/25/2 3770/25/2
f 3769/23/2 3744/23/2 3770/23/2
f 3745/23/2 3746/23/2 3771/23/2
f 3770/25/2 3745/25/2 3771/25/2
f 3746/25/2 3747/25/2 3772/25/2
f 3771/23/2 3746/23/2 3772/23/2
f 3747/23/2 3748/23/2 3773/23/2
f 3772/25/2 3747/25/2 3773/25/2
f 3748/25/2 3749/25/2 3774/25/2
f 3773/23/2 3748/23/2 3774/23/2
f 3749/23/2 3750/23/2 3775/23/2
f 3774/25/2 3749/25/2 3775/25/2
f 3750/25/2 3751/25/2 3776/25/2
f 3775/23/2 3750/23/2 3776/23/2
f 3751/23/2 3752/23/2 3777/23/2
f 3776/25/2 3751/25/2 3777/25/2
f 3752/25/2 3753/25/2 3778/25/2
f 3777/23/2 3752/23/2 3778/23/2
f 3753/23/2 3754/23/2 3779/23/2
f 3778/25/2 3753/25/2 3779/25/2
f 3779/23/2 3754/23/2 3780/23/2
f 3755/25/2 3756/25/2 3781/25/2
f 3756/25/2 3757/25/2 3781/25/2
f 3779/25/2 3780/25/2 3781/25/2
f 3778/25/2 3779/25/2 3781/25/2
f 3777/25/2 3778/25/2 3781/25/2
f 3776/25/2 3777/25/2 3781/25/2
f 3775/25/2 3776/25/2 3781/25/2
f 3774/25/2 3775/25/2 3781/25/2
f 3773/25/2 3774/25/2 3781/25/2
f 3772/25/2 3773/25/2 3781/25/2
f 3771/25/2 3772/25/2 3781/25/2
f 3770/25/2 3771/25/2 3781/25/2
f 3769/25/2 3770/25/2 3781/25/2
f 3768/25/2 3769/25/2 3781/25/2
f 3767/25/2 3768/25/2 3781/25/2
f 3766/25/2 3767/25/2 3781/25/2
f 3765/25/2 3766/25/2 3781/25/2
f 3764/25/2 3765/25/2 3781/25/2
f 3763/25/2 3764/25/2 3781/25/2
f 3762/25/2 3763/25/2 3781/25/2
f 3761/25/2 3762/25/2 3781/25/2
f 3760/25/2 3761/25/2 3781/25/2
f 3759/25/2 3760/25/2 3781/25/2
f 3758/25/2 3759/25/2 3781/25/2
f 3757/25/2 3758/25/2 3781/25/2
f 3781/25/2 3780/25/2 3782/25/2
f 3782/25/2 3780/25/2 3783/25/2
f 3783/25/2 3780/25/2 3784/25/2
f 3784/25/2 3780/25/2 3785/25/2
f 3785/25/2 3780/25/2 3786/25/2
f 3786/25/2 3780/25/2 3787/25/2
f 3787/25/2 3780/25/2 3788/25/2
f 3788/25/2 3780/25/2 3789/25/2
f 3789/25/2 3780/25/2 3790/25/2
f 3790/25/2 3780/25/2 3791/25/2
f 3791/25/2 3780/25/2 3792/25/2
f 3792/25/2 3780/25/2 3793/25/2
f 3793/25/2 3780/25/2 3794/25/2
f 3794/25/2 3780/25/2 3795/25/2
f 3795/25/2 3780/25/2 3796/25/2
f 3796/25/2 3780/25/2 3797/25/2
f 3797/25/2 3780/25/2 3798/25/2
f 3798/25/2 3780/25/2 3799/25/2
f 3799/25/2 3780/25/2 3800/25/2
f 3800/25/2 3780/25/2 3801/25/2
f 3801/25/2 3780/25/2 3802/25/2
f 3802/25/2 3780/25/2 3803/25/2
f 3803/25/2 3780/25/2 3804/25/2
f 3804/25/2 3780/25/2 3805/25/2
f 3805/25/2 3780/25/2 3806/25/2
f 3781/23/2 3782/23/2 3807/23/2
f 3782/25/2 3783/25/2 3808/25/2
f 3807/23/2 3782/23/2 3808/23/2
f 3783/23/2 3784/23/2 3809/23/2
f 3808/25/2 3783/25/2 3809/25/2
f 3784/25/2 3785/25/2 3810/25/2
f 3809/23/2 3784/23/2 3810/23/2
f 3785/23/2 3786/23/2 3811/23/2
f 3810/25/2 3785/25/2 3811/25/2
f 3786/25/2 3787/25/2 3812/25/2
f 3811/23/2 3786/23/2 3812/23/2
f 3787/23/2 3788/23/2 3813/23/2
f 3812/25/2 3787/25/2 3813/25/2
f 3788/25/2 3789/25/2 3814/25/2
f 3813/23/2 3788/23/2 3814/23/2
f 3789/23/2 3790/23/2 3815/23/2
f 3814/25/2 3789/25/2 3815/25/2
f 3790/25/2 3791/25/2 3816/25/2
f 3815/23/2 3790/23/2 3816/23/2
f 3791/23/2 3792/23/2 3817/23/2
f 3816/25/2 3791/25/2 3817/25/2
f 3792/25/2 3793/25/2 3818/25/2
f 3817/23/2 3792/23/2 3818/23/2
f 3793/23/2 3794/23/2 3819/23/2
f 3818/25/2 3793/25/2 3819/25/2
f 3794/25/2 3795/25/2 3820/25/2
f 3819/23/2 3794/23/2 3820/23/2
f 3795/23/2 3796/23/2 3821/23/2
f 3820/25/2 3795/25/2 3821/25/2
f 3796/25/2 3797/25/2 3822/25/2
f 3821/23/2 3796/23/2 3822/23/2
f 3797/23/2 3798/23/2 3823/23/2
f 3822/25/2 3797/25/2 3823/25/2
f 3798/25/2 3799/25/2 3824/25/2
f 3823/23/2 3798/23/2 3824/23/2
f 3799/23/2 3800/23/2 3825/23/2
f 3824/25/2 3799/25/2 3825/25/2
f 3800/25/2 3801/25/2 3826/25/2
f 3825/23/2 3800/23/2 3826/23/2
f 3801/23/2 3802/23/2 3827/23/2
f 3826/25/2 3801/25/2 3827/25/2
f 3802/25/2 3803/25/2 3828/25/2
f 3827/23/2 3802/23/2 3828/23/2
f 3803/23/2 3804/23/2 3829/23/2
f 3828/25/2 3803/25/2 3829/25/2
f 3804/25/2 3805/25/2 3830/25/2
f 3829/23/2 3804/23/2 3830/23/2
f 3805/23/2 3806/23/2 3831/23/2
f 3830/25/2 3805/25/2 3831/25/2
f 3831/23/2 3806/23/2 3832/23/2
f 3807/15/2 3808/15/2 3833/15/2
f 3808/15/2 3809/15/2 3833/15/2
f 3831/15/2 3832/15/2 3833/15/2
f 3830/15/2 3831/15/2 3833/15/2
f 3829/15/2 3830/15/2 3833/15/2
f 3828/15/2 3829/15/2 3833/15/2
f 3827/15/2 3828/15/2 3833/15/2
f 3826/15/2 3827/15/2 3833/15/2
f 3825/15/2 3826/15/2 3833/15/2
f 3824/15/2 3825/15/2 3833/15/2
f 3823/15/2 3824/15/2 3833/15/2
f 3822/15/2 3823/15/2 3833/15/2
f 3821/15/2 3822/15/2 3833/15/2
f 3820/15/2 3821/15/2 3833/15/2
f 3819/15/2 3820/15/2 3833/15/2
f 3818/15/2 3819/15/2 3833/15/2
f 3817/15/2 3818/15/2 3833/15/2
f 3816/15/2 3817/15/2 3833/15/2
f 3815/15/2 3816/15/2 3833/15/2
f 3814/15/2 3815/15/2 3833/15/2
f 3813/15/2 3814/15/2 3833/15/2
f 3812/15/2 3813/15/2 3833/15/2
f 3811/15/2 3812/15/2 3833/15/2
f 3810/15/2 3811/15/2 3833/15/2
f 3809/15/2 3810/15/2 3833/15/2
f 3833/15/2 3832/15/2 3834/15/2
f 3834/15/2 3832/15/2 3835/15/2
f 3835/15/2 3832/15/2 3836/15/2
f 3836/15/2 3832/15/2 3837/15/2
f 3837/15/2 3832/15/2 3838/15/2
f 3838/15/2 3832/15/2 3839/15/2
f 3839/15/2 3832/15/2 3840/15/2
f 3840/15/2 3832/15/2 3841/15/2
f 3841/15/2 3832/15/2 3842/15/2
f 3842/15/2 3832/15/2 3843/15/2
f 3843/15/2 3832/15/2 3844/15/2
f 3844/15/2 3832/15/2 3845/15/2
f 3845/15/2 3832/15/2 3846/15/2
f 3846/15/2 3832/15/2 3847/15/2
f 3847/15/2 3832/15/2 3848/15/2
f 3848/15/2 3832/15/2 3849/15/2
f 3849/15/2 3832/15/2 3850/15/2
f 3850/15/2 3832/15/2 3851/15/2
f 3851/15/2 3832/15/2 3852/15/2
f 3852/15/2 3832/15/2 3853/15/2
f 3853/15/2 3832/15/2 3854/15/2
f 3854/15/2 3832/15/2 3855/15/2
f 3855/15/2 3832/15/2 3856/15/2
f 3856/15/2 3832/15/2 3857/15/2
f 3857/15/2 3832/15/2 3858/15/2
f 3833/23/2 3834/23/2 3859/23/2
f 3834/25/2 3835/25/2 3860/25/2
f 3859/23/2 3834/23/2 3860/23/2
f 3835/23/2 3836/23/2 3861/23/2
f 3860/25/2 3835/25/2 3861/25/2
f 3836/25/2 3837/25/2 3862/25/2
f 3861/23/2 3836/23/2 3862/23/2
f 3837/23/2 3838/23/2 3863/23/2
f 3862/25/2 3837/25/2 3863/25/2
f 3838/25/2 3839/25/2 3864/25/2
f 3863/23/2 3838/23/2 3864/23/2
f 3839/23/2 3840/23/2 3865/23/2
f 3864/25/2 3839/25/2 3865/25/2
f 3840/25/2 3841/25/2 3866/25/2
f 3865/23/2 3840/23/2 3866/23/2
f 3841/23/2 3842/23/2 3867/23/2
f 3866/25/2 3841/25/2 3867/25/2
f 3842/25/2 3843/25/2 3868/25/2
f 3867/23/2 3842/23/2 3868/23/2
f 3843/23/2 3844/23/2 3869/23/2
f 3868/25/2 3843/25/2 3869/25/2
f 3844/25/2 3845/25/2 3870/25/2
f 3869/23/2 3844/23/2 3870/23/2
f 3845/23/2 3846/23/2 3871/23/2
f 3870/25/2 3845/25/2 3871/25/2
f 3846/25/2 3847/25/2 3872/25/2
f 3871/23/2 3846/23/2 3872/23/2
f 3847/23/2 3848/23/2 3873/23/2
f 3872/25/2 3847/25/2 3873/25/2
f 3848/25/2 3849/25/2 3874/25/2
f 3873/23/2 3848/23/2 3874/23/2
f 3849/23/2 3850/23/2 3875/23/2
f 3874/25/2 3849/25/2 3875/25/2
f 3850/25/2 3851/25/2 3876/25/2
f 3875/23/2 3850/23/2 3876/23/2
f 3851/23/2 3852/23/2 3877/23/2
f 3876/25/2 3851/25/2 3877/25/2
f 3852/25/2 3853/25/2 3878/25/2
f 3877/23/2 3852/23/2 3878/23/2
f 3853/23/2 3854/23/2 3879/23/2
f 3878/25/2 3853/25/2 3879/25/2
f 3854/25/2 3855/25/2 3880/25/2
f 3879/23/2 3854/23/2 3880/23/2
f 3855/23/2 3856/23/2 3881/23/2
f 3880/25/2 3855/25/2 3881/25/2
f 3856/25/2 3857/25/2 3882/25/2
f 3881/23/2 3856/23/2 3882/23/2
f 3857/23/2 3858/23/2 3883/23/2
f 3882/25/2 3857/25/2 3883/25/2
f 3883/23/2 3858/23/2 3884/23/2
f 3859/25/2 3860/25/2 3885/25/2
f 3860/25/2 3861/25/2 3885/25/2
f 3883/25/2 3884/25/2 3885/25/2
f 3882/25/2 3883/25/2 3885/25/2
f 3881/25/2 3882/25/2 3885/25/2
f 3880/25/2 3881/25/2 3885/25/2
f 3879/25/2 3880/25/2 3885/25/2
f 3878/25/2 3879/25/2 3885/25/2
f 3877/25/2 3878/25/2 3885/25/2
f 3876/25/2 3877/25/2 3885/25/2
f 3875/25/2 3876/25/2 3885/25/2
f 3874/25/2 3875/25/2 3885/25/2
f 3873/25/2 3874/25/2 3885/25/2
f 3872/25/2 3873/25/2 3885/25/2
f 3871/25/2 3872/25/2 3885/25/2
f 3870/25/2 3871/25/2 3885/25/2
f 3869/25/2 3870/25/2 3885/25/2
f 3868/25/2 3869/25/2 3885/25/2
f 3867/25/2 3868/25/2 3885/25/2
f 3866/25/2 3867/25/2 3885/25/2
f 3865/25/2 3866/25/2 3885/25/2
f 3864/25/2 3865/25/2 3885/25/2
f 3863/25/2 3864/25/2 3885/25/2
f 3862/25/2 3863/25/2 3885/25/2
f 3861/25/2 3862/25/2 3885/25/2
f 3885/25/2 3884/25/2 3886/25/2
f 3886/25/2 3884/25/2 3887/25/2
f 3887/25/2 3884/25/2 3888/25/2
f 3888/25/2 3884/25/2 3889/25/2
f 3889/25/2 3884/25/2 3890/25/2
f 3890/25/2 3884/25/2 3891/25/2
f 3891/25/2 3884/25/2 3892/25/2
f 3892/25/2 3884/25/2 3893/25/2
f 3893/25/2 3884/25/2 3894/25/2
f 3894/25/2 3884/25/2 3895/25/2
f 3895/25/2 3884/25/2 3896/25/2
f 3896/25/2 3884/25/2 3897/25/2
f 3897/25/2 3884/25/2 3898/25/2
f 3898/25/2 3884/25/2 3899/25/2
f 3899/25/2 3884/25/2 3900/25/2
f 3900/25/2 3884/25/2 3901/25/2
f 3901/25/2 3884/25/2 3902/25/2
f 3902/25/2 3884/25/2 3903/25/2
f 3903/25/2 3884/25/2 3904/25/2
f 3904/25/2 3884/25/2 3905/25/2
f 3905/25/2 3884/25/2 3906/25/2
f 3906/25/2 3884/25/2 3907/25/2
f 3907/25/2 3884/25/2 3908/25/2
f 3908/25/2 3884/25/2 3909/25/2
f 3909/25/2 3884/25/2 3910/25/2
f 3885/23/2 3886/23/2 3911/23/2
f 3886/25/2 3887/25/2 3912/25/2
f 3911/23/2 3886/23/2 3912/23/2
f 3887/23/2 3888/23/2 3913/23/2
f 3912/25/2 3887/25/2 3913/25/2
f 3888/25/2 3889/25/2 3914/25/2
f 3913/23/2 3888/23/2 3914/23/2
f 3889/23/2 3890/23/2 3915/23/2
f 3914/25/2 3889/25/2 3915/25/2
f 3890/25/2 3891/25/2 3916/25/2
f 3915/23/2 3890/23/2 3916/23/2
f 3891/23/2 3892/23/2 3917/23/2
f 3916/25/2 3891/25/2 3917/25/2
f 3892/25/2 3893/25/2 3918/25/2
f 3917/23/2 3892/23/2 3918/23/2
f 3893/23/2 3894/23/2 3919/23/2
f 3918/25/2 3893/25/2 3919/25/2
f 3894/25/2 3895/25/2 3920/25/2
f 3919/23/2 3894/23/2 3920/23/2
f 3895/23/2 3896/23/2 3921/23/2
f 3920/25/2 3895/25/2 3921/25/2
f 3896/25/2 3897/25/2 3922/25/2
f 3921/23/2 3896/23/2 3922/23/2
f 3897/23/2 3898/23/2 3923/23/2
f 3922/25/2 3897/25/2 3923/25/2
f 3898/25/2 3899/25/2 3924/25/2
f 3923/23/2 3898/23/2 3924/23/2
f 3899/23/2 3900/23/2 3925/23/2
f 3924/25/2 3899/25/2 3925/25/2
f 3900/25/2 3901/25/2 3926/25/2
f 3925/23/2 3900/23/2 3926/23/2
f 3901/23/2 3902/23/2 3927/23/2
f 3926/25/2 3901/25/2 3927/25/2
f 3902/25/2 3903/25/2 3928/25/2
f 3927/23/2 3902/23/2 3928/23/2
f 3903/23/2 3904/23/2 3929/23/2
f 3928/25/2 3903/25/2 3929/25/2
f 3904/25/2 3905/25/2 3930/25/2
f 3929/23/2 3904/23/2 3930/23/2
f 3905/23/2 3906/23/2 3931/23/2
f 3930/25/2 3905/25/2 3931/25/2
f 3906/25/2 3907/25/2 3932/25/2
f 3931/23/2 3906/23/2 3932/23/2
f 3907/23/2 3908/23/2 3933/23/2
f 3932/25/2 3907/25/2 3933/25/2
f 3908/25/2 3909/25/2 3934/25/2
f 3933/23/2 3908/23/2 3934/23/2
f 3909/23/2 3910/23/2 3935/23/2
f 3934/25/2 3909/25/2 3935/25/2
f 3935/23/2 3910/23/2 3936/23/2
f 3911/25/2 3912/25/2 3937/25/2
f 3912/25/2 3913/25/2 3937/25/2
f 3935/25/2 3936/25/2 3937/25/2
f 3934/25/2 3935/25/2 3937/25/2
f 3933/25/2 3934/25/2 3937/25/2
f 3932/25/2 3933/25/2 3937/25/2
f 3931/25/2 3932/25/2 3937/25/2
f 3930/25/2 3931/25/2 3937/25/2
f 3929/25/2 3930/25/2 3937/25/2
f 3928/25/2 3929/25/2 3937/25/2
f 3927/25/2 3928/25/2 3937/25/2
f 3926/25/2 3927/25/2 3937/25/2
f 3925/25/2 3926/25/2 3937/25/2
f 3924/25/2 3925/25/2 3937/25/2
f 3923/25/2 3924/25/2 3937/25/2
f 3922/25/2 3923/25/2 3937/25/2
f 3921/25/2 3922/25/2 3937/25/2
f 3920/25/2 3921/25/2 3937/25/2
f 3919/25/2 3920/25/2 3937/25/2
f 3918/25/2 3919/25/2 3937/25/2
f 3917/25/2 3918/25/2 3937/25/2
f 3916/25/2 3917/25/2 3937/25/2
f 3915/25/2 3916/25/2 3937/25/2
f 3914/25/2 3915/25/2 3937/25/2
f 3913/25/2 3914/25/2 3937/25/2
f 3937/25/2 3936/25/2 3938/25/2
f 3938/25/2 3936/25/2 3939/25/2
f 3939/25/2 3936/25/2 3940/25/2
f 3940/25/2 3936/25/2 3941/25/2
f 3941/25/2 3936/25/2 3942/25/2
f 3942/25/2 3936/25/2 3943/25/2
f 3943/25/2 3936/25/2 3944/25/2
f 3944/25/2 3936/25/2 3945/25/2
f 3945/25/2 3936/25/2 3946/25/2
f 3946/25/2 3936/25/2 3947/25/2
f 3947/25/2 3936/25/2 3948/25/2
f 3948/25/2 3936/25/2 3949/25/2
f 3949/25/2 3936/25/2 3950/25/2
f 3950/25/2 3936/25/2 3951/25/2
f 3951/25/2 3936/25/2 3952/25/2
f 3952/25/2 3936/25/2 3953/25/2
f 3953/25/2 3936/25/2 3954/25/2
f 3954/25/2 3936/25/2 3955/25/2
f 3955/25/2 3936/25/2 3956/25/2
f 3956/25/2 3936/25/2 3957/25/2
f 3957/25/2 3936/25/2 3958/25/2
f 3958/25/2 3936/25/2 3959/25/2
f 3959/25/2 3936/25/2 3960/25/2
f 3960/25/2 3936/25/2 3961/25/2
f 3961/25/2 3936/25/2 3962/25/2
f 3937/23/2 3938/23/2 3963/23/2
f 3938/25/2 3939/25/2 3964/25/2
f 3963/23/2 3938/23/2 3964/23/2
f 3939/23/2 3940/23/2 3965/23/2
f 3964/25/2 3939/25/2 3965/25/2
f 3940/25/2 3941/25/2 3966/25/2
f 3965/23/2 3940/23/2 3966/23/2
f 3941/23/2 3942/23/2 3967/23/2
f 3966/25/2 3941/25/2 3967/25/2
f 3942/25/2 3943/25/2 3968/25/2
f 3967/23/2 3942/23/2 3968/23/2
f 3943/23/2 3944/23/2 3969/23/2
f 3968/25/2 3943/25/2 3969/25/2
f 3944/25/2 3945/25/2 3970/25/2
f 3969/23/2 3944/23/2 3970/23/2
f 3945/23/2 3946/23/2 3971/23/2
f 3970/25/2 3945/25/2 3971/25/2
f 3946/25/2 3947/25/2 3972/25/2
f 3971/23/2 3946/23/2 3972/23/2
f 3947/23/2 3948/23/2 3973/23/2
f 3972/25/2 3947/25/2 3973/25/2
f 3948/25/2 3949/25/2 3974/25/2
f 3973/23/2 3948/23/2 3974/23/2
f 3949/23/2 3950/23/2 3975/23/2
f 3974/25/2 3949/25/2 3975/25/2
f 3950/25/2 3951/25/2 3976/25/2
f 3975/23/2 3950/23/2 3976/23/2
f 3951/23/2 3952/23/2 3977/23/2
f 3976/25/2 3951/25/2 3977/25/2
f 3952/25/2 3953/25/2 3978/25/2
f 3977/23/2 3952/23/2 3978/23/2
f 3953/23/2 3954/23/2 3979/23/2
f 3978/25/2 3953/25/2 3979/25/2
f 3954/25/2 3955/25/2 3980/25/2
f 3979/23/2 3954/23/2 3980/23/2
f 3955/23/2 3956/23/2 3981/23/2
f 3980/25/2 3955/25/2 3981/25/2
f 3956/25/2 3957/25/2 3982/25/2
f 3981/23/2 3956/23/2 3982/23/2
f 3957/23/2 3958/23/2 3983/23/2
f 3982/25/2 3957/25/2 3983/25/2
f 3958/25/2 3959/25/2 3984/25/2
f 3983/23/2 3958/23/2 3984/23/2
f 3959/23/2 3960/23/2 3985/23/2
f 3984/25/2 3959/25/2 3985/25/2
f 3960/25/2 3961/25/2 3986/25/2
f 3985/23/2 3960/23/2 3986/23/2
f 3961/23/2 3962/23/2 3987/23/2
f 3986/25/2 3961/25/2 3987/25/2
f 3987/23/2 3962/23/2 3988/23/2
f 3963/25/2 3964/25/2 3989/25/2
f 3964/25/2 3965/25/2 3989/25/2
f 3987/25/2 3988/25/2 3989/25/2
f 3986/25/2 3987/25/2 3989/25/2
f 3985/25/2 3986/25/2 3989/25/2
f 3984/25/2 3985/25/2 3989/25/2
f 3983/25/2 3984/25/2 3989/25/2
f 3982/25/2 3983/25/2 3989/25/2
f 3981/25/2 3982/25/2 3989/25/2
f 3980/25/2 3981/25/2 3989/25/2
f 3979/25/2 3980/25/2 3989/25/2
f 3978/25/2 3979/25/2 3989/25/2
f 3977/25/2 3978/25/2 3989/25/2
f 3976/25/2 3977/25/2 3989/25/2
f 3975/25/2 3976/25/2 3989/25/2
f 3974/25/2 3975/25/2 3989/25/2
f 3973/25/2 3974/25/2 3989/25/2
f 3972/25/2 3973/25/2 3989/25/2
f 3971/25/2 3972/25/2 3989/25/2
f 3970/25/2 3971/25/2 3989/25/2
f 3969/25/2 3970/25/2 3989/25/2
f 3968/25/2 3969/25/2 3989/25/2
f 3967/25/2 3968/25/2 3989/25/2
f 3966/25/2 3967/25/2 3989/25/2
f 3965/25/2 3966/25/2 3989/25/2
f 3989/25/2 3988/25/2 3990/25/2
f 3989/15/2 3990/15/2 3991/15/2
f 3991/15/2 3990/15/2 3992/15/2
f 3991/4/2 3992/4/2 3993/4/2
f 3993/4/2 3992/4/2 3994/4/2
f 3994/4/2 3992/4/2 3995/4/2
f 3995/4/2 3992/4/2 3996/4/2
f 3996/4/2 3992/4/2 3997/4/2
f 3997/4/2 3992/4/2 3998/4/2
f 3998/4/2 3992/4/2 3999/4/2
f 3999/4/2 3992/4/2 4000/4/2
f 4000/4/2 3992/4/2 4001/4/2
f 4001/4/2 3992/4/2 4002/4/2
f 4002/4/2 3992/4/2 4003/4/2
f 4003/4/2 3992/4/2 4004/4/2
f 4004/4/2 3992/4/2 4005/4/2
f 4005/4/2 3992/4/2 4006/4/2
f 4006/4/2 3992/4/2 4007/4/2
f 4007/4/2 3992/4/2 4008/4/2
f 4008/4/2 3992/4/2 4009/4/2
f 4009/4/2 3992/4/2 4010/4/2
f 4010/4/2 3992/4/2 4011/4/2
f 4011/4/2 3992/4/2 4012/4/2
f 4012/4/2 3992/4/2 4013/4/2
f 4013/4/2 3992/4/2 4014/4/2
f 4014/4/2 3992/4/2 4015/4/2
f 4015/4/2 3992/4/2 4016/4/2
f 4016/4/2 3992/4/2 4017/4/2
f 4017/4/2 3992/4/2 4018/4/2
f 4018/4/2 3992/4/2 4019/4/2
f 4019/4/2 3992/4/2 4020/4/2
f 4020/4/2 3992/4/2 4021/4/2
f 4021/4/2 3992/4/2 4022/4/2
f 4022/4/2 3992/4/2 4023/4/2
f 4023/4/2 3992/4/2 4024/4/2
f 4024/4/2 3992/4/2 4025/4/2
f 4025/4/2 3992/4/2 4026/4/2
f 4026/4/2 3992/4/2 4027/4/2
f 4027/4/2 3992/4/2 4028/4/2
f 4028/4/2 3992/4/2 4029/4/2
f 4029/4/2 3992/4/2 4030/4/2
f 4030/4/2 3992/4/2 4031/4/2
f 4031/4/2 3992/4/2 4032/4/2
f 4032/4/2 3992/4/2 4033/4/2
f 4033/4/2 3992/4/2 4034/4/2
f 4034/4/2 3992/4/2 4035/4/2
f 4035/4/2 3992/4/2 4036/4/2
f 3993/5/2 3994/5/2 4037/5/2
f 3994/15/2 3995/15/2 4038/15/2
f 4037/5/2 3994/5/2 4038/5/2
f 3995/5/2 3996/5/2 4039/5/2
f 4038/15/2 3995/15/2 4039/15/2
f 3996/15/2 3997/15/2 4040/15/2
f 4039/5/2 3996/5/2 4040/5/2
f 3997/5/2 3998/5/2 4041/5/2
f 4040/15/2 3997/15/2 4041/15/2
f 3998/15/2 3999/15/2 4042/15/2
f 4041/5/2 3998/5/2 4042/5/2
f 3999/5/2 4000/5/2 4043/5/2
f 4042/15/2 3999/15/2 4043/15/2
f 4000/15/2 4001/15/2 4044/15/2
f 4043/5/2 4000/5/2 4044/5/2
f 4001/5/2 4002/5/2 4045/5/2
f 4044/15/2 4001/15/2 4045/15/2
f 4002/15/2 4003/15/2 4046/15/2
f 4045/5/2 4002/5/2 4046/5/2
f 4003/5/2 4004/5/2 4047/5/2
f 4046/15/2 4003/15/2 4047/15/2
f 4004/15/2 4005/15/2 4048/15/2
f 4047/5/2 4004/5/2 4048/5/2
f 4005/5/2 4006/5/2 4049/5/2
f 4048/15/2 4005/15/2 4049/15/2
f 4006/15/2 4007/15/2 4050/15/2
f 4049/5/2 4006/5/2 4050/5/2
f 4007/5/2 4008/5/2 4051/5/2
f 4050/15/2 4007/15/2 4051/15/2
f 4008/15/2 4009/15/2 4052/15/2
f 4051/5/2 4008/5/2 4052/5/2
f 4009/5/2 4010/5/2 4053/5/2
f 4052/15/2 4009/15/2 4053/15/2
f 4010/15/2 4011/15/2 4054/15/2
f 4053/5/2 4010/5/2 4054/5/2
f 4011/5/2 4012/5/2 4055/5/2
f 4054/15/2 4011/15/2 4055/15/2
f 4012/15/2 4013/15/2 4056/15/2
f 4055/5/2 4012/5/2 4056/5/2
f 4013/5/2 4014/5/2 4057/5/2
f 4056/15/2 4013/15/2 4057/15/2
f 4014/15/2 4015/15/2 4058/15/2
f 4057/5/2 4014/5/2 4058/5/2
f 4015/5/2 4016/5/2 4059/5/2
f 4058/15/2 4015/15/2 4059/15/2
f 4016/15/2 4017/15/2 4060/15/2
f 4059/5/2 4016/5/2 4060/5/2
f 4017/5/2 4018/5/2 4061/5/2
f 4060/15/2 4017/15/2 4061/15/2
f 4018/15/2 4019/15/2 4062/15/2
f 4061/5/2 4018/5/2 4062/5/2
f 4019/5/2 4020/5/2 4063/5/2
f 4062/15/2 4019/15/2 4063/15/2
f 4020/15/2 4021/15/2 4064/15/2
f 4063/5/2 4020/5/2 4064/5/2
f 4021/5/2 4022/5/2 4065/5/2
f 4064/15/2 4021/15/2 4065/15/2
f 4022/15/2 4023/15/2 4066/15/2
f 4065/5/2 4022/5/2 4066/5/2
f 4023/5/2 4024/5/2 4067/5/2
f 4066/15/2 4023/15/2 4067/15/2
f 4024/15/2 4025/15/2 4068/15/2
f 4067/5/2 4024/5/2 4068/5/2
f 4025/5/2 4026/5/2 4069/5/2
f 4068/15/2 4025/15/2 4069/15/2
f 4026/15/2 4027/15/2 4070/15/2
f 4069/5/2 4026/5/2 4070/5/2
f 4027/5/2 4028/5/2 4071/5/2
f 4070/15/2 4027/15/2 4071/15/2
f 4028/15/2 4029/15/2 4072/15/2
f 4071/5/2 4028/5/2 4072/5/2
f 4029/5/2 4030/5/2 4073/5/2
f 4072/15/2 4029/15/2 4073/15/2
f 4030/15/2 4031/15/2 4074/15/2
f 4073/5/2 4030/5/2 4074/5/2
f 4031/5/2 4032/5/2 4075/5/2
f 4074/15/2 4031/15/2 4075/15/2
f 4032/15/2 4033/15/2 4076/15/2
f 4075/5/2 4032/5/2 4076/5/2
f 4033/5/2 4034/5/2 4077/5/2
f 4076/15/2 4033/15/2 4077/15/2
f 4034/15/2 4035/15/2 4078/15/2
f 4077/5/2 4034/5/2 4078/5/2
f 4035/5/2 4036/5/2 4079/5/2
f 4078/15/2 4035/15/2 4079/15/2
f 4079/5/2 4036/5/2 4080/5/2
f 4037/15/2 4038/15/2 4081/15/2
f 4038/5/2 4039/5/2 4082/5/2
f 4081/15/2 4038/15/2 4082/15/2
f 4039/15/2 4040/15/2 4083/15/2
f 4082/5/2 4039/5/2 4083/5/2
f 4040/15/2 4041/15/2 4083/15/2
f 4041/15/2 4042/15/2 4083/15/2
f 4083/15/2 4042/15/2 4084/15/2
f 4084/15/2 4042/15/2 4085/15/2
f 4042/5/2 4043/5/2 4086/5/2
f 4085/15/2 4042/15/2 4086/15/2
f 4043/15/2 4044/15/2 4087/15/2
f 4086/5/2 4043/5/2 4087/5/2
f 4044/15/2 4045/15/2 4087/15/2
f 4045/15/2 4046/15/2 4087/15/2
f 4087/15/2 4046/15/2 4088/15/2
f 4088/15/2 4046/15/2 4089/15/2
f 4046/5/2 4047/5/2 4090/5/2
f 4089/15/2 4046/15/2 4090/15/2
f 4047/15/2 4048/15/2 4091/15/2
f 4090/5/2 4047/5/2 4091/5/2
f 4048/15/2 4049/15/2 4091/15/2
f 4049/15/2 4050/15/2 4091/15/2
f 4091/15/2 4050/15/2 4092/15/2
f 4092/15/2 4050/15/2 4093/15/2
f 4050/5/2 4051/5/2 4094/5/2
f 4093/15/2 4050/15/2 4094/15/2
f 4051/15/2 4052/15/2 4095/15/2
f 4094/5/2 4051/5/2 4095/5/2
f 4052/15/2 4053/15/2 4095/15/2
f 4053/15/2 4054/15/2 4095/15/2
f 4095/15/2 4054/15/2 4096/15/2
f 4096/15/2 4054/15/2 4097/15/2
f 4054/5/2 4055/5/2 4098/5/2
f 4097/15/2 4054/15/2 4098/15/2
f 4055/15/2 4056/15/2 4099/15/2
f 4098/5/2 4055/5/2 4099/5/2
f 4056/15/2 4057/15/2 4099/15/2
f 4057/15/2 4058/15/2 4099/15/2
f 4099/15/2 4058/15/2 4100/15/2
f 4100/15/2 4058/15/2 4101/15/2
f 4058/5/2 4059/5/2 4102/5/2
f 4101/15/2 4058/15/2 4102/15/2
f 4059/15/2 4060/15/2 4103/15/2
f 4102/5/2 4059/5/2 4103/5/2
f 4060/15/2 4061/15/2 4103/15/2
f 4061/15/2 4062/15/2 4103/15/2
f 4103/15/2 4062/15/2 4104/15/2
f 4104/15/2 4062/15/2 4105/15/2
f 4062/5/2 4063/5/2 4106/5/2
f 4105/15/2 4062/15/2 4106/15/2
f 4063/15/2 4064/15/2 4107/15/2
f 4106/5/2 4063/5/2 4107/5/2
f 4064/15/2 4065/15/2 4107/15/2
f 4065/15/2 4066/15/2 4107/15/2
f 4107/15/2 4066/15/2 4108/15/2
f 4108/15/2 4066/15/2 4109/15/2
f 4066/5/2 4067/5/2 4110/5/2
f 4109/15/2 4066/15/2 4110/15/2
f 4067/15/2 4068/15/2 4111/15/2
f 4110/5/2 4067/5/2 4111/5/2
f 4068/15/2 4069/15/2 4111/15/2
f 4069/15/2 4070/15/2 4111/15/2
f 4111/15/2 4070/15/2 4112/15/2
f 4112/15/2 4070/15/2 4113/15/2
f 4070/5/2 4071/5/2 4114/5/2
f 4113/15/2 4070/15/2 4114/15/2
f 4071/15/2 4072/15/2 4115/15/2
f 4114/5/2 4071/5/2 4115/5/2
f 4072/15/2 4073/15/2 4115/15/2
f 4073/15/2 4074/15/2 4115/15/2
f 4115/15/2 4074/15/2 4116/15/2
f 4116/15/2 4074/15/2 4117/15/2
f 4074/5/2 4075/5/2 4118/5/2
f 4117/15/2 4074/15/2 4118/15/2
f 4075/15/2 4076/15/2 4119/15/2
f 4118/5/2 4075/5/2 4119/5/2
f 4076/15/2 4077/15/2 4119/15/2
f 4077/15/2 4078/15/2 4119/15/2
f 4119/15/2 4078/15/2 4120/15/2
f 4120/15/2 4078/15/2 4121/15/2
f 4078/5/2 4079/5/2 4122/5/2
f 4121/15/2 4078/15/2 4122/15/2
f 4079/15/2 4080/15/2 4123/15/2
f 4122/5/2 4079/5/2 4123/5/2
f 4123/15/2 4080/15/2 4124/15/2
f 4081/5/2 4082/5/2 4125/5/2
f 4082/15/2 4083/15/2 4126/15/2
f 4125/5/2 4082/5/2 4126/5/2
f 4083/5/2 4084/5/2 4127/5/2
f 4126/15/2 4083/15/2 4127/15/2
f 4084/15/2 4085/15/2 4128/15/2
f 4127/5/2 4084/5/2 4128/5/2
f 4085/5/2 4086/5/2 4129/5/2
f 4128/15/2 4085/15/2 4129/15/2
f 4086/15/2 4087/15/2 4130/15/2
f 4129/5/2 4086/5/2 4130/5/2
f 4087/5/2 4088/5/2 4131/5/2
f 4130/15/2 4087/15/2 4131/15/2
f 4088/15/2 4089/15/2 4132/15/2
f 4131/5/2 4088/5/2 4132/5/2
f 4089/5/2 4090/5/2 4133/5/2
f 4132/15/2 4089/15/2 4133/15/2
f 4090/15/2 4091/15/2 4134/15/2
f 4133/5/2 4090/5/2 4134/5/2
f 4091/5/2 4092/5/2 4135/5/2
f 4134/15/2 4091/15/2 4135/15/2
f 4092/15/2 4093/15/2 4136/15/2
f 4135/5/2 4092/5/2 4136/5/2
f 4093/5/2 4094/5/2 4137/5/2
f 4136/15/2 4093/15/2 4137/15/2
f 4094/15/2 4095/15/2 4138/15/2
f 4137/5/2 4094/5/2 4138/5/2
f 4095/5/2 4096/5/2 4139/5/2
f 4138/15/2 4095/15/2 4139/15/2
f 4096/15/2 4097/15/2 4140/15/2
f 4139/5/2 4096/5/2 4140/5/2
f 4097/5/2 4098/5/2 4141/5/2
f 4140/15/2 4097/15/2 4141/15/2
f 4098/15/2 4099/15/2 4142/15/2
f 4141/5/2 4098/5/2 4142/5/2
f 4099/5/2 4100/5/2 4143/5/2
f 4142/15/2 4099/15/2 4143/15/2
f 4100/15/2 4101/15/2 4144/15/2
f 4143/5/2 4100/5/2 4144/5/2
f 4101/5/2 4102/5/2 4145/5/2
f 4144/15/2 4101/15/2 4145/15/2
f 4102/15/2 4103/15/2 4146/15/2
f 4145/5/2 4102/5/2 4146/5/2
f 4103/5/2 4104/5/2 4147/5/2
f 4146/15/2 4103/15/2 4147/15/2
f 4104/15/2 4105/15/2 4148/15/2
f 4147/5/2 4104/5/2 4148/5/2
f 4105/5/2 4106/5/2 4149/5/2
f 4148/15/2 4105/15/2 4149/15/2
f 4106/15/2 4107/15/2 4150/15/2
f 4149/5/2 4106/5/2 4150/5/2
f 4107/5/2 4108/5/2 4151/5/2
f 4150/15/2 4107/15/2 4151/15/2
f 4108/15/2 4109/15/2 4152/15/2
f 4151/5/2 4108/5/2 4152/5/2
f 4109/5/2 4110/5/2 4153/5/2
f 4152/15/2 4109/15/2 4153/15/2
f 4110/15/2 4111/15/2 4154/15/2
f 4153/5/2 4110/5/2 4154/5/2
f 4111/5/2 4112/5/2 4155/5/2
f 4154/15/2 4111/15/2 4155/15/2
f 4112/15/2 4113/15/2 4156/15/2
f 4155/5/2 4112/5/2 4156/5/2
f 4113/5/2 4114/5/2 4157/5/2
f 4156/15/2 4113/15/2 4157/15/2
f 4114/15/2 4115/15/2 4158/15/2
f 4157/5/2 4114/5/2 4158/5/2
f 4115/5/2 4116/5/2 4159/5/2
f 4158/15/2 4115/15/2 4159/15/2
f 4116/15/2 4117/15/2 4160/15/2
f 4159/5/2 4116/5/2 4160/5/2
f 4117/5/2 4118/5/2 4161/5/2
f 4160/15/2 4117/15/2 4161/15/2
f 4118/15/2 4119/15/2 4162/15/2
f 4161/5/2 4118/5/2 4162/5/2
f 4119/5/2 4120/5/2 4163/5/2
f 4162/15/2 4119/15/2 4163/15/2
f 4120/15/2 4121/15/2 4164/15/2
f 4163/5/2 4120/5/2 4164/5/2
f 4121/5/2 4122/5/2 4165/5/2
f 4164/15/2 4121/15/2 4165/15/2
f 4122/15/2 4123/15/2 4166/15/2
f 4165/5/2 4122/5/2 4166/5/2
f 4123/5/2 4124/5/2 4167/5/2
f 4166/15/2 4123/15/2 4167/15/2
f 4167/5/2 4124/5/2 4168/5/2
f 4163/4/2 4164/4/2 4169/4/2
f 4162/4/2 4163/4/2 4169/4/2
f 4167/4/2 4168/4/2 4169/4/2
f 4166/4/2 4167/4/2 4169/4/2
f 4165/4/2 4166/4/2 4169/4/2
f 4164/4/2 4165/4/2 4169/4/2
f 4161/4/2 4162/4/2 4169/4/2
f 4160/4/2 4161/4/2 4169/4/2
f 4156/4/2 4157/4/2 4169/4/2
f 4157/4/2 4158/4/2 4169/4/2
f 4159/4/2 4160/4/2 4169/4/2
f 4158/4/2 4159/4/2 4169/4/2
f 4152/4/2 4153/4/2 4169/4/2
f 4153/4/2 4154/4/2 4169/4/2
f 4155/4/2 4156/4/2 4169/4/2
f 4154/4/2 4155/4/2 4169/4/2
f 4148/4/2 4149/4/2 4169/4/2
f 4149/4/2 4150/4/2 4169/4/2
f 4151/4/2 4152/4/2 4169/4/2
f 4150/4/2 4151/4/2 4169/4/2
f 4144/4/2 4145/4/2 4169/4/2
f 4145/4/2 4146/4/2 4169/4/2
f 4147/4/2 4148/4/2 4169/4/2
f 4146/4/2 4147/4/2 4169/4/2
f 4140/4/2 4141/4/2 4169/4/2
f 4141/4/2 4142/4/2 4169/4/2
f 4143/4/2 4144/4/2 4169/4/2
f 4142/4/2 4143/4/2 4169/4/2
f 4136/4/2 4137/4/2 4169/4/2
f 4137/4/2 4138/4/2 4169/4/2
f 4139/4/2 4140/4/2 4169/4/2
f 4138/4/2 4139/4/2 4169/4/2
f 4132/4/2 4133/4/2 4169/4/2
f 4133/4/2 4134/4/2 4169/4/2
f 4135/4/2 4136/4/2 4169/4/2
f 4134/4/2 4135/4/2 4169/4/2
f 4128/4/2 4129/4/2 4169/4/2
f 4129/4/2 4130/4/2 4169/4/2
f 4131/4/2 4132/4/2 4169/4/2
f 4130/4/2 4131/4/2 4169/4/2
f 4126/4/2 4127/4/2 4169/4/2
f 4125/4/2 4126/4/2 4169/4/2
f 4127/4/2 4128/4/2 4169/4/2
f 4169/4/2 4168/4/2 4170/4/2
f 4169/15/2 4170/15/2 4171/15/2
f 4171/15/2 4170/15/2 4172/15/2
f 4171/25/2 4172/25/2 4173/25/2
f 4173/25/2 4172/25/2 4174/25/2
f 4173/15/2 4174/15/2 4175/15/2
f 4175/15/2 4174/15/2 4176/15/2
f 4175/4/2 4176/4/2 4177/4/2
f 4177/4/2 4176/4/2 4178/4/2
f 4178/4/2 4176/4/2 4179/4/2
f 4179/4/2 4176/4/2 4180/4/2
f 4180/4/2 4176/4/2 4181/4/2
f 4181/4/2 4176/4/2 4182/4/2
f 4182/4/2 4176/4/2 4183/4/2
f 4183/4/2 4176/4/2 4184/4/2
f 4184/4/2 4176/4/2 4185/4/2
f 4185/4/2 4176/4/2 4186/4/2
f 4186/4/2 4176/4/2 4187/4/2
f 4187/4/2 4176/4/2 4188/4/2
f 4188/4/2 4176/4/2 4189/4/2
f 4189/4/2 4176/4/2 4190/4/2
f 4190/4/2 4176/4/2 4191/4/2
f 4191/4/2 4176/4/2 4192/4/2
f 4192/4/2 4176/4/2 4193/4/2
f 4193/4/2 4176/4/2 4194/4/2
f 4194/4/2 4176/4/2 4195/4/2
f 4195/4/2 4176/4/2 4196/4/2
f 4196/4/2 4176/4/2 4197/4/2
f 4197/4/2 4176/4/2 4198/4/2
f 4198/4/2 4176/4/2 4199/4/2
f 4199/4/2 4176/4/2 4200/4/2
f 4200/4/2 4176/4/2 4201/4/2
f 4201/4/2 4176/4/2 4202/4/2
f 4202/4/2 4176/4/2 4203/4/2
f 4203/4/2 4176/4/2 4204/4/2
f 4204/4/2 4176/4/2 4205/4/2
f 4205/4/2 4176/4/2 4206/4/2
f 4206/4/2 4176/4/2 4207/4/2
f 4207/4/2 4176/4/2 4208/4/2
f 4208/4/2 4176/4/2 4209/4/2
f 4209/4/2 4176/4/2 4210/4/2
f 4210/4/2 4176/4/2 4211/4/2
f 4211/4/2 4176/4/2 4212/4/2
f 4212/4/2 4176/4/2 4213/4/2
f 4213/4/2 4176/4/2 4214/4/2
f 4214/4/2 4176/4/2 4215/4/2
f 4215/4/2 4176/4/2 4216/4/2
f 4216/4/2 4176/4/2 4217/4/2
f 4217/4/2 4176/4/2 4218/4/2
f 4218/4/2 4176/4/2 4219/4/2
f 4219/4/2 4176/4/2 4220/4/2
f 4177/5/2 4178/5/2 4221/5/2
f 4178/15/2 4179/15/2 4222/15/2
f 4221/5/2 4178/5/2 4222/5/2
f 4179/5/2 4180/5/2 4223/5/2
f 4222/15/2 4179/15/2 4223/15/2
f 4180/15/2 4181/15/2 4224/15/2
f 4223/5/2 4180/5/2 4224/5/2
f 4181/5/2 4182/5/2 4225/5/2
f 4224/15/2 4181/15/2 4225/15/2
f 4182/15/2 4183/15/2 4226/15/2
f 4225/5/2 4182/5/2 4226/5/2
f 4183/5/2 4184/5/2 4227/5/2
f 4226/15/2 4183/15/2 4227/15/2
f 4184/15/2 4185/15/2 4228/15/2
f 4227/5/2 4184/5/2 4228/5/2
f 4185/5/2 4186/5/2 4229/5/2
f 4228/15/2 4185/15/2 4229/15/2
f 4186/15/2 4187/15/2 4230/15/2
f 4229/5/2 4186/5/2 4230/5/2
f 4187/5/2 4188/5/2 4231/5/2
f 4230/15/2 4187/15/2 4231/15/2
f 4188/15/2 4189/15/2 4232/15/2
f 4231/5/2 4188/5/2 4232/5/2
f 4189/5/2 4190/5/2 4233/5/2
f 4232/15/2 4189/15/2 4233/15/2
f 4190/15/2 4191/15/2 4234/15/2
f 4233/5/2 4190/5/2 4234/5/2
f 4191/5/2 4192/5/2 4235/5/2
f 4234/15/2 4191/15/2 4235/15/2
f 4192/15/2 4193/15/2 4236/15/2
f 4235/5/2 4192/5/2 4236/5/2
f 4193/5/2 4194/5/2 4237/5/2
f 4236/15/2 4193/15/2 4237/15/2
f 4194/15/2 4195/15/2 4238/15/2
f 4237/5/2 4194/5/2 4238/5/2
f 4195/5/2 4196/5/2 4239/5/2
f 4238/15/2 4195/15/2 4239/15/2
f 4196/15/2 4197/15/2 4240/15/2
f 4239/5/2 4196/5/2 4240/5/2
f 4197/5/2 4198/5/2 4241/5/2
f 4240/15/2 4197/15/2 4241/15/2
f 4198/15/2 4199/15/2 4242/15/2
f 4241/5/2 4198/5/2 4242/5/2
f 4199/5/2 4200/5/2 4243/5/2
f 4242/15/2 4199/15/2 4243/15/2
f 4200/15/2 4201/15/2 4244/15/2
f 4243/5/2 4200/5/2 4244/5/2
f 4201/5/2 4202/5/2 4245/5/2
f 4244/15/2 4201/15/2 4245/15/2
f 4202/15/2 4203/15/2 4246/15/2
f 4245/5/2 4202/5/2 4246/5/2
f 4203/5/2 4204/5/2 4247/5/2
f 4246/15/2 4203/15/2 4247/15/2
f 4204/15/2 4205/15/2 4248/15/2
f 4247/5/2 4204/5/2 4248/5/2
f 4205/5/2 4206/5/2 4249/5/2
f 4248/15/2 4205/15/2 4249/15/2
f 4206/15/2 4207/15/2 4250/15/2
f 4249/5/2 4206/5/2 4250/5/2
f 4207/5/2 4208/5/2 4251/5/2
f 4250/15/2 4207/15/2 4251/15/2
f 4208/15/2 4209/15/2 4252/15/2
f 4251/5/2 4208/5/2 4252/5/2
f 4209/5/2 4210/5/2 4253/5/2
f 4252/15/2 4209/15/2 4253/15/2
f 4210/15/2 4211/15/2 4254/15/2
f 4253/5/2 4210/5/2 4254/5/2
f 4211/5/2 4212/5/2 4255/5/2
f 4254/15/2 4211/15/2 4255/15/2
f 4212/15/2 4213/15/2 4256/15/2
f 4255/5/2 4212/5/2 4256/5/2
f 4213/5/2 4214/5/2 4257/5/2
f 4256/15/2 4213/15/2 4257/15/2
f 4214/15/2 4215/15/2 4258/15/2
f 4257/5/2 4214/5/2 4258/5/2
f 4215/5/2 4216/5/2 4259/5/2
f 4258/15/2 4215/15/2 4259/15/2
f 4216/15/2 4217/15/2 4260/15/2
f 4259/5/2 4216/5/2 4260/5/2
f 4217/5/2 4218/5/2 4261/5/2
f 4260/15/2 4217/15/2 4261/15/2
f 4218/15/2 4219/15/2 4262/15/2
f 4261/5/2 4218/5/2 4262/5/2
f 4219/5/2 4220/5/2 4263/5/2
f 4262/15/2 4219/15/2 4263/15/2
f 4263/5/2 4220/5/2 4264/5/2
f 4221/15/2 4222/15/2 4265/15/2
f 4222/5/2 4223/5/2 4266/5/2
f 4265/15/2 4222/15/2 4266/15/2
f 4223/15/2 4224/15/2 4267/15/2
f 4266/5/2 4223/5/2 4267/5/2
f 4224/15/2 4225/15/2 4267/15/2
f 4225/15/2 4226/15/2 4267/15/2
f 4267/15/2 4226/15/2 4268/15/2
f 4268/15/2 4226/15/2 4269/15/2
f 4226/5/2 4227/5/2 4270/5/2
f 4269/15/2 4226/15/2 4270/15/2
f 4227/15/2 4228/15/2 4271/15/2
f 4270/5/2 4227/5/2 4271/5/2
f 4228/15/2 4229/15/2 4271/15/2
f 4229/15/2 4230/15/2 4271/15/2
f 4271/15/2 4230/15/2 4272/15/2
f 4272/15/2 4230/15/2 4273/15/2
f 4230/5/2 4231/5/2 4274/5/2
f 4273/15/2 4230/15/2 4274/15/2
f 4231/15/2 4232/15/2 4275/15/2
f 4274/5/2 4231/5/2 4275/5/2
f 4232/15/2 4233/15/2 4275/15/2
f 4233/15/2 4234/15/2 4275/15/2
f 4275/15/2 4234/15/2 4276/15/2
f 4276/15/2 4234/15/2 4277/15/2
f 4234/5/2 4235/5/2 4278/5/2
f 4277/15/2 4234/15/2 4278/15/2
f 4235/15/2 4236/15/2 4279/15/2
f 4278/5/2 4235/5/2 4279/5/2
f 4236/15/2 4237/15/2 4279/15/2
f 4237/15/2 4238/15/2 4279/15/2
f 4279/15/2 4238/15/2 4280/15/2
f 4280/15/2 4238/15/2 4281/15/2
f 4238/5/2 4239/5/2 4282/5/2
f 4281/15/2 4238/15/2 4282/15/2
f 4239/15/2 4240/15/2 4283/15/2
f 4282/5/2 4239/5/2 4283/5/2
f 4240/15/2 4241/15/2 4283/15/2
f 4241/15/2 4242/15/2 4283/15/2
f 4283/15/2 4242/15/2 4284/15/2
f 4284/15/2 4242/15/2 4285/15/2
f 4242/5/2 4243/5/2 4286/5/2
f 4285/15/2 4242/15/2 4286/15/2
f 4243/15/2 4244/15/2 4287/15/2
f 4286/5/2 4243/5/2 4287/5/2
f 4244/15/2 4245/15/2 4287/15/2
f 4245/15/2 4246/15/2 4287/15/2
f 4287/15/2 4246/15/2 4288/15/2
f 4288/15/2 4246/15/2 4289/15/2
f 4246/5/2 4247/5/2 4290/5/2
f 4289/15/2 4246/15/2 4290/15/2
f 4247/15/2 4248/15/2 4291/15/2
f 4290/5/2 4247/5/2 4291/5/2
f 4248/15/2 4249/15/2 4291/15/2
f 4249/15/2 4250/15/2 4291/15/2
f 4291/15/2 4250/15/2 4292/15/2
f 4292/15/2 4250/15/2 4293/15/2
f 4250/5/2 4251/5/2 4294/5/2
f 4293/15/2 4250/15/2 4294/15/2
f 4251/15/2 4252/15/2 4295/15/2
f 4294/5/2 4251/5/2 4295/5/2
f 4252/15/2 4253/15/2 4295/15/2
f 4253/15/2 4254/15/2 4295/15/2
f 4295/15/2 4254/15/2 4296/15/2
f 4296/15/2 4254/15/2 4297/15/2
f 4254/5/2 4255/5/2 4298/5/2
f 4297/15/2 4254/15/2 4298/15/2
f 4255/15/2 4256/15/2 4299/15/2
f 4298/5/2 4255/5/2 4299/5/2
f 4256/15/2 4257/15/2 4299/15/2
f 4257/15/2 4258/15/2 4299/15/2
f 4299/15/2 4258/15/2 4300/15/2
f 4300/15/2 4258/15/2 4301/15/2
f 4258/5/2 4259/5/2 4302/5/2
f 4301/15/2 4258/15/2 4302/15/2
f 4259/15/2 4260/15/2 4303/15/2
f 4302/5/2 4259/5/2 4303/5/2
f 4260/15/2 4261/15/2 4303/15/2
f 4261/15/2 4262/15/2 4303/15/2
f 4303/15/2 4262/15/2 4304/15/2
f 4304/15/2 4262/15/2 4305/15/2
f 4262/5/2 4263/5/2 4306/5/2
f 4305/15/2 4262/15/2 4306/15/2
f 4263/15/2 4264/15/2 4307/15/2
f 4306/5/2 4263/5/2 4307/5/2
f 4307/15/2 4264/15/2 4308/15/2
f 4265/5/2 4266/5/2 4309/5/2
f 4266/15/2 4267/15/2 4310/15/2
f 4309/5/2 4266/5/2 4310/5/2
f 4267/5/2 4268/5/2 4311/5/2
f 4310/15/2 4267/15/2 4311/15/2
f 4268/15/2 4269/15/2 4312/15/2
f 4311/5/2 4268/5/2 4312/5/2
f 4269/5/2 4270/5/2 4313/5/2
f 4312/15/2 4269/15/2 4313/15/2
f 4270/15/2 4271/15/2 4314/15/2
f 4313/5/2 4270/5/2 4314/5/2
f 4271/5/2 4272/5/2 4315/5/2
f 4314/15/2 4271/15/2 4315/15/2
f 4272/15/2 4273/15/2 4316/15/2
f 4315/5/2 4272/5/2 4316/5/2
f 4273/5/2 4274/5/2 4317/5/2
f 4316/15/2 4273/15/2 4317/15/2
f 4274/15/2 4275/15/2 4318/15/2
f 4317/5/2 4274/5/2 4318/5/2
f 4275/5/2 4276/5/2 4319/5/2
f 4318/15/2 4275/15/2 4319/15/2
f 4276/15/2 4277/15/2 4320/15/2
f 4319/5/2 4276/5/2 4320/5/2
f 4277/5/2 4278/5/2 4321/5/2
f 4320/15/2 4277/15/2 4321/15/2
f 4278/15/2 4279/15/2 4322/15/2
f 4321/5/2 4278/5/2 4322/5/2
f 4279/5/2 4280/5/2 4323/5/2
f 4322/15/2 4279/15/2 4323/15/2
f 4280/15/2 4281/15/2 4324/15/2
f 4323/5/2 4280/5/2 4324/5/2
f 4281/5/2 4282/5/2 4325/5/2
f 4324/15/2 4281/15/2 4325/15/2
f 4282/15/2 4283/15/2 4326/15/2
f 4325/5/2 4282/5/2 4326/5/2
f 4283/5/2 4284/5/2 4327/5/2
f 4326/15/2 4283/15/2 4327/15/2
f 4284/15/2 4285/15/2 4328/15/2
f 4327/5/2 4284/5/2 4328/5/2
f 4285/5/2 4286/5/2 4329/5/2
f 4328/15/2 4285/15/2 4329/15/2
f 4286/15/2 4287/15/2 4330/15/2
f 4329/5/2 4286/5/2 4330/5/2
f 4287/5/2 4288/5/2 4331/5/2
f 4330/15/2 4287/15/2 4331/15/2
f 4288/15/2 4289/15/2 4332/15/2
f 4331/5/2 4288/5/2 4332/5/2
f 4289/5/2 4290/5/2 4333/5/2
f 4332/15/2 4289/15/2 4333/15/2
f 4290/15/2 4291/15/2 4334/15/2
f 4333/5/2 4290/5/2 4334/5/2
f 4291/5/2 4292/5/2 4335/5/2
f 4334/15/2 4291/15/2 4335/15/2
f 4292/15/2 4293/15/2 4336/15/2
f 4335/5/2 4292/5/2 4336/5/2
f 4293/5/2 4294/5/2 4337/5/2
f 4336/15/2 4293/15/2 4337/15/2
f 4294/15/2 4295/15/2 4338/15/2
f 4337/5/2 4294/5/2 4338/5/2
f 4295/5/2 4296/5/2 4339/5/2
f 4338/15/2 4295/15/2 4339/15/2
f 4296/15/2 4297/15/2 4340/15/2
f 4339/5/2 4296/5/2 4340/5/2
f 4297/5/2 4298/5/2 4341/5/2
f 4340/15/2 4297/15/2 4341/15/2
f 4298/15/2 4299/15/2 4342/15/2
f 4341/5/2 4298/5/2 4342/5/2
f 4299/5/2 4300/5/2 4343/5/2
f 4342/15/2 4299/15/2 4343/15/2
f 4300/15/2 4301/15/2 4344/15/2
f 4343/5/2 4300/5/2 4344/5/2
f 4301/5/2 4302/5/2 4345/5/2
f 4344/15/2 4301/15/2 4345/15/2
f 4302/15/2 4303/15/2 4346/15/2
f 4345/5/2 4302/5/2 4346/5/2
f 4303/5/2 4304/5/2 4347/5/2
f 4346/15/2 4303/15/2 4347/15/2
f 4304/15/2 4305/15/2 4348/15/2
f 4347/5/2 4304/5/2 4348/5/2
f 4305/5/2 4306/5/2 4349/5/2
f 4348/15/2 4305/15/2 4349/15/2
f 4306/15/2 4307/15/2 4350/15/2
f 4349/5/2 4306/5/2 4350/5/2
f 4307/5/2 4308/5/2 4351/5/2
f 4350/15/2 4307/15/2 4351/15/2
f 4351/5/2 4308/5/2 4352/5/2
f 4347/4/2 4348/4/2 4353/4/2
f 4346/4/2 4347/4/2 4353/4/2
f 4351/4/2 4352/4/2 4353/4/2
f 4350/4/2 4351/4/2 4353/4/2
f 4349/4/2 4350/4/2 4353/4/2
f 4348/4/2 4349/4/2 4353/4/2
f 4345/4/2 4346/4/2 4353/4/2
f 4344/4/2 4345/4/2 4353/4/2
f 4340/4/2 4341/4/2 4353/4/2
f 4341/4/2 4342/4/2 4353/4/2
f 4343/4/2 4344/4/2 4353/4/2
f 4342/4/2 4343/4/2 4353/4/2
f 4336/4/2 4337/4/2 4353/4/2
f 4337/4/2 4338/4/2 4353/4/2
f 4339/4/2 4340/4/2 4353/4/2
f 4338/4/2 4339/4/2 4353/4/2
f 4332/4/2 4333/4/2 4353/4/2
f 4333/4/2 4334/4/2 4353/4/2
f 4335/4/2 4336/4/2 4353/4/2
f 4334/4/2 4335/4/2 4353/4/2
f 4328/4/2 4329/4/2 4353/4/2
f 4329/4/2 4330/4/2 4353/4/2
f 4331/4/2 4332/4/2 4353/4/2
f 4330/4/2 4331/4/2 4353/4/2
f 4324/4/2 4325/4/2 4353/4/2
f 4325/4/2 4326/4/2 4353/4/2
f 4327/4/2 4328/4/2 4353/4/2
f 4326/4/2 4327/4/2 4353/4/2
f 4320/4/2 4321/4/2 4353/4/2
f 4321/4/2 4322/4/2 4353/4/2
f 4323/4/2 4324/4/2 4353/4/2
f 4322/4/2 4323/4/2 4353/4/2
f 4316/4/2 4317/4/2 4353/4/2
f 4317/4/2 4318/4/2 4353/4/2
f 4319/4/2 4320/4/2 4353/4/2
f 4318/4/2 4319/4/2 4353/4/2
f 4312/4/2 4313/4/2 4353/4/2
f 4313/4/2 4314/4/2 4353/4/2
f 4315/4/2 4316/4/2 4353/4/2
f 4314/4/2 4315/4/2 4353/4/2
f 4310/4/2 4311/4/2 4353/4/2
f 4309/4/2 4310/4/2 4353/4/2
f 4311/4/2 4312/4/2 4353/4/2
f 4353/4/2 4352/4/2 4354/4/2
f 4353/15/2 4354/15/2 4355/15/2
f 4355/15/2 4354/15/2 4356/15/2
f 4355/25/2 4356/25/2 4357/25/2
f 4357/25/2 4356/25/2 4358/25/2
f 4357/15/2 4358/15/2 4359/15/2
f 4359/15/2 4358/15/2 4360/15/2
f 4361/1/2 4362/1/2 4365/1/2
f 4365/1/2 4362/1/2 4366/1/2
f 4363/1/2 4364/1/2 4367/1/2
f 4367/1/2 4364/1/2 4368/1/2
f 4369/1/2 4370/1/2 4373/1/2
f 4373/1/2 4370/1/2 4374/1/2
f 4371/1/2 4372/1/2 4375/1/2
f 4375/1/2 4372/1/2 4376/1/2
f 4377/1/2 4378/1/2 4381/1/2
f 4381/1/2 4378/1/2 4382/1/2
f 4379/1/2 4380/1/2 4383/1/2
f 4383/1/2 4380/1/2 4384/1/2
f 4381/2/2 4382/2/2 4385/2/2
f 4382/2/2 4383/2/2 4385/2/2
f 4383/2/2 4384/2/2 4385/2/2
f 4385/2/2 4384/2/2 4386/2/2
f 4387/1/2 4388/1/2 4391/1/2
f 4389/1/2 4390/1/2 4392/1/2
f 4387/1/2 4391/1/2 4393/1/2
f 4391/1/2 4392/1/2 4393/1/2
f 4392/1/2 4390/1/2 4394/1/2
f 4393/1/2 4392/1/2 4394/1/2
f 4395/1/2 4396/1/2 4399/1/2
f 4399/1/2 4396/1/2 4400/1/2
f 4397/1/2 4398/1/2 4401/1/2
f 4401/1/2 4398/1/2 4402/1/2
f 4403/1/2 4404/1/2 4407/1/2
f 4407/1/2 4404/1/2 4408/1/2
f 4405/1/2 4406/1/2 4409/1/2
f 4409/1/2 4406/1/2 4410/1/2
f 4407/2/2 4408/2/2 4411/2/2
f 4408/2/2 4409/2/2 4411/2/2
f 4409/2/2 4410/2/2 4411/2/2
f 4411/2/2 4410/2/2 4412/2/2
f 4413/29/2 4414/29/2 4417/29/2
f 4417/29/2 4414/29/2 4418/29/2
f 4415/29/2 4416/29/2 4419/29/2
f 4419/29/2 4416/29/2 4420/29/2
f 4417/30/2 4418/30/2 4421/30/2
f 4421/30/2 4418/30/2 4422/30/2
f 4419/30/2 4420/30/2 4423/30/2
f 4423/30/2 4420/30/2 4424/30/2
f 4421/29/2 4422/29/2 4425/29/2
f 4425/29/2 4422/29/2 4426/29/2
f 4423/29/2 4424/29/2 4427/29/2
f 4427/29/2 4424/29/2 4428/29/2
f 4425/30/2 4426/30/2 4429/30/2
f 4429/30/2 4426/30/2 4430/30/2
f 4427/30/2 4428/30/2 4431/30/2
f 4431/30/2 4428/30/2 4432/30/2
f 4429/29/2 4430/29/2 4433/29/2
f 4433/29/2 4430/29/2 4434/29/2
f 4431/29/2 4432/29/2 4435/29/2
f 4435/29/2 4432/29/2 4436/29/2
f 4437/30/2 4438/30/2 4441/30/2
f 4439/30/2 4440/30/2 4442/30/2
f 4437/30/2 4441/30/2 4443/30/2
f 4442/30/2 4440/30/2 4444/30/2
f 4437/30/2 4443/30/2 4445/30/2
f 4445/30/2 4443/30/2 4446/30/2
f 4444/30/2 4440/30/2 4447/30/2
f 4447/30/2 4440/30/2 4448/30/2
f 4449/30/2 4450/30/2 4453/30/2
f 4453/30/2 4450/30/2 4454/30/2
f 4451/30/2 4452/30/2 4455/30/2
f 4455/30/2 4452/30/2 4456/30/2
f 4457/30/2 4458/30/2 4462/30/2
f 4462/30/2 4458/30/2 4463/30/2
f 4459/30/2 4460/30/2 4464/30/2
f 4464/30/2 4460/30/2 4465/30/2
f 4461/30/2 4462/30/2 4467/30/2
f 4467/30/2 4462/30/2 4468/30/2
f 4465/30/2 4466/30/2 4469/30/2
f 4469/30/2 4466/30/2 4470/30/2
f 4467/29/2 4468/29/2 4471/29/2
f 4471/29/2 4468/29/2 4472/29/2
f 4469/29/2 4470/29/2 4473/29/2
f 4473/29/2 4470/29/2 4474/29/2
f 4471/30/2 4472/30/2 4475/30/2
f 4475/30/2 4472/30/2 4476/30/2
f 4473/30/2 4474/30/2 4479/30/2
f 4479/30/2 4474/30/2 4480/30/2
f 4476/30/2 4477/30/2 4481/30/2
f 4481/30/2 4477/30/2 4482/30/2
f 4478/30/2 4479/30/2 4483/30/2
f 4483/30/2 4479/30/2 4484/30/2
f 4485/29/2 4486/29/2 4489/29/2
f 4489/29/2 4486/29/2 4490/29/2
f 4487/29/2 4488/29/2 4491/29/2
f 4491/29/2 4488/29/2 4492/29/2
f 4489/30/2 4490/30/2 4493/30/2
f 4493/30/2 4490/30/2 4494/30/2
f 4491/30/2 4492/30/2 4495/30/2
f 4495/30/2 4492/30/2 4496/30/2
f 4493/29/2 4494/29/2 4498/29/2
f 4498/29/2 4494/29/2 4499/29/2
f 4495/29/2 4496/29/2 4500/29/2
f 4500/29/2 4496/29/2 4501/29/2
f 4497/30/2 4498/30/2 4504/30/2
f 4504/30/2 4498/30/2 4505/30/2
f 4501/30/2 4502/30/2 4506/30/2
f 4506/30/2 4502/30/2 4507/30/2
f 4503/30/2 4504/30/2 4509/30/2
f 4509/30/2 4504/30/2 4510/30/2
f 4507/30/2 4508/30/2 4513/30/2
f 4513/30/2 4508/30/2 4514/30/2
f 4510/30/2 4511/30/2 4515/30/2
f 4515/30/2 4511/30/2 4516/30/2
f 4512/30/2 4513/30/2 4519/30/2
f 4519/30/2 4513/30/2 4520/30/2
f 4516/30/2 4517/30/2 4521/30/2
f 4521/30/2 4517/30/2 4522/30/2
f 4518/30/2 4519/30/2 4527/30/2
f 4527/30/2 4519/30/2 4528/30/2
f 4523/30/2 4524/30/2 4529/30/2
f 4529/30/2 4524/30/2 4530/30/2
f 4525/30/2 4526/30/2 4531/30/2
f 4531/30/2 4526/30/2 4532/30/2
f 4533/29/2 4534/29/2 4538/29/2
f 4538/29/2 4534/29/2 4539/29/2
f 4536/29/2 4537/29/2 4540/29/2
f 4535/29/2 4536/29/2 4540/29/2
f 4540/29/2 4537/29/2 4541/29/2
f 4538/30/2 4539/30/2 4542/30/2
f 4542/30/2 4539/30/2 4543/30/2
f 4540/30/2 4541/30/2 4544/30/2
f 4544/30/2 4541/30/2 4545/30/2
f 4542/29/2 4543/29/2 4546/29/2
f 4546/29/2 4543/29/2 4547/29/2
f 4544/29/2 4545/29/2 4548/29/2
f 4548/29/2 4545/29/2 4549/29/2
f 4546/30/2 4547/30/2 4550/30/2
f 4550/30/2 4547/30/2 4551/30/2
f 4548/30/2 4549/30/2 4552/30/2
f 4552/30/2 4549/30/2 4553/30/2
f 4550/29/2 4551/29/2 4555/29/2
f 4555/29/2 4551/29/2 4556/29/2
f 4552/29/2 4553/29/2 4557/29/2
f 4557/29/2 4553/29/2 4558/29/2
f 4554/30/2 4555/30/2 4561/30/2
f 4561/30/2 4555/30/2 4562/30/2
f 4558/30/2 4559/30/2 4563/30/2
f 4563/30/2 4559/30/2 4564/30/2
f 4560/30/2 4561/30/2 4566/30/2
f 4566/30/2 4561/30/2 4567/30/2
f 4564/30/2 4565/30/2 4568/30/2
f 4568/30/2 4565/30/2 4569/30/2
f 4566/29/2 4567/29/2 4570/29/2
f 4570/29/2 4567/29/2 4571/29/2
f 4568/29/2 4569/29/2 4572/29/2
f 4572/29/2 4569/29/2 4573/29/2
f 4570/30/2 4571/30/2 4574/30/2
f 4574/30/2 4571/30/2 4575/30/2
f 4572/30/2 4573/30/2 4578/30/2
f 4578/30/2 4573/30/2 4579/30/2
f 4575/30/2 4576/30/2 4580/30/2
f 4580/30/2 4576/30/2 4581/30/2
f 4577/30/2 4578/30/2 4584/30/2
f 4584/30/2 4578/30/2 4585/30/2
f 4581/30/2 4582/30/2 4586/30/2
f 4583/30/2 4584/30/2 4587/30/2
f 4581/30/2 4586/30/2 4588/30/2
f 4587/30/2 4584/30/2 4589/30/2
f 4581/30/2 4588/30/2 4591/30/2
f 4591/30/2 4588/30/2 4592/30/2
f 4589/30/2 4584/30/2 4593/30/2
f 4593/30/2 4584/30/2 4594/30/2
f 4590/29/2 4591/29/2 4596/29/2
f 4596/29/2 4591/29/2 4597/29/2
f 4594/29/2 4595/29/2 4598/29/2
f 4598/29/2 4595/29/2 4599/29/2
f 4596/30/2 4597/30/2 4600/30/2
f 4600/30/2 4597/30/2 4601/30/2
f 4598/30/2 4599/30/2 4602/30/2
f 4602/30/2 4599/30/2 4603/30/2
f 4600/29/2 4601/29/2 4605/29/2
f 4605/29/2 4601/29/2 4606/29/2
f 4602/29/2 4603/29/2 4607/29/2
f 4607/29/2 4603/29/2 4608/29/2
f 4604/30/2 4605/30/2 4611/30/2
f 4611/30/2 4605/30/2 4612/30/2
f 4608/30/2 4609/30/2 4613/30/2
f 4613/30/2 4609/30/2 4614/30/2
f 4610/30/2 4611/30/2 4616/30/2
f 4616/30/2 4611/30/2 4617/30/2
f 4614/30/2 4615/30/2 4620/30/2
f 4620/30/2 4615/30/2 4621/30/2
f 4617/30/2 4618/30/2 4622/30/2
f 4622/30/2 4618/30/2 4623/30/2
f 4619/30/2 4620/30/2 4626/30/2
f 4626/30/2 4620/30/2 4627/30/2
f 4623/30/2 4624/30/2 4628/30/2
f 4628/30/2 4624/30/2 4629/30/2
f 4625/30/2 4626/30/2 4634/30/2
f 4634/30/2 4626/30/2 4635/30/2
f 4630/30/2 4631/30/2 4636/30/2
f 4636/30/2 4631/30/2 4637/30/2
f 4632/30/2 4633/30/2 4638/30/2
f 4638/30/2 4633/30/2 4639/30/2
f 4640/29/2 4641/29/2 4642/29/2
f 4642/29/2 4641/29/2 4643/29/2
f 4642/30/2 4643/30/2 4644/30/2
f 4644/30/2 4643/30/2 4645/30/2
f 4644/29/2 4645/29/2 4646/29/2
f 4646/29/2 4645/29/2 4647/29/2
f 4646/30/2 4647/30/2 4648/30/2
f 4648/30/2 4647/30/2 4649/30/2
f 4648/29/2 4649/29/2 4652/29/2
f 4652/29/2 4649/29/2 4653/29/2
f 4650/30/2 4651/30/2 4657/30/2
f 4657/30/2 4651/30/2 4658/30/2
f 4654/30/2 4655/30/2 4659/30/2
f 4659/30/2 4655/30/2 4660/30/2
f 4656/30/2 4657/30/2 4662/30/2
f 4662/30/2 4657/30/2 4663/30/2
f 4660/30/2 4661/30/2 4664/30/2
f 4664/30/2 4661/30/2 4665/30/2
f 4662/29/2 4663/29/2 4666/29/2
f 4666/29/2 4663/29/2 4667/29/2
f 4664/29/2 4665/29/2 4668/29/2
f 4668/29/2 4665/29/2 4669/29/2
f 4666/30/2 4667/30/2 4670/30/2
f 4670/30/2 4667/30/2 4671/30/2
f 4668/30/2 4669/30/2 4674/30/2
f 4674/30/2 4669/30/2 4675/30/2
f 4671/30/2 4672/30/2 4676/30/2
f 4676/30/2 4672/30/2 4677/30/2
f 4673/30/2 4674/30/2 4680/30/2
f 4680/30/2 4674/30/2 4681/30/2
f 4678/30/2 4679/30/2 4682/30/2
f 4682/30/2 4679/30/2 4683/30/2
f 4683/30/2 4679/30/2 4684/30/2
f 4684/30/2 4679/30/2 4685/30/2
f 4682/29/2 4683/29/2 4686/29/2
f 4683/30/2 4684/30/2 4687/30/2
f 4686/29/2 4683/29/2 4687/29/2
f 4684/29/2 4685/29/2 4688/29/2
f 4687/30/2 4684/30/2 4688/30/2
f 4688/29/2 4685/29/2 4689/29/2
f 4686/30/2 4687/30/2 4692/30/2
f 4687/30/2 4688/30/2 4692/30/2
f 4688/30/2 4689/30/2 4692/30/2
f 4692/30/2 4689/30/2 4693/30/2
f 4690/29/2 4691/29/2 4696/29/2
f 4696/29/2 4691/29/2 4697/29/2
f 4694/29/2 4695/29/2 4698/29/2
f 4698/29/2 4695/29/2 4699/29/2
f 4696/30/2 4697/30/2 4700/30/2
f 4700/30/2 4697/30/2 4701/30/2
f 4698/30/2 4699/30/2 4702/30/2
f 4702/30/2 4699/30/2 4703/30/2
f 4700/29/2 4701/29/2 4705/29/2
f 4705/29/2 4701/29/2 4706/29/2
f 4702/29/2 4703/29/2 4707/29/2
f 4707/29/2 4703/29/2 4708/29/2
f 4704/30/2 4705/30/2 4711/30/2
f 4711/30/2 4705/30/2 4712/30/2
f 4708/30/2 4709/30/2 4713/30/2
f 4713/30/2 4709/30/2 4714/30/2
f 4710/30/2 4711/30/2 4716/30/2
f 4716/30/2 4711/30/2 4717/30/2
f 4714/30/2 4715/30/2 4720/30/2
f 4720/30/2 4715/30/2 4721/30/2
f 4717/30/2 4718/30/2 4722/30/2
f 4722/30/2 4718/30/2 4723/30/2
f 4719/30/2 4720/30/2 4726/30/2
f 4726/30/2 4720/30/2 4727/30/2
f 4723/30/2 4724/30/2 4728/30/2
f 4728/30/2 4724/30/2 4729/30/2
f 4725/30/2 4726/30/2 4732/30/2
f 4732/30/2 4726/30/2 4733/30/2
f 4730/30/2 4731/30/2 4734/30/2
f 4734/30/2 4731/30/2 4735/30/2
f 4736/30/2 4737/30/2 4739/30/2
f 4739/30/2 4737/30/2 4740/30/2
f 4738/30/2 4739/30/2 4742/30/2
f 4742/30/2 4739/30/2 4743/30/2
f 4740/30/2 4741/30/2 4744/30/2
f 4744/30/2 4741/30/2 4745/30/2
f 4742/29/2 4743/29/2 4746/29/2
f 4746/29/2 4743/29/2 4747/29/2
f 4744/29/2 4745/29/2 4748/29/2
f 4748/29/2 4745/29/2 4749/29/2
f 4746/30/2 4747/30/2 4750/30/2
f 4750/30/2 4747/30/2 4751/30/2
f 4748/30/2 4749/30/2 4752/30/2
f 4752/30/2 4749/30/2 4753/30/2
f 4751/30/2 4752/30/2 4754/30/2
f 4754/30/2 4752/30/2 4755/30/2
f 4756/29/2 4757/29/2 4758/29/2
f 4758/29/2 4757/29/2 4759/29/2
f 4758/30/2 4759/30/2 4760/30/2
f 4760/30/2 4759/30/2 4761/30/2
f 4760/29/2 4761/29/2 4763/29/2
f 4763/29/2 4761/29/2 4764/29/2
f 4762/30/2 4763/30/2 4767/30/2
f 4767/30/2 4763/30/2 4768/30/2
f 4764/30/2 4765/30/2 4769/30/2
f 4769/30/2 4765/30/2 4770/30/2
f 4766/30/2 4767/30/2 4772/30/2
f 4772/30/2 4767/30/2 4773/30/2
f 4770/30/2 4771/30/2 4776/30/2
f 4776/30/2 4771/30/2 4777/30/2
f 4773/30/2 4774/30/2 4778/30/2
f 4778/30/2 4774/30/2 4779/30/2
f 4775/30/2 4776/30/2 4780/30/2
f 4780/30/2 4776/30/2 4781/30/2
f 4779/30/2 4780/30/2 4782/30/2
f 4782/30/2 4780/30/2 4783/30/2
f 4784/30/2 4785/30/2 4786/30/2
f 4786/30/2 4785/30/2 4787/30/2
f 4786/29/2 4787/29/2 4788/29/2
f 4788/29/2 4787/29/2 4789/29/2
f 4788/30/2 4789/30/2 4790/30/2
f 4790/30/2 4789/30/2 4791/30/2
f 4792/30/2 4793/30/2 4795/30/2
f 4795/30/2 4793/30/2 4796/30/2
f 4794/30/2 4795/30/2 4798/30/2
f 4798/30/2 4795/30/2 4799/30/2
f 4796/30/2 4797/30/2 4800/30/2
f 4800/30/2 4797/30/2 4801/30/2
f 4799/30/2 4800/30/2 4802/30/2
f 4802/30/2 4800/30/2 4803/30/2
f 4804/30/2 4805/30/2 4806/30/2
f 4806/30/2 4805/30/2 4807/30/2
f 4808/15/2 4809/15/2 4810/15/2
f 4810/15/2 4809/15/2 4811/15/2
f 4812/9/2 4813/9/2 4814/9/2
f 4814/9/2 4813/9/2 4815/9/2
f 4816/15/2 4817/15/2 4818/15/2
f 4818/15/2 4817/15/2 4819/15/2
f 4818/7/2 4819/7/2 4820/7/2
f 4820/7/2 4819/7/2 4821/7/2
f 4820/8/2 4821/8/2 4822/8/2
f 4822/8/2 4821/8/2 4823/8/2
f 4824/15/2 4825/15/2 4826/15/2
f 4826/15/2 4825/15/2 4827/15/2
f 4828/15/2 4829/15/2 4830/15/2
f 4830/15/2 4829/15/2 4831/15/2
f 4832/15/2 4833/15/2 4834/15/2
f 4834/15/2 4833/15/2 4835/15/2
f 4836/15/2 4837/15/2 4838/15/2
f 4838/15/2 4837/15/2 4839/15/2
f 4840/15/2 4841/15/2 4842/15/2
f 4842/15/2 4841/15/2 4843/15/2
f 4844/15/2 4845/15/2 4846/15/2
f 4846/15/2 4845/15/2 4847/15/2
f 4848/15/2 4849/15/2 4850/15/2
f 4848/15/2 4850/15/2 4851/15/2
f 4848/15/2 4851/15/2 4852/15/2
f 4852/15/2 4851/15/2 4853/15/2
f 4854/29/2 4855/29/2 4856/29/2
f 4856/29/2 4855/29/2 4857/29/2
f 4858/29/2 4859/29/2 4860/29/2
f 4860/29/2 4859/29/2 4861/29/2
f 4862/14/2 4863/14/2 4864/14/2
f 4864/14/2 4863/14/2 4865/14/2
f 4866/14/2 4867/14/2 4868/14/2
f 4868/14/2 4867/14/2 4869/14/2
f 4870/24/2 4871/24/2 4872/24/2
f 4870/24/2 4872/24/2 4873/24/2
f 4870/24/2 4873/24/2 4874/24/2
f 4870/24/2 4874/24/2 4875/24/2
f 4870/24/2 4875/24/2 4876/24/2
f 4876/24/2 4875/24/2 4877/24/2
f 4878/29/2 4879/29/2 4880/29/2
f 4880/29/2 4879/29/2 4881/29/2
f 4882/24/2 4883/24/2 4884/24/2
f 4884/24/2 4883/24/2 4885/24/2
f 4886/29/2 4887/29/2 4888/29/2
f 4888/29/2 4887/29/2 4889/29/2
f 4890/24/2 4891/24/2 4892/24/2
f 4892/24/2 4891/24/2 4893/24/2
f 4894/24/2 4895/24/2 4896/24/2
f 4896/24/2 4895/24/2 4897/24/2
f 4896/29/2 4897/29/2 4898/29/2
f 4898/29/2 4897/29/2 4899/29/2
f 4900/31/2 4901/31/2 4902/31/2
f 4902/31/2 4901/31/2 4903/31/2
f 4903/31/2 4901/31/2 4904/31/2
f 4904/31/2 4901/31/2 4905/31/2
f 4904/13/2 4905/13/2 4907/13/2
f 4906/13/2 4907/13/2 4908/13/2
f 4907/13/2 4905/13/2 4909/13/2
f 4908/13/2 4907/13/2 4909/13/2
f 4909/13/2 4905/13/2 4911/13/2
f 4910/13/2 4911/13/2 4912/13/2
f 4911/13/2 4905/13/2 4913/13/2
f 4912/13/2 4911/13/2 4913/13/2
f 4913/13/2 4905/13/2 4915/13/2
f 4914/13/2 4915/13/2 4916/13/2
f 4915/13/2 4905/13/2 4917/13/2
f 4916/13/2 4915/13/2 4917/13/2
f 4917/13/2 4905/13/2 4918/13/2
f 4919/19/2 4920/19/2 4921/19/2
f 4921/19/2 4920/19/2 4922/19/2
f 4922/19/2 4923/19/2 4924/19/2
f 4924/19/2 4923/19/2 4925/19/2
f 4924/17/2 4925/17/2 4927/17/2
f 4927/17/2 4925/17/2 4928/17/2
f 4926/17/2 4927/17/2 4929/17/2
f 4929/17/2 4927/17/2 4930/17/2
f 4931/32/2 4932/32/2 4933/32/2
f 4933/32/2 4932/32/2 4934/32/2
f 4935/32/2 4936/32/2 4937/32/2
f 4937/32/2 4936/32/2 4938/32/2
f 4939/31/2 4940/31/2 4941/31/2
f 4941/31/2 4940/31/2 4942/31/2
f 4942/31/2 4940/31/2 4943/31/2
f 4943/31/2 4940/31/2 4944/31/2
f 4943/13/2 4944/13/2 4946/13/2
f 4945/13/2 4946/13/2 4947/13/2
f 4946/13/2 4944/13/2 4948/13/2
f 4947/13/2 4946/13/2 4948/13/2
f 4948/13/2 4944/13/2 4950/13/2
f 4949/13/2 4950/13/2 4951/13/2
f 4950/13/2 4944/13/2 4952/13/2
f 4951/13/2 4950/13/2 4952/13/2
f 4952/13/2 4944/13/2 4954/13/2
f 4953/13/2 4954/13/2 4955/13/2
f 4944/31/2 4940/31/2 4956/31/2
f 4955/13/2 4954/13/2 4956/13/2
f 4954/13/2 4944/13/2 4956/13/2
f 4956/31/2 4940/31/2 4957/31/2
f 4958/3/2 4959/3/2 4960/3/2
f 4960/3/2 4959/3/2 4961/3/2
f 4962/20/2 4963/20/2 4964/20/2
f 4964/20/2 4963/20/2 4965/20/2
f 4966/20/2 4967/20/2 4968/20/2
f 4968/20/2 4967/20/2 4969/20/2
f 4970/3/2 4971/3/2 4972/3/2
f 4972/3/2 4971/3/2 4973/3/2
f 4974/3/2 4975/3/2 4976/3/2
f 4976/3/2 4975/3/2 4977/3/2
f 4978/32/2 4979/32/2 4980/32/2
f 4980/32/2 4979/32/2 4981/32/2
f 4982/3/2 4983/3/2 4984/3/2
f 4984/3/2 4983/3/2 4985/3/2
f 4986/3/2 4987/3/2 4988/3/2
f 4988/3/2 4987/3/2 4989/3/2
f 4990/32/2 4991/32/2 4992/32/2
f 4992/32/2 4991/32/2 4993/32/2
f 4994/3/2 4995/3/2 4996/3/2
f 4996/3/2 4995/3/2 4997/3/2
f 4998/3/2 4999/3/2 5000/3/2
f 5000/3/2 4999/3/2 5001/3/2
f 5002/3/2 5003/3/2 5004/3/2
f 5004/3/2 5003/3/2 5005/3/2
f 5006/3/2 5007/3/2 5008/3/2
f 5008/3/2 5007/3/2 5009/3/2
f 5010/32/2 5011/32/2 5012/32/2
f 5012/32/2 5011/32/2 5013/32/2
f 5014/3/2 5015/3/2 5016/3/2
f 5016/3/2 5015/3/2 5017/3/2
f 5018/3/2 5019/3/2 5020/3/2
f 5018/3/2 5020/3/2 5021/3/2
f 5018/3/2 5021/3/2 5022/3/2
f 5022/3/2 5021/3/2 5023/3/2
f 5024/31/2 5025/31/2 5026/31/2
f 5026/31/2 5025/31/2 5027/31/2
f 5027/31/2 5025/31/2 5028/31/2
f 5028/31/2 5025/31/2 5029/31/2
f 5028/13/2 5029/13/2 5031/13/2
f 5030/13/2 5031/13/2 5032/13/2
f 5031/13/2 5029/13/2 5033/13/2
f 5032/13/2 5031/13/2 5033/13/2
f 5033/13/2 5029/13/2 5035/13/2
f 5034/13/2 5035/13/2 5036/13/2
f 5035/13/2 5029/13/2 5037/13/2
f 5036/13/2 5035/13/2 5037/13/2
f 5037/13/2 5029/13/2 5039/13/2
f 5038/13/2 5039/13/2 5040/13/2
f 5039/13/2 5029/13/2 5041/13/2
f 5040/13/2 5039/13/2 5041/13/2
f 5029/31/2 5025/31/2 5042/31/2
f 5041/13/2 5029/13/2 5042/13/2
f 5041/22/2 5042/22/2 5043/22/2
f 5042/31/2 5025/31/2 5044/31/2
f 5043/22/2 5042/22/2 5044/22/2
f 5043/12/2 5044/12/2 5046/12/2
f 5044/31/2 5025/31/2 5047/31/2
f 5046/12/2 5044/12/2 5047/12/2
f 5045/20/2 5046/20/2 5048/20/2
f 5046/20/2 5047/20/2 5048/20/2
f 5048/20/2 5047/20/2 5049/20/2
f 5049/20/2 5047/20/2 5050/20/2
f 5047/31/2 5025/31/2 5051/31/2
f 5050/20/2 5047/20/2 5051/20/2
f 5050/18/2 5051/18/2 5053/18/2
f 5052/18/2 5053/18/2 5054/18/2
f 5051/31/2 5025/31/2 5055/31/2
f 5054/18/2 5053/18/2 5055/18/2
f 5053/18/2 5051/18/2 5055/18/2
f 5055/31/2 5025/31/2 5056/31/2
f 5054/16/2 5055/16/2 5057/16/2
f 5057/16/2 5055/16/2 5058/16/2
f 5055/31/2 5056/31/2 5059/31/2
f 5058/16/2 5055/16/2 5059/16/2
f 5058/31/2 5059/31/2 5060/31/2
f 5059/31/2 5056/31/2 5061/31/2
f 5060/31/2 5059/31/2 5061/31/2
f 5061/31/2 5056/31/2 5062/31/2
f 5061/31/2 5062/31/2 5064/31/2
f 5063/31/2 5064/31/2 5065/31/2
f 5064/31/2 5062/31/2 5066/31/2
f 5065/31/2 5064/31/2 5066/31/2
f 5065/23/2 5066/23/2 5067/23/2
f 5067/23/2 5066/23/2 5068/23/2
f 5067/25/2 5068/25/2 5069/25/2
f 5069/25/2 5068/25/2 5070/25/2
f 5069/23/2 5070/23/2 5071/23/2
f 5071/23/2 5070/23/2 5072/23/2
f 5071/25/2 5072/25/2 5073/25/2
f 5073/25/2 5072/25/2 5074/25/2
f 5073/23/2 5074/23/2 5076/23/2
f 5076/23/2 5074/23/2 5077/23/2
f 5076/23/2 5077/23/2 5078/23/2
f 5075/3/2 5076/3/2 5079/3/2
f 5076/23/2 5078/23/2 5079/23/2
f 5079/23/2 5078/23/2 5080/23/2
f 5075/3/2 5079/3/2 5081/3/2
f 5079/25/2 5080/25/2 5082/25/2
f 5081/3/2 5079/3/2 5082/3/2
f 5082/25/2 5080/25/2 5083/25/2
f 5082/23/2 5083/23/2 5084/23/2
f 5082/23/2 5084/23/2 5085/23/2
f 5082/23/2 5085/23/2 5086/23/2
f 5086/23/2 5085/23/2 5087/23/2
f 5086/25/2 5087/25/2 5088/25/2
f 5088/25/2 5087/25/2 5089/25/2
f 5088/23/2 5089/23/2 5090/23/2
f 5088/23/2 5090/23/2 5091/23/2
f 5091/23/2 5090/23/2 5092/23/2
f 5091/25/2 5092/25/2 5093/25/2
f 5093/25/2 5092/25/2 5094/25/2
f 5093/23/2 5094/23/2 5095/23/2
f 5093/23/2 5095/23/2 5096/23/2
f 5096/23/2 5095/23/2 5097/23/2
f 5096/25/2 5097/25/2 5098/25/2
f 5098/25/2 5097/25/2 5099/25/2
f 5098/23/2 5099/23/2 5100/23/2
f 5098/23/2 5100/23/2 5101/23/2
f 5098/23/2 5101/23/2 5102/23/2
f 5102/23/2 5101/23/2 5103/23/2
f 5102/25/2 5103/25/2 5104/25/2
f 5104/25/2 5103/25/2 5105/25/2
f 5106/3/2 5107/3/2 5108/3/2
f 5108/3/2 5107/3/2 5109/3/2
f 5110/29/2 5111/29/2 5112/29/2
f 5112/29/2 5111/29/2 5113/29/2
f 5114/29/2 5115/29/2 5116/29/2
f 5116/29/2 5115/29/2 5117/29/2
f 5118/14/2 5119/14/2 5120/14/2
f 5120/14/2 5119/14/2 5121/14/2
f 5122/14/2 5123/14/2 5124/14/2
f 5124/14/2 5123/14/2 5125/14/2
f 5126/24/2 5127/24/2 5128/24/2
f 5128/24/2 5127/24/2 5129/24/2
f 5128/16/2 5129/16/2 5130/16/2
f 5130/16/2 5129/16/2 5131/16/2
f 5132/29/2 5133/29/2 5134/29/2
f 5134/29/2 5133/29/2 5135/29/2
f 5136/24/2 5137/24/2 5138/24/2
f 5138/24/2 5137/24/2 5139/24/2
f 5140/29/2 5141/29/2 5142/29/2
f 5142/29/2 5141/29/2 5143/29/2
f 5144/24/2 5145/24/2 5146/24/2
f 5146/24/2 5145/24/2 5147/24/2
f 5148/24/2 5149/24/2 5150/24/2
f 5150/24/2 5149/24/2 5151/24/2
f 5150/29/2 5151/29/2 5152/29/2
f 5152/29/2 5151/29/2 5153/29/2
f 5154/15/2 5155/15/2 5156/15/2
f 5156/15/2 5155/15/2 5157/15/2
f 5158/15/2 5159/15/2 5160/15/2
f 5160/15/2 5159/15/2 5161/15/2
f 5162/15/2 5163/15/2 5164/15/2
f 5164/15/2 5163/15/2 5165/15/2
f 5166/15/2 5167/15/2 5168/15/2
f 5168/15/2 5167/15/2 5169/15/2
f 5170/15/2 5171/15/2 5172/15/2
f 5172/15/2 5171/15/2 5173/15/2
f 5174/15/2 5175/15/2 5176/15/2
f 5176/15/2 5175/15/2 5177/15/2
f 5178/15/2 5179/15/2 5180/15/2
f 5178/15/2 5180/15/2 5181/15/2
f 5178/15/2 5181/15/2 5184/15/2
f 5184/15/2 5181/15/2 5185/15/2
f 5182/15/2 5183/15/2 5186/15/2
f 5186/15/2 5183/15/2 5187/15/2
f 5188/9/2 5189/9/2 5190/9/2
f 5190/9/2 5189/9/2 5191/9/2
f 5192/15/2 5193/15/2 5194/15/2
f 5194/15/2 5193/15/2 5195/15/2
f 5194/7/2 5195/7/2 5196/7/2
f 5196/7/2 5195/7/2 5197/7/2
f 5196/8/2 5197/8/2 5198/8/2
f 5198/8/2 5197/8/2 5199/8/2
f 5200/16/2 5201/16/2 5202/16/2
f 5200/16/2 5202/16/2 5203/16/2
f 5200/16/2 5203/16/2 5204/16/2
f 5200/16/2 5204/16/2 5205/16/2
f 5200/16/2 5205/16/2 5206/16/2
f 5206/16/2 5205/16/2 5207/16/2
f 5208/11/2 5209/11/2 5210/11/2
f 5210/11/2 5209/11/2 5211/11/2
f 5212/1/2 5213/1/2 5214/1/2
f 5214/1/2 5213/1/2 5215/1/2
f 5215/1/2 5213/1/2 5216/1/2
f 5216/1/2 5213/1/2 5217/1/2
f 5215/1/2 5216/1/2 5218/1/2
f 5218/1/2 5216/1/2 5219/1/2
f 5218/3/2 5219/3/2 5220/3/2
f 5220/3/2 5219/3/2 5221/3/2
f 5222/3/2 5223/3/2 5226/3/2
f 5224/3/2 5225/3/2 5226/3/2
f 5223/3/2 5224/3/2 5226/3/2
f 5226/3/2 5225/3/2 5227/3/2
f 5226/1/2 5227/1/2 5228/1/2
f 5228/1/2 5227/1/2 5229/1/2
f 5228/3/2 5229/3/2 5231/3/2
f 5231/3/2 5229/3/2 5232/3/2
f 5230/1/2 5231/1/2 5234/1/2
f 5234/1/2 5231/1/2 5235/1/2
f 5232/1/2 5233/1/2 5238/1/2
f 5238/1/2 5233/1/2 5239/1/2
f 5235/1/2 5236/1/2 5240/1/2
f 5240/1/2 5236/1/2 5241/1/2
f 5237/1/2 5238/1/2 5242/1/2
f 5242/1/2 5238/1/2 5243/1/2
f 5240/3/2 5241/3/2 5244/3/2
f 5244/3/2 5241/3/2 5245/3/2
f 5242/3/2 5243/3/2 5246/3/2
f 5246/3/2 5243/3/2 5247/3/2
f 5245/1/2 5246/1/2 5250/1/2
f 5250/1/2 5246/1/2 5251/1/2
f 5248/11/2 5249/11/2 5252/11/2
f 5252/11/2 5249/11/2 5253/11/2
f 5254/3/2 5255/3/2 5258/3/2
f 5258/3/2 5255/3/2 5259/3/2
f 5256/3/2 5257/3/2 5260/3/2
f 5260/3/2 5257/3/2 5261/3/2
f 5258/1/2 5259/1/2 5262/1/2
f 5262/1/2 5259/1/2 5263/1/2
f 5260/1/2 5261/1/2 5264/1/2
f 5264/1/2 5261/1/2 5265/1/2
f 5262/3/2 5263/3/2 5267/3/2
f 5267/3/2 5263/3/2 5268/3/2
f 5264/3/2 5265/3/2 5269/3/2
f 5269/3/2 5265/3/2 5270/3/2
f 5266/1/2 5267/1/2 5272/1/2
f 5272/1/2 5267/1/2 5273/1/2
f 5270/1/2 5271/1/2 5276/1/2
f 5276/1/2 5271/1/2 5277/1/2
f 5273/1/2 5274/1/2 5278/1/2
f 5278/1/2 5274/1/2 5279/1/2
f 5275/1/2 5276/1/2 5280/1/2
f 5280/1/2 5276/1/2 5281/1/2
f 5278/3/2 5279/3/2 5282/3/2
f 5282/3/2 5279/3/2 5283/3/2
f 5280/3/2 5281/3/2 5286/3/2
f 5286/3/2 5281/3/2 5287/3/2
f 5283/1/2 5284/1/2 5288/1/2
f 5288/1/2 5284/1/2 5289/1/2
f 5285/1/2 5286/1/2 5290/1/2
f 5290/1/2 5286/1/2 5291/1/2
f 5292/11/2 5293/11/2 5294/11/2
f 5294/11/2 5293/11/2 5295/11/2
f 5296/3/2 5297/3/2 5300/3/2
f 5300/3/2 5297/3/2 5301/3/2
f 5298/3/2 5299/3/2 5302/3/2
f 5302/3/2 5299/3/2 5303/3/2
f 5300/1/2 5301/1/2 5304/1/2
f 5304/1/2 5301/1/2 5305/1/2
f 5302/1/2 5303/1/2 5306/1/2
f 5306/1/2 5303/1/2 5307/1/2
f 5304/3/2 5305/3/2 5309/3/2
f 5309/3/2 5305/3/2 5310/3/2
f 5306/3/2 5307/3/2 5311/3/2
f 5311/3/2 5307/3/2 5312/3/2
f 5308/1/2 5309/1/2 5314/1/2
f 5314/1/2 5309/1/2 5315/1/2
f 5312/1/2 5313/1/2 5318/1/2
f 5318/1/2 5313/1/2 5319/1/2
f 5315/1/2 5316/1/2 5320/1/2
f 5320/1/2 5316/1/2 5321/1/2
f 5317/1/2 5318/1/2 5322/1/2
f 5322/1/2 5318/1/2 5323/1/2
f 5320/3/2 5321/3/2 5324/3/2
f 5324/3/2 5321/3/2 5325/3/2
f 5322/3/2 5323/3/2 5328/3/2
f 5328/3/2 5323/3/2 5329/3/2
f 5325/1/2 5326/1/2 5330/1/2
f 5330/1/2 5326/1/2 5331/1/2
f 5327/1/2 5328/1/2 5332/1/2
f 5332/1/2 5328/1/2 5333/1/2
f 5334/11/2 5335/11/2 5336/11/2
f 5334/11/2 5336/11/2 5337/11/2
f 5337/11/2 5336/11/2 5338/11/2
f 5339/3/2 5340/3/2 5343/3/2
f 5343/3/2 5340/3/2 5344/3/2
f 5341/3/2 5342/3/2 5345/3/2
f 5345/3/2 5342/3/2 5346/3/2
f 5347/1/2 5348/1/2 5351/1/2
f 5351/1/2 5348/1/2 5352/1/2
f 5349/1/2 5350/1/2 5353/1/2
f 5353/1/2 5350/1/2 5354/1/2
f 5351/3/2 5352/3/2 5355/3/2
f 5355/3/2 5352/3/2 5356/3/2
f 5353/3/2 5354/3/2 5359/3/2
f 5359/3/2 5354/3/2 5360/3/2
f 5356/1/2 5357/1/2 5361/1/2
f 5361/1/2 5357/1/2 5362/1/2
f 5358/1/2 5359/1/2 5363/1/2
f 5363/1/2 5359/1/2 5364/1/2
f 5365/3/2 5366/3/2 5369/3/2
f 5369/3/2 5366/3/2 5370/3/2
f 5367/3/2 5368/3/2 5371/3/2
f 5371/3/2 5368/3/2 5372/3/2
f 5369/1/2 5370/1/2 5374/1/2
f 5374/1/2 5370/1/2 5375/1/2
f 5371/1/2 5372/1/2 5376/1/2
f 5376/1/2 5372/1/2 5377/1/2
f 5373/3/2 5374/3/2 5379/3/2
f 5379/3/2 5374/3/2 5380/3/2
f 5377/3/2 5378/3/2 5381/3/2
f 5381/3/2 5378/3/2 5382/3/2
f 5379/1/2 5380/1/2 5383/1/2
f 5383/1/2 5380/1/2 5384/1/2
f 5381/1/2 5382/1/2 5385/1/2
f 5385/1/2 5382/1/2 5386/1/2
f 5383/3/2 5384/3/2 5387/3/2
f 5387/3/2 5384/3/2 5388/3/2
f 5385/3/2 5386/3/2 5391/3/2
f 5391/3/2 5386/3/2 5392/3/2
f 5388/1/2 5389/1/2 5393/1/2
f 5393/1/2 5389/1/2 5394/1/2
f 5390/1/2 5391/1/2 5395/1/2
f 5395/1/2 5391/1/2 5396/1/2
f 5393/3/2 5394/3/2 5397/3/2
f 5397/3/2 5394/3/2 5398/3/2
f 5395/3/2 5396/3/2 5399/3/2
f 5399/3/2 5396/3/2 5400/3/2
f 5401/3/2 5402/3/2 5405/3/2
f 5405/3/2 5402/3/2 5406/3/2
f 5403/3/2 5404/3/2 5407/3/2
f 5407/3/2 5404/3/2 5408/3/2
f 5405/1/2 5406/1/2 5410/1/2
f 5410/1/2 5406/1/2 5411/1/2
f 5407/1/2 5408/1/2 5412/1/2
f 5412/1/2 5408/1/2 5413/1/2
f 5409/3/2 5410/3/2 5415/3/2
f 5415/3/2 5410/3/2 5416/3/2
f 5413/3/2 5414/3/2 5417/3/2
f 5417/3/2 5414/3/2 5418/3/2
f 5419/1/2 5420/1/2 5421/1/2
f 5421/1/2 5420/1/2 5422/1/2
f 5422/1/2 5420/1/2 5423/1/2
f 5423/1/2 5420/1/2 5424/1/2
f 5415/1/2 5416/1/2 5425/1/2
f 5425/1/2 5416/1/2 5426/1/2
f 5417/1/2 5418/1/2 5427/1/2
f 5427/1/2 5418/1/2 5428/1/2
f 5422/1/2 5423/1/2 5429/1/2
f 5429/1/2 5423/1/2 5430/1/2
f 5425/3/2 5426/3/2 5431/3/2
f 5431/3/2 5426/3/2 5432/3/2
f 5427/3/2 5428/3/2 5435/3/2
f 5435/3/2 5428/3/2 5436/3/2
f 5429/3/2 5430/3/2 5437/3/2
f 5437/3/2 5430/3/2 5438/3/2
f 5432/1/2 5433/1/2 5439/1/2
f 5439/1/2 5433/1/2 5440/1/2
f 5434/1/2 5435/1/2 5441/1/2
f 5441/1/2 5435/1/2 5442/1/2
f 5439/3/2 5440/3/2 5443/3/2
f 5443/3/2 5440/3/2 5444/3/2
f 5441/3/2 5442/3/2 5445/3/2
f 5445/3/2 5442/3/2 5446/3/2
f 5447/3/2 5448/3/2 5455/3/2
f 5455/3/2 5448/3/2 5456/3/2
f 5449/3/2 5450/3/2 5457/3/2
f 5457/3/2 5450/3/2 5458/3/2
f 5453/3/2 5454/3/2 5459/3/2
f 5451/3/2 5452/3/2 5459/3/2
f 5452/3/2 5453/3/2 5459/3/2
f 5459/3/2 5454/3/2 5460/3/2
f 5455/1/2 5456/1/2 5462/1/2
f 5462/1/2 5456/1/2 5463/1/2
f 5457/1/2 5458/1/2 5464/1/2
f 5464/1/2 5458/1/2 5465/1/2
f 5459/1/2 5460/1/2 5467/1/2
f 5467/1/2 5460/1/2 5468/1/2
f 5461/3/2 5462/3/2 5469/3/2
f 5469/3/2 5462/3/2 5470/3/2
f 5465/3/2 5466/3/2 5471/3/2
f 5471/3/2 5466/3/2 5472/3/2
f 5467/3/2 5468/3/2 5474/3/2
f 5474/3/2 5468/3/2 5475/3/2
f 5473/1/2 5474/1/2 5477/1/2
f 5477/1/2 5474/1/2 5478/1/2
f 5475/1/2 5476/1/2 5481/1/2
f 5481/1/2 5476/1/2 5482/1/2
f 5469/1/2 5470/1/2 5483/1/2
f 5483/1/2 5470/1/2 5484/1/2
f 5471/1/2 5472/1/2 5485/1/2
f 5485/1/2 5472/1/2 5486/1/2
f 5478/1/2 5479/1/2 5487/1/2
f 5487/1/2 5479/1/2 5488/1/2
f 5480/1/2 5481/1/2 5489/1/2
f 5489/1/2 5481/1/2 5490/1/2
f 5483/3/2 5484/3/2 5491/3/2
f 5491/3/2 5484/3/2 5492/3/2
f 5485/3/2 5486/3/2 5495/3/2
f 5495/3/2 5486/3/2 5496/3/2
f 5487/3/2 5488/3/2 5497/3/2
f 5497/3/2 5488/3/2 5498/3/2
f 5489/3/2 5490/3/2 5499/3/2
f 5499/3/2 5490/3/2 5500/3/2
f 5492/1/2 5493/1/2 5501/1/2
f 5501/1/2 5493/1/2 5502/1/2
f 5494/1/2 5495/1/2 5503/1/2
f 5503/1/2 5495/1/2 5504/1/2
f 5498/1/2 5499/1/2 5505/1/2
f 5505/1/2 5499/1/2 5506/1/2
f 5501/3/2 5502/3/2 5507/3/2
f 5507/3/2 5502/3/2 5508/3/2
f 5503/3/2 5504/3/2 5509/3/2
f 5509/3/2 5504/3/2 5510/3/2
f 5511/3/2 5512/3/2 5517/3/2
f 5517/3/2 5512/3/2 5518/3/2
f 5513/3/2 5514/3/2 5519/3/2
f 5519/3/2 5514/3/2 5520/3/2
f 5515/3/2 5516/3/2 5521/3/2
f 5521/3/2 5516/3/2 5522/3/2
f 5517/1/2 5518/1/2 5524/1/2
f 5524/1/2 5518/1/2 5525/1/2
f 5519/1/2 5520/1/2 5527/1/2
f 5527/1/2 5520/1/2 5528/1/2
f 5521/1/2 5522/1/2 5529/1/2
f 5529/1/2 5522/1/2 5530/1/2
f 5523/3/2 5524/3/2 5531/3/2
f 5531/3/2 5524/3/2 5532/3/2
f 5525/3/2 5526/3/2 5533/3/2
f 5533/3/2 5526/3/2 5534/3/2
f 5527/3/2 5528/3/2 5536/3/2
f 5536/3/2 5528/3/2 5537/3/2
f 5529/3/2 5530/3/2 5538/3/2
f 5538/3/2 5530/3/2 5539/3/2
f 5535/1/2 5536/1/2 5541/1/2
f 5541/1/2 5536/1/2 5542/1/2
f 5539/1/2 5540/1/2 5545/1/2
f 5545/1/2 5540/1/2 5546/1/2
f 5531/1/2 5532/1/2 5550/1/2
f 5550/1/2 5532/1/2 5551/1/2
f 5533/1/2 5534/1/2 5552/1/2
f 5552/1/2 5534/1/2 5553/1/2
f 5542/1/2 5543/1/2 5554/1/2
f 5554/1/2 5543/1/2 5555/1/2
f 5544/1/2 5545/1/2 5556/1/2
f 5556/1/2 5545/1/2 5557/1/2
f 5550/3/2 5551/3/2 5558/3/2
f 5558/3/2 5551/3/2 5559/3/2
f 5552/3/2 5553/3/2 5560/3/2
f 5560/3/2 5553/3/2 5561/3/2
f 5554/3/2 5555/3/2 5562/3/2
f 5562/3/2 5555/3/2 5563/3/2
f 5556/3/2 5557/3/2 5566/3/2
f 5566/3/2 5557/3/2 5567/3/2
f 5548/15/2 5549/15/2 5568/15/2
f 5559/1/2 5560/1/2 5569/1/2
f 5569/1/2 5560/1/2 5570/1/2
f 5563/1/2 5564/1/2 5571/1/2
f 5571/1/2 5564/1/2 5572/1/2
f 5565/1/2 5566/1/2 5573/1/2
f 5573/1/2 5566/1/2 5574/1/2
f 5548/15/2 5568/15/2 5575/15/2
f 5569/3/2 5570/3/2 5576/3/2
f 5576/3/2 5570/3/2 5577/3/2
f 5548/15/2 5575/15/2 5578/15/2
f 5548/15/2 5578/15/2 5579/15/2
f 5548/15/2 5579/15/2 5580/15/2
f 5548/15/2 5580/15/2 5581/15/2
f 5547/16/2 5548/16/2 5582/16/2
f 5548/15/2 5581/15/2 5583/15/2
f 5582/16/2 5548/16/2 5583/16/2
f 5583/15/2 5581/15/2 5584/15/2
f 5585/3/2 5586/3/2 5589/3/2
f 5589/3/2 5586/3/2 5590/3/2
f 5587/3/2 5588/3/2 5591/3/2
f 5591/3/2 5588/3/2 5592/3/2
f 5589/1/2 5590/1/2 5595/1/2
f 5595/1/2 5590/1/2 5596/1/2
f 5591/1/2 5592/1/2 5597/1/2
f 5597/1/2 5592/1/2 5598/1/2
f 5593/3/2 5594/3/2 5599/3/2
f 5599/3/2 5594/3/2 5600/3/2
f 5595/3/2 5596/3/2 5602/3/2
f 5602/3/2 5596/3/2 5603/3/2
f 5597/3/2 5598/3/2 5604/3/2
f 5604/3/2 5598/3/2 5605/3/2
f 5601/1/2 5602/1/2 5607/1/2
f 5607/1/2 5602/1/2 5608/1/2
f 5605/1/2 5606/1/2 5611/1/2
f 5611/1/2 5606/1/2 5612/1/2
f 5599/1/2 5600/1/2 5613/1/2
f 5613/1/2 5600/1/2 5614/1/2
f 5608/1/2 5609/1/2 5615/1/2
f 5615/1/2 5609/1/2 5616/1/2
f 5610/1/2 5611/1/2 5617/1/2
f 5617/1/2 5611/1/2 5618/1/2
f 5613/3/2 5614/3/2 5619/3/2
f 5619/3/2 5614/3/2 5620/3/2
f 5615/3/2 5616/3/2 5621/3/2
f 5621/3/2 5616/3/2 5622/3/2
f 5617/3/2 5618/3/2 5625/3/2
f 5625/3/2 5618/3/2 5626/3/2
f 5622/1/2 5623/1/2 5627/1/2
f 5627/1/2 5623/1/2 5628/1/2
f 5624/1/2 5625/1/2 5629/1/2
f 5629/1/2 5625/1/2 5630/1/2
f 5631/3/2 5632/3/2 5635/3/2
f 5635/3/2 5632/3/2 5636/3/2
f 5633/3/2 5634/3/2 5637/3/2
f 5637/3/2 5634/3/2 5638/3/2
f 5639/1/2 5640/1/2 5643/1/2
f 5643/1/2 5640/1/2 5644/1/2
f 5641/1/2 5642/1/2 5645/1/2
f 5645/1/2 5642/1/2 5646/1/2
f 5643/3/2 5644/3/2 5647/3/2
f 5647/3/2 5644/3/2 5648/3/2
f 5645/3/2 5646/3/2 5651/3/2
f 5651/3/2 5646/3/2 5652/3/2
f 5648/1/2 5649/1/2 5653/1/2
f 5653/1/2 5649/1/2 5654/1/2
f 5650/1/2 5651/1/2 5655/1/2
f 5655/1/2 5651/1/2 5656/1/2
f 5657/3/2 5658/3/2 5661/3/2
f 5661/3/2 5658/3/2 5662/3/2
f 5659/3/2 5660/3/2 5663/3/2
f 5663/3/2 5660/3/2 5664/3/2
f 5661/1/2 5662/1/2 5666/1/2
f 5666/1/2 5662/1/2 5667/1/2
f 5663/1/2 5664/1/2 5668/1/2
f 5668/1/2 5664/1/2 5669/1/2
f 5665/3/2 5666/3/2 5673/3/2
f 5673/3/2 5666/3/2 5674/3/2
f 5669/3/2 5670/3/2 5675/3/2
f 5675/3/2 5670/3/2 5676/3/2
f 5671/1/2 5672/1/2 5677/1/2
f 5677/1/2 5672/1/2 5678/1/2
f 5678/1/2 5672/1/2 5679/1/2
f 5679/1/2 5672/1/2 5680/1/2
f 5678/1/2 5679/1/2 5681/1/2
f 5681/1/2 5679/1/2 5682/1/2
f 5673/1/2 5674/1/2 5683/1/2
f 5683/1/2 5674/1/2 5684/1/2
f 5675/1/2 5676/1/2 5685/1/2
f 5685/1/2 5676/1/2 5686/1/2
f 5681/3/2 5682/3/2 5687/3/2
f 5687/3/2 5682/3/2 5688/3/2
f 5683/3/2 5684/3/2 5689/3/2
f 5689/3/2 5684/3/2 5690/3/2
f 5685/3/2 5686/3/2 5693/3/2
f 5693/3/2 5686/3/2 5694/3/2
f 5690/1/2 5691/1/2 5695/1/2
f 5695/1/2 5691/1/2 5696/1/2
f 5692/1/2 5693/1/2 5697/1/2
f 5697/1/2 5693/1/2 5698/1/2
f 5695/3/2 5696/3/2 5699/3/2
f 5699/3/2 5696/3/2 5700/3/2
f 5697/3/2 5698/3/2 5701/3/2
f 5701/3/2 5698/3/2 5702/3/2
f 5703/3/2 5704/3/2 5711/3/2
f 5704/3/2 5705/3/2 5711/3/2
f 5705/3/2 5706/3/2 5711/3/2
f 5711/3/2 5706/3/2 5712/3/2
f 5707/3/2 5708/3/2 5713/3/2
f 5713/3/2 5708/3/2 5714/3/2
f 5709/3/2 5710/3/2 5715/3/2
f 5715/3/2 5710/3/2 5716/3/2
f 5711/1/2 5712/1/2 5717/1/2
f 5717/1/2 5712/1/2 5718/1/2
f 5713/1/2 5714/1/2 5720/1/2
f 5720/1/2 5714/1/2 5721/1/2
f 5715/1/2 5716/1/2 5722/1/2
f 5722/1/2 5716/1/2 5723/1/2
f 5717/3/2 5718/3/2 5726/3/2
f 5726/3/2 5718/3/2 5727/3/2
f 5719/3/2 5720/3/2 5729/3/2
f 5729/3/2 5720/3/2 5730/3/2
f 5723/3/2 5724/3/2 5731/3/2
f 5731/3/2 5724/3/2 5732/3/2
f 5725/1/2 5726/1/2 5733/1/2
f 5733/1/2 5726/1/2 5734/1/2
f 5727/1/2 5728/1/2 5737/1/2
f 5737/1/2 5728/1/2 5738/1/2
f 5734/1/2 5735/1/2 5739/1/2
f 5739/1/2 5735/1/2 5740/1/2
f 5736/1/2 5737/1/2 5741/1/2
f 5741/1/2 5737/1/2 5742/1/2
f 5729/1/2 5730/1/2 5743/1/2
f 5743/1/2 5730/1/2 5744/1/2
f 5731/1/2 5732/1/2 5745/1/2
f 5745/1/2 5732/1/2 5746/1/2
f 5739/3/2 5740/3/2 5747/3/2
f 5747/3/2 5740/3/2 5748/3/2
f 5741/3/2 5742/3/2 5749/3/2
f 5749/3/2 5742/3/2 5750/3/2
f 5743/3/2 5744/3/2 5751/3/2
f 5751/3/2 5744/3/2 5752/3/2
f 5745/3/2 5746/3/2 5755/3/2
f 5755/3/2 5746/3/2 5756/3/2
f 5748/1/2 5749/1/2 5757/1/2
f 5757/1/2 5749/1/2 5758/1/2
f 5752/1/2 5753/1/2 5759/1/2
f 5759/1/2 5753/1/2 5760/1/2
f 5754/1/2 5755/1/2 5761/1/2
f 5761/1/2 5755/1/2 5762/1/2
f 5759/3/2 5760/3/2 5763/3/2
f 5763/3/2 5760/3/2 5764/3/2
f 5761/3/2 5762/3/2 5765/3/2
f 5765/3/2 5762/3/2 5766/3/2
f 5767/3/2 5768/3/2 5775/3/2
f 5775/3/2 5768/3/2 5776/3/2
f 5769/3/2 5770/3/2 5777/3/2
f 5777/3/2 5770/3/2 5778/3/2
f 5771/3/2 5772/3/2 5779/3/2
f 5779/3/2 5772/3/2 5780/3/2
f 5773/3/2 5774/3/2 5781/3/2
f 5781/3/2 5774/3/2 5782/3/2
f 5775/1/2 5776/1/2 5783/1/2
f 5783/1/2 5776/1/2 5784/1/2
f 5777/1/2 5778/1/2 5785/1/2
f 5785/1/2 5778/1/2 5786/1/2
f 5779/1/2 5780/1/2 5788/1/2
f 5788/1/2 5780/1/2 5789/1/2
f 5781/1/2 5782/1/2 5790/1/2
f 5790/1/2 5782/1/2 5791/1/2
f 5783/3/2 5784/3/2 5794/3/2
f 5794/3/2 5784/3/2 5795/3/2
f 5785/3/2 5786/3/2 5796/3/2
f 5796/3/2 5786/3/2 5797/3/2
f 5787/3/2 5788/3/2 5799/3/2
f 5799/3/2 5788/3/2 5800/3/2
f 5791/3/2 5792/3/2 5801/3/2
f 5801/3/2 5792/3/2 5802/3/2
f 5793/1/2 5794/1/2 5803/1/2
f 5803/1/2 5794/1/2 5804/1/2
f 5797/1/2 5798/1/2 5807/1/2
f 5807/1/2 5798/1/2 5808/1/2
f 5804/1/2 5805/1/2 5809/1/2
f 5809/1/2 5805/1/2 5810/1/2
f 5806/1/2 5807/1/2 5811/1/2
f 5811/1/2 5807/1/2 5812/1/2
f 5799/1/2 5800/1/2 5813/1/2
f 5813/1/2 5800/1/2 5814/1/2
f 5801/1/2 5802/1/2 5815/1/2
f 5815/1/2 5802/1/2 5816/1/2
f 5809/3/2 5810/3/2 5817/3/2
f 5817/3/2 5810/3/2 5818/3/2
f 5811/3/2 5812/3/2 5821/3/2
f 5821/3/2 5812/3/2 5822/3/2
f 5813/3/2 5814/3/2 5823/3/2
f 5823/3/2 5814/3/2 5824/3/2
f 5815/3/2 5816/3/2 5827/3/2
f 5827/3/2 5816/3/2 5828/3/2
f 5818/1/2 5819/1/2 5829/1/2
f 5829/1/2 5819/1/2 5830/1/2
f 5820/1/2 5821/1/2 5831/1/2
f 5831/1/2 5821/1/2 5832/1/2
f 5824/1/2 5825/1/2 5833/1/2
f 5833/1/2 5825/1/2 5834/1/2
f 5826/1/2 5827/1/2 5835/1/2
f 5835/1/2 5827/1/2 5836/1/2
f 5833/3/2 5834/3/2 5837/3/2
f 5837/3/2 5834/3/2 5838/3/2
f 5835/3/2 5836/3/2 5839/3/2
f 5839/3/2 5836/3/2 5840/3/2
f 5841/3/2 5842/3/2 5849/3/2
f 5849/3/2 5842/3/2 5850/3/2
f 5843/3/2 5844/3/2 5851/3/2
f 5851/3/2 5844/3/2 5852/3/2
f 5847/3/2 5848/3/2 5853/3/2
f 5845/3/2 5846/3/2 5853/3/2
f 5846/3/2 5847/3/2 5853/3/2
f 5853/3/2 5848/3/2 5854/3/2
f 5849/1/2 5850/1/2 5855/1/2
f 5855/1/2 5850/1/2 5856/1/2
f 5851/1/2 5852/1/2 5857/1/2
f 5857/1/2 5852/1/2 5858/1/2
f 5853/1/2 5854/1/2 5860/1/2
f 5860/1/2 5854/1/2 5861/1/2
f 5855/3/2 5856/3/2 5864/3/2
f 5864/3/2 5856/3/2 5865/3/2
f 5857/3/2 5858/3/2 5866/3/2
f 5866/3/2 5858/3/2 5867/3/2
f 5859/3/2 5860/3/2 5869/3/2
f 5869/3/2 5860/3/2 5870/3/2
f 5861/3/2 5862/3/2 5871/3/2
f 5871/3/2 5862/3/2 5872/3/2
f 5863/1/2 5864/1/2 5873/1/2
f 5873/1/2 5864/1/2 5874/1/2
f 5867/1/2 5868/1/2 5877/1/2
f 5877/1/2 5868/1/2 5878/1/2
f 5874/1/2 5875/1/2 5879/1/2
f 5879/1/2 5875/1/2 5880/1/2
f 5876/1/2 5877/1/2 5881/1/2
f 5881/1/2 5877/1/2 5882/1/2
f 5869/1/2 5870/1/2 5883/1/2
f 5883/1/2 5870/1/2 5884/1/2
f 5871/1/2 5872/1/2 5885/1/2
f 5885/1/2 5872/1/2 5886/1/2
f 5879/3/2 5880/3/2 5887/3/2
f 5887/3/2 5880/3/2 5888/3/2
f 5881/3/2 5882/3/2 5891/3/2
f 5891/3/2 5882/3/2 5892/3/2
f 5883/3/2 5884/3/2 5893/3/2
f 5893/3/2 5884/3/2 5894/3/2
f 5885/3/2 5886/3/2 5895/3/2
f 5895/3/2 5886/3/2 5896/3/2
f 5888/1/2 5889/1/2 5897/1/2
f 5897/1/2 5889/1/2 5898/1/2
f 5890/1/2 5891/1/2 5899/1/2
f 5899/1/2 5891/1/2 5900/1/2
f 5894/1/2 5895/1/2 5901/1/2
f 5901/1/2 5895/1/2 5902/1/2
f 5901/3/2 5902/3/2 5903/3/2
f 5903/3/2 5902/3/2 5904/3/2
f 5905/3/2 5906/3/2 5911/3/2
f 5911/3/2 5906/3/2 5912/3/2
f 5907/3/2 5908/3/2 5913/3/2
f 5913/3/2 5908/3/2 5914/3/2
f 5909/3/2 5910/3/2 5915/3/2
f 5915/3/2 5910/3/2 5916/3/2
f 5917/1/2 5918/1/2 5921/1/2
f 5921/1/2 5918/1/2 5922/1/2
f 5919/1/2 5920/1/2 5923/1/2
f 5923/1/2 5920/1/2 5924/1/2
f 5915/1/2 5916/1/2 5925/1/2
f 5925/1/2 5916/1/2 5926/1/2
f 5921/3/2 5922/3/2 5927/3/2
f 5927/3/2 5922/3/2 5928/3/2
f 5923/3/2 5924/3/2 5931/3/2
f 5931/3/2 5924/3/2 5932/3/2
f 5925/3/2 5926/3/2 5933/3/2
f 5933/3/2 5926/3/2 5934/3/2
f 5928/1/2 5929/1/2 5935/1/2
f 5935/1/2 5929/1/2 5936/1/2
f 5930/1/2 5931/1/2 5937/1/2
f 5937/1/2 5931/1/2 5938/1/2
f 5939/3/2 5940/3/2 5943/3/2
f 5943/3/2 5940/3/2 5944/3/2
f 5941/3/2 5942/3/2 5945/3/2
f 5945/3/2 5942/3/2 5946/3/2
f 5943/1/2 5944/1/2 5948/1/2
f 5948/1/2 5944/1/2 5949/1/2
f 5945/1/2 5946/1/2 5950/1/2
f 5950/1/2 5946/1/2 5951/1/2
f 5947/3/2 5948/3/2 5953/3/2
f 5953/3/2 5948/3/2 5954/3/2
f 5951/3/2 5952/3/2 5955/3/2
f 5955/3/2 5952/3/2 5956/3/2
f 5953/1/2 5954/1/2 5957/1/2
f 5957/1/2 5954/1/2 5958/1/2
f 5955/1/2 5956/1/2 5959/1/2
f 5959/1/2 5956/1/2 5960/1/2
f 5957/3/2 5958/3/2 5961/3/2
f 5961/3/2 5958/3/2 5962/3/2
f 5959/3/2 5960/3/2 5965/3/2
f 5965/3/2 5960/3/2 5966/3/2
f 5962/1/2 5963/1/2 5967/1/2
f 5967/1/2 5963/1/2 5968/1/2
f 5964/1/2 5965/1/2 5969/1/2
f 5969/1/2 5965/1/2 5970/1/2
f 5967/3/2 5968/3/2 5971/3/2
f 5971/3/2 5968/3/2 5972/3/2
f 5969/3/2 5970/3/2 5973/3/2
f 5973/3/2 5970/3/2 5974/3/2
f 5975/3/2 5976/3/2 5979/3/2
f 5979/3/2 5976/3/2 5980/3/2
f 5977/3/2 5978/3/2 5981/3/2
f 5981/3/2 5978/3/2 5982/3/2
f 5979/1/2 5980/1/2 5984/1/2
f 5984/1/2 5980/1/2 5985/1/2
f 5981/1/2 5982/1/2 5986/1/2
f 5986/1/2 5982/1/2 5987/1/2
f 5983/3/2 5984/3/2 5989/3/2
f 5989/3/2 5984/3/2 5990/3/2
f 5987/3/2 5988/3/2 5991/3/2
f 5991/3/2 5988/3/2 5992/3/2
f 5989/1/2 5990/1/2 5993/1/2
f 5993/1/2 5990/1/2 5994/1/2
f 5991/1/2 5992/1/2 5995/1/2
f 5995/1/2 5992/1/2 5996/1/2
f 5993/3/2 5994/3/2 5997/3/2
f 5997/3/2 5994/3/2 5998/3/2
f 5995/3/2 5996/3/2 6001/3/2
f 6001/3/2 5996/3/2 6002/3/2
f 5998/1/2 5999/1/2 6003/1/2
f 6003/1/2 5999/1/2 6004/1/2
f 6000/1/2 6001/1/2 6005/1/2
f 6005/1/2 6001/1/2 6006/1/2
f 6003/3/2 6004/3/2 6007/3/2
f 6007/3/2 6004/3/2 6008/3/2
f 6005/3/2 6006/3/2 6009/3/2
f 6009/3/2 6006/3/2 6010/3/2
f 6011/3/2 6012/3/2 6015/3/2
f 6015/3/2 6012/3/2 6016/3/2
f 6013/3/2 6014/3/2 6017/3/2
f 6017/3/2 6014/3/2 6018/3/2
f 6015/1/2 6016/1/2 6020/1/2
f 6020/1/2 6016/1/2 6021/1/2
f 6017/1/2 6018/1/2 6022/1/2
f 6022/1/2 6018/1/2 6023/1/2
f 6019/3/2 6020/3/2 6025/3/2
f 6025/3/2 6020/3/2 6026/3/2
f 6023/3/2 6024/3/2 6027/3/2
f 6027/3/2 6024/3/2 6028/3/2
f 6025/1/2 6026/1/2 6029/1/2
f 6029/1/2 6026/1/2 6030/1/2
f 6027/1/2 6028/1/2 6031/1/2
f 6031/1/2 6028/1/2 6032/1/2
f 6029/3/2 6030/3/2 6033/3/2
f 6033/3/2 6030/3/2 6034/3/2
f 6031/3/2 6032/3/2 6037/3/2
f 6037/3/2 6032/3/2 6038/3/2
f 6034/1/2 6035/1/2 6039/1/2
f 6039/1/2 6035/1/2 6040/1/2
f 6036/1/2 6037/1/2 6041/1/2
f 6041/1/2 6037/1/2 6042/1/2
f 6039/3/2 6040/3/2 6043/3/2
f 6043/3/2 6040/3/2 6044/3/2
f 6041/3/2 6042/3/2 6045/3/2
f 6045/3/2 6042/3/2 6046/3/2
f 6047/3/2 6048/3/2 6049/3/2
f 6049/3/2 6048/3/2 6050/3/2
f 6049/1/2 6050/1/2 6052/1/2
f 6052/1/2 6050/1/2 6053/1/2
f 6051/3/2 6052/3/2 6055/3/2
f 6055/3/2 6052/3/2 6056/3/2
f 6053/3/2 6054/3/2 6057/3/2
f 6057/3/2 6054/3/2 6058/3/2
f 6055/1/2 6056/1/2 6059/1/2
f 6059/1/2 6056/1/2 6060/1/2
f 6057/1/2 6058/1/2 6061/1/2
f 6061/1/2 6058/1/2 6062/1/2
f 6059/3/2 6060/3/2 6063/3/2
f 6063/3/2 6060/3/2 6064/3/2
f 6061/3/2 6062/3/2 6065/3/2
f 6065/3/2 6062/3/2 6066/3/2
f 6064/1/2 6065/1/2 6067/1/2
f 6067/1/2 6065/1/2 6068/1/2
f 6067/3/2 6068/3/2 6069/3/2
f 6069/3/2 6068/3/2 6070/3/2
f 6071/3/2 6072/3/2 6073/3/2
f 6073/3/2 6072/3/2 6074/3/2
f 6073/1/2 6074/1/2 6075/1/2
f 6075/1/2 6074/1/2 6076/1/2
f 6075/3/2 6076/3/2 6077/3/2
f 6077/3/2 6076/3/2 6078/3/2
f 6079/15/2 6080/15/2 6081/15/2
f 6081/15/2 6080/15/2 6082/15/2
f 6081/4/2 6082/4/2 6083/4/2
f 6083/4/2 6082/4/2 6084/4/2
f 6083/15/2 6084/15/2 6085/15/2
f 6085/15/2 6084/15/2 6086/15/2
f 6086/15/2 6084/15/2 6087/15/2
f 6087/15/2 6084/15/2 6088/15/2
f 6087/4/2 6088/4/2 6089/4/2
f 6089/4/2 6088/4/2 6090/4/2
f 6089/15/2 6090/15/2 6091/15/2
f 6091/15/2 6090/15/2 6092/15/2
f 6091/25/2 6092/25/2 6093/25/2
f 6093/25/2 6092/25/2 6094/25/2
f 6093/15/2 6094/15/2 6095/15/2
f 6095/15/2 6094/15/2 6096/15/2
f 6097/33/2 6098/33/2 6099/33/2
f 6099/33/2 6098/33/2 6100/33/2
f 6100/33/2 6098/33/2 6101/33/2
f 6101/33/2 6098/33/2 6102/33/2
f 6102/33/2 6098/33/2 6103/33/2
f 6103/33/2 6098/33/2 6104/33/2
f 6104/33/2 6098/33/2 6105/33/2
f 6105/33/2 6098/33/2 6106/33/2
f 6106/33/2 6098/33/2 6107/33/2
f 6107/33/2 6098/33/2 6108/33/2
f 6108/33/2 6098/33/2 6109/33/2
f 6109/33/2 6098/33/2 6110/33/2
f 6110/33/2 6098/33/2 6111/33/2
f 6111/33/2 6098/33/2 6112/33/2
f 6112/33/2 6098/33/2 6113/33/2
f 6113/33/2 6098/33/2 6114/33/2
f 6114/33/2 6098/33/2 6115/33/2
f 6115/33/2 6098/33/2 6116/33/2
f 6116/33/2 6098/33/2 6117/33/2
f 6117/33/2 6098/33/2 6118/33/2
f 6118/33/2 6098/33/2 6119/33/2
f 6119/33/2 6098/33/2 6120/33/2
f 6120/33/2 6098/33/2 6121/33/2
f 6121/33/2 6098/33/2 6122/33/2
f 6122/33/2 6098/33/2 6123/33/2
f 6123/33/2 6098/33/2 6124/33/2
f 6124/33/2 6098/33/2 6125/33/2
f 6099/23/2 6100/23/2 6126/23/2
f 6100/25/2 6101/25/2 6127/25/2
f 6126/23/2 6100/23/2 6127/23/2
f 6101/23/2 6102/23/2 6128/23/2
f 6127/25/2 6101/25/2 6128/25/2
f 6102/25/2 6103/25/2 6129/25/2
f 6128/23/2 6102/23/2 6129/23/2
f 6103/23/2 6104/23/2 6130/23/2
f 6129/25/2 6103/25/2 6130/25/2
f 6104/25/2 6105/25/2 6131/25/2
f 6130/23/2 6104/23/2 6131/23/2
f 6105/23/2 6106/23/2 6132/23/2
f 6131/25/2 6105/25/2 6132/25/2
f 6106/25/2 6107/25/2 6133/25/2
f 6132/23/2 6106/23/2 6133/23/2
f 6107/23/2 6108/23/2 6134/23/2
f 6133/25/2 6107/25/2 6134/25/2
f 6108/25/2 6109/25/2 6135/25/2
f 6134/23/2 6108/23/2 6135/23/2
f 6109/23/2 6110/23/2 6136/23/2
f 6135/25/2 6109/25/2 6136/25/2
f 6110/25/2 6111/25/2 6137/25/2
f 6136/23/2 6110/23/2 6137/23/2
f 6111/23/2 6112/23/2 6138/23/2
f 6137/25/2 6111/25/2 6138/25/2
f 6112/25/2 6113/25/2 6139/25/2
f 6138/23/2 6112/23/2 6139/23/2
f 6113/23/2 6114/23/2 6140/23/2
f 6139/25/2 6113/25/2 6140/25/2
f 6114/25/2 6115/25/2 6141/25/2
f 6140/23/2 6114/23/2 6141/23/2
f 6115/23/2 6116/23/2 6142/23/2
f 6141/25/2 6115/25/2 6142/25/2
f 6116/25/2 6117/25/2 6143/25/2
f 6142/23/2 6116/23/2 6143/23/2
f 6117/23/2 6118/23/2 6144/23/2
f 6143/25/2 6117/25/2 6144/25/2
f 6118/25/2 6119/25/2 6145/25/2
f 6144/23/2 6118/23/2 6145/23/2
f 6119/23/2 6120/23/2 6146/23/2
f 6145/25/2 6119/25/2 6146/25/2
f 6120/25/2 6121/25/2 6147/25/2
f 6146/23/2 6120/23/2 6147/23/2
f 6121/23/2 6122/23/2 6148/23/2
f 6147/25/2 6121/25/2 6148/25/2
f 6122/25/2 6123/25/2 6149/25/2
f 6148/23/2 6122/23/2 6149/23/2
f 6123/23/2 6124/23/2 6150/23/2
f 6149/25/2 6123/25/2 6150/25/2
f 6150/23/2 6124/23/2 6151/23/2
f 6126/25/2 6127/25/2 6152/25/2
f 6127/25/2 6128/25/2 6152/25/2
f 6150/25/2 6151/25/2 6152/25/2
f 6149/25/2 6150/25/2 6152/25/2
f 6148/25/2 6149/25/2 6152/25/2
f 6147/25/2 6148/25/2 6152/25/2
f 6146/25/2 6147/25/2 6152/25/2
f 6145/25/2 6146/25/2 6152/25/2
f 6144/25/2 6145/25/2 6152/25/2
f 6143/25/2 6144/25/2 6152/25/2
f 6142/25/2 6143/25/2 6152/25/2
f 6141/25/2 6142/25/2 6152/25/2
f 6140/25/2 6141/25/2 6152/25/2
f 6139/25/2 6140/25/2 6152/25/2
f 6138/25/2 6139/25/2 6152/25/2
f 6137/25/2 6138/25/2 6152/25/2
f 6136/25/2 6137/25/2 6152/25/2
f 6135/25/2 6136/25/2 6152/25/2
f 6134/25/2 6135/25/2 6152/25/2
f 6133/25/2 6134/25/2 6152/25/2
f 6132/25/2 6133/25/2 6152/25/2
f 6131/25/2 6132/25/2 6152/25/2
f 6130/25/2 6131/25/2 6152/25/2
f 6129/25/2 6130/25/2 6152/25/2
f 6128/25/2 6129/25/2 6152/25/2
f 6152/25/2 6151/25/2 6153/25/2
f 6153/25/2 6151/25/2 6154/25/2
f 6154/25/2 6151/25/2 6155/25/2
f 6155/25/2 6151/25/2 6156/25/2
f 6156/25/2 6151/25/2 6157/25/2
f 6157/25/2 6151/25/2 6158/25/2
f 6158/25/2 6151/25/2 6159/25/2
f 6159/25/2 6151/25/2 6160/25/2
f 6160/25/2 6151/25/2 6161/25/2
f 6161/25/2 6151/25/2 6162/25/2
f 6162/25/2 6151/25/2 6163/25/2
f 6163/25/2 6151/25/2 6164/25/2
f 6164/25/2 6151/25/2 6165/25/2
f 6165/25/2 6151/25/2 6166/25/2
f 6166/25/2 6151/25/2 6167/25/2
f 6167/25/2 6151/25/2 6168/25/2
f 6168/25/2 6151/25/2 6169/25/2
f 6169/25/2 6151/25/2 6170/25/2
f 6170/25/2 6151/25/2 6171/25/2
f 6171/25/2 6151/25/2 6172/25/2
f 6172/25/2 6151/25/2 6173/25/2
f 6173/25/2 6151/25/2 6174/25/2
f 6174/25/2 6151/25/2 6175/25/2
f 6175/25/2 6151/25/2 6176/25/2
f 6151/23/2 6124/23/2 6177/23/2
f 6176/25/2 6151/25/2 6177/25/2
f 6152/23/2 6153/23/2 6178/23/2
f 6153/25/2 6154/25/2 6179/25/2
f 6178/23/2 6153/23/2 6179/23/2
f 6154/23/2 6155/23/2 6180/23/2
f 6179/25/2 6154/25/2 6180/25/2
f 6155/25/2 6156/25/2 6181/25/2
f 6180/23/2 6155/23/2 6181/23/2
f 6156/23/2 6157/23/2 6182/23/2
f 6181/25/2 6156/25/2 6182/25/2
f 6157/25/2 6158/25/2 6183/25/2
f 6182/23/2 6157/23/2 6183/23/2
f 6158/23/2 6159/23/2 6184/23/2
f 6183/25/2 6158/25/2 6184/25/2
f 6159/25/2 6160/25/2 6185/25/2
f 6184/23/2 6159/23/2 6185/23/2
f 6160/23/2 6161/23/2 6186/23/2
f 6185/25/2 6160/25/2 6186/25/2
f 6161/25/2 6162/25/2 6187/25/2
f 6186/23/2 6161/23/2 6187/23/2
f 6162/23/2 6163/23/2 6188/23/2
f 6187/25/2 6162/25/2 6188/25/2
f 6163/25/2 6164/25/2 6189/25/2
f 6188/23/2 6163/23/2 6189/23/2
f 6164/23/2 6165/23/2 6190/23/2
f 6189/25/2 6164/25/2 6190/25/2
f 6165/25/2 6166/25/2 6191/25/2
f 6190/23/2 6165/23/2 6191/23/2
f 6166/23/2 6167/23/2 6192/23/2
f 6191/25/2 6166/25/2 6192/25/2
f 6167/25/2 6168/25/2 6193/25/2
f 6192/23/2 6167/23/2 6193/23/2
f 6168/23/2 6169/23/2 6194/23/2
f 6193/25/2 6168/25/2 6194/25/2
f 6169/25/2 6170/25/2 6195/25/2
f 6194/23/2 6169/23/2 6195/23/2
f 6170/23/2 6171/23/2 6196/23/2
f 6195/25/2 6170/25/2 6196/25/2
f 6171/25/2 6172/25/2 6197/25/2
f 6196/23/2 6171/23/2 6197/23/2
f 6172/23/2 6173/23/2 6198/23/2
f 6197/25/2 6172/25/2 6198/25/2
f 6173/25/2 6174/25/2 6199/25/2
f 6198/23/2 6173/23/2 6199/23/2
f 6174/23/2 6175/23/2 6200/23/2
f 6199/25/2 6174/25/2 6200/25/2
f 6175/25/2 6176/25/2 6201/25/2
f 6200/23/2 6175/23/2 6201/23/2
f 6176/23/2 6177/23/2 6202/23/2
f 6201/25/2 6176/25/2 6202/25/2
f 6202/23/2 6177/23/2 6203/23/2
f 6199/25/2 6200/25/2 6204/25/2
f 6178/25/2 6179/25/2 6204/25/2
f 6202/25/2 6203/25/2 6204/25/2
f 6201/25/2 6202/25/2 6204/25/2
f 6200/25/2 6201/25/2 6204/25/2
f 6198/25/2 6199/25/2 6204/25/2
f 6197/25/2 6198/25/2 6204/25/2
f 6196/25/2 6197/25/2 6204/25/2
f 6195/25/2 6196/25/2 6204/25/2
f 6194/25/2 6195/25/2 6204/25/2
f 6193/25/2 6194/25/2 6204/25/2
f 6192/25/2 6193/25/2 6204/25/2
f 6191/25/2 6192/25/2 6204/25/2
f 6190/25/2 6191/25/2 6204/25/2
f 6189/25/2 6190/25/2 6204/25/2
f 6188/25/2 6189/25/2 6204/25/2
f 6187/25/2 6188/25/2 6204/25/2
f 6186/25/2 6187/25/2 6204/25/2
f 6185/25/2 6186/25/2 6204/25/2
f 6184/25/2 6185/25/2 6204/25/2
f 6183/25/2 6184/25/2 6204/25/2
f 6182/25/2 6183/25/2 6204/25/2
f 6181/25/2 6182/25/2 6204/25/2
f 6180/25/2 6181/25/2 6204/25/2
f 6179/25/2 6180/25/2 6204/25/2
f 6204/25/2 6203/25/2 6205/25/2
f 6205/25/2 6203/25/2 6206/25/2
f 6206/25/2 6203/25/2 6207/25/2
f 6207/25/2 6203/25/2 6208/25/2
f 6208/25/2 6203/25/2 6209/25/2
f 6209/25/2 6203/25/2 6210/25/2
f 6210/25/2 6203/25/2 6211/25/2
f 6211/25/2 6203/25/2 6212/25/2
f 6212/25/2 6203/25/2 6213/25/2
f 6213/25/2 6203/25/2 6214/25/2
f 6214/25/2 6203/25/2 6215/25/2
f 6215/25/2 6203/25/2 6216/25/2
f 6216/25/2 6203/25/2 6217/25/2
f 6217/25/2 6203/25/2 6218/25/2
f 6218/25/2 6203/25/2 6219/25/2
f 6219/25/2 6203/25/2 6220/25/2
f 6220/25/2 6203/25/2 6221/25/2
f 6221/25/2 6203/25/2 6222/25/2
f 6222/25/2 6203/25/2 6223/25/2
f 6223/25/2 6203/25/2 6224/25/2
f 6224/25/2 6203/25/2 6225/25/2
f 6225/25/2 6203/25/2 6226/25/2
f 6226/25/2 6203/25/2 6227/25/2
f 6227/25/2 6203/25/2 6228/25/2
f 6203/23/2 6177/23/2 6229/23/2
f 6228/25/2 6203/25/2 6229/25/2
f 6204/23/2 6205/23/2 6230/23/2
f 6205/25/2 6206/25/2 6231/25/2
f 6230/23/2 6205/23/2 6231/23/2
f 6206/23/2 6207/23/2 6232/23/2
f 6231/25/2 6206/25/2 6232/25/2
f 6207/25/2 6208/25/2 6233/25/2
f 6232/23/2 6207/23/2 6233/23/2
f 6208/23/2 6209/23/2 6234/23/2
f 6233/25/2 6208/25/2 6234/25/2
f 6209/25/2 6210/25/2 6235/25/2
f 6234/23/2 6209/23/2 6235/23/2
f 6210/23/2 6211/23/2 6236/23/2
f 6235/25/2 6210/25/2 6236/25/2
f 6211/25/2 6212/25/2 6237/25/2
f 6236/23/2 6211/23/2 6237/23/2
f 6212/23/2 6213/23/2 6238/23/2
f 6237/25/2 6212/25/2 6238/25/2
f 6213/25/2 6214/25/2 6239/25/2
f 6238/23/2 6213/23/2 6239/23/2
f 6214/23/2 6215/23/2 6240/23/2
f 6239/25/2 6214/25/2 6240/25/2
f 6215/25/2 6216/25/2 6241/25/2
f 6240/23/2 6215/23/2 6241/23/2
f 6216/23/2 6217/23/2 6242/23/2
f 6241/25/2 6216/25/2 6242/25/2
f 6217/25/2 6218/25/2 6243/25/2
f 6242/23/2 6217/23/2 6243/23/2
f 6218/23/2 6219/23/2 6244/23/2
f 6243/25/2 6218/25/2 6244/25/2
f 6219/25/2 6220/25/2 6245/25/2
f 6244/23/2 6219/23/2 6245/23/2
f 6220/23/2 6221/23/2 6246/23/2
f 6245/25/2 6220/25/2 6246/25/2
f 6221/25/2 6222/25/2 6247/25/2
f 6246/23/2 6221/23/2 6247/23/2
f 6222/23/2 6223/23/2 6248/23/2
f 6247/25/2 6222/25/2 6248/25/2
f 6223/25/2 6224/25/2 6249/25/2
f 6248/23/2 6223/23/2 6249/23/2
f 6224/23/2 6225/23/2 6250/23/2
f 6249/25/2 6224/25/2 6250/25/2
f 6225/25/2 6226/25/2 6251/25/2
f 6250/23/2 6225/23/2 6251/23/2
f 6226/23/2 6227/23/2 6252/23/2
f 6251/25/2 6226/25/2 6252/25/2
f 6227/25/2 6228/25/2 6253/25/2
f 6252/23/2 6227/23/2 6253/23/2
f 6228/23/2 6229/23/2 6254/23/2
f 6253/25/2 6228/25/2 6254/25/2
f 6177/23/2 6124/23/2 6255/23/2
f 6254/23/2 6229/23/2 6255/23/2
f 6229/23/2 6177/23/2 6255/23/2
f 6251/25/2 6252/25/2 6256/25/2
f 6253/25/2 6254/25/2 6256/25/2
f 6254/25/2 6255/25/2 6256/25/2
f 6250/25/2 6251/25/2 6256/25/2
f 6249/25/2 6250/25/2 6256/25/2
f 6248/25/2 6249/25/2 6256/25/2
f 6247/25/2 6248/25/2 6256/25/2
f 6246/25/2 6247/25/2 6256/25/2
f 6245/25/2 6246/25/2 6256/25/2
f 6244/25/2 6245/25/2 6256/25/2
f 6243/25/2 6244/25/2 6256/25/2
f 6242/25/2 6243/25/2 6256/25/2
f 6241/25/2 6242/25/2 6256/25/2
f 6240/25/2 6241/25/2 6256/25/2
f 6239/25/2 6240/25/2 6256/25/2
f 6238/25/2 6239/25/2 6256/25/2
f 6237/25/2 6238/25/2 6256/25/2
f 6236/25/2 6237/25/2 6256/25/2
f 6235/25/2 6236/25/2 6256/25/2
f 6234/25/2 6235/25/2 6256/25/2
f 6233/25/2 6234/25/2 6256/25/2
f 6232/25/2 6233/25/2 6256/25/2
f 6231/25/2 6232/25/2 6256/25/2
f 6230/25/2 6231/25/2 6256/25/2
f 6252/25/2 6253/25/2 6256/25/2
f 6256/25/2 6255/25/2 6257/25/2
f 6257/25/2 6255/25/2 6258/25/2
f 6258/25/2 6255/25/2 6259/25/2
f 6259/25/2 6255/25/2 6260/25/2
f 6260/25/2 6255/25/2 6261/25/2
f 6261/25/2 6255/25/2 6262/25/2
f 6262/25/2 6255/25/2 6263/25/2
f 6263/25/2 6255/25/2 6264/25/2
f 6264/25/2 6255/25/2 6265/25/2
f 6265/25/2 6255/25/2 6266/25/2
f 6266/25/2 6255/25/2 6267/25/2
f 6267/25/2 6255/25/2 6268/25/2
f 6268/25/2 6255/25/2 6269/25/2
f 6269/25/2 6255/25/2 6270/25/2
f 6270/25/2 6255/25/2 6271/25/2
f 6271/25/2 6255/25/2 6272/25/2
f 6272/25/2 6255/25/2 6273/25/2
f 6273/25/2 6255/25/2 6274/25/2
f 6274/25/2 6255/25/2 6275/25/2
f 6275/25/2 6255/25/2 6276/25/2
f 6276/25/2 6255/25/2 6277/25/2
f 6277/25/2 6255/25/2 6278/25/2
f 6278/25/2 6255/25/2 6279/25/2
f 6279/25/2 6255/25/2 6280/25/2
f 6255/23/2 6124/23/2 6281/23/2
f 6280/25/2 6255/25/2 6281/25/2
f 6256/23/2 6257/23/2 6282/23/2
f 6257/25/2 6258/25/2 6283/25/2
f 6282/23/2 6257/23/2 6283/23/2
f 6258/23/2 6259/23/2 6284/23/2
f 6283/25/2 6258/25/2 6284/25/2
f 6259/25/2 6260/25/2 6285/25/2
f 6284/23/2 6259/23/2 6285/23/2
f 6260/23/2 6261/23/2 6286/23/2
f 6285/25/2 6260/25/2 6286/25/2
f 6261/25/2 6262/25/2 6287/25/2
f 6286/23/2 6261/23/2 6287/23/2
f 6262/23/2 6263/23/2 6288/23/2
f 6287/25/2 6262/25/2 6288/25/2
f 6263/25/2 6264/25/2 6289/25/2
f 6288/23/2 6263/23/2 6289/23/2
f 6264/23/2 6265/23/2 6290/23/2
f 6289/25/2 6264/25/2 6290/25/2
f 6265/25/2 6266/25/2 6291/25/2
f 6290/23/2 6265/23/2 6291/23/2
f 6266/23/2 6267/23/2 6292/23/2
f 6291/25/2 6266/25/2 6292/25/2
f 6267/25/2 6268/25/2 6293/25/2
f 6292/23/2 6267/23/2 6293/23/2
f 6268/23/2 6269/23/2 6294/23/2
f 6293/25/2 6268/25/2 6294/25/2
f 6269/25/2 6270/25/2 6295/25/2
f 6294/23/2 6269/23/2 6295/23/2
f 6270/23/2 6271/23/2 6296/23/2
f 6295/25/2 6270/25/2 6296/25/2
f 6271/25/2 6272/25/2 6297/25/2
f 6296/23/2 6271/23/2 6297/23/2
f 6272/23/2 6273/23/2 6298/23/2
f 6297/25/2 6272/25/2 6298/25/2
f 6273/25/2 6274/25/2 6299/25/2
f 6298/23/2 6273/23/2 6299/23/2
f 6274/23/2 6275/23/2 6300/23/2
f 6299/25/2 6274/25/2 6300/25/2
f 6275/25/2 6276/25/2 6301/25/2
f 6300/23/2 6275/23/2 6301/23/2
f 6276/23/2 6277/23/2 6302/23/2
f 6301/25/2 6276/25/2 6302/25/2
f 6277/25/2 6278/25/2 6303/25/2
f 6302/23/2 6277/23/2 6303/23/2
f 6278/23/2 6279/23/2 6304/23/2
f 6303/25/2 6278/25/2 6304/25/2
f 6279/25/2 6280/25/2 6305/25/2
f 6304/23/2 6279/23/2 6305/23/2
f 6280/23/2 6281/23/2 6306/23/2
f 6305/25/2 6280/25/2 6306/25/2
f 6281/23/2 6124/23/2 6307/23/2
f 6306/23/2 6281/23/2 6307/23/2
f 6303/25/2 6304/25/2 6308/25/2
f 6305/25/2 6306/25/2 6308/25/2
f 6306/25/2 6307/25/2 6308/25/2
f 6304/25/2 6305/25/2 6308/25/2
f 6302/25/2 6303/25/2 6308/25/2
f 6301/25/2 6302/25/2 6308/25/2
f 6300/25/2 6301/25/2 6308/25/2
f 6299/25/2 6300/25/2 6308/25/2
f 6298/25/2 6299/25/2 6308/25/2
f 6297/25/2 6298/25/2 6308/25/2
f 6296/25/2 6297/25/2 6308/25/2
f 6295/25/2 6296/25/2 6308/25/2
f 6294/25/2 6295/25/2 6308/25/2
f 6293/25/2 6294/25/2 6308/25/2
f 6292/25/2 6293/25/2 6308/25/2
f 6291/25/2 6292/25/2 6308/25/2
f 6290/25/2 6291/25/2 6308/25/2
f 6289/25/2 6290/25/2 6308/25/2
f 6288/25/2 6289/25/2 6308/25/2
f 6287/25/2 6288/25/2 6308/25/2
f 6286/25/2 6287/25/2 6308/25/2
f 6285/25/2 6286/25/2 6308/25/2
f 6284/25/2 6285/25/2 6308/25/2
f 6283/25/2 6284/25/2 6308/25/2
f 6282/25/2 6283/25/2 6308/25/2
f 6308/25/2 6307/25/2 6309/25/2
f 6309/25/2 6307/25/2 6310/25/2
f 6310/25/2 6307/25/2 6311/25/2
f 6311/25/2 6307/25/2 6312/25/2
f 6312/25/2 6307/25/2 6313/25/2
f 6313/25/2 6307/25/2 6314/25/2
f 6314/25/2 6307/25/2 6315/25/2
f 6315/25/2 6307/25/2 6316/25/2
f 6316/25/2 6307/25/2 6317/25/2
f 6317/25/2 6307/25/2 6318/25/2
f 6318/25/2 6307/25/2 6319/25/2
f 6319/25/2 6307/25/2 6320/25/2
f 6320/25/2 6307/25/2 6321/25/2
f 6321/25/2 6307/25/2 6322/25/2
f 6322/25/2 6307/25/2 6323/25/2
f 6323/25/2 6307/25/2 6324/25/2
f 6324/25/2 6307/25/2 6325/25/2
f 6325/25/2 6307/25/2 6326/25/2
f 6326/25/2 6307/25/2 6327/25/2
f 6327/25/2 6307/25/2 6328/25/2
f 6328/25/2 6307/25/2 6329/25/2
f 6329/25/2 6307/25/2 6330/25/2
f 6330/25/2 6307/25/2 6331/25/2
f 6331/25/2 6307/25/2 6332/25/2
f 6307/23/2 6124/23/2 6333/23/2
f 6332/25/2 6307/25/2 6333/25/2
f 6308/23/2 6309/23/2 6334/23/2
f 6309/25/2 6310/25/2 6335/25/2
f 6334/23/2 6309/23/2 6335/23/2
f 6310/23/2 6311/23/2 6336/23/2
f 6335/25/2 6310/25/2 6336/25/2
f 6311/25/2 6312/25/2 6337/25/2
f 6336/23/2 6311/23/2 6337/23/2
f 6312/23/2 6313/23/2 6338/23/2
f 6337/25/2 6312/25/2 6338/25/2
f 6313/25/2 6314/25/2 6339/25/2
f 6338/23/2 6313/23/2 6339/23/2
f 6314/23/2 6315/23/2 6340/23/2
f 6339/25/2 6314/25/2 6340/25/2
f 6315/25/2 6316/25/2 6341/25/2
f 6340/23/2 6315/23/2 6341/23/2
f 6316/23/2 6317/23/2 6342/23/2
f 6341/25/2 6316/25/2 6342/25/2
f 6317/25/2 6318/25/2 6343/25/2
f 6342/23/2 6317/23/2 6343/23/2
f 6318/23/2 6319/23/2 6344/23/2
f 6343/25/2 6318/25/2 6344/25/2
f 6319/25/2 6320/25/2 6345/25/2
f 6344/23/2 6319/23/2 6345/23/2
f 6320/23/2 6321/23/2 6346/23/2
f 6345/25/2 6320/25/2 6346/25/2
f 6321/25/2 6322/25/2 6347/25/2
f 6346/23/2 6321/23/2 6347/23/2
f 6322/23/2 6323/23/2 6348/23/2
f 6347/25/2 6322/25/2 6348/25/2
f 6323/25/2 6324/25/2 6349/25/2
f 6348/23/2 6323/23/2 6349/23/2
f 6324/23/2 6325/23/2 6350/23/2
f 6349/25/2 6324/25/2 6350/25/2
f 6325/25/2 6326/25/2 6351/25/2
f 6350/23/2 6325/23/2 6351/23/2
f 6326/23/2 6327/23/2 6352/23/2
f 6351/25/2 6326/25/2 6352/25/2
f 6327/25/2 6328/25/2 6353/25/2
f 6352/23/2 6327/23/2 6353/23/2
f 6328/23/2 6329/23/2 6354/23/2
f 6353/25/2 6328/25/2 6354/25/2
f 6329/25/2 6330/25/2 6355/25/2
f 6354/23/2 6329/23/2 6355/23/2
f 6330/23/2 6331/23/2 6356/23/2
f 6355/25/2 6330/25/2 6356/25/2
f 6331/25/2 6332/25/2 6357/25/2
f 6356/23/2 6331/23/2 6357/23/2
f 6332/23/2 6333/23/2 6358/23/2
f 6357/25/2 6332/25/2 6358/25/2
f 6333/23/2 6124/23/2 6359/23/2
f 6358/23/2 6333/23/2 6359/23/2
f 6355/25/2 6356/25/2 6360/25/2
f 6357/25/2 6358/25/2 6360/25/2
f 6358/25/2 6359/25/2 6360/25/2
f 6356/25/2 6357/25/2 6360/25/2
f 6354/25/2 6355/25/2 6360/25/2
f 6353/25/2 6354/25/2 6360/25/2
f 6352/25/2 6353/25/2 6360/25/2
f 6351/25/2 6352/25/2 6360/25/2
f 6350/25/2 6351/25/2 6360/25/2
f 6349/25/2 6350/25/2 6360/25/2
f 6348/25/2 6349/25/2 6360/25/2
f 6347/25/2 6348/25/2 6360/25/2
f 6346/25/2 6347/25/2 6360/25/2
f 6345/25/2 6346/25/2 6360/25/2
f 6344/25/2 6345/25/2 6360/25/2
f 6343/25/2 6344/25/2 6360/25/2
f 6342/25/2 6343/25/2 6360/25/2
f 6341/25/2 6342/25/2 6360/25/2
f 6340/25/2 6341/25/2 6360/25/2
f 6339/25/2 6340/25/2 6360/25/2
f 6338/25/2 6339/25/2 6360/25/2
f 6337/25/2 6338/25/2 6360/25/2
f 6336/25/2 6337/25/2 6360/25/2
f 6335/25/2 6336/25/2 6360/25/2
f 6334/25/2 6335/25/2 6360/25/2
f 6360/25/2 6359/25/2 6361/25/2
f 6361/25/2 6359/25/2 6362/25/2
f 6362/25/2 6359/25/2 6363/25/2
f 6363/25/2 6359/25/2 6364/25/2
f 6364/25/2 6359/25/2 6365/25/2
f 6365/25/2 6359/25/2 6366/25/2
f 6366/25/2 6359/25/2 6367/25/2
f 6367/25/2 6359/25/2 6368/25/2
f 6368/25/2 6359/25/2 6369/25/2
f 6369/25/2 6359/25/2 6370/25/2
f 6370/25/2 6359/25/2 6371/25/2
f 6371/25/2 6359/25/2 6372/25/2
f 6372/25/2 6359/25/2 6373/25/2
f 6373/25/2 6359/25/2 6374/25/2
f 6374/25/2 6359/25/2 6375/25/2
f 6375/25/2 6359/25/2 6376/25/2
f 6376/25/2 6359/25/2 6377/25/2
f 6377/25/2 6359/25/2 6378/25/2
f 6378/25/2 6359/25/2 6379/25/2
f 6379/25/2 6359/25/2 6380/25/2
f 6380/25/2 6359/25/2 6381/25/2
f 6381/25/2 6359/25/2 6382/25/2
f 6382/25/2 6359/25/2 6383/25/2
f 6383/25/2 6359/25/2 6384/25/2
f 6359/23/2 6124/23/2 6385/23/2
f 6384/25/2 6359/25/2 6385/25/2
f 6360/23/2 6361/23/2 6386/23/2
f 6361/25/2 6362/25/2 6387/25/2
f 6386/23/2 6361/23/2 6387/23/2
f 6362/23/2 6363/23/2 6388/23/2
f 6387/25/2 6362/25/2 6388/25/2
f 6363/25/2 6364/25/2 6389/25/2
f 6388/23/2 6363/23/2 6389/23/2
f 6364/23/2 6365/23/2 6390/23/2
f 6389/25/2 6364/25/2 6390/25/2
f 6365/25/2 6366/25/2 6391/25/2
f 6390/23/2 6365/23/2 6391/23/2
f 6366/23/2 6367/23/2 6392/23/2
f 6391/25/2 6366/25/2 6392/25/2
f 6367/25/2 6368/25/2 6393/25/2
f 6392/23/2 6367/23/2 6393/23/2
f 6368/23/2 6369/23/2 6394/23/2
f 6393/25/2 6368/25/2 6394/25/2
f 6369/25/2 6370/25/2 6395/25/2
f 6394/23/2 6369/23/2 6395/23/2
f 6370/23/2 6371/23/2 6396/23/2
f 6395/25/2 6370/25/2 6396/25/2
f 6371/25/2 6372/25/2 6397/25/2
f 6396/23/2 6371/23/2 6397/23/2
f 6372/23/2 6373/23/2 6398/23/2
f 6397/25/2 6372/25/2 6398/25/2
f 6373/25/2 6374/25/2 6399/25/2
f 6398/23/2 6373/23/2 6399/23/2
f 6374/23/2 6375/23/2 6400/23/2
f 6399/25/2 6374/25/2 6400/25/2
f 6375/25/2 6376/25/2 6401/25/2
f 6400/23/2 6375/23/2 6401/23/2
f 6376/23/2 6377/23/2 6402/23/2
f 6401/25/2 6376/25/2 6402/25/2
f 6377/25/2 6378/25/2 6403/25/2
f 6402/23/2 6377/23/2 6403/23/2
f 6378/23/2 6379/23/2 6404/23/2
f 6403/25/2 6378/25/2 6404/25/2
f 6379/25/2 6380/25/2 6405/25/2
f 6404/23/2 6379/23/2 6405/23/2
f 6380/23/2 6381/23/2 6406/23/2
f 6405/25/2 6380/25/2 6406/25/2
f 6381/25/2 6382/25/2 6407/25/2
f 6406/23/2 6381/23/2 6407/23/2
f 6382/23/2 6383/23/2 6408/23/2
f 6407/25/2 6382/25/2 6408/25/2
f 6383/25/2 6384/25/2 6409/25/2
f 6408/23/2 6383/23/2 6409/23/2
f 6384/23/2 6385/23/2 6410/23/2
f 6409/25/2 6384/25/2 6410/25/2
f 6385/23/2 6124/23/2 6411/23/2
f 6410/23/2 6385/23/2 6411/23/2
f 6407/15/2 6408/15/2 6412/15/2
f 6409/15/2 6410/15/2 6412/15/2
f 6410/15/2 6411/15/2 6412/15/2
f 6408/15/2 6409/15/2 6412/15/2
f 6406/15/2 6407/15/2 6412/15/2
f 6405/15/2 6406/15/2 6412/15/2
f 6404/15/2 6405/15/2 6412/15/2
f 6403/15/2 6404/15/2 6412/15/2
f 6402/15/2 6403/15/2 6412/15/2
f 6401/15/2 6402/15/2 6412/15/2
f 6400/15/2 6401/15/2 6412/15/2
f 6399/15/2 6400/15/2 6412/15/2
f 6398/15/2 6399/15/2 6412/15/2
f 6397/15/2 6398/15/2 6412/15/2
f 6396/15/2 6397/15/2 6412/15/2
f 6395/15/2 6396/15/2 6412/15/2
f 6394/15/2 6395/15/2 6412/15/2
f 6393/15/2 6394/15/2 6412/15/2
f 6392/15/2 6393/15/2 6412/15/2
f 6391/15/2 6392/15/2 6412/15/2
f 6390/15/2 6391/15/2 6412/15/2
f 6389/15/2 6390/15/2 6412/15/2
f 6388/15/2 6389/15/2 6412/15/2
f 6387/15/2 6388/15/2 6412/15/2
f 6386/15/2 6387/15/2 6412/15/2
f 6412/15/2 6411/15/2 6413/15/2
f 6413/15/2 6411/15/2 6414/15/2
f 6414/15/2 6411/15/2 6415/15/2
f 6415/15/2 6411/15/2 6416/15/2
f 6416/15/2 6411/15/2 6417/15/2
f 6417/15/2 6411/15/2 6418/15/2
f 6418/15/2 6411/15/2 6419/15/2
f 6419/15/2 6411/15/2 6420/15/2
f 6420/15/2 6411/15/2 6421/15/2
f 6421/15/2 6411/15/2 6422/15/2
f 6422/15/2 6411/15/2 6423/15/2
f 6423/15/2 6411/15/2 6424/15/2
f 6424/15/2 6411/15/2 6425/15/2
f 6425/15/2 6411/15/2 6426/15/2
f 6426/15/2 6411/15/2 6427/15/2
f 6427/15/2 6411/15/2 6428/15/2
f 6428/15/2 6411/15/2 6429/15/2
f 6429/15/2 6411/15/2 6430/15/2
f 6430/15/2 6411/15/2 6431/15/2
f 6431/15/2 6411/15/2 6432/15/2
f 6432/15/2 6411/15/2 6433/15/2
f 6433/15/2 6411/15/2 6434/15/2
f 6434/15/2 6411/15/2 6435/15/2
f 6435/15/2 6411/15/2 6436/15/2
f 6411/23/2 6124/23/2 6437/23/2
f 6436/15/2 6411/15/2 6437/15/2
f 6412/23/2 6413/23/2 6438/23/2
f 6413/25/2 6414/25/2 6439/25/2
f 6438/23/2 6413/23/2 6439/23/2
f 6414/23/2 6415/23/2 6440/23/2
f 6439/25/2 6414/25/2 6440/25/2
f 6415/25/2 6416/25/2 6441/25/2
f 6440/23/2 6415/23/2 6441/23/2
f 6416/23/2 6417/23/2 6442/23/2
f 6441/25/2 6416/25/2 6442/25/2
f 6417/25/2 6418/25/2 6443/25/2
f 6442/23/2 6417/23/2 6443/23/2
f 6418/23/2 6419/23/2 6444/23/2
f 6443/25/2 6418/25/2 6444/25/2
f 6419/25/2 6420/25/2 6445/25/2
f 6444/23/2 6419/23/2 6445/23/2
f 6420/23/2 6421/23/2 6446/23/2
f 6445/25/2 6420/25/2 6446/25/2
f 6421/25/2 6422/25/2 6447/25/2
f 6446/23/2 6421/23/2 6447/23/2
f 6422/23/2 6423/23/2 6448/23/2
f 6447/25/2 6422/25/2 6448/25/2
f 6423/25/2 6424/25/2 6449/25/2
f 6448/23/2 6423/23/2 6449/23/2
f 6424/23/2 6425/23/2 6450/23/2
f 6449/25/2 6424/25/2 6450/25/2
f 6425/25/2 6426/25/2 6451/25/2
f 6450/23/2 6425/23/2 6451/23/2
f 6426/23/2 6427/23/2 6452/23/2
f 6451/25/2 6426/25/2 6452/25/2
f 6427/25/2 6428/25/2 6453/25/2
f 6452/23/2 6427/23/2 6453/23/2
f 6428/23/2 6429/23/2 6454/23/2
f 6453/25/2 6428/25/2 6454/25/2
f 6429/25/2 6430/25/2 6455/25/2
f 6454/23/2 6429/23/2 6455/23/2
f 6430/23/2 6431/23/2 6456/23/2
f 6455/25/2 6430/25/2 6456/25/2
f 6431/25/2 6432/25/2 6457/25/2
f 6456/23/2 6431/23/2 6457/23/2
f 6432/23/2 6433/23/2 6458/23/2
f 6457/25/2 6432/25/2 6458/25/2
f 6433/25/2 6434/25/2 6459/25/2
f 6458/23/2 6433/23/2 6459/23/2
f 6434/23/2 6435/23/2 6460/23/2
f 6459/25/2 6434/25/2 6460/25/2
f 6435/25/2 6436/25/2 6461/25/2
f 6460/23/2 6435/23/2 6461/23/2
f 6436/23/2 6437/23/2 6462/23/2
f 6461/25/2 6436/25/2 6462/25/2
f 6437/23/2 6124/23/2 6463/23/2
f 6462/23/2 6437/23/2 6463/23/2
f 6459/25/2 6460/25/2 6464/25/2
f 6461/25/2 6462/25/2 6464/25/2
f 6462/25/2 6463/25/2 6464/25/2
f 6460/25/2 6461/25/2 6464/25/2
f 6458/25/2 6459/25/2 6464/25/2
f 6457/25/2 6458/25/2 6464/25/2
f 6456/25/2 6457/25/2 6464/25/2
f 6455/25/2 6456/25/2 6464/25/2
f 6454/25/2 6455/25/2 6464/25/2
f 6453/25/2 6454/25/2 6464/25/2
f 6452/25/2 6453/25/2 6464/25/2
f 6451/25/2 6452/25/2 6464/25/2
f 6450/25/2 6451/25/2 6464/25/2
f 6449/25/2 6450/25/2 6464/25/2
f 6448/25/2 6449/25/2 6464/25/2
f 6447/25/2 6448/25/2 6464/25/2
f 6446/25/2 6447/25/2 6464/25/2
f 6445/25/2 6446/25/2 6464/25/2
f 6444/25/2 6445/25/2 6464/25/2
f 6443/25/2 6444/25/2 6464/25/2
f 6442/25/2 6443/25/2 6464/25/2
f 6441/25/2 6442/25/2 6464/25/2
f 6440/25/2 6441/25/2 6464/25/2
f 6439/25/2 6440/25/2 6464/25/2
f 6438/25/2 6439/25/2 6464/25/2
f 6464/25/2 6463/25/2 6465/25/2
f 6465/25/2 6463/25/2 6466/25/2
f 6466/25/2 6463/25/2 6467/25/2
f 6467/25/2 6463/25/2 6468/25/2
f 6468/25/2 6463/25/2 6469/25/2
f 6469/25/2 6463/25/2 6470/25/2
f 6470/25/2 6463/25/2 6471/25/2
f 6471/25/2 6463/25/2 6472/25/2
f 6472/25/2 6463/25/2 6473/25/2
f 6473/25/2 6463/25/2 6474/25/2
f 6474/25/2 6463/25/2 6475/25/2
f 6475/25/2 6463/25/2 6476/25/2
f 6476/25/2 6463/25/2 6477/25/2
f 6477/25/2 6463/25/2 6478/25/2
f 6478/25/2 6463/25/2 6479/25/2
f 6479/25/2 6463/25/2 6480/25/2
f 6480/25/2 6463/25/2 6481/25/2
f 6481/25/2 6463/25/2 6482/25/2
f 6482/25/2 6463/25/2 6483/25/2
f 6483/25/2 6463/25/2 6484/25/2
f 6484/25/2 6463/25/2 6485/25/2
f 6485/25/2 6463/25/2 6486/25/2
f 6486/25/2 6463/25/2 6487/25/2
f 6487/25/2 6463/25/2 6488/25/2
f 6463/23/2 6124/23/2 6489/23/2
f 6488/25/2 6463/25/2 6489/25/2
f 6464/23/2 6465/23/2 6490/23/2
f 6465/25/2 6466/25/2 6491/25/2
f 6490/23/2 6465/23/2 6491/23/2
f 6466/23/2 6467/23/2 6492/23/2
f 6491/25/2 6466/25/2 6492/25/2
f 6467/25/2 6468/25/2 6493/25/2
f 6492/23/2 6467/23/2 6493/23/2
f 6468/23/2 6469/23/2 6494/23/2
f 6493/25/2 6468/25/2 6494/25/2
f 6469/25/2 6470/25/2 6495/25/2
f 6494/23/2 6469/23/2 6495/23/2
f 6470/23/2 6471/23/2 6496/23/2
f 6495/25/2 6470/25/2 6496/25/2
f 6471/25/2 6472/25/2 6497/25/2
f 6496/23/2 6471/23/2 6497/23/2
f 6472/23/2 6473/23/2 6498/23/2
f 6497/25/2 6472/25/2 6498/25/2
f 6473/25/2 6474/25/2 6499/25/2
f 6498/23/2 6473/23/2 6499/23/2
f 6474/23/2 6475/23/2 6500/23/2
f 6499/25/2 6474/25/2 6500/25/2
f 6475/25/2 6476/25/2 6501/25/2
f 6500/23/2 6475/23/2 6501/23/2
f 6476/23/2 6477/23/2 6502/23/2
f 6501/25/2 6476/25/2 6502/25/2
f 6477/25/2 6478/25/2 6503/25/2
f 6502/23/2 6477/23/2 6503/23/2
f 6478/23/2 6479/23/2 6504/23/2
f 6503/25/2 6478/25/2 6504/25/2
f 6479/25/2 6480/25/2 6505/25/2
f 6504/23/2 6479/23/2 6505/23/2
f 6480/23/2 6481/23/2 6506/23/2
f 6505/25/2 6480/25/2 6506/25/2
f 6481/25/2 6482/25/2 6507/25/2
f 6506/23/2 6481/23/2 6507/23/2
f 6482/23/2 6483/23/2 6508/23/2
f 6507/25/2 6482/25/2 6508/25/2
f 6483/25/2 6484/25/2 6509/25/2
f 6508/23/2 6483/23/2 6509/23/2
f 6484/23/2 6485/23/2 6510/23/2
f 6509/25/2 6484/25/2 6510/25/2
f 6485/25/2 6486/25/2 6511/25/2
f 6510/23/2 6485/23/2 6511/23/2
f 6486/23/2 6487/23/2 6512/23/2
f 6511/25/2 6486/25/2 6512/25/2
f 6487/25/2 6488/25/2 6513/25/2
f 6512/23/2 6487/23/2 6513/23/2
f 6488/23/2 6489/23/2 6514/23/2
f 6513/25/2 6488/25/2 6514/25/2
f 6489/23/2 6124/23/2 6515/23/2
f 6514/23/2 6489/23/2 6515/23/2
f 6511/25/2 6512/25/2 6516/25/2
f 6513/25/2 6514/25/2 6516/25/2
f 6514/25/2 6515/25/2 6516/25/2
f 6512/25/2 6513/25/2 6516/25/2
f 6510/25/2 6511/25/2 6516/25/2
f 6509/25/2 6510/25/2 6516/25/2
f 6508/25/2 6509/25/2 6516/25/2
f 6507/25/2 6508/25/2 6516/25/2
f 6506/25/2 6507/25/2 6516/25/2
f 6505/25/2 6506/25/2 6516/25/2
f 6504/25/2 6505/25/2 6516/25/2
f 6503/25/2 6504/25/2 6516/25/2
f 6502/25/2 6503/25/2 6516/25/2
f 6501/25/2 6502/25/2 6516/25/2
f 6500/25/2 6501/25/2 6516/25/2
f 6499/25/2 6500/25/2 6516/25/2
f 6498/25/2 6499/25/2 6516/25/2
f 6497/25/2 6498/25/2 6516/25/2
f 6496/25/2 6497/25/2 6516/25/2
f 6495/25/2 6496/25/2 6516/25/2
f 6494/25/2 6495/25/2 6516/25/2
f 6493/25/2 6494/25/2 6516/25/2
f 6492/25/2 6493/25/2 6516/25/2
f 6491/25/2 6492/25/2 6516/25/2
f 6490/25/2 6491/25/2 6516/25/2
f 6516/25/2 6515/25/2 6517/25/2
f 6517/25/2 6515/25/2 6518/25/2
f 6518/25/2 6515/25/2 6519/25/2
f 6519/25/2 6515/25/2 6520/25/2
f 6520/25/2 6515/25/2 6521/25/2
f 6521/25/2 6515/25/2 6522/25/2
f 6522/25/2 6515/25/2 6523/25/2
f 6523/25/2 6515/25/2 6524/25/2
f 6524/25/2 6515/25/2 6525/25/2
f 6525/25/2 6515/25/2 6526/25/2
f 6526/25/2 6515/25/2 6527/25/2
f 6527/25/2 6515/25/2 6528/25/2
f 6528/25/2 6515/25/2 6529/25/2
f 6529/25/2 6515/25/2 6530/25/2
f 6530/25/2 6515/25/2 6531/25/2
f 6531/25/2 6515/25/2 6532/25/2
f 6532/25/2 6515/25/2 6533/25/2
f 6533/25/2 6515/25/2 6534/25/2
f 6534/25/2 6515/25/2 6535/25/2
f 6535/25/2 6515/25/2 6536/25/2
f 6536/25/2 6515/25/2 6537/25/2
f 6537/25/2 6515/25/2 6538/25/2
f 6538/25/2 6515/25/2 6539/25/2
f 6539/25/2 6515/25/2 6540/25/2
f 6515/23/2 6124/23/2 6541/23/2
f 6540/25/2 6515/25/2 6541/25/2
f 6516/23/2 6517/23/2 6542/23/2
f 6517/25/2 6518/25/2 6543/25/2
f 6542/23/2 6517/23/2 6543/23/2
f 6518/23/2 6519/23/2 6544/23/2
f 6543/25/2 6518/25/2 6544/25/2
f 6519/25/2 6520/25/2 6545/25/2
f 6544/23/2 6519/23/2 6545/23/2
f 6520/23/2 6521/23/2 6546/23/2
f 6545/25/2 6520/25/2 6546/25/2
f 6521/25/2 6522/25/2 6547/25/2
f 6546/23/2 6521/23/2 6547/23/2
f 6522/23/2 6523/23/2 6548/23/2
f 6547/25/2 6522/25/2 6548/25/2
f 6523/25/2 6524/25/2 6549/25/2
f 6548/23/2 6523/23/2 6549/23/2
f 6524/23/2 6525/23/2 6550/23/2
f 6549/25/2 6524/25/2 6550/25/2
f 6525/25/2 6526/25/2 6551/25/2
f 6550/23/2 6525/23/2 6551/23/2
f 6526/23/2 6527/23/2 6552/23/2
f 6551/25/2 6526/25/2 6552/25/2
f 6527/25/2 6528/25/2 6553/25/2
f 6552/23/2 6527/23/2 6553/23/2
f 6528/23/2 6529/23/2 6554/23/2
f 6553/25/2 6528/25/2 6554/25/2
f 6529/25/2 6530/25/2 6555/25/2
f 6554/23/2 6529/23/2 6555/23/2
f 6530/23/2 6531/23/2 6556/23/2
f 6555/25/2 6530/25/2 6556/25/2
f 6531/25/2 6532/25/2 6557/25/2
f 6556/23/2 6531/23/2 6557/23/2
f 6532/23/2 6533/23/2 6558/23/2
f 6557/25/2 6532/25/2 6558/25/2
f 6533/25/2 6534/25/2 6559/25/2
f 6558/23/2 6533/23/2 6559/23/2
f 6534/23/2 6535/23/2 6560/23/2
f 6559/25/2 6534/25/2 6560/25/2
f 6535/25/2 6536/25/2 6561/25/2
f 6560/23/2 6535/23/2 6561/23/2
f 6536/23/2 6537/23/2 6562/23/2
f 6561/25/2 6536/25/2 6562/25/2
f 6537/25/2 6538/25/2 6563/25/2
f 6562/23/2 6537/23/2 6563/23/2
f 6538/23/2 6539/23/2 6564/23/2
f 6563/25/2 6538/25/2 6564/25/2
f 6539/25/2 6540/25/2 6565/25/2
f 6564/23/2 6539/23/2 6565/23/2
f 6540/23/2 6541/23/2 6566/23/2
f 6565/25/2 6540/25/2 6566/25/2
f 6541/23/2 6124/23/2 6567/23/2
f 6566/23/2 6541/23/2 6567/23/2
f 6563/25/2 6564/25/2 6568/25/2
f 6565/25/2 6566/25/2 6568/25/2
f 6566/25/2 6567/25/2 6568/25/2
f 6564/25/2 6565/25/2 6568/25/2
f 6562/25/2 6563/25/2 6568/25/2
f 6561/25/2 6562/25/2 6568/25/2
f 6560/25/2 6561/25/2 6568/25/2
f 6559/25/2 6560/25/2 6568/25/2
f 6558/25/2 6559/25/2 6568/25/2
f 6557/25/2 6558/25/2 6568/25/2
f 6556/25/2 6557/25/2 6568/25/2
f 6555/25/2 6556/25/2 6568/25/2
f 6554/25/2 6555/25/2 6568/25/2
f 6553/25/2 6554/25/2 6568/25/2
f 6552/25/2 6553/25/2 6568/25/2
f 6551/25/2 6552/25/2 6568/25/2
f 6550/25/2 6551/25/2 6568/25/2
f 6549/25/2 6550/25/2 6568/25/2
f 6548/25/2 6549/25/2 6568/25/2
f 6547/25/2 6548/25/2 6568/25/2
f 6546/25/2 6547/25/2 6568/25/2
f 6545/25/2 6546/25/2 6568/25/2
f 6544/25/2 6545/25/2 6568/25/2
f 6543/25/2 6544/25/2 6568/25/2
f 6542/25/2 6543/25/2 6568/25/2
f 6567/23/2 6124/23/2 6569/23/2
f 6568/25/2 6567/25/2 6569/25/2
f 6568/15/2 6569/15/2 6570/15/2
f 6569/23/2 6124/23/2 6571/23/2
f 6570/15/2 6569/15/2 6571/15/2
f 6570/4/2 6571/4/2 6572/4/2
f 6572/4/2 6571/4/2 6573/4/2
f 6573/4/2 6571/4/2 6574/4/2
f 6574/4/2 6571/4/2 6575/4/2
f 6575/4/2 6571/4/2 6576/4/2
f 6576/4/2 6571/4/2 6577/4/2
f 6577/4/2 6571/4/2 6578/4/2
f 6578/4/2 6571/4/2 6579/4/2
f 6579/4/2 6571/4/2 6580/4/2
f 6580/4/2 6571/4/2 6581/4/2
f 6581/4/2 6571/4/2 6582/4/2
f 6582/4/2 6571/4/2 6583/4/2
f 6583/4/2 6571/4/2 6584/4/2
f 6584/4/2 6571/4/2 6585/4/2
f 6585/4/2 6571/4/2 6586/4/2
f 6586/4/2 6571/4/2 6587/4/2
f 6587/4/2 6571/4/2 6588/4/2
f 6588/4/2 6571/4/2 6589/4/2
f 6589/4/2 6571/4/2 6590/4/2
f 6590/4/2 6571/4/2 6591/4/2
f 6591/4/2 6571/4/2 6592/4/2
f 6592/4/2 6571/4/2 6593/4/2
f 6593/4/2 6571/4/2 6594/4/2
f 6594/4/2 6571/4/2 6595/4/2
f 6595/4/2 6571/4/2 6596/4/2
f 6596/4/2 6571/4/2 6597/4/2
f 6597/4/2 6571/4/2 6598/4/2
f 6598/4/2 6571/4/2 6599/4/2
f 6599/4/2 6571/4/2 6600/4/2
f 6600/4/2 6571/4/2 6601/4/2
f 6601/4/2 6571/4/2 6602/4/2
f 6602/4/2 6571/4/2 6603/4/2
f 6603/4/2 6571/4/2 6604/4/2
f 6604/4/2 6571/4/2 6605/4/2
f 6605/4/2 6571/4/2 6606/4/2
f 6606/4/2 6571/4/2 6607/4/2
f 6607/4/2 6571/4/2 6608/4/2
f 6608/4/2 6571/4/2 6609/4/2
f 6609/4/2 6571/4/2 6610/4/2
f 6610/4/2 6571/4/2 6611/4/2
f 6611/4/2 6571/4/2 6612/4/2
f 6612/4/2 6571/4/2 6613/4/2
f 6613/4/2 6571/4/2 6614/4/2
f 6614/4/2 6571/4/2 6615/4/2
f 6571/23/2 6124/23/2 6616/23/2
f 6615/4/2 6571/4/2 6616/4/2
f 6572/5/2 6573/5/2 6617/5/2
f 6573/15/2 6574/15/2 6618/15/2
f 6617/5/2 6573/5/2 6618/5/2
f 6574/5/2 6575/5/2 6619/5/2
f 6618/15/2 6574/15/2 6619/15/2
f 6575/15/2 6576/15/2 6620/15/2
f 6619/5/2 6575/5/2 6620/5/2
f 6576/5/2 6577/5/2 6621/5/2
f 6620/15/2 6576/15/2 6621/15/2
f 6577/15/2 6578/15/2 6622/15/2
f 6621/5/2 6577/5/2 6622/5/2
f 6578/5/2 6579/5/2 6623/5/2
f 6622/15/2 6578/15/2 6623/15/2
f 6579/15/2 6580/15/2 6624/15/2
f 6623/5/2 6579/5/2 6624/5/2
f 6580/5/2 6581/5/2 6625/5/2
f 6624/15/2 6580/15/2 6625/15/2
f 6581/15/2 6582/15/2 6626/15/2
f 6625/5/2 6581/5/2 6626/5/2
f 6582/5/2 6583/5/2 6627/5/2
f 6626/15/2 6582/15/2 6627/15/2
f 6583/15/2 6584/15/2 6628/15/2
f 6627/5/2 6583/5/2 6628/5/2
f 6584/5/2 6585/5/2 6629/5/2
f 6628/15/2 6584/15/2 6629/15/2
f 6585/15/2 6586/15/2 6630/15/2
f 6629/5/2 6585/5/2 6630/5/2
f 6586/5/2 6587/5/2 6631/5/2
f 6630/15/2 6586/15/2 6631/15/2
f 6587/15/2 6588/15/2 6632/15/2
f 6631/5/2 6587/5/2 6632/5/2
f 6588/5/2 6589/5/2 6633/5/2
f 6632/15/2 6588/15/2 6633/15/2
f 6589/15/2 6590/15/2 6634/15/2
f 6633/5/2 6589/5/2 6634/5/2
f 6590/5/2 6591/5/2 6635/5/2
f 6634/15/2 6590/15/2 6635/15/2
f 6591/15/2 6592/15/2 6636/15/2
f 6635/5/2 6591/5/2 6636/5/2
f 6592/5/2 6593/5/2 6637/5/2
f 6636/15/2 6592/15/2 6637/15/2
f 6593/15/2 6594/15/2 6638/15/2
f 6637/5/2 6593/5/2 6638/5/2
f 6594/5/2 6595/5/2 6639/5/2
f 6638/15/2 6594/15/2 6639/15/2
f 6595/15/2 6596/15/2 6640/15/2
f 6639/5/2 6595/5/2 6640/5/2
f 6596/5/2 6597/5/2 6641/5/2
f 6640/15/2 6596/15/2 6641/15/2
f 6597/15/2 6598/15/2 6642/15/2
f 6641/5/2 6597/5/2 6642/5/2
f 6598/5/2 6599/5/2 6643/5/2
f 6642/15/2 6598/15/2 6643/15/2
f 6599/15/2 6600/15/2 6644/15/2
f 6643/5/2 6599/5/2 6644/5/2
f 6600/5/2 6601/5/2 6645/5/2
f 6644/15/2 6600/15/2 6645/15/2
f 6601/15/2 6602/15/2 6646/15/2
f 6645/5/2 6601/5/2 6646/5/2
f 6602/5/2 6603/5/2 6647/5/2
f 6646/15/2 6602/15/2 6647/15/2
f 6603/15/2 6604/15/2 6648/15/2
f 6647/5/2 6603/5/2 6648/5/2
f 6604/5/2 6605/5/2 6649/5/2
f 6648/15/2 6604/15/2 6649/15/2
f 6605/15/2 6606/15/2 6650/15/2
f 6649/5/2 6605/5/2 6650/5/2
f 6606/5/2 6607/5/2 6651/5/2
f 6650/15/2 6606/15/2 6651/15/2
f 6607/15/2 6608/15/2 6652/15/2
f 6651/5/2 6607/5/2 6652/5/2
f 6608/5/2 6609/5/2 6653/5/2
f 6652/15/2 6608/15/2 6653/15/2
f 6609/15/2 6610/15/2 6654/15/2
f 6653/5/2 6609/5/2 6654/5/2
f 6610/5/2 6611/5/2 6655/5/2
f 6654/15/2 6610/15/2 6655/15/2
f 6611/15/2 6612/15/2 6656/15/2
f 6655/5/2 6611/5/2 6656/5/2
f 6612/5/2 6613/5/2 6657/5/2
f 6656/15/2 6612/15/2 6657/15/2
f 6613/15/2 6614/15/2 6658/15/2
f 6657/5/2 6613/5/2 6658/5/2
f 6614/5/2 6615/5/2 6659/5/2
f 6658/15/2 6614/15/2 6659/15/2
f 6615/15/2 6616/15/2 6660/15/2
f 6659/5/2 6615/5/2 6660/5/2
f 6617/15/2 6618/15/2 6661/15/2
f 6618/5/2 6619/5/2 6662/5/2
f 6661/15/2 6618/15/2 6662/15/2
f 6619/15/2 6620/15/2 6663/15/2
f 6662/5/2 6619/5/2 6663/5/2
f 6620/15/2 6621/15/2 6663/15/2
f 6621/15/2 6622/15/2 6663/15/2
f 6663/15/2 6622/15/2 6664/15/2
f 6664/15/2 6622/15/2 6665/15/2
f 6622/5/2 6623/5/2 6666/5/2
f 6665/15/2 6622/15/2 6666/15/2
f 6623/15/2 6624/15/2 6667/15/2
f 6666/5/2 6623/5/2 6667/5/2
f 6624/15/2 6625/15/2 6667/15/2
f 6625/15/2 6626/15/2 6667/15/2
f 6667/15/2 6626/15/2 6668/15/2
f 6668/15/2 6626/15/2 6669/15/2
f 6626/5/2 6627/5/2 6670/5/2
f 6669/15/2 6626/15/2 6670/15/2
f 6627/15/2 6628/15/2 6671/15/2
f 6670/5/2 6627/5/2 6671/5/2
f 6628/15/2 6629/15/2 6671/15/2
f 6629/15/2 6630/15/2 6671/15/2
f 6671/15/2 6630/15/2 6672/15/2
f 6672/15/2 6630/15/2 6673/15/2
f 6630/5/2 6631/5/2 6674/5/2
f 6673/15/2 6630/15/2 6674/15/2
f 6631/15/2 6632/15/2 6675/15/2
f 6674/5/2 6631/5/2 6675/5/2
f 6632/15/2 6633/15/2 6675/15/2
f 6633/15/2 6634/15/2 6675/15/2
f 6675/15/2 6634/15/2 6676/15/2
f 6676/15/2 6634/15/2 6677/15/2
f 6634/5/2 6635/5/2 6678/5/2
f 6677/15/2 6634/15/2 6678/15/2
f 6635/15/2 6636/15/2 6679/15/2
f 6678/5/2 6635/5/2 6679/5/2
f 6636/15/2 6637/15/2 6679/15/2
f 6637/15/2 6638/15/2 6679/15/2
f 6679/15/2 6638/15/2 6680/15/2
f 6680/15/2 6638/15/2 6681/15/2
f 6638/5/2 6639/5/2 6682/5/2
f 6681/15/2 6638/15/2 6682/15/2
f 6639/15/2 6640/15/2 6683/15/2
f 6682/5/2 6639/5/2 6683/5/2
f 6640/15/2 6641/15/2 6683/15/2
f 6641/15/2 6642/15/2 6683/15/2
f 6683/15/2 6642/15/2 6684/15/2
f 6684/15/2 6642/15/2 6685/15/2
f 6642/5/2 6643/5/2 6686/5/2
f 6685/15/2 6642/15/2 6686/15/2
f 6643/15/2 6644/15/2 6687/15/2
f 6686/5/2 6643/5/2 6687/5/2
f 6644/15/2 6645/15/2 6687/15/2
f 6645/15/2 6646/15/2 6687/15/2
f 6687/15/2 6646/15/2 6688/15/2
f 6688/15/2 6646/15/2 6689/15/2
f 6646/5/2 6647/5/2 6690/5/2
f 6689/15/2 6646/15/2 6690/15/2
f 6647/15/2 6648/15/2 6691/15/2
f 6690/5/2 6647/5/2 6691/5/2
f 6648/15/2 6649/15/2 6691/15/2
f 6649/15/2 6650/15/2 6691/15/2
f 6691/15/2 6650/15/2 6692/15/2
f 6692/15/2 6650/15/2 6693/15/2
f 6650/5/2 6651/5/2 6694/5/2
f 6693/15/2 6650/15/2 6694/15/2
f 6651/15/2 6652/15/2 6695/15/2
f 6694/5/2 6651/5/2 6695/5/2
f 6652/15/2 6653/15/2 6695/15/2
f 6653/15/2 6654/15/2 6695/15/2
f 6695/15/2 6654/15/2 6696/15/2
f 6696/15/2 6654/15/2 6697/15/2
f 6654/5/2 6655/5/2 6698/5/2
f 6697/15/2 6654/15/2 6698/15/2
f 6657/15/2 6658/15/2 6699/15/2
f 6698/5/2 6655/5/2 6699/5/2
f 6655/15/2 6656/15/2 6699/15/2
f 6656/15/2 6657/15/2 6699/15/2
f 6699/15/2 6658/15/2 6700/15/2
f 6700/15/2 6658/15/2 6701/15/2
f 6658/5/2 6659/5/2 6702/5/2
f 6701/15/2 6658/15/2 6702/15/2
f 6659/15/2 6660/15/2 6703/15/2
f 6702/5/2 6659/5/2 6703/5/2
f 6660/15/2 6616/15/2 6704/15/2
f 6703/15/2 6660/15/2 6704/15/2
f 6661/5/2 6662/5/2 6705/5/2
f 6662/15/2 6663/15/2 6706/15/2
f 6705/5/2 6662/5/2 6706/5/2
f 6663/5/2 6664/5/2 6707/5/2
f 6706/15/2 6663/15/2 6707/15/2
f 6664/15/2 6665/15/2 6708/15/2
f 6707/5/2 6664/5/2 6708/5/2
f 6665/5/2 6666/5/2 6709/5/2
f 6708/15/2 6665/15/2 6709/15/2
f 6666/15/2 6667/15/2 6710/15/2
f 6709/5/2 6666/5/2 6710/5/2
f 6667/5/2 6668/5/2 6711/5/2
f 6710/15/2 6667/15/2 6711/15/2
f 6668/15/2 6669/15/2 6712/15/2
f 6711/5/2 6668/5/2 6712/5/2
f 6669/5/2 6670/5/2 6713/5/2
f 6712/15/2 6669/15/2 6713/15/2
f 6670/15/2 6671/15/2 6714/15/2
f 6713/5/2 6670/5/2 6714/5/2
f 6671/5/2 6672/5/2 6715/5/2
f 6714/15/2 6671/15/2 6715/15/2
f 6672/15/2 6673/15/2 6716/15/2
f 6715/5/2 6672/5/2 6716/5/2
f 6673/5/2 6674/5/2 6717/5/2
f 6716/15/2 6673/15/2 6717/15/2
f 6674/15/2 6675/15/2 6718/15/2
f 6717/5/2 6674/5/2 6718/5/2
f 6675/5/2 6676/5/2 6719/5/2
f 6718/15/2 6675/15/2 6719/15/2
f 6676/15/2 6677/15/2 6720/15/2
f 6719/5/2 6676/5/2 6720/5/2
f 6677/5/2 6678/5/2 6721/5/2
f 6720/15/2 6677/15/2 6721/15/2
f 6678/15/2 6679/15/2 6722/15/2
f 6721/5/2 6678/5/2 6722/5/2
f 6679/5/2 6680/5/2 6723/5/2
f 6722/15/2 6679/15/2 6723/15/2
f 6680/15/2 6681/15/2 6724/15/2
f 6723/5/2 6680/5/2 6724/5/2
f 6681/5/2 6682/5/2 6725/5/2
f 6724/15/2 6681/15/2 6725/15/2
f 6682/15/2 6683/15/2 6726/15/2
f 6725/5/2 6682/5/2 6726/5/2
f 6683/5/2 6684/5/2 6727/5/2
f 6726/15/2 6683/15/2 6727/15/2
f 6684/15/2 6685/15/2 6728/15/2
f 6727/5/2 6684/5/2 6728/5/2
f 6685/5/2 6686/5/2 6729/5/2
f 6728/15/2 6685/15/2 6729/15/2
f 6686/15/2 6687/15/2 6730/15/2
f 6729/5/2 6686/5/2 6730/5/2
f 6687/5/2 6688/5/2 6731/5/2
f 6730/15/2 6687/15/2 6731/15/2
f 6688/15/2 6689/15/2 6732/15/2
f 6731/5/2 6688/5/2 6732/5/2
f 6689/5/2 6690/5/2 6733/5/2
f 6732/15/2 6689/15/2 6733/15/2
f 6690/15/2 6691/15/2 6734/15/2
f 6733/5/2 6690/5/2 6734/5/2
f 6691/5/2 6692/5/2 6735/5/2
f 6734/15/2 6691/15/2 6735/15/2
f 6692/15/2 6693/15/2 6736/15/2
f 6735/5/2 6692/5/2 6736/5/2
f 6693/5/2 6694/5/2 6737/5/2
f 6736/15/2 6693/15/2 6737/15/2
f 6694/15/2 6695/15/2 6738/15/2
f 6737/5/2 6694/5/2 6738/5/2
f 6695/5/2 6696/5/2 6739/5/2
f 6738/15/2 6695/15/2 6739/15/2
f 6696/15/2 6697/15/2 6740/15/2
f 6739/5/2 6696/5/2 6740/5/2
f 6697/5/2 6698/5/2 6741/5/2
f 6740/15/2 6697/15/2 6741/15/2
f 6698/15/2 6699/15/2 6742/15/2
f 6741/5/2 6698/5/2 6742/5/2
f 6699/5/2 6700/5/2 6743/5/2
f 6742/15/2 6699/15/2 6743/15/2
f 6700/15/2 6701/15/2 6744/15/2
f 6743/5/2 6700/5/2 6744/5/2
f 6701/5/2 6702/5/2 6745/5/2
f 6744/15/2 6701/15/2 6745/15/2
f 6702/15/2 6703/15/2 6746/15/2
f 6745/5/2 6702/5/2 6746/5/2
f 6703/5/2 6704/5/2 6747/5/2
f 6746/15/2 6703/15/2 6747/15/2
f 6704/15/2 6616/15/2 6748/15/2
f 6747/5/2 6704/5/2 6748/5/2
f 6616/23/2 6124/23/2 6749/23/2
f 6748/15/2 6616/15/2 6749/15/2
f 6739/4/2 6740/4/2 6750/4/2
f 6747/4/2 6748/4/2 6750/4/2
f 6748/4/2 6749/4/2 6750/4/2
f 6745/4/2 6746/4/2 6750/4/2
f 6741/4/2 6742/4/2 6750/4/2
f 6740/4/2 6741/4/2 6750/4/2
f 6736/4/2 6737/4/2 6750/4/2
f 6737/4/2 6738/4/2 6750/4/2
f 6738/4/2 6739/4/2 6750/4/2
f 6732/4/2 6733/4/2 6750/4/2
f 6733/4/2 6734/4/2 6750/4/2
f 6735/4/2 6736/4/2 6750/4/2
f 6734/4/2 6735/4/2 6750/4/2
f 6728/4/2 6729/4/2 6750/4/2
f 6729/4/2 6730/4/2 6750/4/2
f 6731/4/2 6732/4/2 6750/4/2
f 6730/4/2 6731/4/2 6750/4/2
f 6724/4/2 6725/4/2 6750/4/2
f 6725/4/2 6726/4/2 6750/4/2
f 6727/4/2 6728/4/2 6750/4/2
f 6726/4/2 6727/4/2 6750/4/2
f 6720/4/2 6721/4/2 6750/4/2
f 6721/4/2 6722/4/2 6750/4/2
f 6723/4/2 6724/4/2 6750/4/2
f 6722/4/2 6723/4/2 6750/4/2
f 6716/4/2 6717/4/2 6750/4/2
f 6717/4/2 6718/4/2 6750/4/2
f 6719/4/2 6720/4/2 6750/4/2
f 6718/4/2 6719/4/2 6750/4/2
f 6712/4/2 6713/4/2 6750/4/2
f 6713/4/2 6714/4/2 6750/4/2
f 6715/4/2 6716/4/2 6750/4/2
f 6714/4/2 6715/4/2 6750/4/2
f 6708/4/2 6709/4/2 6750/4/2
f 6709/4/2 6710/4/2 6750/4/2
f 6711/4/2 6712/4/2 6750/4/2
f 6710/4/2 6711/4/2 6750/4/2
f 6744/4/2 6745/4/2 6750/4/2
f 6705/4/2 6706/4/2 6750/4/2
f 6707/4/2 6708/4/2 6750/4/2
f 6706/4/2 6707/4/2 6750/4/2
f 6742/4/2 6743/4/2 6750/4/2
f 6743/4/2 6744/4/2 6750/4/2
f 6746/4/2 6747/4/2 6750/4/2
f 6750/4/2 6749/4/2 6751/4/2
f 6749/23/2 6124/23/2 6752/23/2
f 6751/4/2 6749/4/2 6752/4/2
f 6750/15/2 6751/15/2 6753/15/2
f 6751/6/2 6752/6/2 6754/6/2
f 6753/15/2 6751/15/2 6754/15/2
f 6753/25/2 6754/25/2 6755/25/2
f 6754/6/2 6752/6/2 6756/6/2
f 6755/25/2 6754/25/2 6756/25/2
f 6752/23/2 6124/23/2 6757/23/2
f 6756/6/2 6752/6/2 6757/6/2
f 6757/23/2 6124/23/2 6758/23/2
f 6755/15/2 6756/15/2 6759/15/2
f 6759/15/2 6756/15/2 6760/15/2
f 6759/4/2 6760/4/2 6761/4/2
f 6761/4/2 6760/4/2 6762/4/2
f 6762/4/2 6760/4/2 6763/4/2
f 6763/4/2 6760/4/2 6764/4/2
f 6764/4/2 6760/4/2 6765/4/2
f 6765/4/2 6760/4/2 6766/4/2
f 6766/4/2 6760/4/2 6767/4/2
f 6767/4/2 6760/4/2 6768/4/2
f 6768/4/2 6760/4/2 6769/4/2
f 6769/4/2 6760/4/2 6770/4/2
f 6770/4/2 6760/4/2 6771/4/2
f 6771/4/2 6760/4/2 6772/4/2
f 6772/4/2 6760/4/2 6773/4/2
f 6773/4/2 6760/4/2 6774/4/2
f 6774/4/2 6760/4/2 6775/4/2
f 6775/4/2 6760/4/2 6776/4/2
f 6776/4/2 6760/4/2 6777/4/2
f 6777/4/2 6760/4/2 6778/4/2
f 6778/4/2 6760/4/2 6779/4/2
f 6779/4/2 6760/4/2 6780/4/2
f 6780/4/2 6760/4/2 6781/4/2
f 6781/4/2 6760/4/2 6782/4/2
f 6782/4/2 6760/4/2 6783/4/2
f 6783/4/2 6760/4/2 6784/4/2
f 6784/4/2 6760/4/2 6785/4/2
f 6785/4/2 6760/4/2 6786/4/2
f 6786/4/2 6760/4/2 6787/4/2
f 6787/4/2 6760/4/2 6788/4/2
f 6788/4/2 6760/4/2 6789/4/2
f 6789/4/2 6760/4/2 6790/4/2
f 6790/4/2 6760/4/2 6791/4/2
f 6791/4/2 6760/4/2 6792/4/2
f 6792/4/2 6760/4/2 6793/4/2
f 6793/4/2 6760/4/2 6794/4/2
f 6794/4/2 6760/4/2 6795/4/2
f 6795/4/2 6760/4/2 6796/4/2
f 6796/4/2 6760/4/2 6797/4/2
f 6797/4/2 6760/4/2 6798/4/2
f 6798/4/2 6760/4/2 6799/4/2
f 6799/4/2 6760/4/2 6800/4/2
f 6800/4/2 6760/4/2 6801/4/2
f 6801/4/2 6760/4/2 6802/4/2
f 6802/4/2 6760/4/2 6803/4/2
f 6803/4/2 6760/4/2 6804/4/2
f 6761/5/2 6762/5/2 6805/5/2
f 6762/15/2 6763/15/2 6806/15/2
f 6805/5/2 6762/5/2 6806/5/2
f 6763/5/2 6764/5/2 6807/5/2
f 6806/15/2 6763/15/2 6807/15/2
f 6764/15/2 6765/15/2 6808/15/2
f 6807/5/2 6764/5/2 6808/5/2
f 6765/5/2 6766/5/2 6809/5/2
f 6808/15/2 6765/15/2 6809/15/2
f 6766/15/2 6767/15/2 6810/15/2
f 6809/5/2 6766/5/2 6810/5/2
f 6767/5/2 6768/5/2 6811/5/2
f 6810/15/2 6767/15/2 6811/15/2
f 6768/15/2 6769/15/2 6812/15/2
f 6811/5/2 6768/5/2 6812/5/2
f 6769/5/2 6770/5/2 6813/5/2
f 6812/15/2 6769/15/2 6813/15/2
f 6770/15/2 6771/15/2 6814/15/2
f 6813/5/2 6770/5/2 6814/5/2
f 6771/5/2 6772/5/2 6815/5/2
f 6814/15/2 6771/15/2 6815/15/2
f 6772/15/2 6773/15/2 6816/15/2
f 6815/5/2 6772/5/2 6816/5/2
f 6773/5/2 6774/5/2 6817/5/2
f 6816/15/2 6773/15/2 6817/15/2
f 6774/15/2 6775/15/2 6818/15/2
f 6817/5/2 6774/5/2 6818/5/2
f 6775/5/2 6776/5/2 6819/5/2
f 6818/15/2 6775/15/2 6819/15/2
f 6776/15/2 6777/15/2 6820/15/2
f 6819/5/2 6776/5/2 6820/5/2
f 6777/5/2 6778/5/2 6821/5/2
f 6820/15/2 6777/15/2 6821/15/2
f 6778/15/2 6779/15/2 6822/15/2
f 6821/5/2 6778/5/2 6822/5/2
f 6779/5/2 6780/5/2 6823/5/2
f 6822/15/2 6779/15/2 6823/15/2
f 6780/15/2 6781/15/2 6824/15/2
f 6823/5/2 6780/5/2 6824/5/2
f 6781/5/2 6782/5/2 6825/5/2
f 6824/15/2 6781/15/2 6825/15/2
f 6782/15/2 6783/15/2 6826/15/2
f 6825/5/2 6782/5/2 6826/5/2
f 6783/5/2 6784/5/2 6827/5/2
f 6826/15/2 6783/15/2 6827/15/2
f 6784/15/2 6785/15/2 6828/15/2
f 6827/5/2 6784/5/2 6828/5/2
f 6785/5/2 6786/5/2 6829/5/2
f 6828/15/2 6785/15/2 6829/15/2
f 6786/15/2 6787/15/2 6830/15/2
f 6829/5/2 6786/5/2 6830/5/2
f 6787/5/2 6788/5/2 6831/5/2
f 6830/15/2 6787/15/2 6831/15/2
f 6788/15/2 6789/15/2 6832/15/2
f 6831/5/2 6788/5/2 6832/5/2
f 6789/5/2 6790/5/2 6833/5/2
f 6832/15/2 6789/15/2 6833/15/2
f 6790/15/2 6791/15/2 6834/15/2
f 6833/5/2 6790/5/2 6834/5/2
f 6791/5/2 6792/5/2 6835/5/2
f 6834/15/2 6791/15/2 6835/15/2
f 6792/15/2 6793/15/2 6836/15/2
f 6835/5/2 6792/5/2 6836/5/2
f 6793/5/2 6794/5/2 6837/5/2
f 6836/15/2 6793/15/2 6837/15/2
f 6794/15/2 6795/15/2 6838/15/2
f 6837/5/2 6794/5/2 6838/5/2
f 6795/5/2 6796/5/2 6839/5/2
f 6838/15/2 6795/15/2 6839/15/2
f 6796/15/2 6797/15/2 6840/15/2
f 6839/5/2 6796/5/2 6840/5/2
f 6797/5/2 6798/5/2 6841/5/2
f 6840/15/2 6797/15/2 6841/15/2
f 6798/15/2 6799/15/2 6842/15/2
f 6841/5/2 6798/5/2 6842/5/2
f 6799/5/2 6800/5/2 6843/5/2
f 6842/15/2 6799/15/2 6843/15/2
f 6800/15/2 6801/15/2 6844/15/2
f 6843/5/2 6800/5/2 6844/5/2
f 6801/5/2 6802/5/2 6845/5/2
f 6844/15/2 6801/15/2 6845/15/2
f 6802/15/2 6803/15/2 6846/15/2
f 6845/5/2 6802/5/2 6846/5/2
f 6803/5/2 6804/5/2 6847/5/2
f 6846/15/2 6803/15/2 6847/15/2
f 6847/5/2 6804/5/2 6848/5/2
f 6805/15/2 6806/15/2 6849/15/2
f 6806/5/2 6807/5/2 6850/5/2
f 6849/15/2 6806/15/2 6850/15/2
f 6807/15/2 6808/15/2 6851/15/2
f 6850/5/2 6807/5/2 6851/5/2
f 6808/15/2 6809/15/2 6851/15/2
f 6809/15/2 6810/15/2 6851/15/2
f 6851/15/2 6810/15/2 6852/15/2
f 6852/15/2 6810/15/2 6853/15/2
f 6810/5/2 6811/5/2 6854/5/2
f 6853/15/2 6810/15/2 6854/15/2
f 6811/15/2 6812/15/2 6855/15/2
f 6854/5/2 6811/5/2 6855/5/2
f 6812/15/2 6813/15/2 6855/15/2
f 6813/15/2 6814/15/2 6855/15/2
f 6855/15/2 6814/15/2 6856/15/2
f 6856/15/2 6814/15/2 6857/15/2
f 6814/5/2 6815/5/2 6858/5/2
f 6857/15/2 6814/15/2 6858/15/2
f 6815/15/2 6816/15/2 6859/15/2
f 6858/5/2 6815/5/2 6859/5/2
f 6816/15/2 6817/15/2 6859/15/2
f 6817/15/2 6818/15/2 6859/15/2
f 6859/15/2 6818/15/2 6860/15/2
f 6860/15/2 6818/15/2 6861/15/2
f 6818/5/2 6819/5/2 6862/5/2
f 6861/15/2 6818/15/2 6862/15/2
f 6819/15/2 6820/15/2 6863/15/2
f 6862/5/2 6819/5/2 6863/5/2
f 6820/15/2 6821/15/2 6863/15/2
f 6821/15/2 6822/15/2 6863/15/2
f 6863/15/2 6822/15/2 6864/15/2
f 6864/15/2 6822/15/2 6865/15/2
f 6822/5/2 6823/5/2 6866/5/2
f 6865/15/2 6822/15/2 6866/15/2
f 6823/15/2 6824/15/2 6867/15/2
f 6866/5/2 6823/5/2 6867/5/2
f 6824/15/2 6825/15/2 6867/15/2
f 6825/15/2 6826/15/2 6867/15/2
f 6867/15/2 6826/15/2 6868/15/2
f 6868/15/2 6826/15/2 6869/15/2
f 6826/5/2 6827/5/2 6870/5/2
f 6869/15/2 6826/15/2 6870/15/2
f 6827/15/2 6828/15/2 6871/15/2
f 6870/5/2 6827/5/2 6871/5/2
f 6828/15/2 6829/15/2 6871/15/2
f 6829/15/2 6830/15/2 6871/15/2
f 6871/15/2 6830/15/2 6872/15/2
f 6872/15/2 6830/15/2 6873/15/2
f 6830/5/2 6831/5/2 6874/5/2
f 6873/15/2 6830/15/2 6874/15/2
f 6831/15/2 6832/15/2 6875/15/2
f 6874/5/2 6831/5/2 6875/5/2
f 6832/15/2 6833/15/2 6875/15/2
f 6833/15/2 6834/15/2 6875/15/2
f 6875/15/2 6834/15/2 6876/15/2
f 6876/15/2 6834/15/2 6877/15/2
f 6834/5/2 6835/5/2 6878/5/2
f 6877/15/2 6834/15/2 6878/15/2
f 6835/15/2 6836/15/2 6879/15/2
f 6878/5/2 6835/5/2 6879/5/2
f 6836/15/2 6837/15/2 6879/15/2
f 6837/15/2 6838/15/2 6879/15/2
f 6879/15/2 6838/15/2 6880/15/2
f 6880/15/2 6838/15/2 6881/15/2
f 6838/5/2 6839/5/2 6882/5/2
f 6881/15/2 6838/15/2 6882/15/2
f 6839/15/2 6840/15/2 6883/15/2
f 6882/5/2 6839/5/2 6883/5/2
f 6840/15/2 6841/15/2 6883/15/2
f 6841/15/2 6842/15/2 6883/15/2
f 6883/15/2 6842/15/2 6884/15/2
f 6884/15/2 6842/15/2 6885/15/2
f 6842/5/2 6843/5/2 6886/5/2
f 6885/15/2 6842/15/2 6886/15/2
f 6843/15/2 6844/15/2 6887/15/2
f 6886/5/2 6843/5/2 6887/5/2
f 6844/15/2 6845/15/2 6887/15/2
f 6845/15/2 6846/15/2 6887/15/2
f 6887/15/2 6846/15/2 6888/15/2
f 6888/15/2 6846/15/2 6889/15/2
f 6846/5/2 6847/5/2 6890/5/2
f 6889/15/2 6846/15/2 6890/15/2
f 6847/15/2 6848/15/2 6891/15/2
f 6890/5/2 6847/5/2 6891/5/2
f 6891/15/2 6848/15/2 6892/15/2
f 6849/5/2 6850/5/2 6893/5/2
f 6850/15/2 6851/15/2 6894/15/2
f 6893/5/2 6850/5/2 6894/5/2
f 6851/5/2 6852/5/2 6895/5/2
f 6894/15/2 6851/15/2 6895/15/2
f 6852/15/2 6853/15/2 6896/15/2
f 6895/5/2 6852/5/2 6896/5/2
f 6853/5/2 6854/5/2 6897/5/2
f 6896/15/2 6853/15/2 6897/15/2
f 6854/15/2 6855/15/2 6898/15/2
f 6897/5/2 6854/5/2 6898/5/2
f 6855/5/2 6856/5/2 6899/5/2
f 6898/15/2 6855/15/2 6899/15/2
f 6856/15/2 6857/15/2 6900/15/2
f 6899/5/2 6856/5/2 6900/5/2
f 6857/5/2 6858/5/2 6901/5/2
f 6900/15/2 6857/15/2 6901/15/2
f 6858/15/2 6859/15/2 6902/15/2
f 6901/5/2 6858/5/2 6902/5/2
f 6859/5/2 6860/5/2 6903/5/2
f 6902/15/2 6859/15/2 6903/15/2
f 6860/15/2 6861/15/2 6904/15/2
f 6903/5/2 6860/5/2 6904/5/2
f 6861/5/2 6862/5/2 6905/5/2
f 6904/15/2 6861/15/2 6905/15/2
f 6862/15/2 6863/15/2 6906/15/2
f 6905/5/2 6862/5/2 6906/5/2
f 6863/5/2 6864/5/2 6907/5/2
f 6906/15/2 6863/15/2 6907/15/2
f 6864/15/2 6865/15/2 6908/15/2
f 6907/5/2 6864/5/2 6908/5/2
f 6865/5/2 6866/5/2 6909/5/2
f 6908/15/2 6865/15/2 6909/15/2
f 6866/15/2 6867/15/2 6910/15/2
f 6909/5/2 6866/5/2 6910/5/2
f 6867/5/2 6868/5/2 6911/5/2
f 6910/15/2 6867/15/2 6911/15/2
f 6868/15/2 6869/15/2 6912/15/2
f 6911/5/2 6868/5/2 6912/5/2
f 6869/5/2 6870/5/2 6913/5/2
f 6912/15/2 6869/15/2 6913/15/2
f 6870/15/2 6871/15/2 6914/15/2
f 6913/5/2 6870/5/2 6914/5/2
f 6871/5/2 6872/5/2 6915/5/2
f 6914/15/2 6871/15/2 6915/15/2
f 6872/15/2 6873/15/2 6916/15/2
f 6915/5/2 6872/5/2 6916/5/2
f 6873/5/2 6874/5/2 6917/5/2
f 6916/15/2 6873/15/2 6917/15/2
f 6874/15/2 6875/15/2 6918/15/2
f 6917/5/2 6874/5/2 6918/5/2
f 6875/5/2 6876/5/2 6919/5/2
f 6918/15/2 6875/15/2 6919/15/2
f 6876/15/2 6877/15/2 6920/15/2
f 6919/5/2 6876/5/2 6920/5/2
f 6877/5/2 6878/5/2 6921/5/2
f 6920/15/2 6877/15/2 6921/15/2
f 6878/15/2 6879/15/2 6922/15/2
f 6921/5/2 6878/5/2 6922/5/2
f 6879/5/2 6880/5/2 6923/5/2
f 6922/15/2 6879/15/2 6923/15/2
f 6880/15/2 6881/15/2 6924/15/2
f 6923/5/2 6880/5/2 6924/5/2
f 6881/5/2 6882/5/2 6925/5/2
f 6924/15/2 6881/15/2 6925/15/2
f 6882/15/2 6883/15/2 6926/15/2
f 6925/5/2 6882/5/2 6926/5/2
f 6883/5/2 6884/5/2 6927/5/2
f 6926/15/2 6883/15/2 6927/15/2
f 6884/15/2 6885/15/2 6928/15/2
f 6927/5/2 6884/5/2 6928/5/2
f 6885/5/2 6886/5/2 6929/5/2
f 6928/15/2 6885/15/2 6929/15/2
f 6886/15/2 6887/15/2 6930/15/2
f 6929/5/2 6886/5/2 6930/5/2
f 6887/5/2 6888/5/2 6931/5/2
f 6930/15/2 6887/15/2 6931/15/2
f 6888/15/2 6889/15/2 6932/15/2
f 6931/5/2 6888/5/2 6932/5/2
f 6889/5/2 6890/5/2 6933/5/2
f 6932/15/2 6889/15/2 6933/15/2
f 6890/15/2 6891/15/2 6934/15/2
f 6933/5/2 6890/5/2 6934/5/2
f 6891/5/2 6892/5/2 6935/5/2
f 6934/15/2 6891/15/2 6935/15/2
f 6935/5/2 6892/5/2 6936/5/2
f 6931/4/2 6932/4/2 6937/4/2
f 6930/4/2 6931/4/2 6937/4/2
f 6935/4/2 6936/4/2 6937/4/2
f 6934/4/2 6935/4/2 6937/4/2
f 6933/4/2 6934/4/2 6937/4/2
f 6932/4/2 6933/4/2 6937/4/2
f 6929/4/2 6930/4/2 6937/4/2
f 6928/4/2 6929/4/2 6937/4/2
f 6924/4/2 6925/4/2 6937/4/2
f 6925/4/2 6926/4/2 6937/4/2
f 6927/4/2 6928/4/2 6937/4/2
f 6926/4/2 6927/4/2 6937/4/2
f 6920/4/2 6921/4/2 6937/4/2
f 6921/4/2 6922/4/2 6937/4/2
f 6923/4/2 6924/4/2 6937/4/2
f 6922/4/2 6923/4/2 6937/4/2
f 6916/4/2 6917/4/2 6937/4/2
f 6917/4/2 6918/4/2 6937/4/2
f 6919/4/2 6920/4/2 6937/4/2
f 6918/4/2 6919/4/2 6937/4/2
f 6912/4/2 6913/4/2 6937/4/2
f 6913/4/2 6914/4/2 6937/4/2
f 6915/4/2 6916/4/2 6937/4/2
f 6914/4/2 6915/4/2 6937/4/2
f 6908/4/2 6909/4/2 6937/4/2
f 6909/4/2 6910/4/2 6937/4/2
f 6911/4/2 6912/4/2 6937/4/2
f 6910/4/2 6911/4/2 6937/4/2
f 6904/4/2 6905/4/2 6937/4/2
f 6905/4/2 6906/4/2 6937/4/2
f 6907/4/2 6908/4/2 6937/4/2
f 6906/4/2 6907/4/2 6937/4/2
f 6900/4/2 6901/4/2 6937/4/2
f 6901/4/2 6902/4/2 6937/4/2
f 6903/4/2 6904/4/2 6937/4/2
f 6902/4/2 6903/4/2 6937/4/2
f 6896/4/2 6897/4/2 6937/4/2
f 6897/4/2 6898/4/2 6937/4/2
f 6899/4/2 6900/4/2 6937/4/2
f 6898/4/2 6899/4/2 6937/4/2
f 6894/4/2 6895/4/2 6937/4/2
f 6893/4/2 6894/4/2 6937/4/2
f 6895/4/2 6896/4/2 6937/4/2
f 6937/4/2 6936/4/2 6938/4/2
f 6937/15/2 6938/15/2 6939/15/2
f 6939/15/2 6938/15/2 6940/15/2
f 6939/25/2 6940/25/2 6941/25/2
f 6941/25/2 6940/25/2 6942/25/2
f 6941/15/2 6942/15/2 6943/15/2
f 6943/15/2 6942/15/2 6944/15/2
f 6982/26/3 6946/26/3 6945/26/3
f 6982/23/3 6947/23/3 6946/23/3
f 6983/25/3 6948/25/3 6947/25/3
f 6983/23/3 6947/23/3 6982/23/3
f 6984/23/3 6949/23/3 6948/23/3
f 6984/25/3 6948/25/3 6983/25/3
f 6985/25/3 6950/25/3 6949/25/3
f 6985/23/3 6949/23/3 6984/23/3
f 6986/23/3 6951/23/3 6950/23/3
f 6986/25/3 6950/25/3 6985/25/3
f 6987/25/3 6952/25/3 6951/25/3
f 6987/23/3 6951/23/3 6986/23/3
f 6988/23/3 6953/23/3 6952/23/3
f 6988/25/3 6952/25/3 6987/25/3
f 6989/25/3 6954/25/3 6953/25/3
f 6989/23/3 6953/23/3 6988/23/3
f 6990/23/3 6955/23/3 6954/23/3
f 6990/25/3 6954/25/3 6989/25/3
f 6991/25/3 6956/25/3 6955/25/3
f 6991/23/3 6955/23/3 6990/23/3
f 6992/23/3 6957/23/3 6956/23/3
f 6992/25/3 6956/25/3 6991/25/3
f 6993/15/3 6958/15/3 6957/15/3
f 6993/23/3 6957/23/3 6992/23/3
f 6994/23/3 6959/23/3 6958/23/3
f 6994/15/3 6958/15/3 6993/15/3
f 6995/25/3 6960/25/3 6959/25/3
f 6995/23/3 6959/23/3 6994/23/3
f 6996/23/3 6961/23/3 6960/23/3
f 6996/25/3 6960/25/3 6995/25/3
f 6997/25/3 6962/25/3 6961/25/3
f 6997/23/3 6961/23/3 6996/23/3
f 6998/23/3 6963/23/3 6962/23/3
f 6998/25/3 6962/25/3 6997/25/3
f 6999/25/3 6964/25/3 6963/25/3
f 6999/23/3 6963/23/3 6998/23/3
f 7000/15/3 6965/15/3 6964/15/3
f 7000/25/3 6964/25/3 6999/25/3
f 7001/4/3 6966/4/3 6965/4/3
f 7001/15/3 6965/15/3 7000/15/3
f 7002/5/3 6967/5/3 6966/5/3
f 7002/4/3 6966/4/3 7001/4/3
f 7003/15/3 6968/15/3 6967/15/3
f 7003/5/3 6967/5/3 7002/5/3
f 7004/5/3 6969/5/3 6968/5/3
f 7004/15/3 6968/15/3 7003/15/3
f 7005/4/3 6970/4/3 6969/4/3
f 7005/5/3 6969/5/3 7004/5/3
f 7006/15/3 6971/15/3 6970/15/3
f 7006/4/3 6970/4/3 7005/4/3
f 7007/25/3 6972/25/3 6971/25/3
f 7007/15/3 6971/15/3 7006/15/3
f 7008/15/3 6973/15/3 6972/15/3
f 7008/25/3 6972/25/3 7007/25/3
f 7009/4/3 6974/4/3 6973/4/3
f 7009/15/3 6973/15/3 7008/15/3
f 7010/5/3 6975/5/3 6974/5/3
f 7010/4/3 6974/4/3 7009/4/3
f 7011/15/3 6976/15/3 6975/15/3
f 7011/5/3 6975/5/3 7010/5/3
f 7012/5/3 6977/5/3 6976/5/3
f 7012/15/3 6976/15/3 7011/15/3
f 7013/4/3 6978/4/3 6977/4/3
f 7013/5/3 6977/5/3 7012/5/3
f 7014/15/3 6979/15/3 6978/15/3
f 7014/4/3 6978/4/3 7013/4/3
f 7015/25/3 6980/25/3 6979/25/3
f 7015/15/3 6979/15/3 7014/15/3
f 7016/15/3 6981/15/3 6980/15/3
f 7016/25/3 6980/25/3 7015/25/3
f 7017/15/3 6981/15/3 7016/15/3
f 7018/26/3 6982/26/3 6945/26/3
f 7019/26/3 6982/26/3 7018/26/3
f 7020/33/3 7019/33/3 7018/33/3
f 7021/33/3 7019/33/3 7020/33/3
f 7022/26/3 7021/26/3 7020/26/3
f 7023/26/3 7021/26/3 7022/26/3
f 7024/33/3 7023/33/3 7022/33/3
f 7025/33/3 7023/33/3 7024/33/3
f 7026/26/3 7025/26/3 7024/26/3
f 7027/26/3 7025/26/3 7026/26/3
f 7028/33/3 7027/33/3 7026/33/3
f 7029/33/3 7027/33/3 7028/33/3
f 7030/26/3 7029/26/3 7028/26/3
f 7031/26/3 7029/26/3 7030/26/3
f 7032/33/3 7031/33/3 7030/33/3
f 7033/33/3 7031/33/3 7032/33/3
f 7034/26/3 7033/26/3 7032/26/3
f 7035/26/3 7033/26/3 7034/26/3
f 7036/33/3 7035/33/3 7034/33/3
f 7037/33/3 7035/33/3 7036/33/3
f 7038/26/3 7037/26/3 7036/26/3
f 7039/26/3 7037/26/3 7038/26/3
f 7040/33/3 7039/33/3 7038/33/3
f 7041/33/3 7039/33/3 7040/33/3
f 7042/26/3 7041/26/3 7040/26/3
f 7043/26/3 7041/26/3 7042/26/3
f 7044/33/3 7043/33/3 7042/33/3
f 7045/33/3 7043/33/3 7044/33/3
f 7046/26/3 7045/26/3 7044/26/3
f 7047/26/3 7045/26/3 7046/26/3
f 7048/33/3 7047/33/3 7046/33/3
f 7049/33/3 7047/33/3 7048/33/3
f 7050/26/3 7049/26/3 7048/26/3
f 7051/26/3 7049/26/3 7050/26/3
f 7052/28/3 7051/28/3 7050/28/3
f 7053/28/3 7051/28/3 7052/28/3
f 7054/27/3 7053/27/3 7052/27/3
f 7055/27/3 7053/27/3 7054/27/3
f 7056/28/3 7055/28/3 7054/28/3
f 7057/28/3 7055/28/3 7056/28/3
f 7058/26/3 7057/26/3 7056/26/3
f 7059/26/3 7057/26/3 7058/26/3
f 7060/33/3 7059/33/3 7058/33/3
f 7061/33/3 7059/33/3 7060/33/3
f 7062/26/3 7061/26/3 7060/26/3
f 7063/26/3 7061/26/3 7062/26/3
f 7064/33/3 7063/33/3 7062/33/3
f 7065/33/3 7063/33/3 7064/33/3
f 7066/26/3 7065/26/3 7064/26/3
f 7067/26/3 7065/26/3 7066/26/3
f 7068/33/3 7067/33/3 7066/33/3
f 7069/33/3 7067/33/3 7068/33/3
f 7070/26/3 7069/26/3 7068/26/3
f 7071/26/3 7069/26/3 7070/26/3
f 7072/33/3 7071/33/3 7070/33/3
f 7073/33/3 7071/33/3 7072/33/3
f 7074/26/3 7073/26/3 7072/26/3
f 7075/26/3 7073/26/3 7074/26/3
f 7076/33/3 7075/33/3 7074/33/3
f 7077/33/3 7075/33/3 7076/33/3
f 7078/26/3 7077/26/3 7076/26/3
f 7079/26/3 7077/26/3 7078/26/3
f 7080/33/3 7079/33/3 7078/33/3
f 7081/33/3 7079/33/3 7080/33/3
f 7082/26/3 7081/26/3 7080/26/3
f 7083/26/3 7081/26/3 7082/26/3
f 7084/33/3 7083/33/3 7082/33/3
f 7085/33/3 7083/33/3 7084/33/3
f 7086/26/3 7085/26/3 7084/26/3
f 7087/26/3 7085/26/3 7086/26/3
f 7088/33/3 7087/33/3 7086/33/3
f 7089/33/3 7087/33/3 7088/33/3
f 7090/26/3 7089/26/3 7088/26/3
f 7091/26/3 7089/26/3 7090/26/3
f 7127/33/3 7091/33/3 7090/33/3
f 7128/23/3 7092/23/3 7091/23/3
f 7128/33/3 7091/33/3 7127/33/3
f 7129/25/3 7093/25/3 7092/25/3
f 7129/23/3 7092/23/3 7128/23/3
f 7130/23/3 7094/23/3 7093/23/3
f 7130/25/3 7093/25/3 7129/25/3
f 7131/25/3 7095/25/3 7094/25/3
f 7131/23/3 7094/23/3 7130/23/3
f 7132/23/3 7096/23/3 7095/23/3
f 7132/25/3 7095/25/3 7131/25/3
f 7133/25/3 7097/25/3 7096/25/3
f 7133/23/3 7096/23/3 7132/23/3
f 7134/23/3 7098/23/3 7097/23/3
f 7134/25/3 7097/25/3 7133/25/3
f 7135/25/3 7099/25/3 7098/25/3
f 7135/23/3 7098/23/3 7134/23/3
f 7136/23/3 7100/23/3 7099/23/3
f 7136/25/3 7099/25/3 7135/25/3
f 7137/25/3 7101/25/3 7100/25/3
f 7137/23/3 7100/23/3 7136/23/3
f 7138/23/3 7102/23/3 7101/23/3
f 7138/25/3 7101/25/3 7137/25/3
f 7139/15/3 7103/15/3 7102/15/3
f 7139/23/3 7102/23/3 7138/23/3
f 7140/23/3 7104/23/3 7103/23/3
f 7140/15/3 7103/15/3 7139/15/3
f 7141/25/3 7105/25/3 7104/25/3
f 7141/23/3 7104/23/3 7140/23/3
f 7142/23/3 7106/23/3 7105/23/3
f 7142/25/3 7105/25/3 7141/25/3
f 7143/25/3 7107/25/3 7106/25/3
f 7143/23/3 7106/23/3 7142/23/3
f 7144/23/3 7108/23/3 7107/23/3
f 7144/25/3 7107/25/3 7143/25/3
f 7145/25/3 7109/25/3 7108/25/3
f 7145/23/3 7108/23/3 7144/23/3
f 7146/15/3 7110/15/3 7109/15/3
f 7146/25/3 7109/25/3 7145/25/3
f 7147/4/3 7111/4/3 7110/4/3
f 7147/15/3 7110/15/3 7146/15/3
f 7148/5/3 7112/5/3 7111/5/3
f 7148/4/3 7111/4/3 7147/4/3
f 7149/15/3 7113/15/3 7112/15/3
f 7149/5/3 7112/5/3 7148/5/3
f 7150/5/3 7114/5/3 7113/5/3
f 7150/15/3 7113/15/3 7149/15/3
f 7151/4/3 7115/4/3 7114/4/3
f 7151/5/3 7114/5/3 7150/5/3
f 7152/15/3 7116/15/3 7115/15/3
f 7152/4/3 7115/4/3 7151/4/3
f 7153/25/3 7117/25/3 7116/25/3
f 7153/15/3 7116/15/3 7152/15/3
f 7154/15/3 7118/15/3 7117/15/3
f 7154/25/3 7117/25/3 7153/25/3
f 7155/4/3 7119/4/3 7118/4/3
f 7155/15/3 7118/15/3 7154/15/3
f 7156/5/3 7120/5/3 7119/5/3
f 7156/4/3 7119/4/3 7155/4/3
f 7157/15/3 7121/15/3 7120/15/3
f 7157/5/3 7120/5/3 7156/5/3
f 7158/5/3 7122/5/3 7121/5/3
f 7158/15/3 7121/15/3 7157/15/3
f 7159/4/3 7123/4/3 7122/4/3
f 7159/5/3 7122/5/3 7158/5/3
f 7160/15/3 7124/15/3 7123/15/3
f 7160/4/3 7123/4/3 7159/4/3
f 7161/25/3 7125/25/3 7124/25/3
f 7161/15/3 7124/15/3 7160/15/3
f 7162/15/3 7126/15/3 7125/15/3
f 7162/25/3 7125/25/3 7161/25/3
f 7163/15/3 7126/15/3 7162/15/3
f 7167/1/3 7165/1/3 7164/1/3
f 7168/2/3 7166/2/3 7165/2/3
f 7168/1/3 7165/1/3 7167/1/3
f 7170/2/3 7166/2/3 7168/2/3
f 7171/1/3 7170/1/3 7169/1/3
f 7172/2/3 7166/2/3 7170/2/3
f 7172/1/3 7170/1/3 7171/1/3
f 7173/2/3 7166/2/3 7172/2/3
f 7178/3/3 7175/3/3 7174/3/3
f 7179/1/3 7176/1/3 7175/1/3
f 7179/3/3 7175/3/3 7178/3/3
f 7180/3/3 7177/3/3 7176/3/3
f 7180/1/3 7176/1/3 7179/1/3
f 7181/3/3 7177/3/3 7180/3/3
f 7188/3/3 7183/3/3 7182/3/3
f 7189/1/3 7184/1/3 7183/1/3
f 7189/3/3 7183/3/3 7188/3/3
f 7190/3/3 7185/3/3 7184/3/3
f 7190/1/3 7184/1/3 7189/1/3
f 7191/3/3 7185/3/3 7190/3/3
f 7194/3/3 7187/3/3 7186/3/3
f 7195/1/3 7188/1/3 7187/1/3
f 7195/3/3 7187/3/3 7194/3/3
f 7196/1/3 7188/1/3 7195/1/3
f 7199/1/3 7192/1/3 7191/1/3
f 7200/3/3 7193/3/3 7192/3/3
f 7200/1/3 7192/1/3 7199/1/3
f 7201/3/3 7193/3/3 7200/3/3
f 7202/3/3 7197/3/3 7196/3/3
f 7203/1/3 7198/1/3 7197/1/3
f 7203/3/3 7197/3/3 7202/3/3
f 7204/3/3 7199/3/3 7198/3/3
f 7204/1/3 7198/1/3 7203/1/3
f 7205/3/3 7199/3/3 7204/3/3
f 7210/3/3 7207/3/3 7206/3/3
f 7211/1/3 7208/1/3 7207/1/3
f 7211/3/3 7207/3/3 7210/3/3
f 7212/3/3 7209/3/3 7208/3/3
f 7212/1/3 7208/1/3 7211/1/3
f 7213/3/3 7209/3/3 7212/3/3
f 7220/3/3 7215/3/3 7214/3/3
f 7221/1/3 7216/1/3 7215/1/3
f 7221/3/3 7215/3/3 7220/3/3
f 7222/3/3 7217/3/3 7216/3/3
f 7222/1/3 7216/1/3 7221/1/3
f 7223/3/3 7217/3/3 7222/3/3
f 7226/3/3 7219/3/3 7218/3/3
f 7227/1/3 7220/1/3 7219/1/3
f 7227/3/3 7219/3/3 7226/3/3
f 7228/1/3 7220/1/3 7227/1/3
f 7229/1/3 7224/1/3 7223/1/3
f 7230/3/3 7225/3/3 7224/3/3
f 7230/1/3 7224/1/3 7229/1/3
f 7231/3/3 7225/3/3 7230/3/3
f 7238/3/3 7233/3/3 7232/3/3
f 7239/1/3 7234/1/3 7233/1/3
f 7239/3/3 7233/3/3 7238/3/3
f 7240/1/3 7234/1/3 7239/1/3
f 7243/1/3 7236/1/3 7235/1/3
f 7244/3/3 7237/3/3 7236/3/3
f 7244/1/3 7236/1/3 7243/1/3
f 7245/3/3 7237/3/3 7244/3/3
f 7246/3/3 7241/3/3 7240/3/3
f 7247/1/3 7242/1/3 7241/1/3
f 7247/3/3 7241/3/3 7246/3/3
f 7248/3/3 7243/3/3 7242/3/3
f 7248/1/3 7242/1/3 7247/1/3
f 7249/3/3 7243/3/3 7248/3/3
f 7256/3/3 7251/3/3 7250/3/3
f 7257/1/3 7252/1/3 7251/1/3
f 7257/3/3 7251/3/3 7256/3/3
f 7258/3/3 7253/3/3 7252/3/3
f 7258/1/3 7252/1/3 7257/1/3
f 7259/3/3 7253/3/3 7258/3/3
f 7262/3/3 7255/3/3 7254/3/3
f 7263/3/3 7255/3/3 7262/3/3
f 7264/1/3 7256/1/3 7255/1/3
f 7264/3/3 7255/3/3 7263/3/3
f 7265/1/3 7256/1/3 7264/1/3
f 7268/1/3 7260/1/3 7259/1/3
f 7269/3/3 7261/3/3 7260/3/3
f 7269/1/3 7260/1/3 7268/1/3
f 7270/3/3 7261/3/3 7269/3/3
f 7271/3/3 7266/3/3 7265/3/3
f 7272/1/3 7267/1/3 7266/1/3
f 7272/3/3 7266/3/3 7271/3/3
f 7273/3/3 7268/3/3 7267/3/3
f 7273/1/3 7267/1/3 7272/1/3
f 7274/3/3 7268/3/3 7273/3/3
f 7277/1/3 7276/1/3 7275/1/3
f 7278/1/3 7276/1/3 7277/1/3
f 7281/1/3 7280/1/3 7279/1/3
f 7282/1/3 7280/1/3 7281/1/3
f 7289/3/3 7284/3/3 7283/3/3
f 7290/1/3 7285/1/3 7284/1/3
f 7290/3/3 7284/3/3 7289/3/3
f 7291/3/3 7286/3/3 7285/3/3
f 7291/1/3 7285/1/3 7290/1/3
f 7292/3/3 7286/3/3 7291/3/3
f 7295/3/3 7288/3/3 7287/3/3
f 7296/1/3 7289/1/3 7288/1/3
f 7296/3/3 7288/3/3 7295/3/3
f 7297/1/3 7289/1/3 7296/1/3
f 7298/1/3 7293/1/3 7292/1/3
f 7299/3/3 7294/3/3 7293/3/3
f 7299/1/3 7293/1/3 7298/1/3
f 7300/3/3 7294/3/3 7299/3/3
f 7307/3/3 7302/3/3 7301/3/3
f 7308/1/3 7303/1/3 7302/1/3
f 7308/3/3 7302/3/3 7307/3/3
f 7309/1/3 7303/1/3 7308/1/3
f 7312/1/3 7305/1/3 7304/1/3
f 7313/3/3 7306/3/3 7305/3/3
f 7313/1/3 7305/1/3 7312/1/3
f 7314/3/3 7306/3/3 7313/3/3
f 7315/3/3 7310/3/3 7309/3/3
f 7316/1/3 7311/1/3 7310/1/3
f 7316/3/3 7310/3/3 7315/3/3
f 7317/3/3 7312/3/3 7311/3/3
f 7317/1/3 7311/1/3 7316/1/3
f 7318/3/3 7312/3/3 7317/3/3
f 7325/3/3 7320/3/3 7319/3/3
f 7326/1/3 7321/1/3 7320/1/3
f 7326/3/3 7320/3/3 7325/3/3
f 7327/3/3 7322/3/3 7321/3/3
f 7327/1/3 7321/1/3 7326/1/3
f 7328/3/3 7322/3/3 7327/3/3
f 7331/3/3 7324/3/3 7323/3/3
f 7332/1/3 7325/1/3 7324/1/3
f 7332/3/3 7324/3/3 7331/3/3
f 7333/1/3 7325/1/3 7332/1/3
f 7334/1/3 7329/1/3 7328/1/3
f 7335/3/3 7330/3/3 7329/3/3
f 7335/1/3 7329/1/3 7334/1/3
f 7336/3/3 7330/3/3 7335/3/3
f 7343/3/3 7338/3/3 7337/3/3
f 7344/1/3 7339/1/3 7338/1/3
f 7344/3/3 7338/3/3 7343/3/3
f 7345/1/3 7339/1/3 7344/1/3
f 7348/1/3 7341/1/3 7340/1/3
f 7349/3/3 7342/3/3 7341/3/3
f 7349/1/3 7341/1/3 7348/1/3
f 7350/3/3 7342/3/3 7349/3/3
f 7351/3/3 7346/3/3 7345/3/3
f 7352/1/3 7347/1/3 7346/1/3
f 7352/3/3 7346/3/3 7351/3/3
f 7353/3/3 7348/3/3 7347/3/3
f 7353/1/3 7347/1/3 7352/1/3
f 7354/3/3 7348/3/3 7353/3/3
f 7361/3/3 7356/3/3 7355/3/3
f 7362/1/3 7357/1/3 7356/1/3
f 7362/3/3 7356/3/3 7361/3/3
f 7363/3/3 7358/3/3 7357/3/3
f 7363/1/3 7357/1/3 7362/1/3
f 7364/3/3 7358/3/3 7363/3/3
f 7367/3/3 7360/3/3 7359/3/3
f 7368/1/3 7361/1/3 7360/1/3
f 7368/3/3 7360/3/3 7367/3/3
f 7369/1/3 7361/1/3 7368/1/3
f 7370/1/3 7365/1/3 7364/1/3
f 7371/3/3 7366/3/3 7365/3/3
f 7371/1/3 7365/1/3 7370/1/3
f 7372/3/3 7366/3/3 7371/3/3
f 7379/3/3 7374/3/3 7373/3/3
f 7380/1/3 7375/1/3 7374/1/3
f 7380/3/3 7374/3/3 7379/3/3
f 7381/1/3 7375/1/3 7380/1/3
f 7384/1/3 7377/1/3 7376/1/3
f 7385/3/3 7378/3/3 7377/3/3
f 7385/1/3 7377/1/3 7384/1/3
f 7386/3/3 7378/3/3 7385/3/3
f 7387/3/3 7382/3/3 7381/3/3
f 7388/1/3 7383/1/3 7382/1/3
f 7388/3/3 7382/3/3 7387/3/3
f 7389/3/3 7384/3/3 7383/3/3
f 7389/1/3 7383/1/3 7388/1/3
f 7390/3/3 7384/3/3 7389/3/3
f 7397/3/3 7392/3/3 7391/3/3
f 7398/1/3 7393/1/3 7392/1/3
f 7398/3/3 7392/3/3 7397/3/3
f 7399/3/3 7394/3/3 7393/3/3
f 7399/1/3 7393/1/3 7398/1/3
f 7400/3/3 7394/3/3 7399/3/3
f 7403/3/3 7396/3/3 7395/3/3
f 7404/1/3 7397/1/3 7396/1/3
f 7404/3/3 7396/3/3 7403/3/3
f 7405/1/3 7397/1/3 7404/1/3
f 7406/1/3 7401/1/3 7400/1/3
f 7407/3/3 7402/3/3 7401/3/3
f 7407/1/3 7401/1/3 7406/1/3
f 7408/3/3 7402/3/3 7407/3/3
f 7415/3/3 7410/3/3 7409/3/3
f 7416/1/3 7411/1/3 7410/1/3
f 7416/3/3 7410/3/3 7415/3/3
f 7417/1/3 7411/1/3 7416/1/3
f 7420/1/3 7413/1/3 7412/1/3
f 7421/3/3 7414/3/3 7413/3/3
f 7421/1/3 7413/1/3 7420/1/3
f 7422/3/3 7414/3/3 7421/3/3
f 7423/3/3 7418/3/3 7417/3/3
f 7424/1/3 7419/1/3 7418/1/3
f 7424/3/3 7418/3/3 7423/3/3
f 7425/3/3 7420/3/3 7419/3/3
f 7425/1/3 7419/1/3 7424/1/3
f 7426/3/3 7420/3/3 7425/3/3
f 7429/1/3 7428/1/3 7427/1/3
f 7430/1/3 7428/1/3 7429/1/3
f 7432/1/3 7428/1/3 7430/1/3
f 7433/1/3 7432/1/3 7431/1/3
f 7434/1/3 7432/1/3 7433/1/3
f 7435/1/3 7428/1/3 7432/1/3
f 7435/1/3 7432/1/3 7434/1/3
f 7442/3/3 7437/3/3 7436/3/3
f 7443/1/3 7438/1/3 7437/1/3
f 7443/3/3 7437/3/3 7442/3/3
f 7444/3/3 7439/3/3 7438/3/3
f 7444/1/3 7438/1/3 7443/1/3
f 7445/3/3 7439/3/3 7444/3/3
f 7448/3/3 7441/3/3 7440/3/3
f 7449/1/3 7442/1/3 7441/1/3
f 7449/3/3 7441/3/3 7448/3/3
f 7450/1/3 7442/1/3 7449/1/3
f 7451/1/3 7446/1/3 7445/1/3
f 7452/3/3 7447/3/3 7446/3/3
f 7452/1/3 7446/1/3 7451/1/3
f 7453/3/3 7447/3/3 7452/3/3
f 7460/3/3 7455/3/3 7454/3/3
f 7461/1/3 7456/1/3 7455/1/3
f 7461/3/3 7455/3/3 7460/3/3
f 7462/1/3 7456/1/3 7461/1/3
f 7465/1/3 7458/1/3 7457/1/3
f 7466/3/3 7459/3/3 7458/3/3
f 7466/1/3 7458/1/3 7465/1/3
f 7467/3/3 7459/3/3 7466/3/3
f 7468/3/3 7463/3/3 7462/3/3
f 7469/1/3 7464/1/3 7463/1/3
f 7469/3/3 7463/3/3 7468/3/3
f 7470/3/3 7465/3/3 7464/3/3
f 7470/1/3 7464/1/3 7469/1/3
f 7471/3/3 7465/3/3 7470/3/3
f 7475/1/3 7473/1/3 7472/1/3
f 7476/3/3 7474/3/3 7473/3/3
f 7476/1/3 7473/1/3 7475/1/3
f 7477/3/3 7474/3/3 7476/3/3
f 7479/1/3 7478/1/3 7477/1/3
f 7480/1/3 7478/1/3 7479/1/3
f 7487/1/3 7482/1/3 7481/1/3
f 7488/1/3 7482/1/3 7487/1/3
f 7489/3/3 7484/3/3 7483/3/3
f 7490/3/3 7484/3/3 7489/3/3
f 7491/1/3 7486/1/3 7485/1/3
f 7492/3/3 7487/3/3 7486/3/3
f 7492/1/3 7486/1/3 7491/1/3
f 7493/3/3 7487/3/3 7492/3/3
f 7499/1/3 7495/1/3 7494/1/3
f 7500/1/3 7495/1/3 7499/1/3
f 7503/3/3 7497/3/3 7496/3/3
f 7504/1/3 7498/1/3 7497/1/3
f 7504/3/3 7497/3/3 7503/3/3
f 7505/3/3 7499/3/3 7498/3/3
f 7505/1/3 7498/1/3 7504/1/3
f 7506/3/3 7499/3/3 7505/3/3
f 7507/1/3 7501/1/3 7500/1/3
f 7508/3/3 7502/3/3 7501/3/3
f 7508/1/3 7501/1/3 7507/1/3
f 7509/3/3 7502/3/3 7508/3/3
f 7511/1/3 7510/1/3 7509/1/3
f 7512/1/3 7510/1/3 7511/1/3
f 7521/1/3 7514/1/3 7513/1/3
f 7522/1/3 7514/1/3 7521/1/3
f 7523/3/3 7516/3/3 7515/3/3
f 7524/1/3 7517/1/3 7516/1/3
f 7524/3/3 7516/3/3 7523/3/3
f 7525/3/3 7518/3/3 7517/3/3
f 7525/1/3 7517/1/3 7524/1/3
f 7526/3/3 7518/3/3 7525/3/3
f 7527/1/3 7520/1/3 7519/1/3
f 7528/3/3 7521/3/3 7520/3/3
f 7528/1/3 7520/1/3 7527/1/3
f 7529/3/3 7521/3/3 7528/3/3
f 7530/1/3 7527/1/3 7526/1/3
f 7531/1/3 7527/1/3 7530/1/3
f 7535/1/3 7533/1/3 7532/1/3
f 7536/3/3 7534/3/3 7533/3/3
f 7536/1/3 7533/1/3 7535/1/3
f 7537/3/3 7534/3/3 7536/3/3
f 7539/1/3 7538/1/3 7537/1/3
f 7540/1/3 7538/1/3 7539/1/3
f 7547/1/3 7542/1/3 7541/1/3
f 7548/1/3 7542/1/3 7547/1/3
f 7549/3/3 7544/3/3 7543/3/3
f 7550/3/3 7544/3/3 7549/3/3
f 7551/1/3 7546/1/3 7545/1/3
f 7552/3/3 7547/3/3 7546/3/3
f 7552/1/3 7546/1/3 7551/1/3
f 7553/3/3 7547/3/3 7552/3/3
f 7559/1/3 7555/1/3 7554/1/3
f 7560/1/3 7555/1/3 7559/1/3
f 7563/3/3 7557/3/3 7556/3/3
f 7564/1/3 7558/1/3 7557/1/3
f 7564/3/3 7557/3/3 7563/3/3
f 7565/3/3 7559/3/3 7558/3/3
f 7565/1/3 7558/1/3 7564/1/3
f 7566/3/3 7559/3/3 7565/3/3
f 7567/1/3 7561/1/3 7560/1/3
f 7568/3/3 7562/3/3 7561/3/3
f 7568/1/3 7561/1/3 7567/1/3
f 7569/3/3 7562/3/3 7568/3/3
f 7571/1/3 7570/1/3 7569/1/3
f 7572/1/3 7570/1/3 7571/1/3
f 7580/3/3 7574/3/3 7573/3/3
f 7581/1/3 7575/1/3 7574/1/3
f 7581/3/3 7574/3/3 7580/3/3
f 7582/3/3 7576/3/3 7575/3/3
f 7582/1/3 7575/1/3 7581/1/3
f 7583/3/3 7576/3/3 7582/3/3
f 7584/1/3 7578/1/3 7577/1/3
f 7585/3/3 7579/3/3 7578/3/3
f 7585/1/3 7578/1/3 7584/1/3
f 7586/3/3 7579/3/3 7585/3/3
f 7587/1/3 7584/1/3 7583/1/3
f 7588/1/3 7584/1/3 7587/1/3
f 7594/1/3 7590/1/3 7589/1/3
f 7595/1/3 7590/1/3 7594/1/3
f 7598/3/3 7592/3/3 7591/3/3
f 7599/1/3 7593/1/3 7592/1/3
f 7599/3/3 7592/3/3 7598/3/3
f 7600/3/3 7594/3/3 7593/3/3
f 7600/1/3 7593/1/3 7599/1/3
f 7601/3/3 7594/3/3 7600/3/3
f 7602/1/3 7596/1/3 7595/1/3
f 7603/3/3 7597/3/3 7596/3/3
f 7603/1/3 7596/1/3 7602/1/3
f 7604/3/3 7597/3/3 7603/3/3
f 7606/1/3 7605/1/3 7604/1/3
f 7607/1/3 7605/1/3 7606/1/3
f 7616/1/3 7609/1/3 7608/1/3
f 7617/1/3 7609/1/3 7616/1/3
f 7618/3/3 7611/3/3 7610/3/3
f 7619/1/3 7612/1/3 7611/1/3
f 7619/3/3 7611/3/3 7618/3/3
f 7620/3/3 7613/3/3 7612/3/3
f 7620/1/3 7612/1/3 7619/1/3
f 7621/3/3 7613/3/3 7620/3/3
f 7622/1/3 7615/1/3 7614/1/3
f 7623/3/3 7616/3/3 7615/3/3
f 7623/1/3 7615/1/3 7622/1/3
f 7624/3/3 7616/3/3 7623/3/3
f 7625/1/3 7622/1/3 7621/1/3
f 7626/1/3 7622/1/3 7625/1/3
f 7632/1/3 7628/1/3 7627/1/3
f 7633/1/3 7628/1/3 7632/1/3
f 7636/3/3 7630/3/3 7629/3/3
f 7637/1/3 7631/1/3 7630/1/3
f 7637/3/3 7632/3/3 7631/3/3
f 7638/3/3 7632/3/3 7637/3/3
f 7639/1/3 7634/1/3 7633/1/3
f 7640/3/3 7635/3/3 7634/3/3
f 7640/1/3 7634/1/3 7639/1/3
f 7641/3/3 7635/3/3 7640/3/3
f 7643/1/3 7637/1/3 7630/1/3
f 7647/1/3 7642/1/3 7641/1/3
f 7648/3/3 7630/3/3 7636/3/3
f 7649/1/3 7643/1/3 7630/1/3
f 7649/3/3 7630/3/3 7648/3/3
f 7650/3/3 7644/3/3 7643/3/3
f 7650/1/3 7643/1/3 7649/1/3
f 7651/3/3 7644/3/3 7650/3/3
f 7652/1/3 7646/1/3 7645/1/3
f 7653/3/3 7647/3/3 7646/3/3
f 7653/1/3 7646/1/3 7652/1/3
f 7654/1/3 7642/1/3 7647/1/3
f 7654/3/3 7647/3/3 7653/3/3
f 7655/1/3 7642/1/3 7654/1/3
f 7656/1/3 7652/1/3 7651/1/3
f 7657/1/3 7652/1/3 7656/1/3
f 7663/1/3 7659/1/3 7658/1/3
f 7664/1/3 7659/1/3 7663/1/3
f 7667/3/3 7661/3/3 7660/3/3
f 7668/1/3 7662/1/3 7661/1/3
f 7668/3/3 7661/3/3 7667/3/3
f 7669/3/3 7663/3/3 7662/3/3
f 7669/1/3 7662/1/3 7668/1/3
f 7670/3/3 7663/3/3 7669/3/3
f 7671/1/3 7665/1/3 7664/1/3
f 7672/3/3 7666/3/3 7665/3/3
f 7672/1/3 7665/1/3 7671/1/3
f 7673/3/3 7666/3/3 7672/3/3
f 7675/1/3 7674/1/3 7673/1/3
f 7676/1/3 7674/1/3 7675/1/3
f 7684/3/3 7678/3/3 7677/3/3
f 7685/1/3 7679/1/3 7678/1/3
f 7685/3/3 7678/3/3 7684/3/3
f 7686/3/3 7680/3/3 7679/3/3
f 7686/1/3 7679/1/3 7685/1/3
f 7687/3/3 7680/3/3 7686/3/3
f 7688/1/3 7682/1/3 7681/1/3
f 7689/3/3 7683/3/3 7682/3/3
f 7689/1/3 7682/1/3 7688/1/3
f 7690/3/3 7683/3/3 7689/3/3
f 7691/1/3 7688/1/3 7687/1/3
f 7692/1/3 7688/1/3 7691/1/3
f 7696/1/3 7694/1/3 7693/1/3
f 7697/1/3 7694/1/3 7696/1/3
f 7700/3/3 7696/3/3 7695/3/3
f 7701/1/3 7697/1/3 7696/1/3
f 7701/3/3 7696/3/3 7700/3/3
f 7701/1/3 7698/1/3 7697/1/3
f 7702/1/3 7698/1/3 7701/1/3
f 7703/3/3 7699/3/3 7698/3/3
f 7703/1/3 7698/1/3 7702/1/3
f 7704/3/3 7699/3/3 7703/3/3
f 7705/1/3 7702/1/3 7701/1/3
f 7706/1/3 7702/1/3 7705/1/3
f 7712/1/3 7708/1/3 7707/1/3
f 7713/1/3 7708/1/3 7712/1/3
f 7716/3/3 7710/3/3 7709/3/3
f 7717/1/3 7711/1/3 7710/1/3
f 7717/3/3 7712/3/3 7711/3/3
f 7718/3/3 7712/3/3 7717/3/3
f 7719/1/3 7714/1/3 7713/1/3
f 7720/3/3 7715/3/3 7714/3/3
f 7720/1/3 7714/1/3 7719/1/3
f 7721/3/3 7715/3/3 7720/3/3
f 7723/1/3 7717/1/3 7710/1/3
f 7727/1/3 7722/1/3 7721/1/3
f 7728/3/3 7710/3/3 7716/3/3
f 7729/1/3 7723/1/3 7710/1/3
f 7729/3/3 7710/3/3 7728/3/3
f 7730/3/3 7724/3/3 7723/3/3
f 7730/1/3 7723/1/3 7729/1/3
f 7731/3/3 7724/3/3 7730/3/3
f 7732/1/3 7726/1/3 7725/1/3
f 7733/3/3 7727/3/3 7726/3/3
f 7733/1/3 7726/1/3 7732/1/3
f 7734/1/3 7722/1/3 7727/1/3
f 7734/3/3 7727/3/3 7733/3/3
f 7735/1/3 7722/1/3 7734/1/3
f 7736/1/3 7732/1/3 7731/1/3
f 7737/1/3 7732/1/3 7736/1/3
f 7741/1/3 7739/1/3 7738/1/3
f 7742/2/3 7740/2/3 7739/2/3
f 7742/1/3 7739/1/3 7741/1/3
f 7744/2/3 7740/2/3 7742/2/3
f 7745/1/3 7744/1/3 7743/1/3
f 7746/2/3 7740/2/3 7744/2/3
f 7746/1/3 7744/1/3 7745/1/3
f 7747/2/3 7740/2/3 7746/2/3
f 7751/1/3 7749/1/3 7748/1/3
f 7752/1/3 7749/1/3 7751/1/3
f 7755/3/3 7751/3/3 7750/3/3
f 7756/1/3 7752/1/3 7751/1/3
f 7756/3/3 7751/3/3 7755/3/3
f 7756/1/3 7753/1/3 7752/1/3
f 7757/1/3 7753/1/3 7756/1/3
f 7758/3/3 7754/3/3 7753/3/3
f 7758/1/3 7753/1/3 7757/1/3
f 7759/3/3 7754/3/3 7758/3/3
f 7760/1/3 7757/1/3 7756/1/3
f 7761/1/3 7757/1/3 7760/1/3
f 7766/3/3 7763/3/3 7762/3/3
f 7767/1/3 7764/1/3 7763/1/3
f 7767/3/3 7763/3/3 7766/3/3
f 7768/3/3 7765/3/3 7764/3/3
f 7768/1/3 7764/1/3 7767/1/3
f 7769/3/3 7765/3/3 7768/3/3
f 7776/3/3 7771/3/3 7770/3/3
f 7777/1/3 7772/1/3 7771/1/3
f 7777/3/3 7771/3/3 7776/3/3
f 7778/3/3 7773/3/3 7772/3/3
f 7778/1/3 7772/1/3 7777/1/3
f 7779/3/3 7773/3/3 7778/3/3
f 7782/3/3 7775/3/3 7774/3/3
f 7783/3/3 7775/3/3 7782/3/3
f 7784/1/3 7776/1/3 7775/1/3
f 7784/3/3 7775/3/3 7783/3/3
f 7785/1/3 7776/1/3 7784/1/3
f 7788/1/3 7780/1/3 7779/1/3
f 7789/3/3 7781/3/3 7780/3/3
f 7789/1/3 7780/1/3 7788/1/3
f 7790/3/3 7781/3/3 7789/3/3
f 7791/3/3 7786/3/3 7785/3/3
f 7792/1/3 7787/1/3 7786/1/3
f 7792/3/3 7786/3/3 7791/3/3
f 7793/3/3 7788/3/3 7787/3/3
f 7793/1/3 7787/1/3 7792/1/3
f 7794/3/3 7788/3/3 7793/3/3
f 7801/3/3 7796/3/3 7795/3/3
f 7802/1/3 7797/1/3 7796/1/3
f 7802/3/3 7796/3/3 7801/3/3
f 7803/3/3 7798/3/3 7797/3/3
f 7803/1/3 7797/1/3 7802/1/3
f 7804/3/3 7798/3/3 7803/3/3
f 7807/3/3 7800/3/3 7799/3/3
f 7808/1/3 7801/1/3 7800/1/3
f 7808/3/3 7800/3/3 7807/3/3
f 7809/1/3 7801/1/3 7808/1/3
f 7810/1/3 7805/1/3 7804/1/3
f 7811/3/3 7806/3/3 7805/3/3
f 7811/1/3 7805/1/3 7810/1/3
f 7812/3/3 7806/3/3 7811/3/3
f 7819/3/3 7814/3/3 7813/3/3
f 7820/1/3 7815/1/3 7814/1/3
f 7820/3/3 7814/3/3 7819/3/3
f 7821/1/3 7815/1/3 7820/1/3
f 7824/1/3 7817/1/3 7816/1/3
f 7825/3/3 7818/3/3 7817/3/3
f 7825/1/3 7817/1/3 7824/1/3
f 7826/3/3 7818/3/3 7825/3/3
f 7827/3/3 7822/3/3 7821/3/3
f 7828/1/3 7823/1/3 7822/1/3
f 7828/3/3 7822/3/3 7827/3/3
f 7829/3/3 7824/3/3 7823/3/3
f 7829/1/3 7823/1/3 7828/1/3
f 7830/3/3 7824/3/3 7829/3/3
f 7833/1/3 7832/1/3 7831/1/3
f 7834/1/3 7832/1/3 7833/1/3
f 7837/1/3 7836/1/3 7835/1/3
f 7838/1/3 7836/1/3 7837/1/3
f 7845/3/3 7840/3/3 7839/3/3
f 7846/1/3 7841/1/3 7840/1/3
f 7846/3/3 7840/3/3 7845/3/3
f 7847/3/3 7842/3/3 7841/3/3
f 7847/1/3 7841/1/3 7846/1/3
f 7848/3/3 7842/3/3 7847/3/3
f 7851/3/3 7844/3/3 7843/3/3
f 7852/1/3 7845/1/3 7844/1/3
f 7852/3/3 7844/3/3 7851/3/3
f 7853/1/3 7845/1/3 7852/1/3
f 7854/1/3 7849/1/3 7848/1/3
f 7855/3/3 7850/3/3 7849/3/3
f 7855/1/3 7849/1/3 7854/1/3
f 7856/3/3 7850/3/3 7855/3/3
f 7863/3/3 7858/3/3 7857/3/3
f 7864/1/3 7859/1/3 7858/1/3
f 7864/3/3 7858/3/3 7863/3/3
f 7865/1/3 7859/1/3 7864/1/3
f 7868/1/3 7861/1/3 7860/1/3
f 7869/3/3 7862/3/3 7861/3/3
f 7869/1/3 7861/1/3 7868/1/3
f 7870/3/3 7862/3/3 7869/3/3
f 7871/3/3 7866/3/3 7865/3/3
f 7872/1/3 7867/1/3 7866/1/3
f 7872/3/3 7866/3/3 7871/3/3
f 7873/3/3 7868/3/3 7867/3/3
f 7873/1/3 7867/1/3 7872/1/3
f 7874/3/3 7868/3/3 7873/3/3
f 7881/3/3 7876/3/3 7875/3/3
f 7882/1/3 7877/1/3 7876/1/3
f 7882/3/3 7876/3/3 7881/3/3
f 7883/3/3 7878/3/3 7877/3/3
f 7883/1/3 7877/1/3 7882/1/3
f 7884/3/3 7878/3/3 7883/3/3
f 7887/3/3 7880/3/3 7879/3/3
f 7888/1/3 7881/1/3 7880/1/3
f 7888/3/3 7880/3/3 7887/3/3
f 7889/1/3 7881/1/3 7888/1/3
f 7890/1/3 7885/1/3 7884/1/3
f 7891/3/3 7886/3/3 7885/3/3
f 7891/1/3 7885/1/3 7890/1/3
f 7892/3/3 7886/3/3 7891/3/3
f 7899/3/3 7894/3/3 7893/3/3
f 7900/1/3 7895/1/3 7894/1/3
f 7900/3/3 7894/3/3 7899/3/3
f 7901/1/3 7895/1/3 7900/1/3
f 7904/1/3 7897/1/3 7896/1/3
f 7905/3/3 7898/3/3 7897/3/3
f 7905/1/3 7897/1/3 7904/1/3
f 7906/3/3 7898/3/3 7905/3/3
f 7907/3/3 7902/3/3 7901/3/3
f 7908/1/3 7903/1/3 7902/1/3
f 7908/3/3 7902/3/3 7907/3/3
f 7909/3/3 7904/3/3 7903/3/3
f 7909/1/3 7903/1/3 7908/1/3
f 7910/3/3 7904/3/3 7909/3/3
f 7913/30/3 7912/30/3 7911/30/3
f 7914/30/3 7912/30/3 7913/30/3
f 7922/30/3 7916/30/3 7915/30/3
f 7923/30/3 7916/30/3 7922/30/3
f 7925/30/3 7918/30/3 7917/30/3
f 7926/29/3 7919/29/3 7918/29/3
f 7926/30/3 7918/30/3 7925/30/3
f 7927/30/3 7920/30/3 7919/30/3
f 7927/29/3 7919/29/3 7926/29/3
f 7928/30/3 7920/30/3 7927/30/3
f 7929/30/3 7922/30/3 7921/30/3
f 7930/30/3 7922/30/3 7929/30/3
f 7931/30/3 7924/30/3 7923/30/3
f 7932/30/3 7924/30/3 7931/30/3
f 7933/30/3 7931/30/3 7930/30/3
f 7934/30/3 7931/30/3 7933/30/3
f 7942/30/3 7936/30/3 7935/30/3
f 7943/30/3 7936/30/3 7942/30/3
f 7946/30/3 7938/30/3 7937/30/3
f 7947/29/3 7939/29/3 7938/29/3
f 7947/30/3 7938/30/3 7946/30/3
f 7948/30/3 7940/30/3 7939/30/3
f 7948/29/3 7939/29/3 7947/29/3
f 7949/30/3 7940/30/3 7948/30/3
f 7954/30/3 7942/30/3 7941/30/3
f 7955/30/3 7942/30/3 7954/30/3
f 7956/30/3 7944/30/3 7943/30/3
f 7957/30/3 7944/30/3 7956/30/3
f 7959/30/3 7946/30/3 7945/30/3
f 7960/30/3 7946/30/3 7959/30/3
f 7963/30/3 7950/30/3 7949/30/3
f 7964/30/3 7950/30/3 7963/30/3
f 7965/29/3 7952/29/3 7951/29/3
f 7966/30/3 7953/30/3 7952/30/3
f 7966/29/3 7952/29/3 7965/29/3
f 7967/29/3 7954/29/3 7953/29/3
f 7967/30/3 7953/30/3 7966/30/3
f 7968/29/3 7954/29/3 7967/29/3
f 7971/30/3 7958/30/3 7957/30/3
f 7972/30/3 7958/30/3 7971/30/3
f 7973/30/3 7961/30/3 7960/30/3
f 7974/29/3 7962/29/3 7961/29/3
f 7974/30/3 7961/30/3 7973/30/3
f 7975/30/3 7963/30/3 7962/30/3
f 7975/29/3 7962/29/3 7974/29/3
f 7976/30/3 7963/30/3 7975/30/3
f 7977/30/3 7969/30/3 7968/30/3
f 7978/30/3 7969/30/3 7977/30/3
f 7979/30/3 7971/30/3 7970/30/3
f 7980/30/3 7971/30/3 7979/30/3
f 7981/30/3 7979/30/3 7978/30/3
f 7982/30/3 7979/30/3 7981/30/3
f 7986/1/3 7984/1/3 7983/1/3
f 7987/3/3 7985/3/3 7984/3/3
f 7987/1/3 7984/1/3 7986/1/3
f 7988/3/3 7985/3/3 7987/3/3
f 7990/1/3 7989/1/3 7988/1/3
f 7991/1/3 7989/1/3 7990/1/3
f 7998/1/3 7993/1/3 7992/1/3
f 7999/1/3 7993/1/3 7998/1/3
f 8000/3/3 7995/3/3 7994/3/3
f 8001/3/3 7995/3/3 8000/3/3
f 8002/1/3 7997/1/3 7996/1/3
f 8003/3/3 7998/3/3 7997/3/3
f 8003/1/3 7997/1/3 8002/1/3
f 8004/3/3 7998/3/3 8003/3/3
f 8012/30/3 8006/30/3 8005/30/3
f 8013/30/3 8006/30/3 8012/30/3
f 8016/30/3 8008/30/3 8007/30/3
f 8017/29/3 8009/29/3 8008/29/3
f 8017/30/3 8008/30/3 8016/30/3
f 8018/30/3 8010/30/3 8009/30/3
f 8018/29/3 8009/29/3 8017/29/3
f 8019/30/3 8010/30/3 8018/30/3
f 8024/30/3 8012/30/3 8011/30/3
f 8025/30/3 8012/30/3 8024/30/3
f 8026/30/3 8014/30/3 8013/30/3
f 8027/30/3 8014/30/3 8026/30/3
f 8029/30/3 8016/30/3 8015/30/3
f 8030/30/3 8016/30/3 8029/30/3
f 8031/30/3 8020/30/3 8019/30/3
f 8032/30/3 8020/30/3 8031/30/3
f 8033/29/3 8022/29/3 8021/29/3
f 8034/30/3 8023/30/3 8022/30/3
f 8034/29/3 8022/29/3 8033/29/3
f 8035/29/3 8024/29/3 8023/29/3
f 8035/30/3 8023/30/3 8034/30/3
f 8036/29/3 8024/29/3 8035/29/3
f 8037/30/3 8028/30/3 8027/30/3
f 8038/30/3 8028/30/3 8037/30/3
f 8049/30/3 8046/30/3 8045/30/3
f 8050/30/3 8046/30/3 8049/30/3
f 8051/30/3 8049/30/3 8045/30/3
f 8051/29/3 8050/29/3 8049/29/3
f 8052/30/3 8046/30/3 8050/30/3
f 8052/29/3 8050/29/3 8051/29/3
f 8053/29/3 8040/29/3 8039/29/3
f 8054/30/3 8041/30/3 8040/30/3
f 8054/29/3 8040/29/3 8053/29/3
f 8055/29/3 8042/29/3 8041/29/3
f 8055/30/3 8041/30/3 8054/30/3
f 8056/30/3 8043/30/3 8042/30/3
f 8056/29/3 8042/29/3 8055/29/3
f 8057/29/3 8044/29/3 8043/29/3
f 8057/30/3 8043/30/3 8056/30/3
f 8058/29/3 8044/29/3 8057/29/3
f 8059/30/3 8051/30/3 8045/30/3
f 8059/30/3 8052/30/3 8051/30/3
f 8060/30/3 8046/30/3 8052/30/3
f 8060/30/3 8052/30/3 8059/30/3
f 8061/30/3 8048/30/3 8047/30/3
f 8062/30/3 8048/30/3 8061/30/3
f 8073/30/3 8064/30/3 8063/30/3
f 8074/30/3 8064/30/3 8073/30/3
f 8077/30/3 8066/30/3 8065/30/3
f 8078/30/3 8066/30/3 8077/30/3
f 8079/29/3 8068/29/3 8067/29/3
f 8080/30/3 8069/30/3 8068/30/3
f 8080/29/3 8068/29/3 8079/29/3
f 8081/29/3 8070/29/3 8069/29/3
f 8081/30/3 8069/30/3 8080/30/3
f 8082/29/3 8070/29/3 8081/29/3
f 8085/30/3 8072/30/3 8071/30/3
f 8086/30/3 8072/30/3 8085/30/3
f 8087/30/3 8075/30/3 8074/30/3
f 8088/29/3 8076/29/3 8075/29/3
f 8088/30/3 8075/30/3 8087/30/3
f 8089/30/3 8077/30/3 8076/30/3
f 8089/29/3 8076/29/3 8088/29/3
f 8090/30/3 8077/30/3 8089/30/3
f 8091/30/3 8083/30/3 8082/30/3
f 8092/30/3 8083/30/3 8091/30/3
f 8093/30/3 8085/30/3 8084/30/3
f 8094/30/3 8085/30/3 8093/30/3
f 8095/30/3 8093/30/3 8092/30/3
f 8096/30/3 8093/30/3 8095/30/3
f 8102/1/3 8098/1/3 8097/1/3
f 8103/1/3 8098/1/3 8102/1/3
f 8106/3/3 8100/3/3 8099/3/3
f 8107/1/3 8101/1/3 8100/1/3
f 8107/3/3 8100/3/3 8106/3/3
f 8108/3/3 8102/3/3 8101/3/3
f 8108/1/3 8101/1/3 8107/1/3
f 8109/3/3 8102/3/3 8108/3/3
f 8110/1/3 8104/1/3 8103/1/3
f 8111/3/3 8105/3/3 8104/3/3
f 8111/1/3 8104/1/3 8110/1/3
f 8112/3/3 8105/3/3 8111/3/3
f 8114/1/3 8113/1/3 8112/1/3
f 8115/1/3 8113/1/3 8114/1/3
f 8124/1/3 8117/1/3 8116/1/3
f 8125/1/3 8117/1/3 8124/1/3
f 8126/3/3 8119/3/3 8118/3/3
f 8127/1/3 8120/1/3 8119/1/3
f 8127/3/3 8119/3/3 8126/3/3
f 8128/3/3 8121/3/3 8120/3/3
f 8128/1/3 8120/1/3 8127/1/3
f 8129/3/3 8121/3/3 8128/3/3
f 8130/1/3 8123/1/3 8122/1/3
f 8131/3/3 8124/3/3 8123/3/3
f 8131/1/3 8123/1/3 8130/1/3
f 8132/3/3 8124/3/3 8131/3/3
f 8133/1/3 8130/1/3 8129/1/3
f 8134/1/3 8130/1/3 8133/1/3
f 8142/30/3 8136/30/3 8135/30/3
f 8143/30/3 8136/30/3 8142/30/3
f 8146/30/3 8138/30/3 8137/30/3
f 8147/29/3 8139/29/3 8138/29/3
f 8147/30/3 8138/30/3 8146/30/3
f 8148/30/3 8140/30/3 8139/30/3
f 8148/29/3 8139/29/3 8147/29/3
f 8149/30/3 8140/30/3 8148/30/3
f 8154/30/3 8142/30/3 8141/30/3
f 8155/30/3 8142/30/3 8154/30/3
f 8156/30/3 8144/30/3 8143/30/3
f 8157/30/3 8144/30/3 8156/30/3
f 8164/30/3 8146/30/3 8145/30/3
f 8165/30/3 8146/30/3 8164/30/3
f 8166/30/3 8150/30/3 8149/30/3
f 8167/30/3 8150/30/3 8166/30/3
f 8168/29/3 8152/29/3 8151/29/3
f 8169/30/3 8153/30/3 8152/30/3
f 8169/29/3 8152/29/3 8168/29/3
f 8170/29/3 8154/29/3 8153/29/3
f 8170/30/3 8153/30/3 8169/30/3
f 8171/29/3 8154/29/3 8170/29/3
f 8172/30/3 8158/30/3 8157/30/3
f 8173/30/3 8158/30/3 8172/30/3
f 8174/29/3 8160/29/3 8159/29/3
f 8175/30/3 8168/30/3 8167/30/3
f 8176/30/3 8168/30/3 8175/30/3
f 8179/29/3 8160/29/3 8174/29/3
f 8180/30/3 8161/30/3 8160/30/3
f 8180/29/3 8160/29/3 8179/29/3
f 8181/29/3 8162/29/3 8161/29/3
f 8181/30/3 8161/30/3 8180/30/3
f 8182/30/3 8163/30/3 8162/30/3
f 8182/29/3 8162/29/3 8181/29/3
f 8183/29/3 8164/29/3 8163/29/3
f 8183/30/3 8163/30/3 8182/30/3
f 8184/29/3 8164/29/3 8183/29/3
f 8185/30/3 8175/30/3 8167/30/3
f 8186/29/3 8176/29/3 8175/29/3
f 8186/30/3 8175/30/3 8185/30/3
f 8187/30/3 8168/30/3 8176/30/3
f 8187/29/3 8176/29/3 8186/29/3
f 8188/30/3 8168/30/3 8187/30/3
f 8189/30/3 8178/30/3 8177/30/3
f 8190/30/3 8178/30/3 8189/30/3
f 8203/30/3 8198/30/3 8197/30/3
f 8203/29/3 8199/29/3 8198/29/3
f 8204/30/3 8200/30/3 8199/30/3
f 8204/29/3 8199/29/3 8203/29/3
f 8205/30/3 8202/30/3 8201/30/3
f 8206/30/3 8202/30/3 8205/30/3
f 8207/29/3 8192/29/3 8191/29/3
f 8208/30/3 8193/30/3 8192/30/3
f 8208/29/3 8192/29/3 8207/29/3
f 8209/29/3 8194/29/3 8193/29/3
f 8209/30/3 8193/30/3 8208/30/3
f 8210/30/3 8195/30/3 8194/30/3
f 8210/29/3 8194/29/3 8209/29/3
f 8211/29/3 8196/29/3 8195/29/3
f 8211/30/3 8195/30/3 8210/30/3
f 8212/29/3 8196/29/3 8211/29/3
f 8215/30/3 8203/30/3 8197/30/3
f 8215/30/3 8204/30/3 8203/30/3
f 8216/30/3 8200/30/3 8204/30/3
f 8216/30/3 8204/30/3 8215/30/3
f 8222/30/3 8213/30/3 8212/30/3
f 8223/30/3 8213/30/3 8222/30/3
f 8226/30/3 8215/30/3 8214/30/3
f 8227/30/3 8215/30/3 8226/30/3
f 8228/29/3 8217/29/3 8216/29/3
f 8229/30/3 8218/30/3 8217/30/3
f 8229/29/3 8217/29/3 8228/29/3
f 8230/29/3 8219/29/3 8218/29/3
f 8230/30/3 8218/30/3 8229/30/3
f 8231/29/3 8219/29/3 8230/29/3
f 8234/30/3 8221/30/3 8220/30/3
f 8235/30/3 8221/30/3 8234/30/3
f 8236/30/3 8224/30/3 8223/30/3
f 8237/29/3 8225/29/3 8224/29/3
f 8237/30/3 8224/30/3 8236/30/3
f 8238/30/3 8226/30/3 8225/30/3
f 8238/29/3 8225/29/3 8237/29/3
f 8239/30/3 8226/30/3 8238/30/3
f 8240/30/3 8232/30/3 8231/30/3
f 8241/30/3 8232/30/3 8240/30/3
f 8242/30/3 8234/30/3 8233/30/3
f 8243/30/3 8234/30/3 8242/30/3
f 8244/30/3 8242/30/3 8241/30/3
f 8245/30/3 8242/30/3 8244/30/3
f 8251/1/3 8247/1/3 8246/1/3
f 8252/1/3 8247/1/3 8251/1/3
f 8255/3/3 8249/3/3 8248/3/3
f 8256/1/3 8250/1/3 8249/1/3
f 8256/3/3 8249/3/3 8255/3/3
f 8257/3/3 8251/3/3 8250/3/3
f 8257/1/3 8250/1/3 8256/1/3
f 8258/3/3 8251/3/3 8257/3/3
f 8259/1/3 8253/1/3 8252/1/3
f 8260/3/3 8254/3/3 8253/3/3
f 8260/1/3 8253/1/3 8259/1/3
f 8261/3/3 8254/3/3 8260/3/3
f 8263/1/3 8262/1/3 8261/1/3
f 8264/1/3 8262/1/3 8263/1/3
f 8272/3/3 8266/3/3 8265/3/3
f 8273/1/3 8267/1/3 8266/1/3
f 8273/3/3 8266/3/3 8272/3/3
f 8274/3/3 8268/3/3 8267/3/3
f 8274/1/3 8267/1/3 8273/1/3
f 8275/3/3 8268/3/3 8274/3/3
f 8276/1/3 8270/1/3 8269/1/3
f 8277/3/3 8271/3/3 8270/3/3
f 8277/1/3 8270/1/3 8276/1/3
f 8278/3/3 8271/3/3 8277/3/3
f 8279/1/3 8276/1/3 8275/1/3
f 8280/1/3 8276/1/3 8279/1/3
f 8283/1/3 8282/1/3 8281/1/3
f 8284/1/3 8282/1/3 8283/1/3
f 8287/1/3 8286/1/3 8285/1/3
f 8288/1/3 8286/1/3 8287/1/3
f 8289/1/3 8286/1/3 8288/1/3
f 8297/30/3 8291/30/3 8290/30/3
f 8298/30/3 8291/30/3 8297/30/3
f 8301/30/3 8293/30/3 8292/30/3
f 8302/29/3 8294/29/3 8293/29/3
f 8302/30/3 8293/30/3 8301/30/3
f 8303/30/3 8295/30/3 8294/30/3
f 8303/29/3 8294/29/3 8302/29/3
f 8304/30/3 8295/30/3 8303/30/3
f 8309/30/3 8297/30/3 8296/30/3
f 8310/30/3 8297/30/3 8309/30/3
f 8311/30/3 8299/30/3 8298/30/3
f 8312/30/3 8299/30/3 8311/30/3
f 8314/30/3 8301/30/3 8300/30/3
f 8315/30/3 8301/30/3 8314/30/3
f 8316/30/3 8305/30/3 8304/30/3
f 8317/30/3 8305/30/3 8316/30/3
f 8318/29/3 8307/29/3 8306/29/3
f 8319/30/3 8308/30/3 8307/30/3
f 8319/29/3 8307/29/3 8318/29/3
f 8320/29/3 8309/29/3 8308/29/3
f 8320/30/3 8308/30/3 8319/30/3
f 8321/29/3 8309/29/3 8320/29/3
f 8322/30/3 8313/30/3 8312/30/3
f 8323/30/3 8313/30/3 8322/30/3
f 8326/30/3 8325/30/3 8324/30/3
f 8327/30/3 8325/30/3 8326/30/3
f 8330/30/3 8329/30/3 8328/30/3
f 8331/30/3 8329/30/3 8330/30/3
f 8342/30/3 8333/30/3 8332/30/3
f 8343/30/3 8333/30/3 8342/30/3
f 8346/30/3 8335/30/3 8334/30/3
f 8347/30/3 8335/30/3 8346/30/3
f 8348/29/3 8337/29/3 8336/29/3
f 8349/30/3 8338/30/3 8337/30/3
f 8349/29/3 8337/29/3 8348/29/3
f 8350/29/3 8339/29/3 8338/29/3
f 8350/30/3 8338/30/3 8349/30/3
f 8351/29/3 8339/29/3 8350/29/3
f 8354/30/3 8341/30/3 8340/30/3
f 8355/30/3 8341/30/3 8354/30/3
f 8356/30/3 8344/30/3 8343/30/3
f 8357/29/3 8345/29/3 8344/29/3
f 8357/30/3 8344/30/3 8356/30/3
f 8358/30/3 8346/30/3 8345/30/3
f 8358/29/3 8345/29/3 8357/29/3
f 8359/30/3 8346/30/3 8358/30/3
f 8360/30/3 8352/30/3 8351/30/3
f 8361/30/3 8352/30/3 8360/30/3
f 8362/30/3 8354/30/3 8353/30/3
f 8363/30/3 8354/30/3 8362/30/3
f 8364/30/3 8362/30/3 8361/30/3
f 8365/30/3 8362/30/3 8364/30/3
f 8371/1/3 8367/1/3 8366/1/3
f 8372/1/3 8367/1/3 8371/1/3
f 8375/3/3 8369/3/3 8368/3/3
f 8376/1/3 8370/1/3 8369/1/3
f 8376/3/3 8371/3/3 8370/3/3
f 8377/3/3 8371/3/3 8376/3/3
f 8378/1/3 8373/1/3 8372/1/3
f 8379/3/3 8374/3/3 8373/3/3
f 8379/1/3 8373/1/3 8378/1/3
f 8380/3/3 8374/3/3 8379/3/3
f 8382/1/3 8376/1/3 8369/1/3
f 8386/1/3 8381/1/3 8380/1/3
f 8387/3/3 8369/3/3 8375/3/3
f 8388/1/3 8382/1/3 8369/1/3
f 8388/3/3 8369/3/3 8387/3/3
f 8389/3/3 8383/3/3 8382/3/3
f 8389/1/3 8382/1/3 8388/1/3
f 8390/3/3 8383/3/3 8389/3/3
f 8391/1/3 8385/1/3 8384/1/3
f 8392/3/3 8386/3/3 8385/3/3
f 8392/1/3 8385/1/3 8391/1/3
f 8393/1/3 8381/1/3 8386/1/3
f 8393/3/3 8386/3/3 8392/3/3
f 8394/1/3 8381/1/3 8393/1/3
f 8395/1/3 8391/1/3 8390/1/3
f 8396/1/3 8391/1/3 8395/1/3
f 8409/29/3 8398/29/3 8397/29/3
f 8410/30/3 8399/30/3 8398/30/3
f 8410/29/3 8398/29/3 8409/29/3
f 8411/29/3 8400/29/3 8399/29/3
f 8411/30/3 8399/30/3 8410/30/3
f 8412/30/3 8401/30/3 8400/30/3
f 8412/29/3 8400/29/3 8411/29/3
f 8413/29/3 8402/29/3 8401/29/3
f 8413/30/3 8401/30/3 8412/30/3
f 8414/29/3 8402/29/3 8413/29/3
f 8415/30/3 8404/30/3 8403/30/3
f 8416/29/3 8405/29/3 8404/29/3
f 8416/30/3 8404/30/3 8415/30/3
f 8417/30/3 8406/30/3 8405/30/3
f 8417/29/3 8405/29/3 8416/29/3
f 8418/30/3 8406/30/3 8417/30/3
f 8419/30/3 8408/30/3 8407/30/3
f 8420/30/3 8408/30/3 8419/30/3
f 8433/29/3 8422/29/3 8421/29/3
f 8434/30/3 8423/30/3 8422/30/3
f 8434/29/3 8422/29/3 8433/29/3
f 8435/29/3 8424/29/3 8423/29/3
f 8435/30/3 8423/30/3 8434/30/3
f 8436/30/3 8425/30/3 8424/30/3
f 8436/29/3 8424/29/3 8435/29/3
f 8437/29/3 8426/29/3 8425/29/3
f 8437/30/3 8425/30/3 8436/30/3
f 8438/29/3 8426/29/3 8437/29/3
f 8439/30/3 8428/30/3 8427/30/3
f 8440/29/3 8429/29/3 8428/29/3
f 8440/30/3 8428/30/3 8439/30/3
f 8441/30/3 8430/30/3 8429/30/3
f 8441/29/3 8429/29/3 8440/29/3
f 8442/30/3 8430/30/3 8441/30/3
f 8443/30/3 8432/30/3 8431/30/3
f 8444/30/3 8432/30/3 8443/30/3
f 8448/1/3 8446/1/3 8445/1/3
f 8449/1/3 8446/1/3 8448/1/3
f 8452/3/3 8448/3/3 8447/3/3
f 8453/1/3 8449/1/3 8448/1/3
f 8453/3/3 8448/3/3 8452/3/3
f 8453/1/3 8450/1/3 8449/1/3
f 8454/1/3 8450/1/3 8453/1/3
f 8455/3/3 8451/3/3 8450/3/3
f 8455/1/3 8450/1/3 8454/1/3
f 8456/3/3 8451/3/3 8455/3/3
f 8457/1/3 8454/1/3 8453/1/3
f 8458/1/3 8454/1/3 8457/1/3
f 8461/32/3 8460/32/3 8459/32/3
f 8462/32/3 8460/32/3 8461/32/3
f 8463/32/3 8460/32/3 8462/32/3
f 8465/32/3 8464/32/3 8463/32/3
f 8465/32/3 8463/32/3 8462/32/3
f 8466/32/3 8464/32/3 8465/32/3
f 8467/32/3 8464/32/3 8466/32/3
f 8470/32/3 8468/32/3 8467/32/3
f 8470/32/3 8467/32/3 8466/32/3
f 8471/32/3 8468/32/3 8470/32/3
f 8473/20/3 8470/20/3 8469/20/3
f 8474/32/3 8471/32/3 8470/32/3
f 8474/20/3 8470/20/3 8473/20/3
f 8475/20/3 8472/20/3 8471/20/3
f 8475/32/3 8471/32/3 8474/32/3
f 8476/20/3 8472/20/3 8475/20/3
f 8478/32/3 8475/32/3 8474/32/3
f 8479/32/3 8475/32/3 8478/32/3
f 8480/32/3 8475/32/3 8479/32/3
f 8482/32/3 8478/32/3 8477/32/3
f 8482/32/3 8479/32/3 8478/32/3
f 8483/32/3 8479/32/3 8482/32/3
f 8484/32/3 8479/32/3 8483/32/3
f 8485/32/3 8482/32/3 8481/32/3
f 8485/32/3 8483/32/3 8482/32/3
f 8486/32/3 8483/32/3 8485/32/3
f 8492/19/3 8488/19/3 8487/19/3
f 8493/19/3 8488/19/3 8492/19/3
f 8494/17/3 8490/17/3 8489/17/3
f 8495/16/3 8491/16/3 8490/16/3
f 8495/17/3 8490/17/3 8494/17/3
f 8504/31/3 8497/31/3 8496/31/3
f 8505/31/3 8497/31/3 8504/31/3
f 8506/13/3 8499/13/3 8498/13/3
f 8507/13/3 8499/13/3 8506/13/3
f 8508/13/3 8501/13/3 8500/13/3
f 8509/13/3 8501/13/3 8508/13/3
f 8510/13/3 8503/13/3 8502/13/3
f 8511/13/3 8503/13/3 8510/13/3
f 8515/16/3 8491/16/3 8495/16/3
f 8516/20/3 8513/20/3 8512/20/3
f 8517/20/3 8513/20/3 8516/20/3
f 8518/18/3 8515/18/3 8514/18/3
f 8519/16/3 8491/16/3 8515/16/3
f 8519/18/3 8515/18/3 8518/18/3
f 8520/16/3 8491/16/3 8519/16/3
f 8535/3/3 8522/3/3 8521/3/3
f 8536/3/3 8522/3/3 8535/3/3
f 8538/3/3 8535/3/3 8534/3/3
f 8539/16/3 8536/16/3 8535/16/3
f 8539/3/3 8535/3/3 8538/3/3
f 8540/31/3 8524/31/3 8523/31/3
f 8541/31/3 8524/31/3 8540/31/3
f 8542/13/3 8526/13/3 8525/13/3
f 8543/13/3 8526/13/3 8542/13/3
f 8544/13/3 8528/13/3 8527/13/3
f 8545/13/3 8528/13/3 8544/13/3
f 8546/13/3 8530/13/3 8529/13/3
f 8547/13/3 8530/13/3 8546/13/3
f 8549/19/3 8532/19/3 8531/19/3
f 8550/17/3 8533/17/3 8532/17/3
f 8550/19/3 8532/19/3 8549/19/3
f 8551/17/3 8533/17/3 8550/17/3
f 8554/3/3 8538/3/3 8537/3/3
f 8555/16/3 8539/16/3 8538/16/3
f 8555/3/3 8538/3/3 8554/3/3
f 8556/19/3 8549/19/3 8548/19/3
f 8557/19/3 8549/19/3 8556/19/3
f 8559/3/3 8554/3/3 8553/3/3
f 8560/16/3 8555/16/3 8554/16/3
f 8560/3/3 8554/3/3 8559/3/3
f 8561/16/3 8539/16/3 8555/16/3
f 8561/16/3 8555/16/3 8560/16/3
f 8562/16/3 8536/16/3 8539/16/3
f 8562/16/3 8539/16/3 8561/16/3
f 8563/19/3 8549/19/3 8557/19/3
f 8563/18/3 8557/18/3 8556/18/3
f 8564/19/3 8549/19/3 8563/19/3
f 8566/3/3 8559/3/3 8558/3/3
f 8567/16/3 8560/16/3 8559/16/3
f 8567/16/3 8561/16/3 8560/16/3
f 8567/3/3 8559/3/3 8566/3/3
f 8568/3/3 8522/3/3 8536/3/3
f 8568/16/3 8536/16/3 8562/16/3
f 8569/3/3 8522/3/3 8568/3/3
f 8571/16/3 8561/16/3 8567/16/3
f 8571/16/3 8567/16/3 8566/16/3
f 8573/16/3 8569/16/3 8568/16/3
f 8573/16/3 8568/16/3 8562/16/3
f 8574/16/3 8569/16/3 8573/16/3
f 8575/3/3 8570/3/3 8569/3/3
f 8575/16/3 8569/16/3 8574/16/3
f 8576/3/3 8570/3/3 8575/3/3
f 8579/3/3 8566/3/3 8565/3/3
f 8580/16/3 8572/16/3 8571/16/3
f 8580/16/3 8571/16/3 8566/16/3
f 8580/3/3 8566/3/3 8579/3/3
f 8581/16/3 8576/16/3 8575/16/3
f 8581/3/3 8577/3/3 8576/3/3
f 8581/16/3 8575/16/3 8574/16/3
f 8582/3/3 8577/3/3 8581/3/3
f 8585/3/3 8579/3/3 8578/3/3
f 8586/16/3 8580/16/3 8579/16/3
f 8586/3/3 8579/3/3 8585/3/3
f 8587/16/3 8572/16/3 8580/16/3
f 8587/16/3 8580/16/3 8586/16/3
f 8589/16/3 8581/16/3 8574/16/3
f 8589/16/3 8582/16/3 8581/16/3
f 8590/16/3 8582/16/3 8589/16/3
f 8592/3/3 8585/3/3 8584/3/3
f 8593/16/3 8586/16/3 8585/16/3
f 8593/16/3 8588/16/3 8587/16/3
f 8593/3/3 8585/3/3 8592/3/3
f 8593/16/3 8587/16/3 8586/16/3
f 8594/17/3 8552/17/3 8551/17/3
f 8595/17/3 8552/17/3 8594/17/3
f 8596/16/3 8588/16/3 8593/16/3
f 8596/16/3 8593/16/3 8592/16/3
f 8597/16/3 8588/16/3 8596/16/3
f 8598/16/3 8582/16/3 8590/16/3
f 8599/16/3 8582/16/3 8598/16/3
f 8607/17/3 8552/17/3 8595/17/3
f 8607/18/3 8595/18/3 8594/18/3
f 8608/17/3 8552/17/3 8607/17/3
f 8610/3/3 8592/3/3 8591/3/3
f 8611/16/3 8596/16/3 8592/16/3
f 8611/3/3 8592/3/3 8610/3/3
f 8612/31/3 8601/31/3 8600/31/3
f 8613/13/3 8602/13/3 8601/13/3
f 8613/31/3 8601/31/3 8612/31/3
f 8614/13/3 8602/13/3 8613/13/3
f 8615/13/3 8604/13/3 8603/13/3
f 8616/13/3 8604/13/3 8615/13/3
f 8617/13/3 8606/13/3 8605/13/3
f 8618/13/3 8606/13/3 8617/13/3
f 8619/3/3 8610/3/3 8609/3/3
f 8620/16/3 8611/16/3 8610/16/3
f 8620/3/3 8610/3/3 8619/3/3
f 8621/16/3 8596/16/3 8611/16/3
f 8621/16/3 8611/16/3 8620/16/3
f 8622/16/3 8596/16/3 8621/16/3
f 8625/16/3 8582/16/3 8599/16/3
f 8626/3/3 8621/3/3 8620/3/3
f 8627/16/3 8623/16/3 8622/16/3
f 8627/3/3 8621/3/3 8626/3/3
f 8627/16/3 8622/16/3 8621/16/3
f 8628/16/3 8623/16/3 8627/16/3
f 8629/18/3 8564/18/3 8563/18/3
f 8629/18/3 8563/18/3 8556/18/3
f 8630/18/3 8564/18/3 8629/18/3
f 8631/3/3 8628/3/3 8627/3/3
f 8632/16/3 8623/16/3 8628/16/3
f 8632/3/3 8628/3/3 8631/3/3
f 8633/16/3 8623/16/3 8632/16/3
f 8634/16/3 8623/16/3 8633/16/3
f 8635/16/3 8623/16/3 8634/16/3
f 8637/16/3 8625/16/3 8624/16/3
f 8638/18/3 8564/18/3 8630/18/3
f 8638/20/3 8630/20/3 8629/20/3
f 8639/18/3 8564/18/3 8638/18/3
f 8640/3/3 8633/3/3 8632/3/3
f 8641/16/3 8634/16/3 8633/16/3
f 8641/3/3 8633/3/3 8640/3/3
f 8642/16/3 8634/16/3 8641/16/3
f 8643/16/3 8637/16/3 8636/16/3
f 8643/16/3 8625/16/3 8637/16/3
f 8643/16/3 8582/16/3 8625/16/3
f 8644/3/3 8583/3/3 8582/3/3
f 8644/16/3 8582/16/3 8643/16/3
f 8645/3/3 8583/3/3 8644/3/3
f 8646/16/3 8634/16/3 8642/16/3
f 8647/16/3 8634/16/3 8646/16/3
f 8649/16/3 8643/16/3 8636/16/3
f 8650/16/3 8643/16/3 8649/16/3
f 8651/3/3 8644/3/3 8643/3/3
f 8651/16/3 8643/16/3 8650/16/3
f 8652/3/3 8644/3/3 8651/3/3
f 8653/3/3 8642/3/3 8641/3/3
f 8654/16/3 8646/16/3 8642/16/3
f 8654/3/3 8642/3/3 8653/3/3
f 8655/16/3 8646/16/3 8654/16/3
f 8656/16/3 8650/16/3 8649/16/3
f 8656/16/3 8649/16/3 8648/16/3
f 8657/3/3 8651/3/3 8650/3/3
f 8657/16/3 8650/16/3 8656/16/3
f 8658/3/3 8651/3/3 8657/3/3
f 8659/3/3 8655/3/3 8654/3/3
f 8660/16/3 8646/16/3 8655/16/3
f 8660/3/3 8655/3/3 8659/3/3
f 8661/16/3 8646/16/3 8660/16/3
f 8662/16/3 8646/16/3 8661/16/3
f 8663/16/3 8656/16/3 8648/16/3
f 8672/20/3 8639/20/3 8638/20/3
f 8672/20/3 8638/20/3 8629/20/3
f 8673/20/3 8639/20/3 8672/20/3
f 8675/18/3 8608/18/3 8607/18/3
f 8675/18/3 8607/18/3 8594/18/3
f 8676/18/3 8608/18/3 8675/18/3
f 8677/3/3 8661/3/3 8660/3/3
f 8678/16/3 8662/16/3 8661/16/3
f 8678/3/3 8661/3/3 8677/3/3
f 8678/16/3 8663/16/3 8662/16/3
f 8679/16/3 8663/16/3 8678/16/3
f 8680/20/3 8674/20/3 8673/20/3
f 8680/18/3 8675/18/3 8674/18/3
f 8681/18/3 8675/18/3 8680/18/3
f 8682/3/3 8679/3/3 8678/3/3
f 8683/16/3 8663/16/3 8679/16/3
f 8683/3/3 8679/3/3 8682/3/3
f 8684/16/3 8663/16/3 8683/16/3
f 8685/31/3 8665/31/3 8664/31/3
f 8686/31/3 8665/31/3 8685/31/3
f 8687/13/3 8667/13/3 8666/13/3
f 8688/13/3 8667/13/3 8687/13/3
f 8689/13/3 8669/13/3 8668/13/3
f 8690/13/3 8669/13/3 8689/13/3
f 8691/13/3 8671/13/3 8670/13/3
f 8692/13/3 8671/13/3 8691/13/3
f 8693/20/3 8680/20/3 8673/20/3
f 8693/20/3 8681/20/3 8680/20/3
f 8694/18/3 8675/18/3 8681/18/3
f 8694/20/3 8681/20/3 8693/20/3
f 8695/18/3 8675/18/3 8694/18/3
f 8696/3/3 8684/3/3 8683/3/3
f 8697/16/3 8663/16/3 8684/16/3
f 8697/3/3 8684/3/3 8696/3/3
f 8698/3/3 8657/3/3 8656/3/3
f 8698/16/3 8663/16/3 8697/16/3
f 8698/16/3 8656/16/3 8663/16/3
f 8699/3/3 8698/3/3 8697/3/3
f 8700/3/3 8657/3/3 8698/3/3
f 8700/3/3 8698/3/3 8699/3/3
f 8727/23/3 8717/23/3 8716/23/3
f 8728/25/3 8718/25/3 8717/25/3
f 8728/23/3 8717/23/3 8727/23/3
f 8729/23/3 8719/23/3 8718/23/3
f 8729/25/3 8718/25/3 8728/25/3
f 8730/23/3 8719/23/3 8729/23/3
f 8731/31/3 8702/31/3 8701/31/3
f 8732/13/3 8703/13/3 8702/13/3
f 8732/31/3 8702/31/3 8731/31/3
f 8733/13/3 8703/13/3 8732/13/3
f 8734/13/3 8705/13/3 8704/13/3
f 8735/13/3 8705/13/3 8734/13/3
f 8736/13/3 8707/13/3 8706/13/3
f 8737/13/3 8707/13/3 8736/13/3
f 8738/22/3 8709/22/3 8708/22/3
f 8742/25/3 8716/25/3 8715/25/3
f 8742/23/3 8727/23/3 8716/23/3
f 8743/23/3 8727/23/3 8742/23/3
f 8744/12/3 8710/12/3 8709/12/3
f 8745/25/3 8742/25/3 8715/25/3
f 8745/23/3 8715/23/3 8714/23/3
f 8746/25/3 8742/25/3 8745/25/3
f 8747/21/3 8741/21/3 8740/21/3
f 8747/21/3 8740/21/3 8739/21/3
f 8748/23/3 8745/23/3 8714/23/3
f 8749/23/3 8745/23/3 8748/23/3
f 8750/23/3 8721/23/3 8720/23/3
f 8751/23/3 8721/23/3 8750/23/3
f 8752/23/3 8748/23/3 8714/23/3
f 8752/31/3 8714/31/3 8713/31/3
f 8753/23/3 8748/23/3 8752/23/3
f 8754/23/3 8721/23/3 8751/23/3
f 8755/23/3 8721/23/3 8754/23/3
f 8756/25/3 8722/25/3 8721/25/3
f 8756/23/3 8721/23/3 8755/23/3
f 8757/23/3 8723/23/3 8722/23/3
f 8757/25/3 8722/25/3 8756/25/3
f 8758/25/3 8724/25/3 8723/25/3
f 8758/23/3 8723/23/3 8757/23/3
f 8759/23/3 8725/23/3 8724/23/3
f 8759/25/3 8724/25/3 8758/25/3
f 8760/25/3 8726/25/3 8725/25/3
f 8760/23/3 8725/23/3 8759/23/3
f 8761/25/3 8753/25/3 8752/25/3
f 8761/31/3 8752/31/3 8713/31/3
f 8762/25/3 8753/25/3 8761/25/3
f 8763/25/3 8757/25/3 8756/25/3
f 8763/25/3 8759/25/3 8758/25/3
f 8763/25/3 8758/25/3 8757/25/3
f 8763/25/3 8760/25/3 8759/25/3
f 8763/25/3 8756/25/3 8755/25/3
f 8764/25/3 8760/25/3 8763/25/3
f 8765/25/3 8760/25/3 8764/25/3
f 8766/25/3 8760/25/3 8765/25/3
f 8767/25/3 8760/25/3 8766/25/3
f 8768/25/3 8760/25/3 8767/25/3
f 8769/25/3 8726/25/3 8760/25/3
f 8769/25/3 8760/25/3 8768/25/3
f 8770/31/3 8761/31/3 8713/31/3
f 8771/31/3 8761/31/3 8770/31/3
f 8772/31/3 8770/31/3 8713/31/3
f 8773/31/3 8770/31/3 8772/31/3
f 8774/21/3 8741/21/3 8747/21/3
f 8775/22/3 8709/22/3 8738/22/3
f 8776/31/3 8772/31/3 8713/31/3
f 8777/31/3 8772/31/3 8776/31/3
f 8778/23/3 8765/23/3 8764/23/3
f 8779/25/3 8766/25/3 8765/25/3
f 8779/23/3 8765/23/3 8778/23/3
f 8780/23/3 8767/23/3 8766/23/3
f 8780/25/3 8766/25/3 8779/25/3
f 8781/25/3 8768/25/3 8767/25/3
f 8781/23/3 8767/23/3 8780/23/3
f 8782/23/3 8769/23/3 8768/23/3
f 8782/25/3 8768/25/3 8781/25/3
f 8783/25/3 8726/25/3 8769/25/3
f 8783/23/3 8769/23/3 8782/23/3
f 8784/22/3 8709/22/3 8775/22/3
f 8787/25/3 8780/25/3 8779/25/3
f 8787/25/3 8782/25/3 8781/25/3
f 8787/25/3 8781/25/3 8780/25/3
f 8787/25/3 8779/25/3 8778/25/3
f 8787/25/3 8783/25/3 8782/25/3
f 8788/25/3 8783/25/3 8787/25/3
f 8789/25/3 8783/25/3 8788/25/3
f 8790/25/3 8783/25/3 8789/25/3
f 8791/25/3 8783/25/3 8790/25/3
f 8792/25/3 8726/25/3 8783/25/3
f 8792/25/3 8783/25/3 8791/25/3
f 8793/31/3 8786/31/3 8785/31/3
f 8795/12/3 8744/12/3 8709/12/3
f 8796/31/3 8794/31/3 8793/31/3
f 8798/21/3 8774/21/3 8747/21/3
f 8799/31/3 8797/31/3 8796/31/3
f 8802/23/3 8788/23/3 8787/23/3
f 8803/23/3 8800/23/3 8799/23/3
f 8803/31/3 8799/31/3 8796/31/3
f 8804/23/3 8800/23/3 8803/23/3
f 8806/23/3 8802/23/3 8801/23/3
f 8807/25/3 8789/25/3 8788/25/3
f 8807/23/3 8788/23/3 8802/23/3
f 8807/23/3 8802/23/3 8806/23/3
f 8808/23/3 8790/23/3 8789/23/3
f 8808/25/3 8789/25/3 8807/25/3
f 8809/25/3 8791/25/3 8790/25/3
f 8809/23/3 8790/23/3 8808/23/3
f 8810/23/3 8792/23/3 8791/23/3
f 8810/25/3 8791/25/3 8809/25/3
f 8811/25/3 8726/25/3 8792/25/3
f 8811/23/3 8792/23/3 8810/23/3
f 8812/25/3 8804/25/3 8803/25/3
f 8812/31/3 8803/31/3 8796/31/3
f 8813/25/3 8804/25/3 8812/25/3
f 8816/25/3 8810/25/3 8809/25/3
f 8816/25/3 8808/25/3 8807/25/3
f 8816/25/3 8806/25/3 8805/25/3
f 8816/25/3 8807/25/3 8806/25/3
f 8816/25/3 8811/25/3 8810/25/3
f 8816/25/3 8809/25/3 8808/25/3
f 8817/25/3 8811/25/3 8816/25/3
f 8818/25/3 8811/25/3 8817/25/3
f 8819/25/3 8811/25/3 8818/25/3
f 8820/25/3 8811/25/3 8819/25/3
f 8821/25/3 8726/25/3 8811/25/3
f 8821/25/3 8811/25/3 8820/25/3
f 8822/23/3 8814/23/3 8813/23/3
f 8822/23/3 8813/23/3 8812/23/3
f 8831/22/3 8709/22/3 8784/22/3
f 8832/21/3 8774/21/3 8798/21/3
f 8833/21/3 8774/21/3 8832/21/3
f 8834/21/3 8774/21/3 8833/21/3
f 8835/25/3 8823/25/3 8822/25/3
f 8837/23/3 8836/23/3 8835/23/3
f 8841/31/3 8825/31/3 8824/31/3
f 8842/13/3 8826/13/3 8825/13/3
f 8842/31/3 8825/31/3 8841/31/3
f 8843/13/3 8826/13/3 8842/13/3
f 8844/13/3 8828/13/3 8827/13/3
f 8845/13/3 8828/13/3 8844/13/3
f 8846/13/3 8830/13/3 8829/13/3
f 8847/13/3 8830/13/3 8846/13/3
f 8848/22/3 8709/22/3 8831/22/3
f 8849/12/3 8795/12/3 8709/12/3
f 8849/22/3 8709/22/3 8848/22/3
f 8850/12/3 8795/12/3 8849/12/3
f 8851/31/3 8712/31/3 8711/31/3
f 8852/31/3 8712/31/3 8851/31/3
f 8853/31/3 8812/31/3 8796/31/3
f 8853/31/3 8793/31/3 8785/31/3
f 8853/31/3 8796/31/3 8793/31/3
f 8854/23/3 8822/23/3 8812/23/3
f 8854/31/3 8812/31/3 8853/31/3
f 8855/25/3 8835/25/3 8822/25/3
f 8855/23/3 8822/23/3 8854/23/3
f 8856/23/3 8837/23/3 8835/23/3
f 8856/25/3 8835/25/3 8855/25/3
f 8856/23/3 8838/23/3 8837/23/3
f 8857/25/3 8839/25/3 8838/25/3
f 8857/23/3 8838/23/3 8856/23/3
f 8858/23/3 8840/23/3 8839/23/3
f 8858/25/3 8839/25/3 8857/25/3
f 8859/23/3 8840/23/3 8858/23/3
f 8860/23/3 8816/23/3 8815/23/3
f 8860/23/3 8817/23/3 8816/23/3
f 8861/25/3 8818/25/3 8817/25/3
f 8861/23/3 8817/23/3 8860/23/3
f 8862/23/3 8819/23/3 8818/23/3
f 8862/25/3 8818/25/3 8861/25/3
f 8863/25/3 8820/25/3 8819/25/3
f 8863/23/3 8819/23/3 8862/23/3
f 8864/23/3 8821/23/3 8820/23/3
f 8864/25/3 8820/25/3 8863/25/3
f 8865/25/3 8726/25/3 8821/25/3
f 8865/23/3 8821/23/3 8864/23/3
f 8866/25/3 8726/25/3 8865/25/3
f 8872/31/3 8870/31/3 8869/31/3
f 8872/31/3 8871/31/3 8870/31/3
f 8873/31/3 8871/31/3 8872/31/3
f 8876/31/3 8875/31/3 8874/31/3
f 8877/31/3 8875/31/3 8876/31/3
f 8878/31/3 8875/31/3 8877/31/3
f 8879/31/3 8868/31/3 8867/31/3
f 8880/31/3 8868/31/3 8879/31/3
f 8886/15/3 8882/15/3 8881/15/3
f 8887/15/3 8882/15/3 8886/15/3
f 8888/7/3 8883/7/3 8882/7/3
f 8888/15/3 8882/15/3 8887/15/3
f 8889/8/3 8884/8/3 8883/8/3
f 8891/15/3 8887/15/3 8886/15/3
f 8891/15/3 8886/15/3 8885/15/3
f 8892/15/3 8887/15/3 8891/15/3
f 8893/7/3 8888/7/3 8887/7/3
f 8893/15/3 8887/15/3 8892/15/3
f 8894/7/3 8883/7/3 8888/7/3
f 8894/7/3 8888/7/3 8893/7/3
f 8895/9/3 8890/9/3 8889/9/3
f 8895/8/3 8889/8/3 8883/8/3
f 8896/9/3 8890/9/3 8895/9/3
f 8897/15/3 8893/15/3 8892/15/3
f 8897/15/3 8894/15/3 8893/15/3
f 8898/7/3 8883/7/3 8894/7/3
f 8898/15/3 8894/15/3 8897/15/3
f 8899/8/3 8895/8/3 8883/8/3
f 8899/7/3 8883/7/3 8898/7/3
f 8900/8/3 8895/8/3 8899/8/3
f 8901/15/3 8891/15/3 8885/15/3
f 8902/15/3 8891/15/3 8901/15/3
f 8906/14/3 8904/14/3 8903/14/3
f 8907/14/3 8906/14/3 8905/14/3
f 8908/14/3 8904/14/3 8906/14/3
f 8908/14/3 8906/14/3 8907/14/3
f 8909/14/3 8904/14/3 8908/14/3
f 8910/14/3 8904/14/3 8909/14/3
f 8914/14/3 8912/14/3 8911/14/3
f 8915/14/3 8914/14/3 8913/14/3
f 8916/14/3 8912/14/3 8914/14/3
f 8916/14/3 8914/14/3 8915/14/3
f 8917/14/3 8912/14/3 8916/14/3
f 8918/14/3 8912/14/3 8917/14/3
f 8925/15/3 8920/15/3 8919/15/3
f 8926/15/3 8922/15/3 8921/15/3
f 8927/15/3 8922/15/3 8926/15/3
f 8928/7/3 8923/7/3 8922/7/3
f 8928/15/3 8922/15/3 8927/15/3
f 8929/8/3 8924/8/3 8923/8/3
f 8931/15/3 8926/15/3 8925/15/3
f 8931/15/3 8925/15/3 8919/15/3
f 8931/15/3 8927/15/3 8926/15/3
f 8932/15/3 8927/15/3 8931/15/3
f 8933/7/3 8928/7/3 8927/7/3
f 8933/15/3 8927/15/3 8932/15/3
f 8934/7/3 8923/7/3 8928/7/3
f 8934/7/3 8928/7/3 8933/7/3
f 8935/8/3 8929/8/3 8923/8/3
f 8935/9/3 8930/9/3 8929/9/3
f 8936/9/3 8930/9/3 8935/9/3
f 8937/15/3 8934/15/3 8933/15/3
f 8937/15/3 8933/15/3 8932/15/3
f 8938/7/3 8923/7/3 8934/7/3
f 8938/15/3 8934/15/3 8937/15/3
f 8939/8/3 8935/8/3 8923/8/3
f 8939/7/3 8923/7/3 8938/7/3
f 8940/8/3 8935/8/3 8939/8/3
f 8943/15/3 8942/15/3 8941/15/3
f 8944/15/3 8942/15/3 8943/15/3
f 8948/29/3 8946/29/3 8945/29/3
f 8949/29/3 8946/29/3 8948/29/3
f 8950/29/3 8948/29/3 8947/29/3
f 8951/14/3 8949/14/3 8948/14/3
f 8951/29/3 8948/29/3 8950/29/3
f 8952/14/3 8949/14/3 8951/14/3
f 8953/14/3 8949/14/3 8952/14/3
f 8954/14/3 8951/14/3 8950/14/3
f 8954/14/3 8952/14/3 8951/14/3
f 8955/29/3 8953/29/3 8952/29/3
f 8955/14/3 8952/14/3 8954/14/3
f 8956/29/3 8953/29/3 8955/29/3
f 8957/29/3 8955/29/3 8954/29/3
f 8958/29/3 8955/29/3 8957/29/3
f 8961/29/3 8960/29/3 8959/29/3
f 8962/29/3 8960/29/3 8961/29/3
f 8964/14/3 8962/14/3 8961/14/3
f 8965/14/3 8962/14/3 8964/14/3
f 8966/29/3 8963/29/3 8962/29/3
f 8966/14/3 8962/14/3 8965/14/3
f 8967/29/3 8963/29/3 8966/29/3
f 8968/29/3 8965/29/3 8964/29/3
f 8969/14/3 8966/14/3 8965/14/3
f 8969/29/3 8965/29/3 8968/29/3
f 8969/14/3 8967/14/3 8966/14/3
f 8970/14/3 8967/14/3 8969/14/3
f 8971/29/3 8970/29/3 8969/29/3
f 8972/29/3 8970/29/3 8971/29/3
f 8976/29/3 8974/29/3 8973/29/3
f 8977/29/3 8974/29/3 8976/29/3
f 8978/29/3 8976/29/3 8975/29/3
f 8979/14/3 8977/14/3 8976/14/3
f 8979/29/3 8976/29/3 8978/29/3
f 8980/14/3 8977/14/3 8979/14/3
f 8981/14/3 8977/14/3 8980/14/3
f 8982/14/3 8979/14/3 8978/14/3
f 8982/14/3 8980/14/3 8979/14/3
f 8983/29/3 8981/29/3 8980/29/3
f 8983/14/3 8980/14/3 8982/14/3
f 8984/29/3 8981/29/3 8983/29/3
f 8985/29/3 8983/29/3 8982/29/3
f 8986/29/3 8983/29/3 8985/29/3
f 8989/29/3 8988/29/3 8987/29/3
f 8990/29/3 8988/29/3 8989/29/3
f 8992/14/3 8990/14/3 8989/14/3
f 8993/14/3 8990/14/3 8992/14/3
f 8994/29/3 8991/29/3 8990/29/3
f 8994/14/3 8990/14/3 8993/14/3
f 8995/29/3 8991/29/3 8994/29/3
f 8996/29/3 8993/29/3 8992/29/3
f 8997/14/3 8994/14/3 8993/14/3
f 8997/29/3 8993/29/3 8996/29/3
f 8997/14/3 8995/14/3 8994/14/3
f 8998/14/3 8995/14/3 8997/14/3
f 8999/29/3 8998/29/3 8997/29/3
f 9000/29/3 8998/29/3 8999/29/3
f 9003/15/3 9002/15/3 9001/15/3
f 9004/15/3 9002/15/3 9003/15/3
f 9007/16/3 9006/16/3 9005/16/3
f 9008/16/3 9006/16/3 9007/16/3
f 9012/11/3 9010/11/3 9009/11/3
f 9013/11/3 9010/11/3 9012/11/3
f 9014/11/3 9010/11/3 9013/11/3
f 9015/11/3 9010/11/3 9014/11/3
f 9017/11/3 9012/11/3 9011/11/3
f 9017/11/3 9013/11/3 9012/11/3
f 9018/10/3 9014/10/3 9013/10/3
f 9018/11/3 9013/11/3 9017/11/3
f 9019/10/3 9014/10/3 9018/10/3
f 9020/10/3 9014/10/3 9019/10/3
f 9021/11/3 9016/11/3 9015/11/3
f 9021/10/3 9014/10/3 9020/10/3
f 9021/11/3 9015/11/3 9014/11/3
f 9022/11/3 9016/11/3 9021/11/3
f 9023/6/3 9019/6/3 9018/6/3
f 9023/10/3 9018/10/3 9017/10/3
f 9024/10/3 9020/10/3 9019/10/3
f 9024/6/3 9019/6/3 9023/6/3
f 9025/6/3 9021/6/3 9020/6/3
f 9025/10/3 9020/10/3 9024/10/3
f 9026/10/3 9022/10/3 9021/10/3
f 9026/6/3 9021/6/3 9025/6/3
f 9027/11/3 9016/11/3 9022/11/3
f 9027/10/3 9022/10/3 9026/10/3
f 9028/11/3 9027/11/3 9026/11/3
f 9028/11/3 9016/11/3 9027/11/3
f 9029/11/3 9016/11/3 9028/11/3
f 9030/10/3 9023/10/3 9017/10/3
f 9030/10/3 9026/10/3 9025/10/3
f 9030/11/3 9017/11/3 9011/11/3
f 9030/10/3 9024/10/3 9023/10/3
f 9030/10/3 9025/10/3 9024/10/3
f 9031/10/3 9026/10/3 9030/10/3
f 9032/11/3 9030/11/3 9011/11/3
f 9032/11/3 9031/11/3 9030/11/3
f 9033/11/3 9031/11/3 9032/11/3
f 9034/10/3 9026/10/3 9031/10/3
f 9034/11/3 9031/11/3 9033/11/3
f 9035/10/3 9026/10/3 9034/10/3
f 9036/11/3 9034/11/3 9033/11/3
f 9036/11/3 9035/11/3 9034/11/3
f 9037/11/3 9035/11/3 9036/11/3
f 9038/10/3 9026/10/3 9035/10/3
f 9038/11/3 9035/11/3 9037/11/3
f 9039/11/3 9028/11/3 9026/11/3
f 9039/10/3 9026/10/3 9038/10/3
f 9040/11/3 9038/11/3 9037/11/3
f 9040/11/3 9039/11/3 9038/11/3
f 9041/11/3 9028/11/3 9039/11/3
f 9041/11/3 9039/11/3 9040/11/3
f 9042/16/3 9007/16/3 9005/16/3
f 9043/16/3 9006/16/3 9008/16/3
f 9044/16/3 9042/16/3 9005/16/3
f 9044/16/3 9043/16/3 9042/16/3
f 9045/16/3 9006/16/3 9043/16/3
f 9045/16/3 9043/16/3 9044/16/3
f 9049/15/3 9047/15/3 9046/15/3
f 9050/15/3 9047/15/3 9049/15/3
f 9053/15/3 9049/15/3 9048/15/3
f 9053/15/3 9051/15/3 9050/15/3
f 9053/15/3 9050/15/3 9049/15/3
f 9054/15/3 9051/15/3 9053/15/3
f 9055/15/3 9051/15/3 9054/15/3
f 9056/15/3 9051/15/3 9055/15/3
f 9057/15/3 9051/15/3 9056/15/3
f 9058/15/3 9051/15/3 9057/15/3
f 9060/15/3 9053/15/3 9052/15/3
f 9060/15/3 9054/15/3 9053/15/3
f 9061/15/3 9054/15/3 9060/15/3
f 9062/15/3 9054/15/3 9061/15/3
f 9063/15/3 9056/15/3 9055/15/3
f 9064/15/3 9056/15/3 9063/15/3
f 9065/15/3 9059/15/3 9058/15/3
f 9065/15/3 9058/15/3 9057/15/3
f 9066/15/3 9059/15/3 9065/15/3
f 9067/15/3 9059/15/3 9066/15/3
f 9068/15/3 9064/15/3 9063/15/3
f 9068/15/3 9063/15/3 9062/15/3
f 9068/15/3 9066/15/3 9065/15/3
f 9068/15/3 9065/15/3 9064/15/3
f 9068/15/3 9062/15/3 9061/15/3
f 9069/15/3 9066/15/3 9068/15/3
f 9070/15/3 9066/15/3 9069/15/3
f 9071/15/3 9066/15/3 9070/15/3
f 9072/15/3 9070/15/3 9069/15/3
f 9073/15/3 9070/15/3 9072/15/3
f 9078/24/3 9075/24/3 9074/24/3
f 9079/29/3 9076/29/3 9075/29/3
f 9079/24/3 9075/24/3 9078/24/3
f 9081/24/3 9078/24/3 9077/24/3
f 9082/14/3 9079/14/3 9078/14/3
f 9082/24/3 9078/24/3 9081/24/3
f 9083/29/3 9076/29/3 9079/29/3
f 9083/14/3 9079/14/3 9082/14/3
f 9085/24/3 9081/24/3 9080/24/3
f 9086/14/3 9082/14/3 9081/14/3
f 9086/24/3 9081/24/3 9085/24/3
f 9087/14/3 9082/14/3 9086/14/3
f 9088/29/3 9076/29/3 9083/29/3
f 9089/24/3 9085/24/3 9084/24/3
f 9089/24/3 9086/24/3 9085/24/3
f 9090/24/3 9086/24/3 9089/24/3
f 9091/29/3 9076/29/3 9088/29/3
f 9092/16/3 9090/16/3 9089/16/3
f 9094/29/3 9076/29/3 9091/29/3
f 9095/16/3 9092/16/3 9089/16/3
f 9096/16/3 9094/16/3 9093/16/3
f 9097/16/3 9095/16/3 9089/16/3
f 9097/16/3 9096/16/3 9095/16/3
f 9098/16/3 9094/16/3 9096/16/3
f 9098/16/3 9096/16/3 9097/16/3
f 9099/16/3 9097/16/3 9089/16/3
f 9100/16/3 9094/16/3 9098/16/3
f 9101/29/3 9076/29/3 9094/29/3
f 9101/16/3 9094/16/3 9100/16/3
f 9102/16/3 9099/16/3 9089/16/3
f 9102/24/3 9089/24/3 9084/24/3
f 9103/16/3 9099/16/3 9102/16/3
f 9104/29/3 9076/29/3 9101/29/3
f 9105/24/3 9103/24/3 9102/24/3
f 9105/24/3 9102/24/3 9084/24/3
f 9106/24/3 9103/24/3 9105/24/3
f 9107/24/3 9103/24/3 9106/24/3
f 9109/29/3 9076/29/3 9104/29/3
f 9110/24/3 9107/24/3 9106/24/3
f 9111/14/3 9108/14/3 9107/14/3
f 9111/24/3 9107/24/3 9110/24/3
f 9112/14/3 9108/14/3 9111/14/3
f 9113/29/3 9076/29/3 9109/29/3
f 9114/24/3 9112/24/3 9111/24/3
f 9115/14/3 9113/14/3 9112/14/3
f 9115/24/3 9112/24/3 9114/24/3
f 9116/29/3 9076/29/3 9113/29/3
f 9116/14/3 9113/14/3 9115/14/3
f 9117/24/3 9116/24/3 9115/24/3
f 9118/29/3 9076/29/3 9116/29/3
f 9118/24/3 9116/24/3 9117/24/3
f 9119/29/3 9076/29/3 9118/29/3
f 9124/24/3 9121/24/3 9120/24/3
f 9125/29/3 9122/29/3 9121/29/3
f 9125/24/3 9121/24/3 9124/24/3
f 9127/24/3 9124/24/3 9123/24/3
f 9128/14/3 9125/14/3 9124/14/3
f 9128/24/3 9124/24/3 9127/24/3
f 9129/29/3 9122/29/3 9125/29/3
f 9129/14/3 9125/14/3 9128/14/3
f 9131/24/3 9127/24/3 9126/24/3
f 9132/14/3 9128/14/3 9127/14/3
f 9132/24/3 9127/24/3 9131/24/3
f 9133/14/3 9128/14/3 9132/14/3
f 9134/29/3 9122/29/3 9129/29/3
f 9135/24/3 9131/24/3 9130/24/3
f 9135/24/3 9132/24/3 9131/24/3
f 9136/24/3 9132/24/3 9135/24/3
f 9137/29/3 9122/29/3 9134/29/3
f 9138/16/3 9136/16/3 9135/16/3
f 9140/29/3 9122/29/3 9137/29/3
f 9141/16/3 9138/16/3 9135/16/3
f 9142/16/3 9140/16/3 9139/16/3
f 9143/16/3 9141/16/3 9135/16/3
f 9143/16/3 9142/16/3 9141/16/3
f 9144/16/3 9140/16/3 9142/16/3
f 9144/16/3 9142/16/3 9143/16/3
f 9145/16/3 9143/16/3 9135/16/3
f 9146/16/3 9140/16/3 9144/16/3
f 9147/29/3 9122/29/3 9140/29/3
f 9147/16/3 9140/16/3 9146/16/3
f 9148/24/3 9135/24/3 9130/24/3
f 9149/16/3 9145/16/3 9135/16/3
f 9149/24/3 9135/24/3 9148/24/3
f 9150/16/3 9145/16/3 9149/16/3
f 9151/16/3 9145/16/3 9150/16/3
f 9152/29/3 9122/29/3 9147/29/3
f 9153/24/3 9151/24/3 9150/24/3
f 9155/29/3 9122/29/3 9152/29/3
f 9156/24/3 9153/24/3 9150/24/3
f 9157/14/3 9154/14/3 9153/14/3
f 9157/24/3 9153/24/3 9156/24/3
f 9158/14/3 9154/14/3 9157/14/3
f 9159/29/3 9122/29/3 9155/29/3
f 9160/24/3 9158/24/3 9157/24/3
f 9161/14/3 9159/14/3 9158/14/3
f 9161/24/3 9158/24/3 9160/24/3
f 9162/29/3 9122/29/3 9159/29/3
f 9162/14/3 9159/14/3 9161/14/3
f 9163/24/3 9162/24/3 9161/24/3
f 9164/29/3 9122/29/3 9162/29/3
f 9164/24/3 9162/24/3 9163/24/3
f 9165/29/3 9122/29/3 9164/29/3
f 9169/15/3 9167/15/3 9166/15/3
f 9170/15/3 9167/15/3 9169/15/3
f 9173/15/3 9169/15/3 9168/15/3
f 9173/15/3 9171/15/3 9170/15/3
f 9173/15/3 9170/15/3 9169/15/3
f 9174/15/3 9171/15/3 9173/15/3
f 9175/15/3 9171/15/3 9174/15/3
f 9176/15/3 9171/15/3 9175/15/3
f 9177/15/3 9171/15/3 9176/15/3
f 9178/15/3 9171/15/3 9177/15/3
f 9180/15/3 9173/15/3 9172/15/3
f 9180/15/3 9174/15/3 9173/15/3
f 9181/15/3 9174/15/3 9180/15/3
f 9182/15/3 9174/15/3 9181/15/3
f 9183/15/3 9176/15/3 9175/15/3
f 9184/15/3 9176/15/3 9183/15/3
f 9185/15/3 9179/15/3 9178/15/3
f 9185/15/3 9178/15/3 9177/15/3
f 9186/15/3 9179/15/3 9185/15/3
f 9187/15/3 9179/15/3 9186/15/3
f 9188/15/3 9184/15/3 9183/15/3
f 9188/15/3 9183/15/3 9182/15/3
f 9188/15/3 9186/15/3 9185/15/3
f 9188/15/3 9185/15/3 9184/15/3
f 9188/15/3 9182/15/3 9181/15/3
f 9189/15/3 9186/15/3 9188/15/3
f 9190/15/3 9186/15/3 9189/15/3
f 9191/15/3 9186/15/3 9190/15/3
f 9192/15/3 9190/15/3 9189/15/3
f 9193/15/3 9190/15/3 9192/15/3
f 9200/15/3 9197/15/3 9196/15/3
f 9200/29/3 9196/29/3 9195/29/3
f 9201/29/3 9198/29/3 9197/29/3
f 9201/15/3 9197/15/3 9200/15/3
f 9202/15/3 9199/15/3 9198/15/3
f 9202/29/3 9198/29/3 9201/29/3
f 9203/29/3 9200/29/3 9195/29/3
f 9203/15/3 9195/15/3 9194/15/3
f 9204/29/3 9200/29/3 9203/29/3
f 9205/15/3 9199/15/3 9202/15/3
f 9206/15/3 9199/15/3 9205/15/3
f 9208/15/3 9199/15/3 9206/15/3
f 9209/15/3 9203/15/3 9194/15/3
f 9211/29/3 9210/29/3 9209/29/3
f 9213/15/3 9212/15/3 9211/15/3
f 9215/15/3 9208/15/3 9207/15/3
f 9216/15/3 9209/15/3 9194/15/3
f 9217/29/3 9211/29/3 9209/29/3
f 9217/15/3 9209/15/3 9216/15/3
f 9218/15/3 9214/15/3 9213/15/3
f 9218/29/3 9211/29/3 9217/29/3
f 9218/15/3 9213/15/3 9211/15/3
f 9219/29/3 9215/29/3 9214/29/3
f 9219/15/3 9214/15/3 9218/15/3
f 9220/15/3 9208/15/3 9215/15/3
f 9220/29/3 9215/29/3 9219/29/3
f 9221/15/3 9199/15/3 9208/15/3
f 9221/15/3 9208/15/3 9220/15/3
f 9258/4/3 9242/4/3 9241/4/3
f 9258/5/3 9243/5/3 9242/5/3
f 9259/15/3 9244/15/3 9243/15/3
f 9259/5/3 9243/5/3 9258/5/3
f 9260/5/3 9245/5/3 9244/5/3
f 9260/15/3 9244/15/3 9259/15/3
f 9261/4/3 9246/4/3 9245/4/3
f 9261/5/3 9245/5/3 9260/5/3
f 9262/4/3 9250/4/3 9249/4/3
f 9262/5/3 9251/5/3 9250/5/3
f 9263/15/3 9252/15/3 9251/15/3
f 9263/5/3 9251/5/3 9262/5/3
f 9264/5/3 9253/5/3 9252/5/3
f 9264/15/3 9252/15/3 9263/15/3
f 9265/4/3 9254/4/3 9253/4/3
f 9265/5/3 9253/5/3 9264/5/3
f 9266/4/3 9258/4/3 9241/4/3
f 9266/15/3 9259/15/3 9258/15/3
f 9267/5/3 9260/5/3 9259/5/3
f 9267/15/3 9259/15/3 9266/15/3
f 9268/15/3 9261/15/3 9260/15/3
f 9268/5/3 9260/5/3 9267/5/3
f 9269/4/3 9246/4/3 9261/4/3
f 9269/15/3 9261/15/3 9268/15/3
f 9270/4/3 9262/4/3 9249/4/3
f 9270/15/3 9263/15/3 9262/15/3
f 9271/5/3 9264/5/3 9263/5/3
f 9271/15/3 9263/15/3 9270/15/3
f 9272/15/3 9265/15/3 9264/15/3
f 9272/5/3 9264/5/3 9271/5/3
f 9273/4/3 9254/4/3 9265/4/3
f 9273/15/3 9265/15/3 9272/15/3
f 9274/23/3 9223/23/3 9222/23/3
f 9275/25/3 9224/25/3 9223/25/3
f 9275/23/3 9223/23/3 9274/23/3
f 9276/23/3 9225/23/3 9224/23/3
f 9276/25/3 9224/25/3 9275/25/3
f 9277/25/3 9226/25/3 9225/25/3
f 9277/23/3 9225/23/3 9276/23/3
f 9278/23/3 9227/23/3 9226/23/3
f 9278/25/3 9226/25/3 9277/25/3
f 9279/25/3 9228/25/3 9227/25/3
f 9279/23/3 9227/23/3 9278/23/3
f 9280/23/3 9229/23/3 9228/23/3
f 9280/25/3 9228/25/3 9279/25/3
f 9281/25/3 9230/25/3 9229/25/3
f 9281/23/3 9229/23/3 9280/23/3
f 9282/23/3 9231/23/3 9230/23/3
f 9282/25/3 9230/25/3 9281/25/3
f 9283/25/3 9232/25/3 9231/25/3
f 9283/23/3 9231/23/3 9282/23/3
f 9284/23/3 9233/23/3 9232/23/3
f 9284/25/3 9232/25/3 9283/25/3
f 9285/15/3 9234/15/3 9233/15/3
f 9285/23/3 9233/23/3 9284/23/3
f 9286/23/3 9235/23/3 9234/23/3
f 9286/15/3 9234/15/3 9285/15/3
f 9287/25/3 9236/25/3 9235/25/3
f 9287/23/3 9235/23/3 9286/23/3
f 9288/23/3 9237/23/3 9236/23/3
f 9288/25/3 9236/25/3 9287/25/3
f 9289/25/3 9238/25/3 9237/25/3
f 9289/23/3 9237/23/3 9288/23/3
f 9290/23/3 9239/23/3 9238/23/3
f 9290/25/3 9238/25/3 9289/25/3
f 9291/25/3 9240/25/3 9239/25/3
f 9291/23/3 9239/23/3 9290/23/3
f 9292/4/3 9266/4/3 9241/4/3
f 9292/5/3 9267/5/3 9266/5/3
f 9293/15/3 9268/15/3 9267/15/3
f 9293/5/3 9267/5/3 9292/5/3
f 9294/5/3 9269/5/3 9268/5/3
f 9294/15/3 9268/15/3 9293/15/3
f 9295/4/3 9246/4/3 9269/4/3
f 9295/5/3 9269/5/3 9294/5/3
f 9296/5/3 9271/5/3 9270/5/3
f 9296/4/3 9270/4/3 9249/4/3
f 9297/15/3 9272/15/3 9271/15/3
f 9297/5/3 9271/5/3 9296/5/3
f 9298/5/3 9273/5/3 9272/5/3
f 9298/15/3 9272/15/3 9297/15/3
f 9299/4/3 9254/4/3 9273/4/3
f 9299/5/3 9273/5/3 9298/5/3
f 9300/25/3 9275/25/3 9274/25/3
f 9300/25/3 9276/25/3 9275/25/3
f 9300/25/3 9277/25/3 9276/25/3
f 9300/25/3 9278/25/3 9277/25/3
f 9300/25/3 9279/25/3 9278/25/3
f 9300/25/3 9280/25/3 9279/25/3
f 9300/25/3 9281/25/3 9280/25/3
f 9300/25/3 9282/25/3 9281/25/3
f 9300/25/3 9283/25/3 9282/25/3
f 9300/25/3 9284/25/3 9283/25/3
f 9300/25/3 9285/25/3 9284/25/3
f 9301/25/3 9285/25/3 9300/25/3
f 9302/25/3 9285/25/3 9301/25/3
f 9303/25/3 9285/25/3 9302/25/3
f 9304/25/3 9285/25/3 9303/25/3
f 9305/25/3 9285/25/3 9304/25/3
f 9306/25/3 9285/25/3 9305/25/3
f 9307/25/3 9285/25/3 9306/25/3
f 9308/25/3 9285/25/3 9307/25/3
f 9309/25/3 9285/25/3 9308/25/3
f 9310/25/3 9285/25/3 9309/25/3
f 9311/15/3 9286/15/3 9285/15/3
f 9311/25/3 9285/25/3 9310/25/3
f 9312/25/3 9291/25/3 9290/25/3
f 9312/15/3 9286/15/3 9311/15/3
f 9312/25/3 9287/25/3 9286/25/3
f 9312/25/3 9288/25/3 9287/25/3
f 9312/25/3 9289/25/3 9288/25/3
f 9312/25/3 9290/25/3 9289/25/3
f 9313/25/3 9291/25/3 9312/25/3
f 9314/25/3 9291/25/3 9313/25/3
f 9315/25/3 9291/25/3 9314/25/3
f 9316/25/3 9291/25/3 9315/25/3
f 9317/25/3 9240/25/3 9291/25/3
f 9317/25/3 9291/25/3 9316/25/3
f 9318/23/3 9301/23/3 9300/23/3
f 9319/15/3 9295/15/3 9294/15/3
f 9319/15/3 9293/15/3 9292/15/3
f 9319/15/3 9294/15/3 9293/15/3
f 9319/4/3 9292/4/3 9241/4/3
f 9320/15/3 9295/15/3 9319/15/3
f 9321/15/3 9295/15/3 9320/15/3
f 9322/4/3 9246/4/3 9295/4/3
f 9322/15/3 9295/15/3 9321/15/3
f 9323/15/3 9298/15/3 9297/15/3
f 9323/15/3 9299/15/3 9298/15/3
f 9323/15/3 9297/15/3 9296/15/3
f 9323/4/3 9296/4/3 9249/4/3
f 9324/15/3 9299/15/3 9323/15/3
f 9325/15/3 9299/15/3 9324/15/3
f 9326/4/3 9254/4/3 9299/4/3
f 9326/15/3 9299/15/3 9325/15/3
f 9327/23/3 9301/23/3 9318/23/3
f 9328/5/3 9320/5/3 9319/5/3
f 9328/4/3 9319/4/3 9241/4/3
f 9329/15/3 9321/15/3 9320/15/3
f 9329/5/3 9320/5/3 9328/5/3
f 9330/5/3 9322/5/3 9321/5/3
f 9330/15/3 9321/15/3 9329/15/3
f 9331/4/3 9246/4/3 9322/4/3
f 9331/5/3 9322/5/3 9330/5/3
f 9332/4/3 9323/4/3 9249/4/3
f 9332/5/3 9324/5/3 9323/5/3
f 9333/15/3 9325/15/3 9324/15/3
f 9333/5/3 9324/5/3 9332/5/3
f 9334/5/3 9326/5/3 9325/5/3
f 9334/15/3 9325/15/3 9333/15/3
f 9335/4/3 9254/4/3 9326/4/3
f 9335/5/3 9326/5/3 9334/5/3
f 9336/15/3 9329/15/3 9328/15/3
f 9336/4/3 9328/4/3 9241/4/3
f 9337/5/3 9330/5/3 9329/5/3
f 9337/15/3 9329/15/3 9336/15/3
f 9338/15/3 9331/15/3 9330/15/3
f 9338/5/3 9330/5/3 9337/5/3
f 9339/4/3 9246/4/3 9331/4/3
f 9339/15/3 9331/15/3 9338/15/3
f 9340/4/3 9332/4/3 9249/4/3
f 9340/15/3 9333/15/3 9332/15/3
f 9341/5/3 9334/5/3 9333/5/3
f 9341/15/3 9333/15/3 9340/15/3
f 9342/15/3 9335/15/3 9334/15/3
f 9342/5/3 9334/5/3 9341/5/3
f 9343/4/3 9254/4/3 9335/4/3
f 9343/15/3 9335/15/3 9342/15/3
f 9344/23/3 9301/23/3 9327/23/3
f 9345/25/3 9302/25/3 9301/25/3
f 9345/23/3 9301/23/3 9344/23/3
f 9346/23/3 9303/23/3 9302/23/3
f 9346/25/3 9302/25/3 9345/25/3
f 9347/25/3 9304/25/3 9303/25/3
f 9347/23/3 9303/23/3 9346/23/3
f 9348/23/3 9305/23/3 9304/23/3
f 9348/25/3 9304/25/3 9347/25/3
f 9349/25/3 9306/25/3 9305/25/3
f 9349/23/3 9305/23/3 9348/23/3
f 9350/23/3 9307/23/3 9306/23/3
f 9350/25/3 9306/25/3 9349/25/3
f 9351/25/3 9308/25/3 9307/25/3
f 9351/23/3 9307/23/3 9350/23/3
f 9352/23/3 9309/23/3 9308/23/3
f 9352/25/3 9308/25/3 9351/25/3
f 9353/25/3 9310/25/3 9309/25/3
f 9353/23/3 9309/23/3 9352/23/3
f 9354/23/3 9311/23/3 9310/23/3
f 9354/25/3 9310/25/3 9353/25/3
f 9355/15/3 9312/15/3 9311/15/3
f 9355/23/3 9311/23/3 9354/23/3
f 9356/23/3 9313/23/3 9312/23/3
f 9356/15/3 9312/15/3 9355/15/3
f 9357/25/3 9314/25/3 9313/25/3
f 9357/23/3 9313/23/3 9356/23/3
f 9358/23/3 9315/23/3 9314/23/3
f 9358/25/3 9314/25/3 9357/25/3
f 9359/25/3 9316/25/3 9315/25/3
f 9359/23/3 9315/23/3 9358/23/3
f 9360/23/3 9317/23/3 9316/23/3
f 9360/25/3 9316/25/3 9359/25/3
f 9361/25/3 9240/25/3 9317/25/3
f 9361/23/3 9317/23/3 9360/23/3
f 9362/25/3 9353/25/3 9352/25/3
f 9362/25/3 9352/25/3 9351/25/3
f 9362/25/3 9351/25/3 9350/25/3
f 9362/25/3 9350/25/3 9349/25/3
f 9362/25/3 9349/25/3 9348/25/3
f 9362/25/3 9348/25/3 9347/25/3
f 9362/25/3 9345/25/3 9344/25/3
f 9362/25/3 9346/25/3 9345/25/3
f 9362/25/3 9355/25/3 9354/25/3
f 9362/25/3 9354/25/3 9353/25/3
f 9362/25/3 9347/25/3 9346/25/3
f 9363/25/3 9355/25/3 9362/25/3
f 9364/25/3 9355/25/3 9363/25/3
f 9365/25/3 9355/25/3 9364/25/3
f 9366/25/3 9355/25/3 9365/25/3
f 9367/25/3 9355/25/3 9366/25/3
f 9368/25/3 9355/25/3 9367/25/3
f 9369/25/3 9355/25/3 9368/25/3
f 9370/25/3 9355/25/3 9369/25/3
f 9371/25/3 9355/25/3 9370/25/3
f 9372/25/3 9355/25/3 9371/25/3
f 9373/15/3 9356/15/3 9355/15/3
f 9373/25/3 9355/25/3 9372/25/3
f 9374/25/3 9359/25/3 9358/25/3
f 9374/15/3 9356/15/3 9373/15/3
f 9374/25/3 9357/25/3 9356/25/3
f 9374/25/3 9361/25/3 9360/25/3
f 9374/25/3 9358/25/3 9357/25/3
f 9374/25/3 9360/25/3 9359/25/3
f 9375/25/3 9361/25/3 9374/25/3
f 9376/25/3 9361/25/3 9375/25/3
f 9377/25/3 9361/25/3 9376/25/3
f 9378/25/3 9361/25/3 9377/25/3
f 9379/25/3 9240/25/3 9361/25/3
f 9379/25/3 9361/25/3 9378/25/3
f 9380/4/3 9336/4/3 9241/4/3
f 9380/5/3 9337/5/3 9336/5/3
f 9381/15/3 9338/15/3 9337/15/3
f 9381/5/3 9337/5/3 9380/5/3
f 9382/5/3 9339/5/3 9338/5/3
f 9382/15/3 9338/15/3 9381/15/3
f 9383/4/3 9246/4/3 9339/4/3
f 9383/5/3 9339/5/3 9382/5/3
f 9384/4/3 9340/4/3 9249/4/3
f 9384/5/3 9341/5/3 9340/5/3
f 9385/15/3 9342/15/3 9341/15/3
f 9385/5/3 9341/5/3 9384/5/3
f 9386/5/3 9343/5/3 9342/5/3
f 9386/15/3 9342/15/3 9385/15/3
f 9387/4/3 9254/4/3 9343/4/3
f 9387/5/3 9343/5/3 9386/5/3
f 9388/15/3 9382/15/3 9381/15/3
f 9388/15/3 9381/15/3 9380/15/3
f 9388/4/3 9380/4/3 9241/4/3
f 9388/15/3 9383/15/3 9382/15/3
f 9389/15/3 9383/15/3 9388/15/3
f 9390/15/3 9383/15/3 9389/15/3
f 9391/4/3 9246/4/3 9383/4/3
f 9391/15/3 9383/15/3 9390/15/3
f 9392/4/3 9384/4/3 9249/4/3
f 9392/15/3 9386/15/3 9385/15/3
f 9392/15/3 9385/15/3 9384/15/3
f 9392/15/3 9387/15/3 9386/15/3
f 9393/15/3 9387/15/3 9392/15/3
f 9394/15/3 9387/15/3 9393/15/3
f 9395/4/3 9254/4/3 9387/4/3
f 9395/15/3 9387/15/3 9394/15/3
f 9396/23/3 9363/23/3 9362/23/3
f 9397/5/3 9389/5/3 9388/5/3
f 9397/4/3 9388/4/3 9241/4/3
f 9398/15/3 9390/15/3 9389/15/3
f 9398/5/3 9389/5/3 9397/5/3
f 9399/5/3 9391/5/3 9390/5/3
f 9399/15/3 9390/15/3 9398/15/3
f 9400/4/3 9246/4/3 9391/4/3
f 9400/5/3 9391/5/3 9399/5/3
f 9401/4/3 9392/4/3 9249/4/3
f 9401/5/3 9393/5/3 9392/5/3
f 9402/15/3 9394/15/3 9393/15/3
f 9402/5/3 9393/5/3 9401/5/3
f 9403/5/3 9395/5/3 9394/5/3
f 9403/15/3 9394/15/3 9402/15/3
f 9404/4/3 9254/4/3 9395/4/3
f 9404/5/3 9395/5/3 9403/5/3
f 9405/23/3 9363/23/3 9396/23/3
f 9406/25/3 9364/25/3 9363/25/3
f 9406/23/3 9363/23/3 9405/23/3
f 9407/23/3 9365/23/3 9364/23/3
f 9407/25/3 9364/25/3 9406/25/3
f 9408/25/3 9366/25/3 9365/25/3
f 9408/23/3 9365/23/3 9407/23/3
f 9409/23/3 9367/23/3 9366/23/3
f 9409/25/3 9366/25/3 9408/25/3
f 9410/25/3 9368/25/3 9367/25/3
f 9410/23/3 9367/23/3 9409/23/3
f 9411/23/3 9369/23/3 9368/23/3
f 9411/25/3 9368/25/3 9410/25/3
f 9412/25/3 9370/25/3 9369/25/3
f 9412/23/3 9369/23/3 9411/23/3
f 9413/23/3 9371/23/3 9370/23/3
f 9413/25/3 9370/25/3 9412/25/3
f 9414/25/3 9372/25/3 9371/25/3
f 9414/23/3 9371/23/3 9413/23/3
f 9415/23/3 9373/23/3 9372/23/3
f 9415/25/3 9372/25/3 9414/25/3
f 9416/15/3 9374/15/3 9373/15/3
f 9416/23/3 9373/23/3 9415/23/3
f 9417/23/3 9375/23/3 9374/23/3
f 9417/15/3 9374/15/3 9416/15/3
f 9418/25/3 9376/25/3 9375/25/3
f 9418/23/3 9375/23/3 9417/23/3
f 9419/23/3 9377/23/3 9376/23/3
f 9419/25/3 9376/25/3 9418/25/3
f 9420/25/3 9378/25/3 9377/25/3
f 9420/23/3 9377/23/3 9419/23/3
f 9421/23/3 9379/23/3 9378/23/3
f 9421/25/3 9378/25/3 9420/25/3
f 9422/25/3 9240/25/3 9379/25/3
f 9422/23/3 9379/23/3 9421/23/3
f 9423/15/3 9398/15/3 9397/15/3
f 9423/4/3 9397/4/3 9241/4/3
f 9424/5/3 9399/5/3 9398/5/3
f 9424/15/3 9398/15/3 9423/15/3
f 9425/15/3 9400/15/3 9399/15/3
f 9425/5/3 9399/5/3 9424/5/3
f 9426/4/3 9246/4/3 9400/4/3
f 9426/15/3 9400/15/3 9425/15/3
f 9427/4/3 9401/4/3 9249/4/3
f 9427/15/3 9402/15/3 9401/15/3
f 9428/5/3 9403/5/3 9402/5/3
f 9428/15/3 9402/15/3 9427/15/3
f 9429/15/3 9404/15/3 9403/15/3
f 9429/5/3 9403/5/3 9428/5/3
f 9430/4/3 9254/4/3 9404/4/3
f 9430/15/3 9404/15/3 9429/15/3
f 9431/25/3 9414/25/3 9413/25/3
f 9431/25/3 9412/25/3 9411/25/3
f 9431/25/3 9411/25/3 9410/25/3
f 9431/25/3 9410/25/3 9409/25/3
f 9431/25/3 9409/25/3 9408/25/3
f 9431/25/3 9413/25/3 9412/25/3
f 9431/25/3 9406/25/3 9405/25/3
f 9431/25/3 9416/25/3 9415/25/3
f 9431/25/3 9415/25/3 9414/25/3
f 9431/25/3 9408/25/3 9407/25/3
f 9431/25/3 9407/25/3 9406/25/3
f 9432/25/3 9416/25/3 9431/25/3
f 9433/25/3 9416/25/3 9432/25/3
f 9434/25/3 9416/25/3 9433/25/3
f 9435/25/3 9416/25/3 9434/25/3
f 9436/25/3 9416/25/3 9435/25/3
f 9437/25/3 9416/25/3 9436/25/3
f 9438/25/3 9416/25/3 9437/25/3
f 9439/25/3 9416/25/3 9438/25/3
f 9440/25/3 9416/25/3 9439/25/3
f 9441/25/3 9416/25/3 9440/25/3
f 9442/15/3 9417/15/3 9416/15/3
f 9442/25/3 9416/25/3 9441/25/3
f 9443/25/3 9421/25/3 9420/25/3
f 9443/15/3 9417/15/3 9442/15/3
f 9443/25/3 9422/25/3 9421/25/3
f 9443/25/3 9419/25/3 9418/25/3
f 9443/25/3 9420/25/3 9419/25/3
f 9443/25/3 9418/25/3 9417/25/3
f 9444/25/3 9422/25/3 9443/25/3
f 9445/25/3 9422/25/3 9444/25/3
f 9446/25/3 9422/25/3 9445/25/3
f 9447/25/3 9422/25/3 9446/25/3
f 9448/25/3 9240/25/3 9422/25/3
f 9448/25/3 9422/25/3 9447/25/3
f 9449/4/3 9423/4/3 9241/4/3
f 9449/5/3 9424/5/3 9423/5/3
f 9450/15/3 9425/15/3 9424/15/3
f 9450/5/3 9424/5/3 9449/5/3
f 9451/5/3 9426/5/3 9425/5/3
f 9451/15/3 9425/15/3 9450/15/3
f 9452/4/3 9246/4/3 9426/4/3
f 9452/5/3 9426/5/3 9451/5/3
f 9453/5/3 9428/5/3 9427/5/3
f 9453/4/3 9427/4/3 9249/4/3
f 9454/15/3 9429/15/3 9428/15/3
f 9454/5/3 9428/5/3 9453/5/3
f 9455/5/3 9430/5/3 9429/5/3
f 9455/15/3 9429/15/3 9454/15/3
f 9456/4/3 9254/4/3 9430/4/3
f 9456/5/3 9430/5/3 9455/5/3
f 9457/15/3 9451/15/3 9450/15/3
f 9457/15/3 9450/15/3 9449/15/3
f 9457/4/3 9449/4/3 9241/4/3
f 9457/15/3 9452/15/3 9451/15/3
f 9458/15/3 9452/15/3 9457/15/3
f 9459/15/3 9452/15/3 9458/15/3
f 9460/4/3 9246/4/3 9452/4/3
f 9460/15/3 9452/15/3 9459/15/3
f 9461/15/3 9455/15/3 9454/15/3
f 9461/15/3 9454/15/3 9453/15/3
f 9461/4/3 9453/4/3 9249/4/3
f 9461/15/3 9456/15/3 9455/15/3
f 9462/15/3 9456/15/3 9461/15/3
f 9463/15/3 9456/15/3 9462/15/3
f 9464/4/3 9254/4/3 9456/4/3
f 9464/15/3 9456/15/3 9463/15/3
f 9465/23/3 9432/23/3 9431/23/3
f 9466/25/3 9433/25/3 9432/25/3
f 9466/23/3 9432/23/3 9465/23/3
f 9467/23/3 9434/23/3 9433/23/3
f 9467/25/3 9433/25/3 9466/25/3
f 9468/25/3 9435/25/3 9434/25/3
f 9468/23/3 9434/23/3 9467/23/3
f 9469/23/3 9436/23/3 9435/23/3
f 9469/25/3 9435/25/3 9468/25/3
f 9470/25/3 9437/25/3 9436/25/3
f 9470/23/3 9436/23/3 9469/23/3
f 9471/23/3 9438/23/3 9437/23/3
f 9471/25/3 9437/25/3 9470/25/3
f 9472/25/3 9439/25/3 9438/25/3
f 9472/23/3 9438/23/3 9471/23/3
f 9473/23/3 9440/23/3 9439/23/3
f 9473/25/3 9439/25/3 9472/25/3
f 9474/25/3 9441/25/3 9440/25/3
f 9474/23/3 9440/23/3 9473/23/3
f 9475/23/3 9442/23/3 9441/23/3
f 9475/25/3 9441/25/3 9474/25/3
f 9476/15/3 9443/15/3 9442/15/3
f 9476/23/3 9442/23/3 9475/23/3
f 9477/23/3 9444/23/3 9443/23/3
f 9477/15/3 9443/15/3 9476/15/3
f 9478/25/3 9445/25/3 9444/25/3
f 9478/23/3 9444/23/3 9477/23/3
f 9479/23/3 9446/23/3 9445/23/3
f 9479/25/3 9445/25/3 9478/25/3
f 9480/25/3 9447/25/3 9446/25/3
f 9480/23/3 9446/23/3 9479/23/3
f 9481/23/3 9448/23/3 9447/23/3
f 9481/25/3 9447/25/3 9480/25/3
f 9482/25/3 9240/25/3 9448/25/3
f 9482/23/3 9448/23/3 9481/23/3
f 9483/5/3 9458/5/3 9457/5/3
f 9483/4/3 9457/4/3 9241/4/3
f 9484/15/3 9459/15/3 9458/15/3
f 9484/5/3 9458/5/3 9483/5/3
f 9485/5/3 9460/5/3 9459/5/3
f 9485/15/3 9459/15/3 9484/15/3
f 9486/4/3 9246/4/3 9460/4/3
f 9486/5/3 9460/5/3 9485/5/3
f 9487/4/3 9461/4/3 9249/4/3
f 9487/5/3 9462/5/3 9461/5/3
f 9488/15/3 9463/15/3 9462/15/3
f 9488/5/3 9462/5/3 9487/5/3
f 9489/5/3 9464/5/3 9463/5/3
f 9489/15/3 9463/15/3 9488/15/3
f 9490/4/3 9254/4/3 9464/4/3
f 9490/5/3 9464/5/3 9489/5/3
f 9491/25/3 9474/25/3 9473/25/3
f 9491/25/3 9472/25/3 9471/25/3
f 9491/25/3 9471/25/3 9470/25/3
f 9491/25/3 9470/25/3 9469/25/3
f 9491/25/3 9469/25/3 9468/25/3
f 9491/25/3 9473/25/3 9472/25/3
f 9491/25/3 9476/25/3 9475/25/3
f 9491/25/3 9475/25/3 9474/25/3
f 9491/25/3 9468/25/3 9467/25/3
f 9491/25/3 9467/25/3 9466/25/3
f 9491/25/3 9466/25/3 9465/25/3
f 9492/25/3 9476/25/3 9491/25/3
f 9493/25/3 9476/25/3 9492/25/3
f 9494/25/3 9476/25/3 9493/25/3
f 9495/25/3 9476/25/3 9494/25/3
f 9496/25/3 9476/25/3 9495/25/3
f 9497/25/3 9476/25/3 9496/25/3
f 9498/25/3 9476/25/3 9497/25/3
f 9499/25/3 9476/25/3 9498/25/3
f 9500/25/3 9476/25/3 9499/25/3
f 9501/25/3 9476/25/3 9500/25/3
f 9502/15/3 9477/15/3 9476/15/3
f 9502/25/3 9476/25/3 9501/25/3
f 9503/25/3 9481/25/3 9480/25/3
f 9503/15/3 9477/15/3 9502/15/3
f 9503/25/3 9479/25/3 9478/25/3
f 9503/25/3 9482/25/3 9481/25/3
f 9503/25/3 9480/25/3 9479/25/3
f 9503/25/3 9478/25/3 9477/25/3
f 9504/25/3 9482/25/3 9503/25/3
f 9505/25/3 9482/25/3 9504/25/3
f 9506/25/3 9482/25/3 9505/25/3
f 9507/25/3 9482/25/3 9506/25/3
f 9508/25/3 9240/25/3 9482/25/3
f 9508/25/3 9482/25/3 9507/25/3
f 9509/15/3 9484/15/3 9483/15/3
f 9509/4/3 9483/4/3 9241/4/3
f 9510/5/3 9485/5/3 9484/5/3
f 9510/15/3 9484/15/3 9509/15/3
f 9511/15/3 9486/15/3 9485/15/3
f 9511/5/3 9485/5/3 9510/5/3
f 9512/4/3 9246/4/3 9486/4/3
f 9512/15/3 9486/15/3 9511/15/3
f 9513/4/3 9487/4/3 9249/4/3
f 9513/15/3 9488/15/3 9487/15/3
f 9514/5/3 9489/5/3 9488/5/3
f 9514/15/3 9488/15/3 9513/15/3
f 9515/15/3 9490/15/3 9489/15/3
f 9515/5/3 9489/5/3 9514/5/3
f 9516/4/3 9254/4/3 9490/4/3
f 9516/15/3 9490/15/3 9515/15/3
f 9517/23/3 9492/23/3 9491/23/3
f 9518/23/3 9492/23/3 9517/23/3
f 9519/4/3 9509/4/3 9241/4/3
f 9519/5/3 9510/5/3 9509/5/3
f 9520/15/3 9511/15/3 9510/15/3
f 9520/5/3 9510/5/3 9519/5/3
f 9521/5/3 9512/5/3 9511/5/3
f 9521/15/3 9511/15/3 9520/15/3
f 9522/4/3 9246/4/3 9512/4/3
f 9522/5/3 9512/5/3 9521/5/3
f 9523/5/3 9514/5/3 9513/5/3
f 9523/4/3 9513/4/3 9249/4/3
f 9524/15/3 9515/15/3 9514/15/3
f 9524/5/3 9514/5/3 9523/5/3
f 9525/5/3 9516/5/3 9515/5/3
f 9525/15/3 9515/15/3 9524/15/3
f 9526/4/3 9254/4/3 9516/4/3
f 9526/5/3 9516/5/3 9525/5/3
f 9527/15/3 9521/15/3 9520/15/3
f 9527/15/3 9520/15/3 9519/15/3
f 9527/4/3 9519/4/3 9241/4/3
f 9527/15/3 9522/15/3 9521/15/3
f 9528/15/3 9522/15/3 9527/15/3
f 9529/15/3 9522/15/3 9528/15/3
f 9530/4/3 9246/4/3 9522/4/3
f 9530/15/3 9522/15/3 9529/15/3
f 9531/4/3 9523/4/3 9249/4/3
f 9531/15/3 9526/15/3 9525/15/3
f 9531/15/3 9524/15/3 9523/15/3
f 9531/15/3 9525/15/3 9524/15/3
f 9532/15/3 9526/15/3 9531/15/3
f 9533/15/3 9526/15/3 9532/15/3
f 9534/4/3 9254/4/3 9526/4/3
f 9534/15/3 9526/15/3 9533/15/3
f 9535/23/3 9492/23/3 9518/23/3
f 9536/25/3 9493/25/3 9492/25/3
f 9536/23/3 9492/23/3 9535/23/3
f 9537/23/3 9494/23/3 9493/23/3
f 9537/25/3 9493/25/3 9536/25/3
f 9538/25/3 9495/25/3 9494/25/3
f 9538/23/3 9494/23/3 9537/23/3
f 9539/23/3 9496/23/3 9495/23/3
f 9539/25/3 9495/25/3 9538/25/3
f 9540/25/3 9497/25/3 9496/25/3
f 9540/23/3 9496/23/3 9539/23/3
f 9541/23/3 9498/23/3 9497/23/3
f 9541/25/3 9497/25/3 9540/25/3
f 9542/25/3 9499/25/3 9498/25/3
f 9542/23/3 9498/23/3 9541/23/3
f 9543/23/3 9500/23/3 9499/23/3
f 9543/25/3 9499/25/3 9542/25/3
f 9544/25/3 9501/25/3 9500/25/3
f 9544/23/3 9500/23/3 9543/23/3
f 9545/23/3 9502/23/3 9501/23/3
f 9545/25/3 9501/25/3 9544/25/3
f 9546/15/3 9503/15/3 9502/15/3
f 9546/23/3 9502/23/3 9545/23/3
f 9547/23/3 9504/23/3 9503/23/3
f 9547/15/3 9503/15/3 9546/15/3
f 9548/25/3 9505/25/3 9504/25/3
f 9548/23/3 9504/23/3 9547/23/3
f 9549/23/3 9506/23/3 9505/23/3
f 9549/25/3 9505/25/3 9548/25/3
f 9550/25/3 9507/25/3 9506/25/3
f 9550/23/3 9506/23/3 9549/23/3
f 9551/23/3 9508/23/3 9507/23/3
f 9551/25/3 9507/25/3 9550/25/3
f 9552/25/3 9240/25/3 9508/25/3
f 9552/23/3 9508/23/3 9551/23/3
f 9553/25/3 9544/25/3 9543/25/3
f 9553/25/3 9542/25/3 9541/25/3
f 9553/25/3 9541/25/3 9540/25/3
f 9553/25/3 9540/25/3 9539/25/3
f 9553/25/3 9539/25/3 9538/25/3
f 9553/25/3 9543/25/3 9542/25/3
f 9553/25/3 9536/25/3 9535/25/3
f 9553/25/3 9537/25/3 9536/25/3
f 9553/25/3 9546/25/3 9545/25/3
f 9553/25/3 9545/25/3 9544/25/3
f 9553/25/3 9538/25/3 9537/25/3
f 9554/25/3 9546/25/3 9553/25/3
f 9555/25/3 9546/25/3 9554/25/3
f 9556/25/3 9546/25/3 9555/25/3
f 9557/25/3 9546/25/3 9556/25/3
f 9558/25/3 9546/25/3 9557/25/3
f 9559/25/3 9546/25/3 9558/25/3
f 9560/25/3 9546/25/3 9559/25/3
f 9561/25/3 9546/25/3 9560/25/3
f 9562/25/3 9546/25/3 9561/25/3
f 9563/25/3 9546/25/3 9562/25/3
f 9564/15/3 9547/15/3 9546/15/3
f 9564/25/3 9546/25/3 9563/25/3
f 9565/25/3 9552/25/3 9551/25/3
f 9565/15/3 9547/15/3 9564/15/3
f 9565/25/3 9551/25/3 9550/25/3
f 9565/25/3 9550/25/3 9549/25/3
f 9565/25/3 9549/25/3 9548/25/3
f 9565/25/3 9548/25/3 9547/25/3
f 9566/25/3 9552/25/3 9565/25/3
f 9567/25/3 9552/25/3 9566/25/3
f 9568/25/3 9552/25/3 9567/25/3
f 9569/25/3 9552/25/3 9568/25/3
f 9570/25/3 9240/25/3 9552/25/3
f 9570/25/3 9552/25/3 9569/25/3
f 9571/5/3 9528/5/3 9527/5/3
f 9571/4/3 9527/4/3 9241/4/3
f 9572/15/3 9529/15/3 9528/15/3
f 9572/5/3 9528/5/3 9571/5/3
f 9573/5/3 9530/5/3 9529/5/3
f 9573/15/3 9529/15/3 9572/15/3
f 9574/4/3 9246/4/3 9530/4/3
f 9574/5/3 9530/5/3 9573/5/3
f 9575/5/3 9532/5/3 9531/5/3
f 9575/4/3 9531/4/3 9249/4/3
f 9576/15/3 9533/15/3 9532/15/3
f 9576/5/3 9532/5/3 9575/5/3
f 9577/5/3 9534/5/3 9533/5/3
f 9577/15/3 9533/15/3 9576/15/3
f 9578/4/3 9254/4/3 9534/4/3
f 9578/5/3 9534/5/3 9577/5/3
f 9579/4/3 9571/4/3 9241/4/3
f 9579/15/3 9572/15/3 9571/15/3
f 9580/5/3 9573/5/3 9572/5/3
f 9580/15/3 9572/15/3 9579/15/3
f 9581/15/3 9574/15/3 9573/15/3
f 9581/5/3 9573/5/3 9580/5/3
f 9582/4/3 9246/4/3 9574/4/3
f 9582/15/3 9574/15/3 9581/15/3
f 9583/4/3 9575/4/3 9249/4/3
f 9583/15/3 9576/15/3 9575/15/3
f 9584/5/3 9577/5/3 9576/5/3
f 9584/15/3 9576/15/3 9583/15/3
f 9585/15/3 9578/15/3 9577/15/3
f 9585/5/3 9577/5/3 9584/5/3
f 9586/4/3 9254/4/3 9578/4/3
f 9586/15/3 9578/15/3 9585/15/3
f 9587/4/3 9579/4/3 9241/4/3
f 9587/5/3 9580/5/3 9579/5/3
f 9588/15/3 9581/15/3 9580/15/3
f 9588/5/3 9580/5/3 9587/5/3
f 9589/5/3 9582/5/3 9581/5/3
f 9589/15/3 9581/15/3 9588/15/3
f 9590/4/3 9246/4/3 9582/4/3
f 9590/5/3 9582/5/3 9589/5/3
f 9591/4/3 9583/4/3 9249/4/3
f 9591/5/3 9584/5/3 9583/5/3
f 9592/15/3 9585/15/3 9584/15/3
f 9592/5/3 9584/5/3 9591/5/3
f 9593/5/3 9586/5/3 9585/5/3
f 9593/15/3 9585/15/3 9592/15/3
f 9594/4/3 9254/4/3 9586/4/3
f 9594/5/3 9586/5/3 9593/5/3
f 9595/23/3 9554/23/3 9553/23/3
f 9596/23/3 9554/23/3 9595/23/3
f 9597/23/3 9554/23/3 9596/23/3
f 9598/25/3 9555/25/3 9554/25/3
f 9598/23/3 9554/23/3 9597/23/3
f 9599/23/3 9556/23/3 9555/23/3
f 9599/25/3 9555/25/3 9598/25/3
f 9600/25/3 9557/25/3 9556/25/3
f 9600/23/3 9556/23/3 9599/23/3
f 9601/23/3 9558/23/3 9557/23/3
f 9601/25/3 9557/25/3 9600/25/3
f 9602/25/3 9559/25/3 9558/25/3
f 9602/23/3 9558/23/3 9601/23/3
f 9603/23/3 9560/23/3 9559/23/3
f 9603/25/3 9559/25/3 9602/25/3
f 9604/25/3 9561/25/3 9560/25/3
f 9604/23/3 9560/23/3 9603/23/3
f 9605/23/3 9562/23/3 9561/23/3
f 9605/25/3 9561/25/3 9604/25/3
f 9606/25/3 9563/25/3 9562/25/3
f 9606/23/3 9562/23/3 9605/23/3
f 9607/23/3 9564/23/3 9563/23/3
f 9607/25/3 9563/25/3 9606/25/3
f 9608/15/3 9565/15/3 9564/15/3
f 9608/23/3 9564/23/3 9607/23/3
f 9609/23/3 9566/23/3 9565/23/3
f 9609/15/3 9565/15/3 9608/15/3
f 9610/25/3 9567/25/3 9566/25/3
f 9610/23/3 9566/23/3 9609/23/3
f 9611/23/3 9568/23/3 9567/23/3
f 9611/25/3 9567/25/3 9610/25/3
f 9612/25/3 9569/25/3 9568/25/3
f 9612/23/3 9568/23/3 9611/23/3
f 9613/23/3 9570/23/3 9569/23/3
f 9613/25/3 9569/25/3 9612/25/3
f 9614/25/3 9240/25/3 9570/25/3
f 9614/23/3 9570/23/3 9613/23/3
f 9615/15/3 9589/15/3 9588/15/3
f 9615/15/3 9590/15/3 9589/15/3
f 9615/15/3 9588/15/3 9587/15/3
f 9615/4/3 9587/4/3 9241/4/3
f 9616/15/3 9590/15/3 9615/15/3
f 9617/15/3 9590/15/3 9616/15/3
f 9618/4/3 9246/4/3 9590/4/3
f 9618/15/3 9590/15/3 9617/15/3
f 9619/15/3 9593/15/3 9592/15/3
f 9619/4/3 9591/4/3 9249/4/3
f 9619/15/3 9592/15/3 9591/15/3
f 9619/15/3 9594/15/3 9593/15/3
f 9620/15/3 9594/15/3 9619/15/3
f 9621/15/3 9594/15/3 9620/15/3
f 9622/4/3 9254/4/3 9594/4/3
f 9622/15/3 9594/15/3 9621/15/3
f 9623/25/3 9606/25/3 9605/25/3
f 9623/25/3 9604/25/3 9603/25/3
f 9623/25/3 9603/25/3 9602/25/3
f 9623/25/3 9602/25/3 9601/25/3
f 9623/25/3 9601/25/3 9600/25/3
f 9623/25/3 9605/25/3 9604/25/3
f 9623/25/3 9598/25/3 9597/25/3
f 9623/25/3 9599/25/3 9598/25/3
f 9623/25/3 9608/25/3 9607/25/3
f 9623/25/3 9607/25/3 9606/25/3
f 9623/25/3 9600/25/3 9599/25/3
f 9624/25/3 9608/25/3 9623/25/3
f 9625/25/3 9608/25/3 9624/25/3
f 9626/25/3 9608/25/3 9625/25/3
f 9627/25/3 9608/25/3 9626/25/3
f 9628/25/3 9608/25/3 9627/25/3
f 9629/25/3 9608/25/3 9628/25/3
f 9630/25/3 9608/25/3 9629/25/3
f 9631/25/3 9608/25/3 9630/25/3
f 9632/25/3 9608/25/3 9631/25/3
f 9633/25/3 9608/25/3 9632/25/3
f 9634/15/3 9609/15/3 9608/15/3
f 9634/25/3 9608/25/3 9633/25/3
f 9635/25/3 9611/25/3 9610/25/3
f 9635/15/3 9609/15/3 9634/15/3
f 9635/25/3 9614/25/3 9613/25/3
f 9635/25/3 9613/25/3 9612/25/3
f 9635/25/3 9612/25/3 9611/25/3
f 9635/25/3 9610/25/3 9609/25/3
f 9636/25/3 9614/25/3 9635/25/3
f 9637/25/3 9614/25/3 9636/25/3
f 9638/25/3 9614/25/3 9637/25/3
f 9639/25/3 9614/25/3 9638/25/3
f 9640/25/3 9240/25/3 9614/25/3
f 9640/25/3 9614/25/3 9639/25/3
f 9641/5/3 9616/5/3 9615/5/3
f 9641/4/3 9615/4/3 9241/4/3
f 9642/15/3 9617/15/3 9616/15/3
f 9642/5/3 9616/5/3 9641/5/3
f 9643/5/3 9618/5/3 9617/5/3
f 9643/15/3 9617/15/3 9642/15/3
f 9644/4/3 9246/4/3 9618/4/3
f 9644/5/3 9618/5/3 9643/5/3
f 9645/5/3 9620/5/3 9619/5/3
f 9645/4/3 9619/4/3 9249/4/3
f 9646/15/3 9621/15/3 9620/15/3
f 9646/5/3 9620/5/3 9645/5/3
f 9647/5/3 9622/5/3 9621/5/3
f 9647/15/3 9621/15/3 9646/15/3
f 9648/4/3 9254/4/3 9622/4/3
f 9648/5/3 9622/5/3 9647/5/3
f 9649/15/3 9642/15/3 9641/15/3
f 9649/4/3 9641/4/3 9241/4/3
f 9650/5/3 9643/5/3 9642/5/3
f 9650/15/3 9642/15/3 9649/15/3
f 9651/15/3 9644/15/3 9643/15/3
f 9651/5/3 9643/5/3 9650/5/3
f 9652/4/3 9246/4/3 9644/4/3
f 9652/15/3 9644/15/3 9651/15/3
f 9653/15/3 9646/15/3 9645/15/3
f 9653/4/3 9645/4/3 9249/4/3
f 9654/5/3 9647/5/3 9646/5/3
f 9654/15/3 9646/15/3 9653/15/3
f 9655/15/3 9648/15/3 9647/15/3
f 9655/5/3 9647/5/3 9654/5/3
f 9656/4/3 9254/4/3 9648/4/3
f 9656/15/3 9648/15/3 9655/15/3
f 9657/4/3 9649/4/3 9241/4/3
f 9657/5/3 9650/5/3 9649/5/3
f 9658/15/3 9651/15/3 9650/15/3
f 9658/5/3 9650/5/3 9657/5/3
f 9659/5/3 9652/5/3 9651/5/3
f 9659/15/3 9651/15/3 9658/15/3
f 9660/4/3 9246/4/3 9652/4/3
f 9660/5/3 9652/5/3 9659/5/3
f 9661/4/3 9653/4/3 9249/4/3
f 9661/5/3 9654/5/3 9653/5/3
f 9662/15/3 9655/15/3 9654/15/3
f 9662/5/3 9654/5/3 9661/5/3
f 9663/5/3 9656/5/3 9655/5/3
f 9663/15/3 9655/15/3 9662/15/3
f 9664/4/3 9254/4/3 9656/4/3
f 9664/5/3 9656/5/3 9663/5/3
f 9665/23/3 9624/23/3 9623/23/3
f 9666/25/3 9625/25/3 9624/25/3
f 9666/23/3 9624/23/3 9665/23/3
f 9667/23/3 9626/23/3 9625/23/3
f 9667/25/3 9625/25/3 9666/25/3
f 9668/25/3 9627/25/3 9626/25/3
f 9668/23/3 9626/23/3 9667/23/3
f 9669/23/3 9628/23/3 9627/23/3
f 9669/25/3 9627/25/3 9668/25/3
f 9670/25/3 9629/25/3 9628/25/3
f 9670/23/3 9628/23/3 9669/23/3
f 9671/23/3 9630/23/3 9629/23/3
f 9671/25/3 9629/25/3 9670/25/3
f 9672/25/3 9631/25/3 9630/25/3
f 9672/23/3 9630/23/3 9671/23/3
f 9673/23/3 9632/23/3 9631/23/3
f 9673/25/3 9631/25/3 9672/25/3
f 9674/25/3 9633/25/3 9632/25/3
f 9674/23/3 9632/23/3 9673/23/3
f 9675/23/3 9634/23/3 9633/23/3
f 9675/25/3 9633/25/3 9674/25/3
f 9676/15/3 9635/15/3 9634/15/3
f 9676/23/3 9634/23/3 9675/23/3
f 9677/23/3 9636/23/3 9635/23/3
f 9677/15/3 9635/15/3 9676/15/3
f 9678/25/3 9637/25/3 9636/25/3
f 9678/23/3 9636/23/3 9677/23/3
f 9679/23/3 9638/23/3 9637/23/3
f 9679/25/3 9637/25/3 9678/25/3
f 9680/25/3 9639/25/3 9638/25/3
f 9680/23/3 9638/23/3 9679/23/3
f 9681/23/3 9640/23/3 9639/23/3
f 9681/25/3 9639/25/3 9680/25/3
f 9682/25/3 9240/25/3 9640/25/3
f 9682/23/3 9640/23/3 9681/23/3
f 9683/25/3 9674/25/3 9673/25/3
f 9683/25/3 9672/25/3 9671/25/3
f 9683/25/3 9671/25/3 9670/25/3
f 9683/25/3 9670/25/3 9669/25/3
f 9683/25/3 9669/25/3 9668/25/3
f 9683/25/3 9673/25/3 9672/25/3
f 9683/25/3 9676/25/3 9675/25/3
f 9683/25/3 9675/25/3 9674/25/3
f 9683/25/3 9668/25/3 9667/25/3
f 9683/25/3 9667/25/3 9666/25/3
f 9683/25/3 9666/25/3 9665/25/3
f 9684/25/3 9676/25/3 9683/25/3
f 9685/25/3 9676/25/3 9684/25/3
f 9686/25/3 9676/25/3 9685/25/3
f 9687/25/3 9676/25/3 9686/25/3
f 9688/25/3 9676/25/3 9687/25/3
f 9689/25/3 9676/25/3 9688/25/3
f 9690/25/3 9676/25/3 9689/25/3
f 9691/25/3 9676/25/3 9690/25/3
f 9692/25/3 9676/25/3 9691/25/3
f 9693/25/3 9676/25/3 9692/25/3
f 9694/15/3 9677/15/3 9676/15/3
f 9694/25/3 9676/25/3 9693/25/3
f 9695/25/3 9679/25/3 9678/25/3
f 9695/15/3 9677/15/3 9694/15/3
f 9695/25/3 9682/25/3 9681/25/3
f 9695/25/3 9681/25/3 9680/25/3
f 9695/25/3 9680/25/3 9679/25/3
f 9695/25/3 9678/25/3 9677/25/3
f 9696/25/3 9682/25/3 9695/25/3
f 9697/25/3 9682/25/3 9696/25/3
f 9698/25/3 9682/25/3 9697/25/3
f 9699/25/3 9682/25/3 9698/25/3
f 9700/25/3 9240/25/3 9682/25/3
f 9700/25/3 9682/25/3 9699/25/3
f 9701/15/3 9660/15/3 9659/15/3
f 9701/15/3 9659/15/3 9658/15/3
f 9701/4/3 9657/4/3 9241/4/3
f 9701/15/3 9658/15/3 9657/15/3
f 9702/15/3 9660/15/3 9701/15/3
f 9703/15/3 9660/15/3 9702/15/3
f 9704/4/3 9246/4/3 9660/4/3
f 9704/15/3 9660/15/3 9703/15/3
f 9705/15/3 9663/15/3 9662/15/3
f 9705/4/3 9661/4/3 9249/4/3
f 9705/15/3 9662/15/3 9661/15/3
f 9705/15/3 9664/15/3 9663/15/3
f 9706/15/3 9664/15/3 9705/15/3
f 9707/15/3 9664/15/3 9706/15/3
f 9708/4/3 9254/4/3 9664/4/3
f 9708/15/3 9664/15/3 9707/15/3
f 9709/23/3 9684/23/3 9683/23/3
f 9710/5/3 9702/5/3 9701/5/3
f 9710/4/3 9701/4/3 9241/4/3
f 9711/15/3 9703/15/3 9702/15/3
f 9711/5/3 9702/5/3 9710/5/3
f 9712/5/3 9704/5/3 9703/5/3
f 9712/15/3 9703/15/3 9711/15/3
f 9713/4/3 9246/4/3 9704/4/3
f 9713/5/3 9704/5/3 9712/5/3
f 9714/4/3 9705/4/3 9249/4/3
f 9714/5/3 9706/5/3 9705/5/3
f 9715/15/3 9707/15/3 9706/15/3
f 9715/5/3 9706/5/3 9714/5/3
f 9716/5/3 9708/5/3 9707/5/3
f 9716/15/3 9707/15/3 9715/15/3
f 9717/4/3 9254/4/3 9708/4/3
f 9717/5/3 9708/5/3 9716/5/3
f 9718/4/3 9710/4/3 9241/4/3
f 9718/15/3 9711/15/3 9710/15/3
f 9719/5/3 9712/5/3 9711/5/3
f 9719/15/3 9711/15/3 9718/15/3
f 9720/15/3 9713/15/3 9712/15/3
f 9720/5/3 9712/5/3 9719/5/3
f 9721/4/3 9246/4/3 9713/4/3
f 9721/15/3 9713/15/3 9720/15/3
f 9722/4/3 9714/4/3 9249/4/3
f 9722/15/3 9715/15/3 9714/15/3
f 9723/5/3 9716/5/3 9715/5/3
f 9723/15/3 9715/15/3 9722/15/3
f 9724/15/3 9717/15/3 9716/15/3
f 9724/5/3 9716/5/3 9723/5/3
f 9725/4/3 9254/4/3 9717/4/3
f 9725/15/3 9717/15/3 9724/15/3
f 9726/4/3 9718/4/3 9241/4/3
f 9726/5/3 9719/5/3 9718/5/3
f 9727/15/3 9720/15/3 9719/15/3
f 9727/5/3 9719/5/3 9726/5/3
f 9728/5/3 9721/5/3 9720/5/3
f 9728/15/3 9720/15/3 9727/15/3
f 9729/4/3 9246/4/3 9721/4/3
f 9729/5/3 9721/5/3 9728/5/3
f 9730/5/3 9723/5/3 9722/5/3
f 9730/4/3 9722/4/3 9249/4/3
f 9731/15/3 9724/15/3 9723/15/3
f 9731/5/3 9723/5/3 9730/5/3
f 9732/5/3 9725/5/3 9724/5/3
f 9732/15/3 9724/15/3 9731/15/3
f 9733/4/3 9254/4/3 9725/4/3
f 9733/5/3 9725/5/3 9732/5/3
f 9734/23/3 9684/23/3 9709/23/3
f 9735/25/3 9685/25/3 9684/25/3
f 9735/23/3 9684/23/3 9734/23/3
f 9736/23/3 9686/23/3 9685/23/3
f 9736/25/3 9685/25/3 9735/25/3
f 9737/25/3 9687/25/3 9686/25/3
f 9737/23/3 9686/23/3 9736/23/3
f 9738/23/3 9688/23/3 9687/23/3
f 9738/25/3 9687/25/3 9737/25/3
f 9739/25/3 9689/25/3 9688/25/3
f 9739/23/3 9688/23/3 9738/23/3
f 9740/23/3 9690/23/3 9689/23/3
f 9740/25/3 9689/25/3 9739/25/3
f 9741/25/3 9691/25/3 9690/25/3
f 9741/23/3 9690/23/3 9740/23/3
f 9742/23/3 9692/23/3 9691/23/3
f 9742/25/3 9691/25/3 9741/25/3
f 9743/25/3 9693/25/3 9692/25/3
f 9743/23/3 9692/23/3 9742/23/3
f 9744/23/3 9694/23/3 9693/23/3
f 9744/25/3 9693/25/3 9743/25/3
f 9745/15/3 9695/15/3 9694/15/3
f 9745/23/3 9694/23/3 9744/23/3
f 9746/23/3 9696/23/3 9695/23/3
f 9746/15/3 9695/15/3 9745/15/3
f 9747/25/3 9697/25/3 9696/25/3
f 9747/23/3 9696/23/3 9746/23/3
f 9748/23/3 9698/23/3 9697/23/3
f 9748/25/3 9697/25/3 9747/25/3
f 9749/25/3 9699/25/3 9698/25/3
f 9749/23/3 9698/23/3 9748/23/3
f 9750/23/3 9700/23/3 9699/23/3
f 9750/25/3 9699/25/3 9749/25/3
f 9751/25/3 9240/25/3 9700/25/3
f 9751/23/3 9700/23/3 9750/23/3
f 9752/25/3 9743/25/3 9742/25/3
f 9752/25/3 9741/25/3 9740/25/3
f 9752/25/3 9740/25/3 9739/25/3
f 9752/25/3 9739/25/3 9738/25/3
f 9752/25/3 9738/25/3 9737/25/3
f 9752/25/3 9742/25/3 9741/25/3
f 9752/25/3 9735/25/3 9734/25/3
f 9752/25/3 9745/25/3 9744/25/3
f 9752/25/3 9744/25/3 9743/25/3
f 9752/25/3 9737/25/3 9736/25/3
f 9752/25/3 9736/25/3 9735/25/3
f 9753/25/3 9745/25/3 9752/25/3
f 9754/25/3 9745/25/3 9753/25/3
f 9755/25/3 9745/25/3 9754/25/3
f 9756/25/3 9745/25/3 9755/25/3
f 9757/25/3 9745/25/3 9756/25/3
f 9758/25/3 9745/25/3 9757/25/3
f 9759/25/3 9745/25/3 9758/25/3
f 9760/25/3 9745/25/3 9759/25/3
f 9761/25/3 9745/25/3 9760/25/3
f 9762/25/3 9745/25/3 9761/25/3
f 9763/15/3 9746/15/3 9745/15/3
f 9763/25/3 9745/25/3 9762/25/3
f 9764/25/3 9748/25/3 9747/25/3
f 9764/15/3 9746/15/3 9763/15/3
f 9764/25/3 9750/25/3 9749/25/3
f 9764/25/3 9751/25/3 9750/25/3
f 9764/25/3 9749/25/3 9748/25/3
f 9764/25/3 9747/25/3 9746/25/3
f 9765/25/3 9751/25/3 9764/25/3
f 9766/25/3 9751/25/3 9765/25/3
f 9767/25/3 9751/25/3 9766/25/3
f 9768/25/3 9751/25/3 9767/25/3
f 9769/25/3 9240/25/3 9751/25/3
f 9769/25/3 9751/25/3 9768/25/3
f 9770/15/3 9727/15/3 9726/15/3
f 9770/4/3 9726/4/3 9241/4/3
f 9770/15/3 9728/15/3 9727/15/3
f 9770/15/3 9729/15/3 9728/15/3
f 9771/15/3 9729/15/3 9770/15/3
f 9772/15/3 9729/15/3 9771/15/3
f 9773/4/3 9246/4/3 9729/4/3
f 9773/15/3 9729/15/3 9772/15/3
f 9774/15/3 9732/15/3 9731/15/3
f 9774/4/3 9730/4/3 9249/4/3
f 9774/15/3 9733/15/3 9732/15/3
f 9774/15/3 9731/15/3 9730/15/3
f 9775/15/3 9733/15/3 9774/15/3
f 9776/15/3 9733/15/3 9775/15/3
f 9777/4/3 9254/4/3 9733/4/3
f 9777/15/3 9733/15/3 9776/15/3
f 9778/23/3 9761/23/3 9760/23/3
f 9778/25/3 9762/25/3 9761/25/3
f 9779/23/3 9763/23/3 9762/23/3
f 9779/25/3 9762/25/3 9778/25/3
f 9780/23/3 9753/23/3 9752/23/3
f 9781/5/3 9771/5/3 9770/5/3
f 9781/4/3 9770/4/3 9241/4/3
f 9782/15/3 9772/15/3 9771/15/3
f 9782/5/3 9771/5/3 9781/5/3
f 9783/5/3 9773/5/3 9772/5/3
f 9783/15/3 9772/15/3 9782/15/3
f 9784/4/3 9246/4/3 9773/4/3
f 9784/5/3 9773/5/3 9783/5/3
f 9785/4/3 9774/4/3 9249/4/3
f 9785/5/3 9775/5/3 9774/5/3
f 9786/15/3 9776/15/3 9775/15/3
f 9786/5/3 9775/5/3 9785/5/3
f 9787/5/3 9777/5/3 9776/5/3
f 9787/15/3 9776/15/3 9786/15/3
f 9788/4/3 9254/4/3 9777/4/3
f 9788/5/3 9777/5/3 9787/5/3
f 9789/23/3 9753/23/3 9780/23/3
f 9790/23/3 9759/23/3 9758/23/3
f 9791/25/3 9760/25/3 9759/25/3
f 9791/23/3 9759/23/3 9790/23/3
f 9792/23/3 9778/23/3 9760/23/3
f 9792/25/3 9760/25/3 9791/25/3
f 9792/23/3 9779/23/3 9778/23/3
f 9793/23/3 9779/23/3 9792/23/3
f 9794/15/3 9782/15/3 9781/15/3
f 9794/4/3 9781/4/3 9241/4/3
f 9795/5/3 9783/5/3 9782/5/3
f 9795/15/3 9782/15/3 9794/15/3
f 9796/15/3 9784/15/3 9783/15/3
f 9796/5/3 9783/5/3 9795/5/3
f 9797/4/3 9246/4/3 9784/4/3
f 9797/15/3 9784/15/3 9796/15/3
f 9798/4/3 9785/4/3 9249/4/3
f 9798/15/3 9786/15/3 9785/15/3
f 9799/5/3 9787/5/3 9786/5/3
f 9799/15/3 9786/15/3 9798/15/3
f 9800/15/3 9788/15/3 9787/15/3
f 9800/5/3 9787/5/3 9799/5/3
f 9801/4/3 9254/4/3 9788/4/3
f 9801/15/3 9788/15/3 9800/15/3
f 9802/23/3 9790/23/3 9758/23/3
f 9803/23/3 9790/23/3 9802/23/3
f 9804/23/3 9779/23/3 9793/23/3
f 9805/23/3 9763/23/3 9779/23/3
f 9805/23/3 9779/23/3 9804/23/3
f 9806/23/3 9753/23/3 9789/23/3
f 9807/25/3 9754/25/3 9753/25/3
f 9807/23/3 9753/23/3 9806/23/3
f 9808/23/3 9755/23/3 9754/23/3
f 9808/25/3 9754/25/3 9807/25/3
f 9809/25/3 9756/25/3 9755/25/3
f 9809/23/3 9755/23/3 9808/23/3
f 9810/23/3 9757/23/3 9756/23/3
f 9810/25/3 9756/25/3 9809/25/3
f 9811/25/3 9758/25/3 9757/25/3
f 9811/23/3 9757/23/3 9810/23/3
f 9812/23/3 9802/23/3 9758/23/3
f 9812/25/3 9758/25/3 9811/25/3
f 9813/23/3 9802/23/3 9812/23/3
f 9814/23/3 9802/23/3 9813/23/3
f 9815/23/3 9763/23/3 9805/23/3
f 9816/23/3 9763/23/3 9815/23/3
f 9817/15/3 9764/15/3 9763/15/3
f 9817/23/3 9763/23/3 9816/23/3
f 9818/23/3 9765/23/3 9764/23/3
f 9818/15/3 9764/15/3 9817/15/3
f 9819/25/3 9766/25/3 9765/25/3
f 9819/23/3 9765/23/3 9818/23/3
f 9820/23/3 9767/23/3 9766/23/3
f 9820/25/3 9766/25/3 9819/25/3
f 9821/25/3 9768/25/3 9767/25/3
f 9821/23/3 9767/23/3 9820/23/3
f 9822/23/3 9769/23/3 9768/23/3
f 9822/25/3 9768/25/3 9821/25/3
f 9823/25/3 9240/25/3 9769/25/3
f 9823/23/3 9769/23/3 9822/23/3
f 9824/4/3 9794/4/3 9241/4/3
f 9824/5/3 9795/5/3 9794/5/3
f 9825/15/3 9796/15/3 9795/15/3
f 9825/5/3 9795/5/3 9824/5/3
f 9826/5/3 9797/5/3 9796/5/3
f 9826/15/3 9796/15/3 9825/15/3
f 9827/4/3 9246/4/3 9797/4/3
f 9827/5/3 9797/5/3 9826/5/3
f 9828/4/3 9798/4/3 9249/4/3
f 9828/5/3 9799/5/3 9798/5/3
f 9829/15/3 9800/15/3 9799/15/3
f 9829/5/3 9799/5/3 9828/5/3
f 9830/5/3 9801/5/3 9800/5/3
f 9830/15/3 9800/15/3 9829/15/3
f 9831/4/3 9254/4/3 9801/4/3
f 9831/5/3 9801/5/3 9830/5/3
f 9832/25/3 9811/25/3 9810/25/3
f 9832/25/3 9810/25/3 9809/25/3
f 9832/25/3 9807/25/3 9806/25/3
f 9832/25/3 9813/25/3 9812/25/3
f 9832/25/3 9812/25/3 9811/25/3
f 9832/25/3 9808/25/3 9807/25/3
f 9832/25/3 9809/25/3 9808/25/3
f 9833/25/3 9813/25/3 9832/25/3
f 9834/25/3 9813/25/3 9833/25/3
f 9835/25/3 9813/25/3 9834/25/3
f 9836/25/3 9813/25/3 9835/25/3
f 9837/25/3 9813/25/3 9836/25/3
f 9838/25/3 9813/25/3 9837/25/3
f 9839/25/3 9813/25/3 9838/25/3
f 9842/25/3 9817/25/3 9816/25/3
f 9843/15/3 9818/15/3 9817/15/3
f 9843/25/3 9817/25/3 9842/25/3
f 9844/25/3 9820/25/3 9819/25/3
f 9844/15/3 9818/15/3 9843/15/3
f 9844/25/3 9822/25/3 9821/25/3
f 9844/25/3 9821/25/3 9820/25/3
f 9844/25/3 9819/25/3 9818/25/3
f 9844/25/3 9823/25/3 9822/25/3
f 9845/25/3 9823/25/3 9844/25/3
f 9846/25/3 9823/25/3 9845/25/3
f 9847/25/3 9823/25/3 9846/25/3
f 9848/25/3 9823/25/3 9847/25/3
f 9849/25/3 9240/25/3 9823/25/3
f 9849/25/3 9823/25/3 9848/25/3
f 9850/23/3 9839/23/3 9838/23/3
f 9850/23/3 9840/23/3 9839/23/3
f 9853/23/3 9843/23/3 9842/23/3
f 9853/23/3 9842/23/3 9841/23/3
f 9854/23/3 9851/23/3 9850/23/3
f 9857/25/3 9853/25/3 9852/25/3
f 9858/15/3 9827/15/3 9826/15/3
f 9858/15/3 9826/15/3 9825/15/3
f 9858/15/3 9825/15/3 9824/15/3
f 9858/4/3 9824/4/3 9241/4/3
f 9859/15/3 9827/15/3 9858/15/3
f 9860/15/3 9827/15/3 9859/15/3
f 9861/4/3 9246/4/3 9827/4/3
f 9861/15/3 9827/15/3 9860/15/3
f 9862/15/3 9830/15/3 9829/15/3
f 9862/15/3 9829/15/3 9828/15/3
f 9862/15/3 9831/15/3 9830/15/3
f 9862/4/3 9828/4/3 9249/4/3
f 9863/15/3 9831/15/3 9862/15/3
f 9864/15/3 9831/15/3 9863/15/3
f 9865/4/3 9254/4/3 9831/4/3
f 9865/15/3 9831/15/3 9864/15/3
f 9866/5/3 9859/5/3 9858/5/3
f 9866/4/3 9858/4/3 9241/4/3
f 9867/15/3 9860/15/3 9859/15/3
f 9867/5/3 9859/5/3 9866/5/3
f 9868/5/3 9861/5/3 9860/5/3
f 9868/15/3 9860/15/3 9867/15/3
f 9869/4/3 9246/4/3 9861/4/3
f 9869/5/3 9861/5/3 9868/5/3
f 9870/4/3 9862/4/3 9249/4/3
f 9870/5/3 9863/5/3 9862/5/3
f 9871/15/3 9864/15/3 9863/15/3
f 9871/5/3 9863/5/3 9870/5/3
f 9872/5/3 9865/5/3 9864/5/3
f 9872/15/3 9864/15/3 9871/15/3
f 9873/4/3 9254/4/3 9865/4/3
f 9873/5/3 9865/5/3 9872/5/3
f 9874/15/3 9867/15/3 9866/15/3
f 9874/4/3 9866/4/3 9241/4/3
f 9875/5/3 9868/5/3 9867/5/3
f 9875/15/3 9867/15/3 9874/15/3
f 9876/15/3 9869/15/3 9868/15/3
f 9876/5/3 9868/5/3 9875/5/3
f 9877/4/3 9246/4/3 9869/4/3
f 9877/15/3 9869/15/3 9876/15/3
f 9878/4/3 9870/4/3 9249/4/3
f 9878/15/3 9871/15/3 9870/15/3
f 9879/5/3 9872/5/3 9871/5/3
f 9879/15/3 9871/15/3 9878/15/3
f 9880/15/3 9873/15/3 9872/15/3
f 9880/5/3 9872/5/3 9879/5/3
f 9881/4/3 9254/4/3 9873/4/3
f 9881/15/3 9873/15/3 9880/15/3
f 9882/23/3 9833/23/3 9832/23/3
f 9883/25/3 9834/25/3 9833/25/3
f 9883/23/3 9833/23/3 9882/23/3
f 9884/23/3 9835/23/3 9834/23/3
f 9884/25/3 9834/25/3 9883/25/3
f 9885/25/3 9836/25/3 9835/25/3
f 9885/23/3 9835/23/3 9884/23/3
f 9886/23/3 9837/23/3 9836/23/3
f 9886/25/3 9836/25/3 9885/25/3
f 9887/25/3 9838/25/3 9837/25/3
f 9887/23/3 9837/23/3 9886/23/3
f 9888/23/3 9850/23/3 9838/23/3
f 9888/25/3 9838/25/3 9887/25/3
f 9888/23/3 9855/23/3 9854/23/3
f 9888/23/3 9854/23/3 9850/23/3
f 9889/25/3 9856/25/3 9855/25/3
f 9889/23/3 9855/23/3 9888/23/3
f 9890/23/3 9857/23/3 9856/23/3
f 9890/25/3 9856/25/3 9889/25/3
f 9891/25/3 9853/25/3 9857/25/3
f 9891/23/3 9857/23/3 9890/23/3
f 9892/23/3 9843/23/3 9853/23/3
f 9892/25/3 9853/25/3 9891/25/3
f 9893/23/3 9843/23/3 9892/23/3
f 9894/15/3 9844/15/3 9843/15/3
f 9894/23/3 9843/23/3 9893/23/3
f 9895/15/3 9844/15/3 9894/15/3
f 9896/23/3 9845/23/3 9844/23/3
f 9896/15/3 9844/15/3 9895/15/3
f 9897/25/3 9846/25/3 9845/25/3
f 9897/23/3 9845/23/3 9896/23/3
f 9898/23/3 9847/23/3 9846/23/3
f 9898/25/3 9846/25/3 9897/25/3
f 9899/25/3 9848/25/3 9847/25/3
f 9899/23/3 9847/23/3 9898/23/3
f 9900/23/3 9849/23/3 9848/23/3
f 9900/25/3 9848/25/3 9899/25/3
f 9901/25/3 9240/25/3 9849/25/3
f 9901/23/3 9849/23/3 9900/23/3
f 9902/25/3 9888/25/3 9887/25/3
f 9902/25/3 9889/25/3 9888/25/3
f 9902/25/3 9890/25/3 9889/25/3
f 9902/25/3 9892/25/3 9891/25/3
f 9902/25/3 9886/25/3 9885/25/3
f 9902/25/3 9887/25/3 9886/25/3
f 9902/25/3 9891/25/3 9890/25/3
f 9902/25/3 9885/25/3 9884/25/3
f 9902/25/3 9883/25/3 9882/25/3
f 9902/25/3 9884/25/3 9883/25/3
f 9902/25/3 9893/25/3 9892/25/3
f 9903/25/3 9893/25/3 9902/25/3
f 9904/25/3 9893/25/3 9903/25/3
f 9905/25/3 9893/25/3 9904/25/3
f 9906/25/3 9893/25/3 9905/25/3
f 9907/25/3 9893/25/3 9906/25/3
f 9908/25/3 9893/25/3 9907/25/3
f 9909/25/3 9893/25/3 9908/25/3
f 9910/25/3 9893/25/3 9909/25/3
f 9911/25/3 9893/25/3 9910/25/3
f 9912/25/3 9893/25/3 9911/25/3
f 9913/25/3 9893/25/3 9912/25/3
f 9914/25/3 9898/25/3 9897/25/3
f 9914/25/3 9901/25/3 9900/25/3
f 9914/25/3 9900/25/3 9899/25/3
f 9914/25/3 9897/25/3 9896/25/3
f 9914/25/3 9899/25/3 9898/25/3
f 9914/15/3 9896/15/3 9895/15/3
f 9915/25/3 9901/25/3 9914/25/3
f 9916/25/3 9901/25/3 9915/25/3
f 9917/25/3 9901/25/3 9916/25/3
f 9918/25/3 9901/25/3 9917/25/3
f 9919/25/3 9240/25/3 9901/25/3
f 9919/25/3 9901/25/3 9918/25/3
f 9920/4/3 9874/4/3 9241/4/3
f 9920/5/3 9875/5/3 9874/5/3
f 9921/15/3 9876/15/3 9875/15/3
f 9921/5/3 9875/5/3 9920/5/3
f 9922/5/3 9877/5/3 9876/5/3
f 9922/15/3 9876/15/3 9921/15/3
f 9923/4/3 9246/4/3 9877/4/3
f 9923/5/3 9877/5/3 9922/5/3
f 9924/5/3 9879/5/3 9878/5/3
f 9924/4/3 9878/4/3 9249/4/3
f 9925/15/3 9880/15/3 9879/15/3
f 9925/5/3 9879/5/3 9924/5/3
f 9926/5/3 9881/5/3 9880/5/3
f 9926/15/3 9880/15/3 9925/15/3
f 9927/4/3 9254/4/3 9881/4/3
f 9927/5/3 9881/5/3 9926/5/3
f 9928/25/3 9912/25/3 9911/25/3
f 9928/23/3 9911/23/3 9910/23/3
f 9929/25/3 9912/25/3 9928/25/3
f 9930/23/3 9907/23/3 9906/23/3
f 9931/25/3 9908/25/3 9907/25/3
f 9931/23/3 9907/23/3 9930/23/3
f 9932/23/3 9909/23/3 9908/23/3
f 9932/25/3 9908/25/3 9931/25/3
f 9933/25/3 9910/25/3 9909/25/3
f 9933/23/3 9909/23/3 9932/23/3
f 9934/23/3 9928/23/3 9910/23/3
f 9934/25/3 9910/25/3 9933/25/3
f 9935/23/3 9928/23/3 9934/23/3
f 9936/15/3 9922/15/3 9921/15/3
f 9936/15/3 9923/15/3 9922/15/3
f 9936/4/3 9920/4/3 9241/4/3
f 9936/15/3 9921/15/3 9920/15/3
f 9937/15/3 9923/15/3 9936/15/3
f 9938/15/3 9923/15/3 9937/15/3
f 9939/4/3 9246/4/3 9923/4/3
f 9939/15/3 9923/15/3 9938/15/3
f 9940/4/3 9924/4/3 9249/4/3
f 9940/15/3 9927/15/3 9926/15/3
f 9940/15/3 9925/15/3 9924/15/3
f 9940/15/3 9926/15/3 9925/15/3
f 9941/15/3 9927/15/3 9940/15/3
f 9942/15/3 9927/15/3 9941/15/3
f 9943/4/3 9254/4/3 9927/4/3
f 9943/15/3 9927/15/3 9942/15/3
f 9944/5/3 9937/5/3 9936/5/3
f 9944/4/3 9936/4/3 9241/4/3
f 9945/15/3 9938/15/3 9937/15/3
f 9945/5/3 9937/5/3 9944/5/3
f 9946/5/3 9939/5/3 9938/5/3
f 9946/15/3 9938/15/3 9945/15/3
f 9947/4/3 9246/4/3 9939/4/3
f 9947/5/3 9939/5/3 9946/5/3
f 9948/4/3 9940/4/3 9249/4/3
f 9948/5/3 9941/5/3 9940/5/3
f 9949/15/3 9942/15/3 9941/15/3
f 9949/5/3 9941/5/3 9948/5/3
f 9950/5/3 9943/5/3 9942/5/3
f 9950/15/3 9942/15/3 9949/15/3
f 9951/4/3 9254/4/3 9943/4/3
f 9951/5/3 9943/5/3 9950/5/3
f 9952/23/3 9903/23/3 9902/23/3
f 9953/25/3 9904/25/3 9903/25/3
f 9953/23/3 9903/23/3 9952/23/3
f 9954/23/3 9905/23/3 9904/23/3
f 9954/25/3 9904/25/3 9953/25/3
f 9955/25/3 9906/25/3 9905/25/3
f 9955/23/3 9905/23/3 9954/23/3
f 9956/23/3 9930/23/3 9906/23/3
f 9956/25/3 9906/25/3 9955/25/3
f 9957/23/3 9930/23/3 9956/23/3
f 9958/23/3 9915/23/3 9914/23/3
f 9958/15/3 9914/15/3 9895/15/3
f 9959/25/3 9916/25/3 9915/25/3
f 9959/23/3 9915/23/3 9958/23/3
f 9960/23/3 9917/23/3 9916/23/3
f 9960/25/3 9916/25/3 9959/25/3
f 9961/25/3 9918/25/3 9917/25/3
f 9961/23/3 9917/23/3 9960/23/3
f 9962/23/3 9919/23/3 9918/23/3
f 9962/25/3 9918/25/3 9961/25/3
f 9963/25/3 9240/25/3 9919/25/3
f 9963/23/3 9919/23/3 9962/23/3
f 9964/4/3 9944/4/3 9241/4/3
f 9964/15/3 9945/15/3 9944/15/3
f 9965/5/3 9946/5/3 9945/5/3
f 9965/15/3 9945/15/3 9964/15/3
f 9966/15/3 9947/15/3 9946/15/3
f 9966/5/3 9946/5/3 9965/5/3
f 9967/4/3 9246/4/3 9947/4/3
f 9967/15/3 9947/15/3 9966/15/3
f 9968/4/3 9948/4/3 9249/4/3
f 9968/15/3 9949/15/3 9948/15/3
f 9969/5/3 9950/5/3 9949/5/3
f 9969/15/3 9949/15/3 9968/15/3
f 9970/15/3 9951/15/3 9950/15/3
f 9970/5/3 9950/5/3 9969/5/3
f 9971/4/3 9254/4/3 9951/4/3
f 9971/15/3 9951/15/3 9970/15/3
f 9972/25/3 9957/25/3 9956/25/3
f 9972/25/3 9956/25/3 9955/25/3
f 9972/25/3 9954/25/3 9953/25/3
f 9972/25/3 9953/25/3 9952/25/3
f 9972/25/3 9955/25/3 9954/25/3
f 9973/25/3 9957/25/3 9972/25/3
f 9974/25/3 9957/25/3 9973/25/3
f 9975/25/3 9957/25/3 9974/25/3
f 9976/25/3 9957/25/3 9975/25/3
f 9977/25/3 9957/25/3 9976/25/3
f 9978/25/3 9960/25/3 9959/25/3
f 9978/25/3 9962/25/3 9961/25/3
f 9978/15/3 9958/15/3 9895/15/3
f 9978/25/3 9963/25/3 9962/25/3
f 9978/25/3 9959/25/3 9958/25/3
f 9978/25/3 9961/25/3 9960/25/3
f 9979/25/3 9963/25/3 9978/25/3
f 9980/25/3 9963/25/3 9979/25/3
f 9981/25/3 9963/25/3 9980/25/3
f 9982/25/3 9963/25/3 9981/25/3
f 9983/25/3 9240/25/3 9963/25/3
f 9983/25/3 9963/25/3 9982/25/3
f 9984/4/3 9964/4/3 9241/4/3
f 9984/5/3 9965/5/3 9964/5/3
f 9985/15/3 9966/15/3 9965/15/3
f 9985/5/3 9965/5/3 9984/5/3
f 9986/5/3 9967/5/3 9966/5/3
f 9986/15/3 9966/15/3 9985/15/3
f 9987/4/3 9246/4/3 9967/4/3
f 9987/5/3 9967/5/3 9986/5/3
f 9988/5/3 9969/5/3 9968/5/3
f 9988/4/3 9968/4/3 9249/4/3
f 9989/15/3 9970/15/3 9969/15/3
f 9989/5/3 9969/5/3 9988/5/3
f 9990/5/3 9971/5/3 9970/5/3
f 9990/15/3 9970/15/3 9989/15/3
f 9991/4/3 9254/4/3 9971/4/3
f 9991/5/3 9971/5/3 9990/5/3
f 9992/23/3 9973/23/3 9972/23/3
f 9993/23/3 9977/23/3 9976/23/3
f 9999/23/3 9973/23/3 9992/23/3
f 10000/23/3 9998/23/3 9997/23/3
f 10002/25/3 10001/25/3 10000/25/3
f 10004/15/3 9986/15/3 9985/15/3
f 10004/15/3 9987/15/3 9986/15/3
f 10004/15/3 9985/15/3 9984/15/3
f 10004/4/3 9984/4/3 9241/4/3
f 10005/15/3 9987/15/3 10004/15/3
f 10006/15/3 9987/15/3 10005/15/3
f 10007/4/3 9246/4/3 9987/4/3
f 10007/15/3 9987/15/3 10006/15/3
f 10008/15/3 9990/15/3 9989/15/3
f 10008/15/3 9989/15/3 9988/15/3
f 10008/4/3 9988/4/3 9249/4/3
f 10008/15/3 9991/15/3 9990/15/3
f 10009/15/3 9991/15/3 10008/15/3
f 10010/15/3 9991/15/3 10009/15/3
f 10011/4/3 9254/4/3 9991/4/3
f 10011/15/3 9991/15/3 10010/15/3
f 10012/23/3 10003/23/3 10002/23/3
f 10014/15/3 9978/15/3 9895/15/3
f 10015/23/3 9973/23/3 9999/23/3
f 10016/25/3 9974/25/3 9973/25/3
f 10016/23/3 9973/23/3 10015/23/3
f 10017/23/3 9975/23/3 9974/23/3
f 10017/25/3 9974/25/3 10016/25/3
f 10018/25/3 9976/25/3 9975/25/3
f 10018/23/3 9975/23/3 10017/23/3
f 10019/23/3 9993/23/3 9976/23/3
f 10019/25/3 9976/25/3 10018/25/3
f 10019/23/3 9994/23/3 9993/23/3
f 10020/25/3 9995/25/3 9994/25/3
f 10020/23/3 9994/23/3 10019/23/3
f 10021/23/3 9996/23/3 9995/23/3
f 10021/25/3 9995/25/3 10020/25/3
f 10022/25/3 9997/25/3 9996/25/3
f 10022/23/3 9996/23/3 10021/23/3
f 10023/23/3 10000/23/3 9997/23/3
f 10023/25/3 9997/25/3 10022/25/3
f 10024/25/3 10002/25/3 10000/25/3
f 10024/23/3 10000/23/3 10023/23/3
f 10025/23/3 10013/23/3 10012/23/3
f 10025/25/3 10002/25/3 10024/25/3
f 10025/23/3 10012/23/3 10002/23/3
f 10026/15/3 10014/15/3 10013/15/3
f 10026/23/3 10013/23/3 10025/23/3
f 10027/23/3 9979/23/3 9978/23/3
f 10027/15/3 10014/15/3 10026/15/3
f 10027/15/3 9978/15/3 10014/15/3
f 10028/25/3 9980/25/3 9979/25/3
f 10028/23/3 9979/23/3 10027/23/3
f 10029/23/3 9981/23/3 9980/23/3
f 10029/25/3 9980/25/3 10028/25/3
f 10030/25/3 9982/25/3 9981/25/3
f 10030/23/3 9981/23/3 10029/23/3
f 10031/23/3 9983/23/3 9982/23/3
f 10031/25/3 9982/25/3 10030/25/3
f 10032/25/3 9240/25/3 9983/25/3
f 10032/23/3 9983/23/3 10031/23/3
f 10033/5/3 10005/5/3 10004/5/3
f 10033/4/3 10004/4/3 9241/4/3
f 10034/15/3 10006/15/3 10005/15/3
f 10034/5/3 10005/5/3 10033/5/3
f 10035/5/3 10007/5/3 10006/5/3
f 10035/15/3 10006/15/3 10034/15/3
f 10036/4/3 9246/4/3 10007/4/3
f 10036/5/3 10007/5/3 10035/5/3
f 10037/4/3 10008/4/3 9249/4/3
f 10037/5/3 10009/5/3 10008/5/3
f 10038/15/3 10010/15/3 10009/15/3
f 10038/5/3 10009/5/3 10037/5/3
f 10039/5/3 10011/5/3 10010/5/3
f 10039/15/3 10010/15/3 10038/15/3
f 10040/4/3 9254/4/3 10011/4/3
f 10040/5/3 10011/5/3 10039/5/3
f 10041/25/3 10025/25/3 10024/25/3
f 10041/25/3 10017/25/3 10016/25/3
f 10041/25/3 10016/25/3 10015/25/3
f 10041/25/3 10023/25/3 10022/25/3
f 10041/25/3 10022/25/3 10021/25/3
f 10041/25/3 10024/25/3 10023/25/3
f 10041/25/3 10021/25/3 10020/25/3
f 10041/25/3 10020/25/3 10019/25/3
f 10041/25/3 10019/25/3 10018/25/3
f 10041/25/3 10026/25/3 10025/25/3
f 10041/25/3 10018/25/3 10017/25/3
f 10042/25/3 10026/25/3 10041/25/3
f 10043/25/3 10026/25/3 10042/25/3
f 10044/25/3 10026/25/3 10043/25/3
f 10045/25/3 10026/25/3 10044/25/3
f 10046/25/3 10026/25/3 10045/25/3
f 10047/25/3 10026/25/3 10046/25/3
f 10048/25/3 10026/25/3 10047/25/3
f 10049/25/3 10026/25/3 10048/25/3
f 10050/25/3 10026/25/3 10049/25/3
f 10051/25/3 10026/25/3 10050/25/3
f 10052/15/3 10027/15/3 10026/15/3
f 10052/25/3 10026/25/3 10051/25/3
f 10053/25/3 10031/25/3 10030/25/3
f 10053/15/3 10027/15/3 10052/15/3
f 10053/25/3 10029/25/3 10028/25/3
f 10053/25/3 10030/25/3 10029/25/3
f 10053/25/3 10028/25/3 10027/25/3
f 10053/25/3 10032/25/3 10031/25/3
f 10054/25/3 10032/25/3 10053/25/3
f 10055/25/3 10032/25/3 10054/25/3
f 10056/25/3 10032/25/3 10055/25/3
f 10057/25/3 10032/25/3 10056/25/3
f 10058/25/3 9240/25/3 10032/25/3
f 10058/25/3 10032/25/3 10057/25/3
f 10059/15/3 10034/15/3 10033/15/3
f 10059/4/3 10033/4/3 9241/4/3
f 10060/5/3 10035/5/3 10034/5/3
f 10060/15/3 10034/15/3 10059/15/3
f 10061/15/3 10036/15/3 10035/15/3
f 10061/5/3 10035/5/3 10060/5/3
f 10062/4/3 9246/4/3 10036/4/3
f 10062/15/3 10036/15/3 10061/15/3
f 10063/15/3 10038/15/3 10037/15/3
f 10063/4/3 10037/4/3 9249/4/3
f 10064/5/3 10039/5/3 10038/5/3
f 10064/15/3 10038/15/3 10063/15/3
f 10065/15/3 10040/15/3 10039/15/3
f 10065/5/3 10039/5/3 10064/5/3
f 10066/4/3 9254/4/3 10040/4/3
f 10066/15/3 10040/15/3 10065/15/3
f 10067/4/3 10059/4/3 9241/4/3
f 10067/5/3 10060/5/3 10059/5/3
f 10068/15/3 10061/15/3 10060/15/3
f 10068/5/3 10060/5/3 10067/5/3
f 10069/5/3 10062/5/3 10061/5/3
f 10069/15/3 10061/15/3 10068/15/3
f 10070/4/3 9246/4/3 10062/4/3
f 10070/5/3 10062/5/3 10069/5/3
f 10071/4/3 10063/4/3 9249/4/3
f 10071/5/3 10064/5/3 10063/5/3
f 10072/15/3 10065/15/3 10064/15/3
f 10072/5/3 10064/5/3 10071/5/3
f 10073/5/3 10066/5/3 10065/5/3
f 10073/15/3 10065/15/3 10072/15/3
f 10074/4/3 9254/4/3 10066/4/3
f 10074/5/3 10066/5/3 10073/5/3
f 10075/23/3 10042/23/3 10041/23/3
f 10076/23/3 10042/23/3 10075/23/3
f 10077/25/3 10043/25/3 10042/25/3
f 10077/23/3 10042/23/3 10076/23/3
f 10078/23/3 10044/23/3 10043/23/3
f 10078/25/3 10043/25/3 10077/25/3
f 10079/25/3 10045/25/3 10044/25/3
f 10079/23/3 10044/23/3 10078/23/3
f 10080/23/3 10046/23/3 10045/23/3
f 10080/25/3 10045/25/3 10079/25/3
f 10081/25/3 10047/25/3 10046/25/3
f 10081/23/3 10046/23/3 10080/23/3
f 10082/23/3 10048/23/3 10047/23/3
f 10082/25/3 10047/25/3 10081/25/3
f 10083/25/3 10049/25/3 10048/25/3
f 10083/23/3 10048/23/3 10082/23/3
f 10084/23/3 10050/23/3 10049/23/3
f 10084/25/3 10049/25/3 10083/25/3
f 10085/25/3 10051/25/3 10050/25/3
f 10085/23/3 10050/23/3 10084/23/3
f 10086/23/3 10052/23/3 10051/23/3
f 10086/25/3 10051/25/3 10085/25/3
f 10087/15/3 10053/15/3 10052/15/3
f 10087/23/3 10052/23/3 10086/23/3
f 10088/23/3 10054/23/3 10053/23/3
f 10088/15/3 10053/15/3 10087/15/3
f 10089/25/3 10055/25/3 10054/25/3
f 10089/23/3 10054/23/3 10088/23/3
f 10090/23/3 10056/23/3 10055/23/3
f 10090/25/3 10055/25/3 10089/25/3
f 10091/23/3 10056/23/3 10090/23/3
f 10092/23/3 10056/23/3 10091/23/3
f 10093/25/3 10057/25/3 10056/25/3
f 10093/23/3 10056/23/3 10092/23/3
f 10094/23/3 10058/23/3 10057/23/3
f 10094/25/3 10057/25/3 10093/25/3
f 10095/23/3 10058/23/3 10094/23/3
f 10096/25/3 9240/25/3 10058/25/3
f 10096/23/3 10058/23/3 10095/23/3
f 10097/15/3 9241/15/3 9240/15/3
f 10097/25/3 9240/25/3 10096/25/3
f 10098/4/3 10067/4/3 9241/4/3
f 10098/15/3 9241/15/3 10097/15/3
f 10099/15/3 10070/15/3 10069/15/3
f 10099/4/3 10067/4/3 10098/4/3
f 10099/15/3 10069/15/3 10068/15/3
f 10099/15/3 10068/15/3 10067/15/3
f 10100/15/3 10070/15/3 10099/15/3
f 10101/4/3 9246/4/3 10070/4/3
f 10101/15/3 10070/15/3 10100/15/3
f 10102/15/3 9247/15/3 9246/15/3
f 10102/4/3 9246/4/3 10101/4/3
f 10103/15/3 9247/15/3 10102/15/3
f 10104/25/3 9248/25/3 9247/25/3
f 10104/15/3 9247/15/3 10103/15/3
f 10105/15/3 9249/15/3 9248/15/3
f 10105/25/3 9248/25/3 10104/25/3
f 10106/4/3 10071/4/3 9249/4/3
f 10106/15/3 9249/15/3 10105/15/3
f 10107/15/3 10073/15/3 10072/15/3
f 10107/4/3 10071/4/3 10106/4/3
f 10107/15/3 10072/15/3 10071/15/3
f 10107/15/3 10074/15/3 10073/15/3
f 10108/4/3 9254/4/3 10074/4/3
f 10108/15/3 10074/15/3 10107/15/3
f 10109/15/3 9255/15/3 9254/15/3
f 10109/4/3 9254/4/3 10108/4/3
f 10110/15/3 9255/15/3 10109/15/3
f 10111/25/3 9256/25/3 9255/25/3
f 10111/15/3 9255/15/3 10110/15/3
f 10112/15/3 9257/15/3 9256/15/3
f 10112/25/3 9256/25/3 10111/25/3
f 10113/15/3 9257/15/3 10112/15/3
f 10114/15/3 9257/15/3 10113/15/3
f 10141/25/3 10116/25/3 10115/25/3
f 10142/25/3 10116/25/3 10141/25/3
f 10143/25/3 10116/25/3 10142/25/3
f 10144/25/3 10116/25/3 10143/25/3
f 10145/25/3 10116/25/3 10144/25/3
f 10146/25/3 10116/25/3 10145/25/3
f 10147/25/3 10116/25/3 10146/25/3
f 10148/25/3 10116/25/3 10147/25/3
f 10149/25/3 10116/25/3 10148/25/3
f 10150/25/3 10116/25/3 10149/25/3
f 10151/25/3 10116/25/3 10150/25/3
f 10152/15/3 10117/15/3 10116/15/3
f 10152/25/3 10116/25/3 10151/25/3
f 10153/25/3 10118/25/3 10117/25/3
f 10153/15/3 10117/15/3 10152/15/3
f 10153/25/3 10119/25/3 10118/25/3
f 10153/25/3 10120/25/3 10119/25/3
f 10153/25/3 10121/25/3 10120/25/3
f 10153/25/3 10122/25/3 10121/25/3
f 10153/25/3 10123/25/3 10122/25/3
f 10154/25/3 10123/25/3 10153/25/3
f 10155/25/3 10123/25/3 10154/25/3
f 10156/25/3 10123/25/3 10155/25/3
f 10157/25/3 10123/25/3 10156/25/3
f 10158/25/3 10123/25/3 10157/25/3
f 10159/23/3 10142/23/3 10141/23/3
f 10160/4/3 10125/4/3 10124/4/3
f 10160/15/3 10126/15/3 10125/15/3
f 10160/15/3 10127/15/3 10126/15/3
f 10161/15/3 10127/15/3 10160/15/3
f 10162/15/3 10127/15/3 10161/15/3
f 10163/4/3 10128/4/3 10127/4/3
f 10163/15/3 10127/15/3 10162/15/3
f 10164/4/3 10133/4/3 10132/4/3
f 10164/15/3 10134/15/3 10133/15/3
f 10165/15/3 10134/15/3 10164/15/3
f 10166/15/3 10134/15/3 10165/15/3
f 10167/4/3 10135/4/3 10134/4/3
f 10167/15/3 10134/15/3 10166/15/3
f 10168/4/3 10160/4/3 10124/4/3
f 10168/5/3 10161/5/3 10160/5/3
f 10169/15/3 10162/15/3 10161/15/3
f 10169/5/3 10161/5/3 10168/5/3
f 10170/5/3 10163/5/3 10162/5/3
f 10170/15/3 10162/15/3 10169/15/3
f 10171/4/3 10128/4/3 10163/4/3
f 10171/5/3 10163/5/3 10170/5/3
f 10172/4/3 10164/4/3 10132/4/3
f 10172/5/3 10165/5/3 10164/5/3
f 10173/15/3 10166/15/3 10165/15/3
f 10173/5/3 10165/5/3 10172/5/3
f 10174/5/3 10167/5/3 10166/5/3
f 10174/15/3 10166/15/3 10173/15/3
f 10175/4/3 10135/4/3 10167/4/3
f 10175/5/3 10167/5/3 10174/5/3
f 10176/23/3 10152/23/3 10151/23/3
f 10177/15/3 10153/15/3 10152/15/3
f 10177/23/3 10152/23/3 10176/23/3
f 10178/15/3 10153/15/3 10177/15/3
f 10179/4/3 10168/4/3 10124/4/3
f 10179/15/3 10169/15/3 10168/15/3
f 10180/5/3 10170/5/3 10169/5/3
f 10180/15/3 10169/15/3 10179/15/3
f 10181/15/3 10171/15/3 10170/15/3
f 10181/5/3 10170/5/3 10180/5/3
f 10182/4/3 10128/4/3 10171/4/3
f 10182/15/3 10171/15/3 10181/15/3
f 10183/4/3 10172/4/3 10132/4/3
f 10183/15/3 10173/15/3 10172/15/3
f 10184/5/3 10174/5/3 10173/5/3
f 10184/15/3 10173/15/3 10183/15/3
f 10185/15/3 10175/15/3 10174/15/3
f 10185/5/3 10174/5/3 10184/5/3
f 10186/4/3 10135/4/3 10175/4/3
f 10186/15/3 10175/15/3 10185/15/3
f 10187/25/3 10151/25/3 10150/25/3
f 10187/23/3 10176/23/3 10151/23/3
f 10188/23/3 10176/23/3 10187/23/3
f 10189/23/3 10142/23/3 10159/23/3
f 10190/25/3 10143/25/3 10142/25/3
f 10190/23/3 10142/23/3 10189/23/3
f 10191/23/3 10144/23/3 10143/23/3
f 10191/25/3 10143/25/3 10190/25/3
f 10192/25/3 10145/25/3 10144/25/3
f 10192/23/3 10144/23/3 10191/23/3
f 10193/23/3 10146/23/3 10145/23/3
f 10193/25/3 10145/25/3 10192/25/3
f 10194/25/3 10147/25/3 10146/25/3
f 10194/23/3 10146/23/3 10193/23/3
f 10195/23/3 10148/23/3 10147/23/3
f 10195/25/3 10147/25/3 10194/25/3
f 10196/25/3 10149/25/3 10148/25/3
f 10196/23/3 10148/23/3 10195/23/3
f 10197/23/3 10150/23/3 10149/23/3
f 10197/25/3 10149/25/3 10196/25/3
f 10198/25/3 10187/25/3 10150/25/3
f 10198/23/3 10150/23/3 10197/23/3
f 10199/25/3 10187/25/3 10198/25/3
f 10200/15/3 10153/15/3 10178/15/3
f 10200/23/3 10154/23/3 10153/23/3
f 10201/25/3 10155/25/3 10154/25/3
f 10201/23/3 10154/23/3 10200/23/3
f 10202/23/3 10156/23/3 10155/23/3
f 10202/25/3 10155/25/3 10201/25/3
f 10203/25/3 10157/25/3 10156/25/3
f 10203/23/3 10156/23/3 10202/23/3
f 10204/23/3 10158/23/3 10157/23/3
f 10204/25/3 10157/25/3 10203/25/3
f 10205/25/3 10123/25/3 10158/25/3
f 10205/23/3 10158/23/3 10204/23/3
f 10206/4/3 10179/4/3 10124/4/3
f 10206/5/3 10180/5/3 10179/5/3
f 10207/15/3 10181/15/3 10180/15/3
f 10207/5/3 10180/5/3 10206/5/3
f 10208/5/3 10182/5/3 10181/5/3
f 10208/15/3 10181/15/3 10207/15/3
f 10209/4/3 10128/4/3 10182/4/3
f 10209/5/3 10182/5/3 10208/5/3
f 10210/5/3 10184/5/3 10183/5/3
f 10210/4/3 10183/4/3 10132/4/3
f 10211/15/3 10185/15/3 10184/15/3
f 10211/5/3 10184/5/3 10210/5/3
f 10212/5/3 10186/5/3 10185/5/3
f 10212/15/3 10185/15/3 10211/15/3
f 10213/4/3 10135/4/3 10186/4/3
f 10213/5/3 10186/5/3 10212/5/3
f 10214/25/3 10196/25/3 10195/25/3
f 10214/25/3 10195/25/3 10194/25/3
f 10214/25/3 10194/25/3 10193/25/3
f 10214/25/3 10193/25/3 10192/25/3
f 10214/25/3 10192/25/3 10191/25/3
f 10214/25/3 10198/25/3 10197/25/3
f 10214/25/3 10190/25/3 10189/25/3
f 10214/25/3 10191/25/3 10190/25/3
f 10214/25/3 10197/25/3 10196/25/3
f 10215/25/3 10198/25/3 10214/25/3
f 10216/25/3 10198/25/3 10215/25/3
f 10217/25/3 10198/25/3 10216/25/3
f 10218/25/3 10198/25/3 10217/25/3
f 10219/25/3 10198/25/3 10218/25/3
f 10220/25/3 10198/25/3 10219/25/3
f 10221/25/3 10205/25/3 10204/25/3
f 10221/25/3 10203/25/3 10202/25/3
f 10221/25/3 10202/25/3 10201/25/3
f 10221/25/3 10204/25/3 10203/25/3
f 10221/25/3 10201/25/3 10200/25/3
f 10221/15/3 10200/15/3 10178/15/3
f 10222/25/3 10205/25/3 10221/25/3
f 10223/25/3 10205/25/3 10222/25/3
f 10224/25/3 10205/25/3 10223/25/3
f 10225/25/3 10205/25/3 10224/25/3
f 10226/25/3 10123/25/3 10205/25/3
f 10226/25/3 10205/25/3 10225/25/3
f 10227/23/3 10215/23/3 10214/23/3
f 10228/4/3 10206/4/3 10124/4/3
f 10228/15/3 10207/15/3 10206/15/3
f 10228/15/3 10209/15/3 10208/15/3
f 10228/15/3 10208/15/3 10207/15/3
f 10229/15/3 10209/15/3 10228/15/3
f 10230/15/3 10209/15/3 10229/15/3
f 10231/4/3 10128/4/3 10209/4/3
f 10231/15/3 10209/15/3 10230/15/3
f 10232/15/3 10212/15/3 10211/15/3
f 10232/4/3 10210/4/3 10132/4/3
f 10232/15/3 10213/15/3 10212/15/3
f 10232/15/3 10211/15/3 10210/15/3
f 10233/15/3 10213/15/3 10232/15/3
f 10234/15/3 10213/15/3 10233/15/3
f 10235/4/3 10135/4/3 10213/4/3
f 10235/15/3 10213/15/3 10234/15/3
f 10236/5/3 10229/5/3 10228/5/3
f 10236/4/3 10228/4/3 10124/4/3
f 10237/15/3 10230/15/3 10229/15/3
f 10237/5/3 10229/5/3 10236/5/3
f 10238/5/3 10231/5/3 10230/5/3
f 10238/15/3 10230/15/3 10237/15/3
f 10239/4/3 10128/4/3 10231/4/3
f 10239/5/3 10231/5/3 10238/5/3
f 10240/4/3 10232/4/3 10132/4/3
f 10240/5/3 10233/5/3 10232/5/3
f 10241/15/3 10234/15/3 10233/15/3
f 10241/5/3 10233/5/3 10240/5/3
f 10242/5/3 10235/5/3 10234/5/3
f 10242/15/3 10234/15/3 10241/15/3
f 10243/4/3 10135/4/3 10235/4/3
f 10243/5/3 10235/5/3 10242/5/3
f 10244/15/3 10237/15/3 10236/15/3
f 10244/4/3 10236/4/3 10124/4/3
f 10245/5/3 10238/5/3 10237/5/3
f 10245/15/3 10237/15/3 10244/15/3
f 10246/15/3 10239/15/3 10238/15/3
f 10246/5/3 10238/5/3 10245/5/3
f 10247/4/3 10128/4/3 10239/4/3
f 10247/15/3 10239/15/3 10246/15/3
f 10248/4/3 10240/4/3 10132/4/3
f 10248/15/3 10241/15/3 10240/15/3
f 10249/5/3 10242/5/3 10241/5/3
f 10249/15/3 10241/15/3 10248/15/3
f 10250/15/3 10243/15/3 10242/15/3
f 10250/5/3 10242/5/3 10249/5/3
f 10251/4/3 10135/4/3 10243/4/3
f 10251/15/3 10243/15/3 10250/15/3
f 10252/23/3 10215/23/3 10227/23/3
f 10253/25/3 10216/25/3 10215/25/3
f 10253/23/3 10215/23/3 10252/23/3
f 10254/23/3 10217/23/3 10216/23/3
f 10254/25/3 10216/25/3 10253/25/3
f 10255/25/3 10218/25/3 10217/25/3
f 10255/23/3 10217/23/3 10254/23/3
f 10256/23/3 10219/23/3 10218/23/3
f 10256/25/3 10218/25/3 10255/25/3
f 10257/23/3 10219/23/3 10256/23/3
f 10260/15/3 10221/15/3 10178/15/3
f 10260/23/3 10222/23/3 10221/23/3
f 10261/25/3 10223/25/3 10222/25/3
f 10261/23/3 10222/23/3 10260/23/3
f 10262/23/3 10224/23/3 10223/23/3
f 10262/25/3 10223/25/3 10261/25/3
f 10263/25/3 10225/25/3 10224/25/3
f 10263/23/3 10224/23/3 10262/23/3
f 10264/23/3 10226/23/3 10225/23/3
f 10264/25/3 10225/25/3 10263/25/3
f 10265/25/3 10123/25/3 10226/25/3
f 10265/23/3 10226/23/3 10264/23/3
f 10266/25/3 10255/25/3 10254/25/3
f 10266/25/3 10254/25/3 10253/25/3
f 10266/25/3 10253/25/3 10252/25/3
f 10266/25/3 10257/25/3 10256/25/3
f 10266/25/3 10256/25/3 10255/25/3
f 10266/25/3 10259/25/3 10258/25/3
f 10266/25/3 10258/25/3 10257/25/3
f 10267/25/3 10259/25/3 10266/25/3
f 10268/25/3 10259/25/3 10267/25/3
f 10269/25/3 10259/25/3 10268/25/3
f 10270/25/3 10259/25/3 10269/25/3
f 10271/25/3 10259/25/3 10270/25/3
f 10272/25/3 10259/25/3 10271/25/3
f 10273/25/3 10259/25/3 10272/25/3
f 10274/25/3 10259/25/3 10273/25/3
f 10275/25/3 10259/25/3 10274/25/3
f 10276/25/3 10264/25/3 10263/25/3
f 10276/25/3 10261/25/3 10260/25/3
f 10276/25/3 10265/25/3 10264/25/3
f 10276/25/3 10262/25/3 10261/25/3
f 10276/15/3 10260/15/3 10178/15/3
f 10276/25/3 10263/25/3 10262/25/3
f 10277/25/3 10265/25/3 10276/25/3
f 10278/25/3 10265/25/3 10277/25/3
f 10279/25/3 10265/25/3 10278/25/3
f 10280/25/3 10265/25/3 10279/25/3
f 10281/25/3 10123/25/3 10265/25/3
f 10281/25/3 10265/25/3 10280/25/3
f 10282/4/3 10244/4/3 10124/4/3
f 10282/5/3 10245/5/3 10244/5/3
f 10283/15/3 10246/15/3 10245/15/3
f 10283/5/3 10245/5/3 10282/5/3
f 10284/5/3 10247/5/3 10246/5/3
f 10284/15/3 10246/15/3 10283/15/3
f 10285/4/3 10128/4/3 10247/4/3
f 10285/5/3 10247/5/3 10284/5/3
f 10286/4/3 10248/4/3 10132/4/3
f 10286/5/3 10249/5/3 10248/5/3
f 10287/15/3 10250/15/3 10249/15/3
f 10287/5/3 10249/5/3 10286/5/3
f 10288/5/3 10251/5/3 10250/5/3
f 10288/15/3 10250/15/3 10287/15/3
f 10289/4/3 10135/4/3 10251/4/3
f 10289/5/3 10251/5/3 10288/5/3
f 10290/23/3 10275/23/3 10274/23/3
f 10292/25/3 10291/25/3 10290/25/3
f 10294/23/3 10267/23/3 10266/23/3
f 10295/23/3 10293/23/3 10292/23/3
f 10297/15/3 10276/15/3 10178/15/3
f 10298/15/3 10284/15/3 10283/15/3
f 10298/15/3 10283/15/3 10282/15/3
f 10298/15/3 10285/15/3 10284/15/3
f 10298/4/3 10282/4/3 10124/4/3
f 10299/15/3 10285/15/3 10298/15/3
f 10300/15/3 10285/15/3 10299/15/3
f 10301/4/3 10128/4/3 10285/4/3
f 10301/15/3 10285/15/3 10300/15/3
f 10302/4/3 10286/4/3 10132/4/3
f 10302/15/3 10288/15/3 10287/15/3
f 10302/15/3 10287/15/3 10286/15/3
f 10302/15/3 10289/15/3 10288/15/3
f 10303/15/3 10289/15/3 10302/15/3
f 10304/15/3 10289/15/3 10303/15/3
f 10305/4/3 10135/4/3 10289/4/3
f 10305/15/3 10289/15/3 10304/15/3
f 10306/23/3 10267/23/3 10294/23/3
f 10307/5/3 10299/5/3 10298/5/3
f 10307/4/3 10298/4/3 10124/4/3
f 10308/15/3 10300/15/3 10299/15/3
f 10308/5/3 10299/5/3 10307/5/3
f 10309/5/3 10301/5/3 10300/5/3
f 10309/15/3 10300/15/3 10308/15/3
f 10310/4/3 10128/4/3 10301/4/3
f 10310/5/3 10301/5/3 10309/5/3
f 10311/4/3 10302/4/3 10132/4/3
f 10311/5/3 10303/5/3 10302/5/3
f 10312/15/3 10304/15/3 10303/15/3
f 10312/5/3 10303/5/3 10311/5/3
f 10313/5/3 10305/5/3 10304/5/3
f 10313/15/3 10304/15/3 10312/15/3
f 10314/4/3 10135/4/3 10305/4/3
f 10314/5/3 10305/5/3 10313/5/3
f 10315/23/3 10267/23/3 10306/23/3
f 10316/25/3 10268/25/3 10267/25/3
f 10316/23/3 10267/23/3 10315/23/3
f 10317/23/3 10269/23/3 10268/23/3
f 10317/25/3 10268/25/3 10316/25/3
f 10318/25/3 10270/25/3 10269/25/3
f 10318/23/3 10269/23/3 10317/23/3
f 10319/23/3 10271/23/3 10270/23/3
f 10319/25/3 10270/25/3 10318/25/3
f 10320/25/3 10272/25/3 10271/25/3
f 10320/23/3 10271/23/3 10319/23/3
f 10321/23/3 10273/23/3 10272/23/3
f 10321/25/3 10272/25/3 10320/25/3
f 10322/25/3 10274/25/3 10273/25/3
f 10322/23/3 10273/23/3 10321/23/3
f 10323/23/3 10290/23/3 10274/23/3
f 10323/25/3 10274/25/3 10322/25/3
f 10324/25/3 10292/25/3 10290/25/3
f 10324/23/3 10290/23/3 10323/23/3
f 10325/23/3 10295/23/3 10292/23/3
f 10325/25/3 10292/25/3 10324/25/3
f 10325/23/3 10296/23/3 10295/23/3
f 10326/15/3 10297/15/3 10296/15/3
f 10326/23/3 10296/23/3 10325/23/3
f 10327/15/3 10276/15/3 10297/15/3
f 10327/15/3 10297/15/3 10326/15/3
f 10327/23/3 10277/23/3 10276/23/3
f 10328/25/3 10278/25/3 10277/25/3
f 10328/23/3 10277/23/3 10327/23/3
f 10329/23/3 10279/23/3 10278/23/3
f 10329/25/3 10278/25/3 10328/25/3
f 10330/25/3 10280/25/3 10279/25/3
f 10330/23/3 10279/23/3 10329/23/3
f 10331/23/3 10281/23/3 10280/23/3
f 10331/25/3 10280/25/3 10330/25/3
f 10332/25/3 10123/25/3 10281/25/3
f 10332/23/3 10281/23/3 10331/23/3
f 10333/4/3 10307/4/3 10124/4/3
f 10333/15/3 10308/15/3 10307/15/3
f 10334/5/3 10309/5/3 10308/5/3
f 10334/15/3 10308/15/3 10333/15/3
f 10335/15/3 10310/15/3 10309/15/3
f 10335/5/3 10309/5/3 10334/5/3
f 10336/4/3 10128/4/3 10310/4/3
f 10336/15/3 10310/15/3 10335/15/3
f 10337/4/3 10311/4/3 10132/4/3
f 10337/15/3 10312/15/3 10311/15/3
f 10338/5/3 10313/5/3 10312/5/3
f 10338/15/3 10312/15/3 10337/15/3
f 10339/15/3 10314/15/3 10313/15/3
f 10339/5/3 10313/5/3 10338/5/3
f 10340/4/3 10135/4/3 10314/4/3
f 10340/15/3 10314/15/3 10339/15/3
f 10341/25/3 10325/25/3 10324/25/3
f 10341/25/3 10321/25/3 10320/25/3
f 10341/25/3 10320/25/3 10319/25/3
f 10341/25/3 10319/25/3 10318/25/3
f 10341/25/3 10326/25/3 10325/25/3
f 10341/25/3 10318/25/3 10317/25/3
f 10341/25/3 10323/25/3 10322/25/3
f 10341/25/3 10322/25/3 10321/25/3
f 10341/25/3 10317/25/3 10316/25/3
f 10341/25/3 10324/25/3 10323/25/3
f 10341/25/3 10316/25/3 10315/25/3
f 10342/25/3 10326/25/3 10341/25/3
f 10343/25/3 10326/25/3 10342/25/3
f 10344/25/3 10326/25/3 10343/25/3
f 10345/25/3 10326/25/3 10344/25/3
f 10346/25/3 10326/25/3 10345/25/3
f 10347/25/3 10326/25/3 10346/25/3
f 10348/25/3 10326/25/3 10347/25/3
f 10349/25/3 10326/25/3 10348/25/3
f 10350/25/3 10326/25/3 10349/25/3
f 10351/15/3 10327/15/3 10326/15/3
f 10351/25/3 10326/25/3 10350/25/3
f 10352/25/3 10331/25/3 10330/25/3
f 10352/15/3 10327/15/3 10351/15/3
f 10352/25/3 10332/25/3 10331/25/3
f 10352/25/3 10329/25/3 10328/25/3
f 10352/25/3 10328/25/3 10327/25/3
f 10352/25/3 10330/25/3 10329/25/3
f 10353/25/3 10332/25/3 10352/25/3
f 10354/25/3 10332/25/3 10353/25/3
f 10355/25/3 10332/25/3 10354/25/3
f 10356/25/3 10332/25/3 10355/25/3
f 10357/25/3 10123/25/3 10332/25/3
f 10357/25/3 10332/25/3 10356/25/3
f 10358/23/3 10348/23/3 10347/23/3
f 10359/23/3 10348/23/3 10358/23/3
f 10360/25/3 10350/25/3 10349/25/3
f 10361/23/3 10351/23/3 10350/23/3
f 10361/25/3 10350/25/3 10360/25/3
f 10362/4/3 10333/4/3 10124/4/3
f 10362/5/3 10334/5/3 10333/5/3
f 10363/15/3 10335/15/3 10334/15/3
f 10363/5/3 10334/5/3 10362/5/3
f 10364/5/3 10336/5/3 10335/5/3
f 10364/15/3 10335/15/3 10363/15/3
f 10365/4/3 10128/4/3 10336/4/3
f 10365/5/3 10336/5/3 10364/5/3
f 10366/4/3 10337/4/3 10132/4/3
f 10366/5/3 10338/5/3 10337/5/3
f 10367/15/3 10339/15/3 10338/15/3
f 10367/5/3 10338/5/3 10366/5/3
f 10368/5/3 10340/5/3 10339/5/3
f 10368/15/3 10339/15/3 10367/15/3
f 10369/4/3 10135/4/3 10340/4/3
f 10369/5/3 10340/5/3 10368/5/3
f 10370/23/3 10358/23/3 10347/23/3
f 10371/23/3 10358/23/3 10370/23/3
f 10372/23/3 10351/23/3 10361/23/3
f 10373/23/3 10351/23/3 10372/23/3
f 10374/23/3 10370/23/3 10347/23/3
f 10377/23/3 10351/23/3 10373/23/3
f 10378/23/3 10375/23/3 10374/23/3
f 10381/23/3 10377/23/3 10376/23/3
f 10382/15/3 10364/15/3 10363/15/3
f 10382/4/3 10362/4/3 10124/4/3
f 10382/15/3 10363/15/3 10362/15/3
f 10382/15/3 10365/15/3 10364/15/3
f 10383/15/3 10365/15/3 10382/15/3
f 10384/15/3 10365/15/3 10383/15/3
f 10385/4/3 10128/4/3 10365/4/3
f 10385/15/3 10365/15/3 10384/15/3
f 10386/15/3 10368/15/3 10367/15/3
f 10386/15/3 10367/15/3 10366/15/3
f 10386/4/3 10366/4/3 10132/4/3
f 10386/15/3 10369/15/3 10368/15/3
f 10387/15/3 10369/15/3 10386/15/3
f 10388/15/3 10369/15/3 10387/15/3
f 10389/4/3 10135/4/3 10369/4/3
f 10389/15/3 10369/15/3 10388/15/3
f 10390/23/3 10379/23/3 10378/23/3
f 10393/25/3 10381/25/3 10380/25/3
f 10394/23/3 10342/23/3 10341/23/3
f 10395/25/3 10343/25/3 10342/25/3
f 10395/23/3 10342/23/3 10394/23/3
f 10396/23/3 10344/23/3 10343/23/3
f 10396/25/3 10343/25/3 10395/25/3
f 10397/25/3 10345/25/3 10344/25/3
f 10397/23/3 10344/23/3 10396/23/3
f 10398/23/3 10346/23/3 10345/23/3
f 10398/25/3 10345/25/3 10397/25/3
f 10399/25/3 10347/25/3 10346/25/3
f 10399/23/3 10346/23/3 10398/23/3
f 10400/23/3 10378/23/3 10374/23/3
f 10400/25/3 10347/25/3 10399/25/3
f 10400/23/3 10374/23/3 10347/23/3
f 10400/23/3 10390/23/3 10378/23/3
f 10400/23/3 10391/23/3 10390/23/3
f 10401/25/3 10392/25/3 10391/25/3
f 10401/23/3 10391/23/3 10400/23/3
f 10402/23/3 10393/23/3 10392/23/3
f 10402/25/3 10392/25/3 10401/25/3
f 10403/25/3 10381/25/3 10393/25/3
f 10403/23/3 10393/23/3 10402/23/3
f 10404/23/3 10377/23/3 10381/23/3
f 10404/25/3 10381/25/3 10403/25/3
f 10405/15/3 10352/15/3 10351/15/3
f 10405/23/3 10377/23/3 10404/23/3
f 10405/23/3 10351/23/3 10377/23/3
f 10406/23/3 10353/23/3 10352/23/3
f 10406/15/3 10352/15/3 10405/15/3
f 10407/25/3 10354/25/3 10353/25/3
f 10407/23/3 10353/23/3 10406/23/3
f 10408/23/3 10355/23/3 10354/23/3
f 10408/25/3 10354/25/3 10407/25/3
f 10409/25/3 10356/25/3 10355/25/3
f 10409/23/3 10355/23/3 10408/23/3
f 10410/23/3 10357/23/3 10356/23/3
f 10410/25/3 10356/25/3 10409/25/3
f 10411/25/3 10123/25/3 10357/25/3
f 10411/23/3 10357/23/3 10410/23/3
f 10412/5/3 10383/5/3 10382/5/3
f 10412/4/3 10382/4/3 10124/4/3
f 10413/15/3 10384/15/3 10383/15/3
f 10413/5/3 10383/5/3 10412/5/3
f 10414/5/3 10385/5/3 10384/5/3
f 10414/15/3 10384/15/3 10413/15/3
f 10415/4/3 10128/4/3 10385/4/3
f 10415/5/3 10385/5/3 10414/5/3
f 10416/4/3 10386/4/3 10132/4/3
f 10416/5/3 10387/5/3 10386/5/3
f 10417/15/3 10388/15/3 10387/15/3
f 10417/5/3 10387/5/3 10416/5/3
f 10418/5/3 10389/5/3 10388/5/3
f 10418/15/3 10388/15/3 10417/15/3
f 10419/4/3 10135/4/3 10389/4/3
f 10419/5/3 10389/5/3 10418/5/3
f 10420/25/3 10400/25/3 10399/25/3
f 10420/25/3 10403/25/3 10402/25/3
f 10420/25/3 10398/25/3 10397/25/3
f 10420/25/3 10397/25/3 10396/25/3
f 10420/25/3 10399/25/3 10398/25/3
f 10420/25/3 10401/25/3 10400/25/3
f 10420/25/3 10395/25/3 10394/25/3
f 10420/25/3 10396/25/3 10395/25/3
f 10420/25/3 10402/25/3 10401/25/3
f 10420/25/3 10404/25/3 10403/25/3
f 10420/25/3 10405/25/3 10404/25/3
f 10421/25/3 10405/25/3 10420/25/3
f 10422/25/3 10405/25/3 10421/25/3
f 10423/25/3 10405/25/3 10422/25/3
f 10424/25/3 10405/25/3 10423/25/3
f 10425/25/3 10405/25/3 10424/25/3
f 10426/25/3 10405/25/3 10425/25/3
f 10427/25/3 10405/25/3 10426/25/3
f 10428/25/3 10405/25/3 10427/25/3
f 10429/25/3 10405/25/3 10428/25/3
f 10430/25/3 10405/25/3 10429/25/3
f 10431/15/3 10406/15/3 10405/15/3
f 10431/25/3 10405/25/3 10430/25/3
f 10432/25/3 10408/25/3 10407/25/3
f 10432/15/3 10406/15/3 10431/15/3
f 10432/25/3 10410/25/3 10409/25/3
f 10432/25/3 10409/25/3 10408/25/3
f 10432/25/3 10411/25/3 10410/25/3
f 10432/25/3 10407/25/3 10406/25/3
f 10433/25/3 10411/25/3 10432/25/3
f 10434/25/3 10411/25/3 10433/25/3
f 10435/25/3 10411/25/3 10434/25/3
f 10436/25/3 10411/25/3 10435/25/3
f 10437/25/3 10123/25/3 10411/25/3
f 10437/25/3 10411/25/3 10436/25/3
f 10438/15/3 10413/15/3 10412/15/3
f 10438/4/3 10412/4/3 10124/4/3
f 10439/5/3 10414/5/3 10413/5/3
f 10439/15/3 10413/15/3 10438/15/3
f 10440/15/3 10415/15/3 10414/15/3
f 10440/5/3 10414/5/3 10439/5/3
f 10441/4/3 10128/4/3 10415/4/3
f 10441/15/3 10415/15/3 10440/15/3
f 10442/4/3 10416/4/3 10132/4/3
f 10442/15/3 10417/15/3 10416/15/3
f 10443/5/3 10418/5/3 10417/5/3
f 10443/15/3 10417/15/3 10442/15/3
f 10444/15/3 10419/15/3 10418/15/3
f 10444/5/3 10418/5/3 10443/5/3
f 10445/4/3 10135/4/3 10419/4/3
f 10445/15/3 10419/15/3 10444/15/3
f 10446/4/3 10438/4/3 10124/4/3
f 10446/5/3 10439/5/3 10438/5/3
f 10447/15/3 10440/15/3 10439/15/3
f 10447/5/3 10439/5/3 10446/5/3
f 10448/5/3 10441/5/3 10440/5/3
f 10448/15/3 10440/15/3 10447/15/3
f 10449/4/3 10128/4/3 10441/4/3
f 10449/5/3 10441/5/3 10448/5/3
f 10450/4/3 10442/4/3 10132/4/3
f 10450/5/3 10443/5/3 10442/5/3
f 10451/15/3 10444/15/3 10443/15/3
f 10451/5/3 10443/5/3 10450/5/3
f 10452/5/3 10445/5/3 10444/5/3
f 10452/15/3 10444/15/3 10451/15/3
f 10453/4/3 10135/4/3 10445/4/3
f 10453/5/3 10445/5/3 10452/5/3
f 10454/23/3 10425/23/3 10424/23/3
f 10455/25/3 10426/25/3 10425/25/3
f 10455/23/3 10425/23/3 10454/23/3
f 10456/23/3 10427/23/3 10426/23/3
f 10456/25/3 10426/25/3 10455/25/3
f 10457/25/3 10428/25/3 10427/25/3
f 10457/23/3 10427/23/3 10456/23/3
f 10458/23/3 10429/23/3 10428/23/3
f 10458/25/3 10428/25/3 10457/25/3
f 10459/25/3 10430/25/3 10429/25/3
f 10459/23/3 10429/23/3 10458/23/3
f 10460/23/3 10431/23/3 10430/23/3
f 10460/25/3 10430/25/3 10459/25/3
f 10461/15/3 10432/15/3 10431/15/3
f 10461/23/3 10431/23/3 10460/23/3
f 10462/15/3 10448/15/3 10447/15/3
f 10462/15/3 10449/15/3 10448/15/3
f 10462/15/3 10447/15/3 10446/15/3
f 10462/4/3 10446/4/3 10124/4/3
f 10463/15/3 10449/15/3 10462/15/3
f 10464/15/3 10449/15/3 10463/15/3
f 10465/4/3 10128/4/3 10449/4/3
f 10465/15/3 10449/15/3 10464/15/3
f 10466/15/3 10452/15/3 10451/15/3
f 10466/4/3 10450/4/3 10132/4/3
f 10466/15/3 10453/15/3 10452/15/3
f 10466/15/3 10451/15/3 10450/15/3
f 10467/15/3 10453/15/3 10466/15/3
f 10468/15/3 10453/15/3 10467/15/3
f 10469/4/3 10135/4/3 10453/4/3
f 10469/15/3 10453/15/3 10468/15/3
f 10470/23/3 10421/23/3 10420/23/3
f 10471/25/3 10422/25/3 10421/25/3
f 10471/23/3 10421/23/3 10470/23/3
f 10472/23/3 10423/23/3 10422/23/3
f 10472/25/3 10422/25/3 10471/25/3
f 10473/25/3 10424/25/3 10423/25/3
f 10473/23/3 10423/23/3 10472/23/3
f 10474/23/3 10454/23/3 10424/23/3
f 10474/25/3 10424/25/3 10473/25/3
f 10475/23/3 10454/23/3 10474/23/3
f 10476/15/3 10432/15/3 10461/15/3
f 10476/23/3 10433/23/3 10432/23/3
f 10477/25/3 10434/25/3 10433/25/3
f 10477/23/3 10433/23/3 10476/23/3
f 10478/23/3 10435/23/3 10434/23/3
f 10478/25/3 10434/25/3 10477/25/3
f 10479/25/3 10436/25/3 10435/25/3
f 10479/23/3 10435/23/3 10478/23/3
f 10480/23/3 10437/23/3 10436/23/3
f 10480/25/3 10436/25/3 10479/25/3
f 10481/25/3 10123/25/3 10437/25/3
f 10481/23/3 10437/23/3 10480/23/3
f 10482/25/3 10475/25/3 10474/25/3
f 10482/25/3 10474/25/3 10473/25/3
f 10482/25/3 10472/25/3 10471/25/3
f 10482/25/3 10471/25/3 10470/25/3
f 10482/25/3 10473/25/3 10472/25/3
f 10483/25/3 10475/25/3 10482/25/3
f 10484/25/3 10475/25/3 10483/25/3
f 10485/25/3 10475/25/3 10484/25/3
f 10486/25/3 10475/25/3 10485/25/3
f 10487/25/3 10475/25/3 10486/25/3
f 10488/25/3 10480/25/3 10479/25/3
f 10488/25/3 10477/25/3 10476/25/3
f 10488/15/3 10476/15/3 10461/15/3
f 10488/25/3 10481/25/3 10480/25/3
f 10488/25/3 10478/25/3 10477/25/3
f 10488/25/3 10479/25/3 10478/25/3
f 10489/25/3 10481/25/3 10488/25/3
f 10490/25/3 10481/25/3 10489/25/3
f 10491/25/3 10481/25/3 10490/25/3
f 10492/25/3 10481/25/3 10491/25/3
f 10493/25/3 10123/25/3 10481/25/3
f 10493/25/3 10481/25/3 10492/25/3
f 10494/5/3 10463/5/3 10462/5/3
f 10494/4/3 10462/4/3 10124/4/3
f 10495/15/3 10464/15/3 10463/15/3
f 10495/5/3 10463/5/3 10494/5/3
f 10496/5/3 10465/5/3 10464/5/3
f 10496/15/3 10464/15/3 10495/15/3
f 10497/4/3 10128/4/3 10465/4/3
f 10497/5/3 10465/5/3 10496/5/3
f 10498/5/3 10467/5/3 10466/5/3
f 10498/4/3 10466/4/3 10132/4/3
f 10499/15/3 10468/15/3 10467/15/3
f 10499/5/3 10467/5/3 10498/5/3
f 10500/5/3 10469/5/3 10468/5/3
f 10500/15/3 10468/15/3 10499/15/3
f 10501/4/3 10135/4/3 10469/4/3
f 10501/5/3 10469/5/3 10500/5/3
f 10502/4/3 10494/4/3 10124/4/3
f 10502/15/3 10495/15/3 10494/15/3
f 10503/5/3 10496/5/3 10495/5/3
f 10503/15/3 10495/15/3 10502/15/3
f 10504/15/3 10497/15/3 10496/15/3
f 10504/5/3 10496/5/3 10503/5/3
f 10505/4/3 10128/4/3 10497/4/3
f 10505/15/3 10497/15/3 10504/15/3
f 10506/4/3 10498/4/3 10132/4/3
f 10506/15/3 10499/15/3 10498/15/3
f 10507/5/3 10500/5/3 10499/5/3
f 10507/15/3 10499/15/3 10506/15/3
f 10508/15/3 10501/15/3 10500/15/3
f 10508/5/3 10500/5/3 10507/5/3
f 10509/4/3 10135/4/3 10501/4/3
f 10509/15/3 10501/15/3 10508/15/3
f 10510/23/3 10483/23/3 10482/23/3
f 10511/23/3 10483/23/3 10510/23/3
f 10512/4/3 10502/4/3 10124/4/3
f 10512/5/3 10503/5/3 10502/5/3
f 10513/15/3 10504/15/3 10503/15/3
f 10513/5/3 10503/5/3 10512/5/3
f 10514/5/3 10505/5/3 10504/5/3
f 10514/15/3 10504/15/3 10513/15/3
f 10515/4/3 10128/4/3 10505/4/3
f 10515/5/3 10505/5/3 10514/5/3
f 10516/5/3 10507/5/3 10506/5/3
f 10516/4/3 10506/4/3 10132/4/3
f 10517/15/3 10508/15/3 10507/15/3
f 10517/5/3 10507/5/3 10516/5/3
f 10518/5/3 10509/5/3 10508/5/3
f 10518/15/3 10508/15/3 10517/15/3
f 10519/4/3 10135/4/3 10509/4/3
f 10519/5/3 10509/5/3 10518/5/3
f 10520/23/3 10483/23/3 10511/23/3
f 10521/25/3 10484/25/3 10483/25/3
f 10521/23/3 10483/23/3 10520/23/3
f 10522/23/3 10485/23/3 10484/23/3
f 10522/25/3 10484/25/3 10521/25/3
f 10523/25/3 10486/25/3 10485/25/3
f 10523/23/3 10485/23/3 10522/23/3
f 10524/23/3 10487/23/3 10486/23/3
f 10524/25/3 10486/25/3 10523/25/3
f 10525/23/3 10487/23/3 10524/23/3
f 10526/15/3 10488/15/3 10461/15/3
f 10526/23/3 10489/23/3 10488/23/3
f 10527/25/3 10490/25/3 10489/25/3
f 10527/23/3 10489/23/3 10526/23/3
f 10528/23/3 10491/23/3 10490/23/3
f 10528/25/3 10490/25/3 10527/25/3
f 10529/25/3 10492/25/3 10491/25/3
f 10529/23/3 10491/23/3 10528/23/3
f 10530/23/3 10493/23/3 10492/23/3
f 10530/25/3 10492/25/3 10529/25/3
f 10531/25/3 10123/25/3 10493/25/3
f 10531/23/3 10493/23/3 10530/23/3
f 10532/15/3 10514/15/3 10513/15/3
f 10532/15/3 10513/15/3 10512/15/3
f 10532/4/3 10512/4/3 10124/4/3
f 10532/15/3 10515/15/3 10514/15/3
f 10533/15/3 10515/15/3 10532/15/3
f 10534/15/3 10515/15/3 10533/15/3
f 10535/4/3 10128/4/3 10515/4/3
f 10535/15/3 10515/15/3 10534/15/3
f 10536/4/3 10516/4/3 10132/4/3
f 10536/15/3 10518/15/3 10517/15/3
f 10536/15/3 10519/15/3 10518/15/3
f 10536/15/3 10517/15/3 10516/15/3
f 10537/15/3 10519/15/3 10536/15/3
f 10538/15/3 10519/15/3 10537/15/3
f 10539/4/3 10135/4/3 10519/4/3
f 10539/15/3 10519/15/3 10538/15/3
f 10540/25/3 10523/25/3 10522/25/3
f 10540/25/3 10522/25/3 10521/25/3
f 10540/25/3 10521/25/3 10520/25/3
f 10540/25/3 10525/25/3 10524/25/3
f 10540/25/3 10524/25/3 10523/25/3
f 10541/25/3 10525/25/3 10540/25/3
f 10542/25/3 10525/25/3 10541/25/3
f 10543/25/3 10525/25/3 10542/25/3
f 10544/25/3 10525/25/3 10543/25/3
f 10545/25/3 10525/25/3 10544/25/3
f 10546/25/3 10528/25/3 10527/25/3
f 10546/25/3 10530/25/3 10529/25/3
f 10546/25/3 10529/25/3 10528/25/3
f 10546/25/3 10531/25/3 10530/25/3
f 10546/15/3 10526/15/3 10461/15/3
f 10546/25/3 10527/25/3 10526/25/3
f 10547/25/3 10531/25/3 10546/25/3
f 10548/25/3 10531/25/3 10547/25/3
f 10549/25/3 10531/25/3 10548/25/3
f 10550/25/3 10531/25/3 10549/25/3
f 10551/25/3 10123/25/3 10531/25/3
f 10551/25/3 10531/25/3 10550/25/3
f 10552/5/3 10533/5/3 10532/5/3
f 10552/4/3 10532/4/3 10124/4/3
f 10553/15/3 10534/15/3 10533/15/3
f 10553/5/3 10533/5/3 10552/5/3
f 10554/5/3 10535/5/3 10534/5/3
f 10554/15/3 10534/15/3 10553/15/3
f 10555/4/3 10128/4/3 10535/4/3
f 10555/5/3 10535/5/3 10554/5/3
f 10556/5/3 10537/5/3 10536/5/3
f 10556/4/3 10536/4/3 10132/4/3
f 10557/15/3 10538/15/3 10537/15/3
f 10557/5/3 10537/5/3 10556/5/3
f 10558/5/3 10539/5/3 10538/5/3
f 10558/15/3 10538/15/3 10557/15/3
f 10559/4/3 10135/4/3 10539/4/3
f 10559/5/3 10539/5/3 10558/5/3
f 10560/4/3 10552/4/3 10124/4/3
f 10560/15/3 10553/15/3 10552/15/3
f 10561/5/3 10554/5/3 10553/5/3
f 10561/15/3 10553/15/3 10560/15/3
f 10562/15/3 10555/15/3 10554/15/3
f 10562/5/3 10554/5/3 10561/5/3
f 10563/4/3 10128/4/3 10555/4/3
f 10563/15/3 10555/15/3 10562/15/3
f 10564/4/3 10556/4/3 10132/4/3
f 10564/15/3 10557/15/3 10556/15/3
f 10565/5/3 10558/5/3 10557/5/3
f 10565/15/3 10557/15/3 10564/15/3
f 10566/15/3 10559/15/3 10558/15/3
f 10566/5/3 10558/5/3 10565/5/3
f 10567/4/3 10135/4/3 10559/4/3
f 10567/15/3 10559/15/3 10566/15/3
f 10568/4/3 10560/4/3 10124/4/3
f 10568/5/3 10561/5/3 10560/5/3
f 10569/15/3 10562/15/3 10561/15/3
f 10569/5/3 10561/5/3 10568/5/3
f 10570/5/3 10563/5/3 10562/5/3
f 10570/15/3 10562/15/3 10569/15/3
f 10571/4/3 10128/4/3 10563/4/3
f 10571/5/3 10563/5/3 10570/5/3
f 10572/4/3 10564/4/3 10132/4/3
f 10572/5/3 10565/5/3 10564/5/3
f 10573/15/3 10566/15/3 10565/15/3
f 10573/5/3 10565/5/3 10572/5/3
f 10574/5/3 10567/5/3 10566/5/3
f 10574/15/3 10566/15/3 10573/15/3
f 10575/4/3 10135/4/3 10567/4/3
f 10575/5/3 10567/5/3 10574/5/3
f 10576/23/3 10541/23/3 10540/23/3
f 10577/23/3 10541/23/3 10576/23/3
f 10578/25/3 10542/25/3 10541/25/3
f 10578/23/3 10541/23/3 10577/23/3
f 10579/23/3 10543/23/3 10542/23/3
f 10579/25/3 10542/25/3 10578/25/3
f 10580/25/3 10544/25/3 10543/25/3
f 10580/23/3 10543/23/3 10579/23/3
f 10581/23/3 10545/23/3 10544/23/3
f 10581/25/3 10544/25/3 10580/25/3
f 10582/23/3 10545/23/3 10581/23/3
f 10583/15/3 10546/15/3 10461/15/3
f 10583/23/3 10547/23/3 10546/23/3
f 10584/25/3 10548/25/3 10547/25/3
f 10584/23/3 10547/23/3 10583/23/3
f 10585/23/3 10549/23/3 10548/23/3
f 10585/25/3 10548/25/3 10584/25/3
f 10586/25/3 10550/25/3 10549/25/3
f 10586/23/3 10549/23/3 10585/23/3
f 10587/23/3 10551/23/3 10550/23/3
f 10587/25/3 10550/25/3 10586/25/3
f 10588/25/3 10123/25/3 10551/25/3
f 10588/23/3 10551/23/3 10587/23/3
f 10589/25/3 10580/25/3 10579/25/3
f 10589/25/3 10579/25/3 10578/25/3
f 10589/25/3 10578/25/3 10577/25/3
f 10589/25/3 10582/25/3 10581/25/3
f 10589/25/3 10581/25/3 10580/25/3
f 10590/25/3 10582/25/3 10589/25/3
f 10591/25/3 10582/25/3 10590/25/3
f 10592/25/3 10582/25/3 10591/25/3
f 10593/25/3 10582/25/3 10592/25/3
f 10594/25/3 10582/25/3 10593/25/3
f 10595/25/3 10588/25/3 10587/25/3
f 10595/25/3 10585/25/3 10584/25/3
f 10595/25/3 10587/25/3 10586/25/3
f 10595/25/3 10586/25/3 10585/25/3
f 10595/25/3 10584/25/3 10583/25/3
f 10595/15/3 10583/15/3 10461/15/3
f 10596/25/3 10588/25/3 10595/25/3
f 10597/25/3 10588/25/3 10596/25/3
f 10598/25/3 10588/25/3 10597/25/3
f 10599/25/3 10588/25/3 10598/25/3
f 10600/25/3 10123/25/3 10588/25/3
f 10600/25/3 10588/25/3 10599/25/3
f 10601/15/3 10570/15/3 10569/15/3
f 10601/15/3 10569/15/3 10568/15/3
f 10601/4/3 10568/4/3 10124/4/3
f 10601/15/3 10571/15/3 10570/15/3
f 10602/15/3 10571/15/3 10601/15/3
f 10603/15/3 10571/15/3 10602/15/3
f 10604/4/3 10128/4/3 10571/4/3
f 10604/15/3 10571/15/3 10603/15/3
f 10605/15/3 10574/15/3 10573/15/3
f 10605/4/3 10572/4/3 10132/4/3
f 10605/15/3 10573/15/3 10572/15/3
f 10605/15/3 10575/15/3 10574/15/3
f 10606/15/3 10575/15/3 10605/15/3
f 10607/15/3 10575/15/3 10606/15/3
f 10608/4/3 10135/4/3 10575/4/3
f 10608/15/3 10575/15/3 10607/15/3
f 10609/5/3 10602/5/3 10601/5/3
f 10609/4/3 10601/4/3 10124/4/3
f 10610/15/3 10603/15/3 10602/15/3
f 10610/5/3 10602/5/3 10609/5/3
f 10611/5/3 10604/5/3 10603/5/3
f 10611/15/3 10603/15/3 10610/15/3
f 10612/4/3 10128/4/3 10604/4/3
f 10612/5/3 10604/5/3 10611/5/3
f 10613/4/3 10605/4/3 10132/4/3
f 10613/5/3 10606/5/3 10605/5/3
f 10614/15/3 10607/15/3 10606/15/3
f 10614/5/3 10606/5/3 10613/5/3
f 10615/5/3 10608/5/3 10607/5/3
f 10615/15/3 10607/15/3 10614/15/3
f 10616/4/3 10135/4/3 10608/4/3
f 10616/5/3 10608/5/3 10615/5/3
f 10617/15/3 10610/15/3 10609/15/3
f 10617/4/3 10609/4/3 10124/4/3
f 10618/5/3 10611/5/3 10610/5/3
f 10618/15/3 10610/15/3 10617/15/3
f 10619/15/3 10612/15/3 10611/15/3
f 10619/5/3 10611/5/3 10618/5/3
f 10620/4/3 10128/4/3 10612/4/3
f 10620/15/3 10612/15/3 10619/15/3
f 10621/4/3 10613/4/3 10132/4/3
f 10621/15/3 10614/15/3 10613/15/3
f 10622/5/3 10615/5/3 10614/5/3
f 10622/15/3 10614/15/3 10621/15/3
f 10623/15/3 10616/15/3 10615/15/3
f 10623/5/3 10615/5/3 10622/5/3
f 10624/4/3 10135/4/3 10616/4/3
f 10624/15/3 10616/15/3 10623/15/3
f 10625/4/3 10617/4/3 10124/4/3
f 10625/5/3 10618/5/3 10617/5/3
f 10626/15/3 10619/15/3 10618/15/3
f 10626/5/3 10618/5/3 10625/5/3
f 10627/5/3 10620/5/3 10619/5/3
f 10627/15/3 10619/15/3 10626/15/3
f 10628/4/3 10128/4/3 10620/4/3
f 10628/5/3 10620/5/3 10627/5/3
f 10629/5/3 10622/5/3 10621/5/3
f 10629/4/3 10621/4/3 10132/4/3
f 10630/15/3 10623/15/3 10622/15/3
f 10630/5/3 10622/5/3 10629/5/3
f 10631/5/3 10624/5/3 10623/5/3
f 10631/15/3 10623/15/3 10630/15/3
f 10632/4/3 10135/4/3 10624/4/3
f 10632/5/3 10624/5/3 10631/5/3
f 10633/23/3 10590/23/3 10589/23/3
f 10634/25/3 10591/25/3 10590/25/3
f 10634/23/3 10590/23/3 10633/23/3
f 10635/23/3 10592/23/3 10591/23/3
f 10635/25/3 10591/25/3 10634/25/3
f 10636/25/3 10593/25/3 10592/25/3
f 10636/23/3 10592/23/3 10635/23/3
f 10637/23/3 10594/23/3 10593/23/3
f 10637/25/3 10593/25/3 10636/25/3
f 10638/23/3 10594/23/3 10637/23/3
f 10639/15/3 10595/15/3 10461/15/3
f 10639/23/3 10596/23/3 10595/23/3
f 10640/25/3 10597/25/3 10596/25/3
f 10640/23/3 10596/23/3 10639/23/3
f 10641/23/3 10598/23/3 10597/23/3
f 10641/25/3 10597/25/3 10640/25/3
f 10642/25/3 10599/25/3 10598/25/3
f 10642/23/3 10598/23/3 10641/23/3
f 10643/23/3 10600/23/3 10599/23/3
f 10643/25/3 10599/25/3 10642/25/3
f 10644/25/3 10123/25/3 10600/25/3
f 10644/23/3 10600/23/3 10643/23/3
f 10645/25/3 10636/25/3 10635/25/3
f 10645/25/3 10635/25/3 10634/25/3
f 10645/25/3 10634/25/3 10633/25/3
f 10645/25/3 10638/25/3 10637/25/3
f 10645/25/3 10637/25/3 10636/25/3
f 10646/25/3 10638/25/3 10645/25/3
f 10647/25/3 10638/25/3 10646/25/3
f 10648/25/3 10638/25/3 10647/25/3
f 10649/25/3 10638/25/3 10648/25/3
f 10650/25/3 10638/25/3 10649/25/3
f 10651/25/3 10643/25/3 10642/25/3
f 10651/25/3 10641/25/3 10640/25/3
f 10651/25/3 10642/25/3 10641/25/3
f 10651/25/3 10640/25/3 10639/25/3
f 10651/15/3 10639/15/3 10461/15/3
f 10651/25/3 10644/25/3 10643/25/3
f 10652/25/3 10644/25/3 10651/25/3
f 10653/25/3 10644/25/3 10652/25/3
f 10654/25/3 10644/25/3 10653/25/3
f 10655/25/3 10644/25/3 10654/25/3
f 10656/25/3 10123/25/3 10644/25/3
f 10656/25/3 10644/25/3 10655/25/3
f 10657/23/3 10646/23/3 10645/23/3
f 10658/15/3 10628/15/3 10627/15/3
f 10658/15/3 10627/15/3 10626/15/3
f 10658/15/3 10626/15/3 10625/15/3
f 10658/4/3 10625/4/3 10124/4/3
f 10659/15/3 10628/15/3 10658/15/3
f 10660/15/3 10628/15/3 10659/15/3
f 10661/4/3 10128/4/3 10628/4/3
f 10661/15/3 10628/15/3 10660/15/3
f 10662/15/3 10631/15/3 10630/15/3
f 10662/4/3 10629/4/3 10132/4/3
f 10662/15/3 10632/15/3 10631/15/3
f 10662/15/3 10630/15/3 10629/15/3
f 10663/15/3 10632/15/3 10662/15/3
f 10664/15/3 10632/15/3 10663/15/3
f 10665/4/3 10135/4/3 10632/4/3
f 10665/15/3 10632/15/3 10664/15/3
f 10666/23/3 10646/23/3 10657/23/3
f 10667/5/3 10659/5/3 10658/5/3
f 10667/4/3 10658/4/3 10124/4/3
f 10668/15/3 10660/15/3 10659/15/3
f 10668/5/3 10659/5/3 10667/5/3
f 10669/5/3 10661/5/3 10660/5/3
f 10669/15/3 10660/15/3 10668/15/3
f 10670/4/3 10128/4/3 10661/4/3
f 10670/5/3 10661/5/3 10669/5/3
f 10671/4/3 10662/4/3 10132/4/3
f 10671/5/3 10663/5/3 10662/5/3
f 10672/15/3 10664/15/3 10663/15/3
f 10672/5/3 10663/5/3 10671/5/3
f 10673/5/3 10665/5/3 10664/5/3
f 10673/15/3 10664/15/3 10672/15/3
f 10674/4/3 10135/4/3 10665/4/3
f 10674/5/3 10665/5/3 10673/5/3
f 10675/15/3 10668/15/3 10667/15/3
f 10675/4/3 10667/4/3 10124/4/3
f 10676/5/3 10669/5/3 10668/5/3
f 10676/15/3 10668/15/3 10675/15/3
f 10677/15/3 10670/15/3 10669/15/3
f 10677/5/3 10669/5/3 10676/5/3
f 10678/4/3 10128/4/3 10670/4/3
f 10678/15/3 10670/15/3 10677/15/3
f 10679/4/3 10671/4/3 10132/4/3
f 10679/15/3 10672/15/3 10671/15/3
f 10680/5/3 10673/5/3 10672/5/3
f 10680/15/3 10672/15/3 10679/15/3
f 10681/15/3 10674/15/3 10673/15/3
f 10681/5/3 10673/5/3 10680/5/3
f 10682/4/3 10135/4/3 10674/4/3
f 10682/15/3 10674/15/3 10681/15/3
f 10683/23/3 10646/23/3 10666/23/3
f 10684/25/3 10647/25/3 10646/25/3
f 10684/23/3 10646/23/3 10683/23/3
f 10685/23/3 10648/23/3 10647/23/3
f 10685/25/3 10647/25/3 10684/25/3
f 10686/25/3 10649/25/3 10648/25/3
f 10686/23/3 10648/23/3 10685/23/3
f 10687/23/3 10650/23/3 10649/23/3
f 10687/25/3 10649/25/3 10686/25/3
f 10688/23/3 10650/23/3 10687/23/3
f 10689/15/3 10651/15/3 10461/15/3
f 10689/23/3 10652/23/3 10651/23/3
f 10690/25/3 10653/25/3 10652/25/3
f 10690/23/3 10652/23/3 10689/23/3
f 10691/23/3 10654/23/3 10653/23/3
f 10691/25/3 10653/25/3 10690/25/3
f 10692/25/3 10655/25/3 10654/25/3
f 10692/23/3 10654/23/3 10691/23/3
f 10693/23/3 10656/23/3 10655/23/3
f 10693/25/3 10655/25/3 10692/25/3
f 10694/25/3 10123/25/3 10656/25/3
f 10694/23/3 10656/23/3 10693/23/3
f 10695/4/3 10675/4/3 10124/4/3
f 10695/5/3 10676/5/3 10675/5/3
f 10696/15/3 10677/15/3 10676/15/3
f 10696/5/3 10676/5/3 10695/5/3
f 10697/5/3 10678/5/3 10677/5/3
f 10697/15/3 10677/15/3 10696/15/3
f 10698/4/3 10128/4/3 10678/4/3
f 10698/5/3 10678/5/3 10697/5/3
f 10699/5/3 10680/5/3 10679/5/3
f 10699/4/3 10679/4/3 10132/4/3
f 10700/15/3 10681/15/3 10680/15/3
f 10700/5/3 10680/5/3 10699/5/3
f 10701/5/3 10682/5/3 10681/5/3
f 10701/15/3 10681/15/3 10700/15/3
f 10702/4/3 10135/4/3 10682/4/3
f 10702/5/3 10682/5/3 10701/5/3
f 10703/25/3 10686/25/3 10685/25/3
f 10703/25/3 10685/25/3 10684/25/3
f 10703/25/3 10684/25/3 10683/25/3
f 10703/25/3 10688/25/3 10687/25/3
f 10703/25/3 10687/25/3 10686/25/3
f 10704/25/3 10688/25/3 10703/25/3
f 10705/25/3 10688/25/3 10704/25/3
f 10706/25/3 10688/25/3 10705/25/3
f 10707/25/3 10688/25/3 10706/25/3
f 10708/25/3 10688/25/3 10707/25/3
f 10709/25/3 10691/25/3 10690/25/3
f 10709/25/3 10693/25/3 10692/25/3
f 10709/25/3 10692/25/3 10691/25/3
f 10709/25/3 10690/25/3 10689/25/3
f 10709/25/3 10694/25/3 10693/25/3
f 10709/15/3 10689/15/3 10461/15/3
f 10710/25/3 10694/25/3 10709/25/3
f 10711/25/3 10694/25/3 10710/25/3
f 10712/25/3 10694/25/3 10711/25/3
f 10713/25/3 10694/25/3 10712/25/3
f 10714/25/3 10123/25/3 10694/25/3
f 10714/25/3 10694/25/3 10713/25/3
f 10715/15/3 10698/15/3 10697/15/3
f 10715/15/3 10697/15/3 10696/15/3
f 10715/15/3 10696/15/3 10695/15/3
f 10715/4/3 10695/4/3 10124/4/3
f 10716/15/3 10698/15/3 10715/15/3
f 10717/15/3 10698/15/3 10716/15/3
f 10718/4/3 10128/4/3 10698/4/3
f 10718/15/3 10698/15/3 10717/15/3
f 10719/15/3 10702/15/3 10701/15/3
f 10719/4/3 10699/4/3 10132/4/3
f 10719/15/3 10700/15/3 10699/15/3
f 10719/15/3 10701/15/3 10700/15/3
f 10720/15/3 10702/15/3 10719/15/3
f 10721/15/3 10702/15/3 10720/15/3
f 10722/4/3 10135/4/3 10702/4/3
f 10722/15/3 10702/15/3 10721/15/3
f 10723/23/3 10708/23/3 10707/23/3
f 10730/15/3 10709/15/3 10461/15/3
f 10731/23/3 10704/23/3 10703/23/3
f 10732/5/3 10716/5/3 10715/5/3
f 10732/4/3 10715/4/3 10124/4/3
f 10733/15/3 10717/15/3 10716/15/3
f 10733/5/3 10716/5/3 10732/5/3
f 10734/5/3 10718/5/3 10717/5/3
f 10734/15/3 10717/15/3 10733/15/3
f 10735/4/3 10128/4/3 10718/4/3
f 10735/5/3 10718/5/3 10734/5/3
f 10736/4/3 10719/4/3 10132/4/3
f 10736/5/3 10720/5/3 10719/5/3
f 10737/15/3 10721/15/3 10720/15/3
f 10737/5/3 10720/5/3 10736/5/3
f 10738/5/3 10722/5/3 10721/5/3
f 10738/15/3 10721/15/3 10737/15/3
f 10739/4/3 10135/4/3 10722/4/3
f 10739/5/3 10722/5/3 10738/5/3
f 10740/23/3 10704/23/3 10731/23/3
f 10741/15/3 10733/15/3 10732/15/3
f 10741/4/3 10732/4/3 10124/4/3
f 10742/5/3 10734/5/3 10733/5/3
f 10742/15/3 10733/15/3 10741/15/3
f 10743/15/3 10735/15/3 10734/15/3
f 10743/5/3 10734/5/3 10742/5/3
f 10744/4/3 10128/4/3 10735/4/3
f 10744/15/3 10735/15/3 10743/15/3
f 10745/4/3 10736/4/3 10132/4/3
f 10745/15/3 10737/15/3 10736/15/3
f 10746/5/3 10738/5/3 10737/5/3
f 10746/15/3 10737/15/3 10745/15/3
f 10747/15/3 10739/15/3 10738/15/3
f 10747/5/3 10738/5/3 10746/5/3
f 10748/4/3 10135/4/3 10739/4/3
f 10748/15/3 10739/15/3 10747/15/3
f 10749/23/3 10704/23/3 10740/23/3
f 10750/25/3 10705/25/3 10704/25/3
f 10750/23/3 10704/23/3 10749/23/3
f 10751/23/3 10706/23/3 10705/23/3
f 10751/25/3 10705/25/3 10750/25/3
f 10752/25/3 10707/25/3 10706/25/3
f 10752/23/3 10706/23/3 10751/23/3
f 10753/23/3 10723/23/3 10707/23/3
f 10753/25/3 10707/25/3 10752/25/3
f 10753/23/3 10724/23/3 10723/23/3
f 10754/25/3 10725/25/3 10724/25/3
f 10754/23/3 10724/23/3 10753/23/3
f 10755/23/3 10726/23/3 10725/23/3
f 10755/25/3 10725/25/3 10754/25/3
f 10756/25/3 10727/25/3 10726/25/3
f 10756/23/3 10726/23/3 10755/23/3
f 10757/23/3 10728/23/3 10727/23/3
f 10757/25/3 10727/25/3 10756/25/3
f 10758/25/3 10729/25/3 10728/25/3
f 10758/23/3 10728/23/3 10757/23/3
f 10759/23/3 10730/23/3 10729/23/3
f 10759/25/3 10729/25/3 10758/25/3
f 10760/15/3 10709/15/3 10730/15/3
f 10760/23/3 10730/23/3 10759/23/3
f 10761/23/3 10710/23/3 10709/23/3
f 10761/15/3 10709/15/3 10760/15/3
f 10762/25/3 10711/25/3 10710/25/3
f 10762/23/3 10710/23/3 10761/23/3
f 10763/23/3 10712/23/3 10711/23/3
f 10763/25/3 10711/25/3 10762/25/3
f 10764/25/3 10713/25/3 10712/25/3
f 10764/23/3 10712/23/3 10763/23/3
f 10765/23/3 10714/23/3 10713/23/3
f 10765/25/3 10713/25/3 10764/25/3
f 10766/25/3 10123/25/3 10714/25/3
f 10766/23/3 10714/23/3 10765/23/3
f 10767/25/3 10751/25/3 10750/25/3
f 10767/25/3 10750/25/3 10749/25/3
f 10767/25/3 10758/25/3 10757/25/3
f 10767/25/3 10757/25/3 10756/25/3
f 10767/25/3 10759/25/3 10758/25/3
f 10767/25/3 10760/25/3 10759/25/3
f 10767/25/3 10756/25/3 10755/25/3
f 10767/25/3 10755/25/3 10754/25/3
f 10767/25/3 10754/25/3 10753/25/3
f 10767/25/3 10753/25/3 10752/25/3
f 10767/25/3 10752/25/3 10751/25/3
f 10768/25/3 10760/25/3 10767/25/3
f 10769/25/3 10760/25/3 10768/25/3
f 10770/25/3 10760/25/3 10769/25/3
f 10771/25/3 10760/25/3 10770/25/3
f 10772/25/3 10760/25/3 10771/25/3
f 10773/25/3 10760/25/3 10772/25/3
f 10774/25/3 10760/25/3 10773/25/3
f 10775/25/3 10760/25/3 10774/25/3
f 10776/25/3 10760/25/3 10775/25/3
f 10777/25/3 10760/25/3 10776/25/3
f 10778/15/3 10761/15/3 10760/15/3
f 10778/25/3 10760/25/3 10777/25/3
f 10779/25/3 10763/25/3 10762/25/3
f 10779/15/3 10761/15/3 10778/15/3
f 10779/25/3 10765/25/3 10764/25/3
f 10779/25/3 10766/25/3 10765/25/3
f 10779/25/3 10764/25/3 10763/25/3
f 10779/25/3 10762/25/3 10761/25/3
f 10780/25/3 10766/25/3 10779/25/3
f 10781/25/3 10766/25/3 10780/25/3
f 10782/25/3 10766/25/3 10781/25/3
f 10783/25/3 10766/25/3 10782/25/3
f 10784/25/3 10123/25/3 10766/25/3
f 10784/25/3 10766/25/3 10783/25/3
f 10785/4/3 10741/4/3 10124/4/3
f 10785/5/3 10742/5/3 10741/5/3
f 10786/15/3 10743/15/3 10742/15/3
f 10786/5/3 10742/5/3 10785/5/3
f 10787/5/3 10744/5/3 10743/5/3
f 10787/15/3 10743/15/3 10786/15/3
f 10788/4/3 10128/4/3 10744/4/3
f 10788/5/3 10744/5/3 10787/5/3
f 10789/4/3 10745/4/3 10132/4/3
f 10789/5/3 10746/5/3 10745/5/3
f 10790/15/3 10747/15/3 10746/15/3
f 10790/5/3 10746/5/3 10789/5/3
f 10791/5/3 10748/5/3 10747/5/3
f 10791/15/3 10747/15/3 10790/15/3
f 10792/4/3 10135/4/3 10748/4/3
f 10792/5/3 10748/5/3 10791/5/3
f 10793/15/3 10787/15/3 10786/15/3
f 10793/15/3 10788/15/3 10787/15/3
f 10793/4/3 10785/4/3 10124/4/3
f 10793/15/3 10786/15/3 10785/15/3
f 10794/15/3 10788/15/3 10793/15/3
f 10795/15/3 10788/15/3 10794/15/3
f 10796/4/3 10128/4/3 10788/4/3
f 10796/15/3 10788/15/3 10795/15/3
f 10797/15/3 10791/15/3 10790/15/3
f 10797/4/3 10789/4/3 10132/4/3
f 10797/15/3 10792/15/3 10791/15/3
f 10797/15/3 10790/15/3 10789/15/3
f 10798/15/3 10792/15/3 10797/15/3
f 10799/15/3 10792/15/3 10798/15/3
f 10800/4/3 10135/4/3 10792/4/3
f 10800/15/3 10792/15/3 10799/15/3
f 10801/5/3 10794/5/3 10793/5/3
f 10801/4/3 10793/4/3 10124/4/3
f 10802/15/3 10795/15/3 10794/15/3
f 10802/5/3 10794/5/3 10801/5/3
f 10803/5/3 10796/5/3 10795/5/3
f 10803/15/3 10795/15/3 10802/15/3
f 10804/4/3 10128/4/3 10796/4/3
f 10804/5/3 10796/5/3 10803/5/3
f 10805/4/3 10797/4/3 10132/4/3
f 10805/5/3 10798/5/3 10797/5/3
f 10806/15/3 10799/15/3 10798/15/3
f 10806/5/3 10798/5/3 10805/5/3
f 10807/5/3 10800/5/3 10799/5/3
f 10807/15/3 10799/15/3 10806/15/3
f 10808/4/3 10135/4/3 10800/4/3
f 10808/5/3 10800/5/3 10807/5/3
f 10809/23/3 10768/23/3 10767/23/3
f 10810/25/3 10769/25/3 10768/25/3
f 10810/23/3 10768/23/3 10809/23/3
f 10811/23/3 10770/23/3 10769/23/3
f 10811/25/3 10769/25/3 10810/25/3
f 10812/25/3 10771/25/3 10770/25/3
f 10812/23/3 10770/23/3 10811/23/3
f 10813/23/3 10772/23/3 10771/23/3
f 10813/25/3 10771/25/3 10812/25/3
f 10814/25/3 10773/25/3 10772/25/3
f 10814/23/3 10772/23/3 10813/23/3
f 10815/23/3 10774/23/3 10773/23/3
f 10815/25/3 10773/25/3 10814/25/3
f 10816/25/3 10775/25/3 10774/25/3
f 10816/23/3 10774/23/3 10815/23/3
f 10817/23/3 10776/23/3 10775/23/3
f 10817/25/3 10775/25/3 10816/25/3
f 10818/25/3 10777/25/3 10776/25/3
f 10818/23/3 10776/23/3 10817/23/3
f 10819/23/3 10778/23/3 10777/23/3
f 10819/25/3 10777/25/3 10818/25/3
f 10820/15/3 10779/15/3 10778/15/3
f 10820/23/3 10778/23/3 10819/23/3
f 10821/23/3 10780/23/3 10779/23/3
f 10821/15/3 10779/15/3 10820/15/3
f 10822/25/3 10781/25/3 10780/25/3
f 10822/23/3 10780/23/3 10821/23/3
f 10823/23/3 10782/23/3 10781/23/3
f 10823/25/3 10781/25/3 10822/25/3
f 10824/25/3 10783/25/3 10782/25/3
f 10824/23/3 10782/23/3 10823/23/3
f 10825/23/3 10784/23/3 10783/23/3
f 10825/25/3 10783/25/3 10824/25/3
f 10826/25/3 10123/25/3 10784/25/3
f 10826/23/3 10784/23/3 10825/23/3
f 10827/4/3 10801/4/3 10124/4/3
f 10827/15/3 10802/15/3 10801/15/3
f 10828/5/3 10803/5/3 10802/5/3
f 10828/15/3 10802/15/3 10827/15/3
f 10829/15/3 10804/15/3 10803/15/3
f 10829/5/3 10803/5/3 10828/5/3
f 10830/4/3 10128/4/3 10804/4/3
f 10830/15/3 10804/15/3 10829/15/3
f 10831/4/3 10805/4/3 10132/4/3
f 10831/15/3 10806/15/3 10805/15/3
f 10832/5/3 10807/5/3 10806/5/3
f 10832/15/3 10806/15/3 10831/15/3
f 10833/15/3 10808/15/3 10807/15/3
f 10833/5/3 10807/5/3 10832/5/3
f 10834/4/3 10135/4/3 10808/4/3
f 10834/15/3 10808/15/3 10833/15/3
f 10835/25/3 10818/25/3 10817/25/3
f 10835/25/3 10816/25/3 10815/25/3
f 10835/25/3 10815/25/3 10814/25/3
f 10835/25/3 10814/25/3 10813/25/3
f 10835/25/3 10813/25/3 10812/25/3
f 10835/25/3 10817/25/3 10816/25/3
f 10835/25/3 10820/25/3 10819/25/3
f 10835/25/3 10819/25/3 10818/25/3
f 10835/25/3 10812/25/3 10811/25/3
f 10835/25/3 10811/25/3 10810/25/3
f 10835/25/3 10810/25/3 10809/25/3
f 10836/25/3 10820/25/3 10835/25/3
f 10837/25/3 10820/25/3 10836/25/3
f 10838/25/3 10820/25/3 10837/25/3
f 10839/25/3 10820/25/3 10838/25/3
f 10840/25/3 10820/25/3 10839/25/3
f 10841/25/3 10820/25/3 10840/25/3
f 10842/25/3 10820/25/3 10841/25/3
f 10843/25/3 10820/25/3 10842/25/3
f 10844/25/3 10820/25/3 10843/25/3
f 10845/25/3 10820/25/3 10844/25/3
f 10846/15/3 10821/15/3 10820/15/3
f 10846/25/3 10820/25/3 10845/25/3
f 10847/25/3 10825/25/3 10824/25/3
f 10847/15/3 10821/15/3 10846/15/3
f 10847/25/3 10826/25/3 10825/25/3
f 10847/25/3 10823/25/3 10822/25/3
f 10847/25/3 10822/25/3 10821/25/3
f 10847/25/3 10824/25/3 10823/25/3
f 10848/25/3 10826/25/3 10847/25/3
f 10849/25/3 10826/25/3 10848/25/3
f 10850/25/3 10826/25/3 10849/25/3
f 10851/25/3 10826/25/3 10850/25/3
f 10852/25/3 10123/25/3 10826/25/3
f 10852/25/3 10826/25/3 10851/25/3
f 10853/23/3 10836/23/3 10835/23/3
f 10854/4/3 10827/4/3 10124/4/3
f 10854/5/3 10828/5/3 10827/5/3
f 10855/15/3 10829/15/3 10828/15/3
f 10855/5/3 10828/5/3 10854/5/3
f 10856/5/3 10830/5/3 10829/5/3
f 10856/15/3 10829/15/3 10855/15/3
f 10857/4/3 10128/4/3 10830/4/3
f 10857/5/3 10830/5/3 10856/5/3
f 10858/5/3 10832/5/3 10831/5/3
f 10858/4/3 10831/4/3 10132/4/3
f 10859/15/3 10833/15/3 10832/15/3
f 10859/5/3 10832/5/3 10858/5/3
f 10860/5/3 10834/5/3 10833/5/3
f 10860/15/3 10833/15/3 10859/15/3
f 10861/4/3 10135/4/3 10834/4/3
f 10861/5/3 10834/5/3 10860/5/3
f 10862/15/3 10856/15/3 10855/15/3
f 10862/4/3 10854/4/3 10124/4/3
f 10862/15/3 10857/15/3 10856/15/3
f 10862/15/3 10855/15/3 10854/15/3
f 10863/15/3 10857/15/3 10862/15/3
f 10864/15/3 10857/15/3 10863/15/3
f 10865/4/3 10128/4/3 10857/4/3
f 10865/15/3 10857/15/3 10864/15/3
f 10866/15/3 10860/15/3 10859/15/3
f 10866/15/3 10859/15/3 10858/15/3
f 10866/15/3 10861/15/3 10860/15/3
f 10866/4/3 10858/4/3 10132/4/3
f 10867/15/3 10861/15/3 10866/15/3
f 10868/15/3 10861/15/3 10867/15/3
f 10869/4/3 10135/4/3 10861/4/3
f 10869/15/3 10861/15/3 10868/15/3
f 10870/23/3 10836/23/3 10853/23/3
f 10871/25/3 10837/25/3 10836/25/3
f 10871/23/3 10836/23/3 10870/23/3
f 10872/23/3 10838/23/3 10837/23/3
f 10872/25/3 10837/25/3 10871/25/3
f 10873/25/3 10839/25/3 10838/25/3
f 10873/23/3 10838/23/3 10872/23/3
f 10874/23/3 10840/23/3 10839/23/3
f 10874/25/3 10839/25/3 10873/25/3
f 10875/25/3 10841/25/3 10840/25/3
f 10875/23/3 10840/23/3 10874/23/3
f 10876/23/3 10842/23/3 10841/23/3
f 10876/25/3 10841/25/3 10875/25/3
f 10877/25/3 10843/25/3 10842/25/3
f 10877/23/3 10842/23/3 10876/23/3
f 10878/23/3 10844/23/3 10843/23/3
f 10878/25/3 10843/25/3 10877/25/3
f 10879/25/3 10845/25/3 10844/25/3
f 10879/23/3 10844/23/3 10878/23/3
f 10880/23/3 10846/23/3 10845/23/3
f 10880/25/3 10845/25/3 10879/25/3
f 10881/15/3 10847/15/3 10846/15/3
f 10881/23/3 10846/23/3 10880/23/3
f 10882/23/3 10848/23/3 10847/23/3
f 10882/15/3 10847/15/3 10881/15/3
f 10883/25/3 10849/25/3 10848/25/3
f 10883/23/3 10848/23/3 10882/23/3
f 10884/23/3 10850/23/3 10849/23/3
f 10884/25/3 10849/25/3 10883/25/3
f 10885/25/3 10851/25/3 10850/25/3
f 10885/23/3 10850/23/3 10884/23/3
f 10886/23/3 10852/23/3 10851/23/3
f 10886/25/3 10851/25/3 10885/25/3
f 10887/25/3 10123/25/3 10852/25/3
f 10887/23/3 10852/23/3 10886/23/3
f 10888/5/3 10863/5/3 10862/5/3
f 10888/4/3 10862/4/3 10124/4/3
f 10889/15/3 10864/15/3 10863/15/3
f 10889/5/3 10863/5/3 10888/5/3
f 10890/5/3 10865/5/3 10864/5/3
f 10890/15/3 10864/15/3 10889/15/3
f 10891/4/3 10128/4/3 10865/4/3
f 10891/5/3 10865/5/3 10890/5/3
f 10892/4/3 10866/4/3 10132/4/3
f 10892/5/3 10867/5/3 10866/5/3
f 10893/15/3 10868/15/3 10867/15/3
f 10893/5/3 10867/5/3 10892/5/3
f 10894/5/3 10869/5/3 10868/5/3
f 10894/15/3 10868/15/3 10893/15/3
f 10895/4/3 10135/4/3 10869/4/3
f 10895/5/3 10869/5/3 10894/5/3
f 10896/25/3 10879/25/3 10878/25/3
f 10896/25/3 10877/25/3 10876/25/3
f 10896/25/3 10876/25/3 10875/25/3
f 10896/25/3 10875/25/3 10874/25/3
f 10896/25/3 10874/25/3 10873/25/3
f 10896/25/3 10878/25/3 10877/25/3
f 10896/25/3 10871/25/3 10870/25/3
f 10896/25/3 10881/25/3 10880/25/3
f 10896/25/3 10880/25/3 10879/25/3
f 10896/25/3 10873/25/3 10872/25/3
f 10896/25/3 10872/25/3 10871/25/3
f 10897/25/3 10881/25/3 10896/25/3
f 10898/25/3 10881/25/3 10897/25/3
f 10899/25/3 10881/25/3 10898/25/3
f 10900/25/3 10881/25/3 10899/25/3
f 10901/25/3 10881/25/3 10900/25/3
f 10902/25/3 10881/25/3 10901/25/3
f 10903/25/3 10881/25/3 10902/25/3
f 10904/25/3 10881/25/3 10903/25/3
f 10905/25/3 10881/25/3 10904/25/3
f 10906/25/3 10881/25/3 10905/25/3
f 10907/15/3 10882/15/3 10881/15/3
f 10907/25/3 10881/25/3 10906/25/3
f 10908/25/3 10884/25/3 10883/25/3
f 10908/15/3 10882/15/3 10907/15/3
f 10908/25/3 10885/25/3 10884/25/3
f 10908/25/3 10883/25/3 10882/25/3
f 10908/25/3 10887/25/3 10886/25/3
f 10908/25/3 10886/25/3 10885/25/3
f 10909/25/3 10887/25/3 10908/25/3
f 10910/25/3 10887/25/3 10909/25/3
f 10911/25/3 10887/25/3 10910/25/3
f 10912/25/3 10887/25/3 10911/25/3
f 10913/25/3 10123/25/3 10887/25/3
f 10913/25/3 10887/25/3 10912/25/3
f 10914/15/3 10889/15/3 10888/15/3
f 10914/4/3 10888/4/3 10124/4/3
f 10915/5/3 10890/5/3 10889/5/3
f 10915/15/3 10889/15/3 10914/15/3
f 10916/15/3 10891/15/3 10890/15/3
f 10916/5/3 10890/5/3 10915/5/3
f 10917/4/3 10128/4/3 10891/4/3
f 10917/15/3 10891/15/3 10916/15/3
f 10918/4/3 10892/4/3 10132/4/3
f 10918/15/3 10893/15/3 10892/15/3
f 10919/5/3 10894/5/3 10893/5/3
f 10919/15/3 10893/15/3 10918/15/3
f 10920/15/3 10895/15/3 10894/15/3
f 10920/5/3 10894/5/3 10919/5/3
f 10921/4/3 10135/4/3 10895/4/3
f 10921/15/3 10895/15/3 10920/15/3
f 10922/4/3 10914/4/3 10124/4/3
f 10922/5/3 10915/5/3 10914/5/3
f 10923/15/3 10916/15/3 10915/15/3
f 10923/5/3 10915/5/3 10922/5/3
f 10924/5/3 10917/5/3 10916/5/3
f 10924/15/3 10916/15/3 10923/15/3
f 10925/4/3 10128/4/3 10917/4/3
f 10925/5/3 10917/5/3 10924/5/3
f 10926/4/3 10918/4/3 10132/4/3
f 10926/5/3 10919/5/3 10918/5/3
f 10927/15/3 10920/15/3 10919/15/3
f 10927/5/3 10919/5/3 10926/5/3
f 10928/5/3 10921/5/3 10920/5/3
f 10928/15/3 10920/15/3 10927/15/3
f 10929/4/3 10135/4/3 10921/4/3
f 10929/5/3 10921/5/3 10928/5/3
f 10930/23/3 10897/23/3 10896/23/3
f 10931/25/3 10898/25/3 10897/25/3
f 10931/23/3 10897/23/3 10930/23/3
f 10932/23/3 10899/23/3 10898/23/3
f 10932/25/3 10898/25/3 10931/25/3
f 10933/25/3 10900/25/3 10899/25/3
f 10933/23/3 10899/23/3 10932/23/3
f 10934/23/3 10901/23/3 10900/23/3
f 10934/25/3 10900/25/3 10933/25/3
f 10935/25/3 10902/25/3 10901/25/3
f 10935/23/3 10901/23/3 10934/23/3
f 10936/23/3 10903/23/3 10902/23/3
f 10936/25/3 10902/25/3 10935/25/3
f 10937/25/3 10904/25/3 10903/25/3
f 10937/23/3 10903/23/3 10936/23/3
f 10938/23/3 10905/23/3 10904/23/3
f 10938/25/3 10904/25/3 10937/25/3
f 10939/25/3 10906/25/3 10905/25/3
f 10939/23/3 10905/23/3 10938/23/3
f 10940/23/3 10907/23/3 10906/23/3
f 10940/25/3 10906/25/3 10939/25/3
f 10941/15/3 10908/15/3 10907/15/3
f 10941/23/3 10907/23/3 10940/23/3
f 10942/23/3 10909/23/3 10908/23/3
f 10942/15/3 10908/15/3 10941/15/3
f 10943/25/3 10910/25/3 10909/25/3
f 10943/23/3 10909/23/3 10942/23/3
f 10944/23/3 10911/23/3 10910/23/3
f 10944/25/3 10910/25/3 10943/25/3
f 10945/25/3 10912/25/3 10911/25/3
f 10945/23/3 10911/23/3 10944/23/3
f 10946/23/3 10913/23/3 10912/23/3
f 10946/25/3 10912/25/3 10945/25/3
f 10947/25/3 10123/25/3 10913/25/3
f 10947/23/3 10913/23/3 10946/23/3
f 10948/15/3 10124/15/3 10123/15/3
f 10948/25/3 10123/25/3 10947/25/3
f 10949/4/3 10922/4/3 10124/4/3
f 10949/15/3 10124/15/3 10948/15/3
f 10950/15/3 10924/15/3 10923/15/3
f 10950/4/3 10922/4/3 10949/4/3
f 10950/15/3 10925/15/3 10924/15/3
f 10950/15/3 10923/15/3 10922/15/3
f 10951/15/3 10925/15/3 10950/15/3
f 10952/15/3 10925/15/3 10951/15/3
f 10953/4/3 10128/4/3 10925/4/3
f 10953/15/3 10925/15/3 10952/15/3
f 10954/15/3 10129/15/3 10128/15/3
f 10954/4/3 10128/4/3 10953/4/3
f 10954/15/3 10130/15/3 10129/15/3
f 10955/25/3 10131/25/3 10130/25/3
f 10955/15/3 10130/15/3 10954/15/3
f 10956/15/3 10132/15/3 10131/15/3
f 10956/25/3 10131/25/3 10955/25/3
f 10957/4/3 10926/4/3 10132/4/3
f 10957/15/3 10132/15/3 10956/15/3
f 10958/15/3 10928/15/3 10927/15/3
f 10958/4/3 10926/4/3 10957/4/3
f 10958/15/3 10929/15/3 10928/15/3
f 10958/15/3 10927/15/3 10926/15/3
f 10959/15/3 10929/15/3 10958/15/3
f 10960/15/3 10929/15/3 10959/15/3
f 10961/4/3 10135/4/3 10929/4/3
f 10961/15/3 10929/15/3 10960/15/3
f 10962/15/3 10136/15/3 10135/15/3
f 10962/4/3 10135/4/3 10961/4/3
f 10962/15/3 10137/15/3 10136/15/3
f 10963/25/3 10138/25/3 10137/25/3
f 10963/15/3 10137/15/3 10962/15/3
f 10964/15/3 10140/15/3 10139/15/3
f 10964/25/3 10138/25/3 10963/25/3
f 10964/15/3 10139/15/3 10138/15/3
f 10965/15/3 10140/15/3 10964/15/3
f 10966/1/4 10967/1/4 10968/1/4
f 10968/1/4 10967/1/4 10969/1/4
f 10970/1/4 10971/1/4 10972/1/4
f 10972/1/4 10971/1/4 10973/1/4
f 10974/1/4 10975/1/4 10977/1/4
f 10977/1/4 10975/1/4 10978/1/4
f 10976/3/4 10977/3/4 10981/3/4
f 10977/1/4 10978/1/4 10982/1/4
f 10981/3/4 10977/3/4 10982/3/4
f 10978/1/4 10979/1/4 10982/1/4
f 10982/1/4 10979/1/4 10983/1/4
f 10979/3/4 10980/3/4 10984/3/4
f 10983/1/4 10979/1/4 10984/1/4
f 10984/3/4 10980/3/4 10985/3/4
f 10982/1/4 10983/1/4 10986/1/4
f 10986/1/4 10983/1/4 10987/1/4
f 10988/1/4 10989/1/4 10993/1/4
f 10993/1/4 10989/1/4 10994/1/4
f 10990/3/4 10991/3/4 10997/3/4
f 10991/1/4 10992/1/4 10998/1/4
f 10992/3/4 10993/3/4 10998/3/4
f 10998/3/4 10993/3/4 10999/3/4
f 10994/1/4 10995/1/4 11000/1/4
f 10995/3/4 10996/3/4 11001/3/4
f 11000/1/4 10995/1/4 11001/1/4
f 11001/3/4 10996/3/4 11002/3/4
f 10991/1/4 10998/1/4 11004/1/4
f 11002/1/4 11003/1/4 11008/1/4
f 11008/1/4 11003/1/4 11009/1/4
f 10997/3/4 10991/3/4 11010/3/4
f 10991/1/4 11004/1/4 11011/1/4
f 11010/3/4 10991/3/4 11011/3/4
f 11004/3/4 11005/3/4 11012/3/4
f 11011/1/4 11004/1/4 11012/1/4
f 11012/3/4 11005/3/4 11013/3/4
f 11006/1/4 11007/1/4 11014/1/4
f 11007/3/4 11008/3/4 11015/3/4
f 11014/1/4 11007/1/4 11015/1/4
f 11015/3/4 11008/3/4 11016/3/4
f 11013/1/4 11014/1/4 11017/1/4
f 11017/1/4 11014/1/4 11018/1/4
f 11019/1/4 11020/1/4 11022/1/4
f 11022/1/4 11020/1/4 11023/1/4
f 11021/3/4 11022/3/4 11026/3/4
f 11022/1/4 11023/1/4 11027/1/4
f 11026/3/4 11022/3/4 11027/3/4
f 11023/1/4 11024/1/4 11027/1/4
f 11027/1/4 11024/1/4 11028/1/4
f 11024/3/4 11025/3/4 11029/3/4
f 11028/1/4 11024/1/4 11029/1/4
f 11029/3/4 11025/3/4 11030/3/4
f 11027/1/4 11028/1/4 11031/1/4
f 11031/1/4 11028/1/4 11032/1/4
f 11033/1/4 11034/1/4 11038/1/4
f 11038/1/4 11034/1/4 11039/1/4
f 11035/3/4 11036/3/4 11042/3/4
f 11036/1/4 11037/1/4 11043/1/4
f 11042/3/4 11036/3/4 11043/3/4
f 11037/3/4 11038/3/4 11044/3/4
f 11043/1/4 11037/1/4 11044/1/4
f 11044/3/4 11038/3/4 11045/3/4
f 11039/1/4 11040/1/4 11046/1/4
f 11040/3/4 11041/3/4 11047/3/4
f 11046/1/4 11040/1/4 11047/1/4
f 11047/3/4 11041/3/4 11048/3/4
f 11048/1/4 11049/1/4 11050/1/4
f 11050/1/4 11049/1/4 11051/1/4
f 11052/1/4 11053/1/4 11060/1/4
f 11060/1/4 11053/1/4 11061/1/4
f 11054/3/4 11055/3/4 11062/3/4
f 11055/1/4 11056/1/4 11063/1/4
f 11062/3/4 11055/3/4 11063/3/4
f 11056/3/4 11057/3/4 11064/3/4
f 11063/1/4 11056/1/4 11064/1/4
f 11064/3/4 11057/3/4 11065/3/4
f 11058/1/4 11059/1/4 11066/1/4
f 11059/3/4 11060/3/4 11067/3/4
f 11066/1/4 11059/1/4 11067/1/4
f 11067/3/4 11060/3/4 11068/3/4
f 11065/1/4 11066/1/4 11069/1/4
f 11069/1/4 11066/1/4 11070/1/4
f 11071/1/4 11072/1/4 11076/1/4
f 11076/1/4 11072/1/4 11077/1/4
f 11073/3/4 11074/3/4 11080/3/4
f 11074/1/4 11075/1/4 11081/1/4
f 11075/3/4 11076/3/4 11081/3/4
f 11081/3/4 11076/3/4 11082/3/4
f 11077/1/4 11078/1/4 11083/1/4
f 11078/3/4 11079/3/4 11084/3/4
f 11083/1/4 11078/1/4 11084/1/4
f 11084/3/4 11079/3/4 11085/3/4
f 11074/1/4 11081/1/4 11087/1/4
f 11085/1/4 11086/1/4 11091/1/4
f 11091/1/4 11086/1/4 11092/1/4
f 11080/3/4 11074/3/4 11093/3/4
f 11074/1/4 11087/1/4 11094/1/4
f 11093/3/4 11074/3/4 11094/3/4
f 11087/3/4 11088/3/4 11095/3/4
f 11094/1/4 11087/1/4 11095/1/4
f 11095/3/4 11088/3/4 11096/3/4
f 11089/1/4 11090/1/4 11097/1/4
f 11090/3/4 11091/3/4 11098/3/4
f 11097/1/4 11090/1/4 11098/1/4
f 11098/3/4 11091/3/4 11099/3/4
f 11096/1/4 11097/1/4 11100/1/4
f 11100/1/4 11097/1/4 11101/1/4
f 11102/1/4 11103/1/4 11105/1/4
f 11103/2/4 11104/2/4 11106/2/4
f 11105/1/4 11103/1/4 11106/1/4
f 11106/2/4 11104/2/4 11108/2/4
f 11107/1/4 11108/1/4 11109/1/4
f 11108/2/4 11104/2/4 11110/2/4
f 11109/1/4 11108/1/4 11110/1/4
f 11110/2/4 11104/2/4 11111/2/4
f 11112/1/4 11113/1/4 11117/1/4
f 11117/1/4 11113/1/4 11118/1/4
f 11114/3/4 11115/3/4 11121/3/4
f 11115/1/4 11116/1/4 11122/1/4
f 11121/3/4 11115/3/4 11122/3/4
f 11116/3/4 11117/3/4 11123/3/4
f 11122/1/4 11116/1/4 11123/1/4
f 11123/3/4 11117/3/4 11124/3/4
f 11118/1/4 11119/1/4 11125/1/4
f 11119/3/4 11120/3/4 11126/3/4
f 11125/1/4 11119/1/4 11126/1/4
f 11126/3/4 11120/3/4 11127/3/4
f 11127/1/4 11128/1/4 11129/1/4
f 11129/1/4 11128/1/4 11130/1/4
f 11131/1/4 11132/1/4 11139/1/4
f 11139/1/4 11132/1/4 11140/1/4
f 11133/3/4 11134/3/4 11141/3/4
f 11134/1/4 11135/1/4 11142/1/4
f 11141/3/4 11134/3/4 11142/3/4
f 11135/3/4 11136/3/4 11143/3/4
f 11142/1/4 11135/1/4 11143/1/4
f 11143/3/4 11136/3/4 11144/3/4
f 11137/1/4 11138/1/4 11145/1/4
f 11138/3/4 11139/3/4 11146/3/4
f 11145/1/4 11138/1/4 11146/1/4
f 11146/3/4 11139/3/4 11147/3/4
f 11144/1/4 11145/1/4 11148/1/4
f 11148/1/4 11145/1/4 11149/1/4
f 11150/1/4 11151/1/4 11155/1/4
f 11155/1/4 11151/1/4 11156/1/4
f 11152/3/4 11153/3/4 11159/3/4
f 11153/1/4 11154/1/4 11160/1/4
f 11159/3/4 11153/3/4 11160/3/4
f 11154/3/4 11155/3/4 11161/3/4
f 11160/1/4 11154/1/4 11161/1/4
f 11161/3/4 11155/3/4 11162/3/4
f 11156/1/4 11157/1/4 11163/1/4
f 11157/3/4 11158/3/4 11164/3/4
f 11163/1/4 11157/1/4 11164/1/4
f 11164/3/4 11158/3/4 11165/3/4
f 11165/1/4 11166/1/4 11167/1/4
f 11167/1/4 11166/1/4 11168/1/4
f 11169/1/4 11170/1/4 11177/1/4
f 11177/1/4 11170/1/4 11178/1/4
f 11171/3/4 11172/3/4 11179/3/4
f 11172/1/4 11173/1/4 11180/1/4
f 11179/3/4 11172/3/4 11180/3/4
f 11173/3/4 11174/3/4 11181/3/4
f 11180/1/4 11173/1/4 11181/1/4
f 11181/3/4 11174/3/4 11182/3/4
f 11175/1/4 11176/1/4 11183/1/4
f 11176/3/4 11177/3/4 11184/3/4
f 11183/1/4 11176/1/4 11184/1/4
f 11184/3/4 11177/3/4 11185/3/4
f 11182/1/4 11183/1/4 11186/1/4
f 11186/1/4 11183/1/4 11187/1/4
f 11188/1/4 11189/1/4 11191/1/4
f 11189/3/4 11190/3/4 11192/3/4
f 11191/1/4 11189/1/4 11192/1/4
f 11192/3/4 11190/3/4 11193/3/4
f 11193/1/4 11194/1/4 11195/1/4
f 11195/1/4 11194/1/4 11196/1/4
f 11197/1/4 11198/1/4 11203/1/4
f 11203/1/4 11198/1/4 11204/1/4
f 11199/3/4 11200/3/4 11205/3/4
f 11205/3/4 11200/3/4 11206/3/4
f 11201/1/4 11202/1/4 11207/1/4
f 11202/3/4 11203/3/4 11208/3/4
f 11207/1/4 11202/1/4 11208/1/4
f 11208/3/4 11203/3/4 11209/3/4
f 11210/1/4 11211/1/4 11215/1/4
f 11215/1/4 11211/1/4 11216/1/4
f 11212/3/4 11213/3/4 11219/3/4
f 11213/1/4 11214/1/4 11220/1/4
f 11219/3/4 11213/3/4 11220/3/4
f 11214/3/4 11215/3/4 11221/3/4
f 11220/1/4 11214/1/4 11221/1/4
f 11221/3/4 11215/3/4 11222/3/4
f 11216/1/4 11217/1/4 11223/1/4
f 11217/3/4 11218/3/4 11224/3/4
f 11223/1/4 11217/1/4 11224/1/4
f 11224/3/4 11218/3/4 11225/3/4
f 11225/1/4 11226/1/4 11227/1/4
f 11227/1/4 11226/1/4 11228/1/4
f 11229/1/4 11230/1/4 11237/1/4
f 11237/1/4 11230/1/4 11238/1/4
f 11231/3/4 11232/3/4 11239/3/4
f 11232/1/4 11233/1/4 11240/1/4
f 11239/3/4 11232/3/4 11240/3/4
f 11233/3/4 11234/3/4 11241/3/4
f 11240/1/4 11233/1/4 11241/1/4
f 11241/3/4 11234/3/4 11242/3/4
f 11235/1/4 11236/1/4 11243/1/4
f 11236/3/4 11237/3/4 11244/3/4
f 11243/1/4 11236/1/4 11244/1/4
f 11244/3/4 11237/3/4 11245/3/4
f 11242/1/4 11243/1/4 11246/1/4
f 11246/1/4 11243/1/4 11247/1/4
f 11248/1/4 11249/1/4 11251/1/4
f 11249/3/4 11250/3/4 11252/3/4
f 11251/1/4 11249/1/4 11252/1/4
f 11252/3/4 11250/3/4 11253/3/4
f 11253/1/4 11254/1/4 11255/1/4
f 11255/1/4 11254/1/4 11256/1/4
f 11257/1/4 11258/1/4 11263/1/4
f 11263/1/4 11258/1/4 11264/1/4
f 11259/3/4 11260/3/4 11265/3/4
f 11265/3/4 11260/3/4 11266/3/4
f 11261/1/4 11262/1/4 11267/1/4
f 11262/3/4 11263/3/4 11268/3/4
f 11267/1/4 11262/1/4 11268/1/4
f 11268/3/4 11263/3/4 11269/3/4
f 11270/1/4 11271/1/4 11272/1/4
f 11272/1/4 11271/1/4 11273/1/4
f 11274/1/4 11275/1/4 11276/1/4
f 11276/1/4 11275/1/4 11277/1/4
f 11277/1/4 11275/1/4 11278/1/4
f 11279/3/4 11280/3/4 11285/3/4
f 11280/1/4 11281/1/4 11286/1/4
f 11285/3/4 11280/3/4 11286/3/4
f 11281/3/4 11282/3/4 11287/3/4
f 11286/1/4 11281/1/4 11287/1/4
f 11287/3/4 11282/3/4 11288/3/4
f 11283/3/4 11284/3/4 11291/3/4
f 11284/1/4 11285/1/4 11292/1/4
f 11291/3/4 11284/3/4 11292/3/4
f 11292/1/4 11285/1/4 11293/1/4
f 11288/1/4 11289/1/4 11294/1/4
f 11289/3/4 11290/3/4 11295/3/4
f 11294/1/4 11289/1/4 11295/1/4
f 11295/3/4 11290/3/4 11296/3/4
f 11297/3/4 11298/3/4 11303/3/4
f 11298/1/4 11299/1/4 11304/1/4
f 11303/3/4 11298/3/4 11304/3/4
f 11304/1/4 11299/1/4 11305/1/4
f 11300/1/4 11301/1/4 11308/1/4
f 11301/3/4 11302/3/4 11309/3/4
f 11308/1/4 11301/1/4 11309/1/4
f 11309/3/4 11302/3/4 11310/3/4
f 11305/3/4 11306/3/4 11311/3/4
f 11306/1/4 11307/1/4 11312/1/4
f 11311/3/4 11306/3/4 11312/3/4
f 11307/3/4 11308/3/4 11313/3/4
f 11312/1/4 11307/1/4 11313/1/4
f 11313/3/4 11308/3/4 11314/3/4
f 11315/3/4 11316/3/4 11321/3/4
f 11316/1/4 11317/1/4 11322/1/4
f 11321/3/4 11316/3/4 11322/3/4
f 11317/3/4 11318/3/4 11323/3/4
f 11322/1/4 11317/1/4 11323/1/4
f 11323/3/4 11318/3/4 11324/3/4
f 11319/3/4 11320/3/4 11327/3/4
f 11320/1/4 11321/1/4 11328/1/4
f 11327/3/4 11320/3/4 11328/3/4
f 11328/1/4 11321/1/4 11329/1/4
f 11324/1/4 11325/1/4 11330/1/4
f 11325/3/4 11326/3/4 11331/3/4
f 11330/1/4 11325/1/4 11331/1/4
f 11331/3/4 11326/3/4 11332/3/4
f 11333/3/4 11334/3/4 11339/3/4
f 11334/1/4 11335/1/4 11340/1/4
f 11339/3/4 11334/3/4 11340/3/4
f 11340/1/4 11335/1/4 11341/1/4
f 11336/1/4 11337/1/4 11344/1/4
f 11337/3/4 11338/3/4 11345/3/4
f 11344/1/4 11337/1/4 11345/1/4
f 11345/3/4 11338/3/4 11346/3/4
f 11341/3/4 11342/3/4 11347/3/4
f 11342/1/4 11343/1/4 11348/1/4
f 11347/3/4 11342/3/4 11348/3/4
f 11343/3/4 11344/3/4 11349/3/4
f 11348/1/4 11343/1/4 11349/1/4
f 11349/3/4 11344/3/4 11350/3/4
f 11351/3/4 11352/3/4 11357/3/4
f 11352/1/4 11353/1/4 11358/1/4
f 11357/3/4 11352/3/4 11358/3/4
f 11353/3/4 11354/3/4 11359/3/4
f 11358/1/4 11353/1/4 11359/1/4
f 11359/3/4 11354/3/4 11360/3/4
f 11355/3/4 11356/3/4 11363/3/4
f 11356/1/4 11357/1/4 11364/1/4
f 11363/3/4 11356/3/4 11364/3/4
f 11364/1/4 11357/1/4 11365/1/4
f 11360/1/4 11361/1/4 11366/1/4
f 11361/3/4 11362/3/4 11367/3/4
f 11366/1/4 11361/1/4 11367/1/4
f 11367/3/4 11362/3/4 11368/3/4
f 11369/3/4 11370/3/4 11375/3/4
f 11370/1/4 11371/1/4 11376/1/4
f 11375/3/4 11370/3/4 11376/3/4
f 11376/1/4 11371/1/4 11377/1/4
f 11372/1/4 11373/1/4 11380/1/4
f 11373/3/4 11374/3/4 11381/3/4
f 11380/1/4 11373/1/4 11381/1/4
f 11381/3/4 11374/3/4 11382/3/4
f 11377/3/4 11378/3/4 11383/3/4
f 11378/1/4 11379/1/4 11384/1/4
f 11383/3/4 11378/3/4 11384/3/4
f 11379/3/4 11380/3/4 11385/3/4
f 11384/1/4 11379/1/4 11385/1/4
f 11385/3/4 11380/3/4 11386/3/4
f 11387/3/4 11388/3/4 11393/3/4
f 11388/1/4 11389/1/4 11394/1/4
f 11393/3/4 11388/3/4 11394/3/4
f 11389/3/4 11390/3/4 11395/3/4
f 11394/1/4 11389/1/4 11395/1/4
f 11395/3/4 11390/3/4 11396/3/4
f 11391/3/4 11392/3/4 11399/3/4
f 11392/1/4 11393/1/4 11400/1/4
f 11399/3/4 11392/3/4 11400/3/4
f 11400/1/4 11393/1/4 11401/1/4
f 11396/1/4 11397/1/4 11402/1/4
f 11397/3/4 11398/3/4 11403/3/4
f 11402/1/4 11397/1/4 11403/1/4
f 11403/3/4 11398/3/4 11404/3/4
f 11405/3/4 11406/3/4 11411/3/4
f 11406/1/4 11407/1/4 11412/1/4
f 11411/3/4 11406/3/4 11412/3/4
f 11412/1/4 11407/1/4 11413/1/4
f 11408/1/4 11409/1/4 11416/1/4
f 11409/3/4 11410/3/4 11417/3/4
f 11416/1/4 11409/1/4 11417/1/4
f 11417/3/4 11410/3/4 11418/3/4
f 11413/3/4 11414/3/4 11419/3/4
f 11414/1/4 11415/1/4 11420/1/4
f 11419/3/4 11414/3/4 11420/3/4
f 11415/3/4 11416/3/4 11421/3/4
f 11420/1/4 11415/1/4 11421/1/4
f 11421/3/4 11416/3/4 11422/3/4
f 11423/3/4 11424/3/4 11429/3/4
f 11424/1/4 11425/1/4 11430/1/4
f 11429/3/4 11424/3/4 11430/3/4
f 11425/3/4 11426/3/4 11431/3/4
f 11430/1/4 11425/1/4 11431/1/4
f 11431/3/4 11426/3/4 11432/3/4
f 11427/3/4 11428/3/4 11435/3/4
f 11428/1/4 11429/1/4 11436/1/4
f 11435/3/4 11428/3/4 11436/3/4
f 11436/1/4 11429/1/4 11437/1/4
f 11432/1/4 11433/1/4 11438/1/4
f 11433/3/4 11434/3/4 11439/3/4
f 11438/1/4 11433/1/4 11439/1/4
f 11439/3/4 11434/3/4 11440/3/4
f 11441/3/4 11442/3/4 11447/3/4
f 11442/1/4 11443/1/4 11448/1/4
f 11447/3/4 11442/3/4 11448/3/4
f 11448/1/4 11443/1/4 11449/1/4
f 11444/1/4 11445/1/4 11452/1/4
f 11445/3/4 11446/3/4 11453/3/4
f 11452/1/4 11445/1/4 11453/1/4
f 11453/3/4 11446/3/4 11454/3/4
f 11449/3/4 11450/3/4 11455/3/4
f 11450/1/4 11451/1/4 11456/1/4
f 11455/3/4 11450/3/4 11456/3/4
f 11451/3/4 11452/3/4 11457/3/4
f 11456/1/4 11451/1/4 11457/1/4
f 11457/3/4 11452/3/4 11458/3/4
f 11459/3/4 11460/3/4 11465/3/4
f 11460/1/4 11461/1/4 11466/1/4
f 11465/3/4 11460/3/4 11466/3/4
f 11461/3/4 11462/3/4 11467/3/4
f 11466/1/4 11461/1/4 11467/1/4
f 11467/3/4 11462/3/4 11468/3/4
f 11463/3/4 11464/3/4 11471/3/4
f 11464/1/4 11465/1/4 11472/1/4
f 11471/3/4 11464/3/4 11472/3/4
f 11472/1/4 11465/1/4 11473/1/4
f 11468/1/4 11469/1/4 11476/1/4
f 11469/3/4 11470/3/4 11477/3/4
f 11476/1/4 11469/1/4 11477/1/4
f 11477/3/4 11470/3/4 11478/3/4
f 11473/3/4 11474/3/4 11479/3/4
f 11474/1/4 11475/1/4 11480/1/4
f 11479/3/4 11474/3/4 11480/3/4
f 11475/3/4 11476/3/4 11481/3/4
f 11480/1/4 11475/1/4 11481/1/4
f 11481/3/4 11476/3/4 11482/3/4
f 11483/3/4 11484/3/4 11489/3/4
f 11484/1/4 11485/1/4 11490/1/4
f 11489/3/4 11484/3/4 11490/3/4
f 11485/3/4 11486/3/4 11491/3/4
f 11490/1/4 11485/1/4 11491/1/4
f 11491/3/4 11486/3/4 11492/3/4
f 11487/3/4 11488/3/4 11495/3/4
f 11488/1/4 11489/1/4 11496/1/4
f 11495/3/4 11488/3/4 11496/3/4
f 11496/1/4 11489/1/4 11497/1/4
f 11492/1/4 11493/1/4 11498/1/4
f 11493/3/4 11494/3/4 11499/3/4
f 11498/1/4 11493/1/4 11499/1/4
f 11499/3/4 11494/3/4 11500/3/4
f 11501/3/4 11502/3/4 11507/3/4
f 11502/1/4 11503/1/4 11508/1/4
f 11507/3/4 11502/3/4 11508/3/4
f 11508/1/4 11503/1/4 11509/1/4
f 11504/1/4 11505/1/4 11512/1/4
f 11505/3/4 11506/3/4 11513/3/4
f 11512/1/4 11505/1/4 11513/1/4
f 11513/3/4 11506/3/4 11514/3/4
f 11509/3/4 11510/3/4 11515/3/4
f 11510/1/4 11511/1/4 11516/1/4
f 11515/3/4 11510/3/4 11516/3/4
f 11511/3/4 11512/3/4 11517/3/4
f 11516/1/4 11511/1/4 11517/1/4
f 11517/3/4 11512/3/4 11518/3/4
f 11519/3/4 11520/3/4 11523/3/4
f 11520/1/4 11521/1/4 11524/1/4
f 11523/3/4 11520/3/4 11524/3/4
f 11521/3/4 11522/3/4 11525/3/4
f 11524/1/4 11521/1/4 11525/1/4
f 11525/3/4 11522/3/4 11526/3/4
f 11527/3/4 11528/3/4 11533/3/4
f 11528/1/4 11529/1/4 11534/1/4
f 11533/3/4 11528/3/4 11534/3/4
f 11529/3/4 11530/3/4 11535/3/4
f 11534/1/4 11529/1/4 11535/1/4
f 11535/3/4 11530/3/4 11536/3/4
f 11531/3/4 11532/3/4 11539/3/4
f 11539/3/4 11532/3/4 11540/3/4
f 11532/1/4 11533/1/4 11541/1/4
f 11540/3/4 11532/3/4 11541/3/4
f 11541/1/4 11533/1/4 11542/1/4
f 11536/1/4 11537/1/4 11545/1/4
f 11537/3/4 11538/3/4 11546/3/4
f 11545/1/4 11537/1/4 11546/1/4
f 11546/3/4 11538/3/4 11547/3/4
f 11542/3/4 11543/3/4 11548/3/4
f 11543/1/4 11544/1/4 11549/1/4
f 11548/3/4 11543/3/4 11549/3/4
f 11544/3/4 11545/3/4 11550/3/4
f 11549/1/4 11544/1/4 11550/1/4
f 11550/3/4 11545/3/4 11551/3/4
f 11552/1/4 11553/1/4 11554/1/4
f 11554/1/4 11553/1/4 11555/1/4
f 11556/1/4 11557/1/4 11558/1/4
f 11558/1/4 11557/1/4 11559/1/4
f 11560/3/4 11561/3/4 11564/3/4
f 11561/1/4 11562/1/4 11565/1/4
f 11564/3/4 11561/3/4 11565/3/4
f 11562/3/4 11563/3/4 11566/3/4
f 11565/1/4 11562/1/4 11566/1/4
f 11566/3/4 11563/3/4 11567/3/4
f 11568/1/4 11569/1/4 11571/1/4
f 11571/1/4 11569/1/4 11572/1/4
f 11570/3/4 11571/3/4 11575/3/4
f 11571/1/4 11572/1/4 11576/1/4
f 11575/3/4 11571/3/4 11576/3/4
f 11572/1/4 11573/1/4 11576/1/4
f 11576/1/4 11573/1/4 11577/1/4
f 11573/3/4 11574/3/4 11578/3/4
f 11577/1/4 11573/1/4 11578/1/4
f 11578/3/4 11574/3/4 11579/3/4
f 11576/1/4 11577/1/4 11580/1/4
f 11580/1/4 11577/1/4 11581/1/4
f 11582/1/4 11583/1/4 11587/1/4
f 11587/1/4 11583/1/4 11588/1/4
f 11584/3/4 11585/3/4 11591/3/4
f 11585/1/4 11586/1/4 11592/1/4
f 11586/3/4 11587/3/4 11592/3/4
f 11592/3/4 11587/3/4 11593/3/4
f 11588/1/4 11589/1/4 11594/1/4
f 11589/3/4 11590/3/4 11595/3/4
f 11594/1/4 11589/1/4 11595/1/4
f 11595/3/4 11590/3/4 11596/3/4
f 11585/1/4 11592/1/4 11598/1/4
f 11596/1/4 11597/1/4 11602/1/4
f 11602/1/4 11597/1/4 11603/1/4
f 11591/3/4 11585/3/4 11604/3/4
f 11585/1/4 11598/1/4 11605/1/4
f 11604/3/4 11585/3/4 11605/3/4
f 11598/3/4 11599/3/4 11606/3/4
f 11605/1/4 11598/1/4 11606/1/4
f 11606/3/4 11599/3/4 11607/3/4
f 11600/1/4 11601/1/4 11608/1/4
f 11601/3/4 11602/3/4 11609/3/4
f 11608/1/4 11601/1/4 11609/1/4
f 11609/3/4 11602/3/4 11610/3/4
f 11607/1/4 11608/1/4 11611/1/4
f 11611/1/4 11608/1/4 11612/1/4
f 11613/1/4 11614/1/4 11618/1/4
f 11618/1/4 11614/1/4 11619/1/4
f 11615/3/4 11616/3/4 11622/3/4
f 11616/1/4 11617/1/4 11623/1/4
f 11622/3/4 11616/3/4 11623/3/4
f 11617/3/4 11618/3/4 11624/3/4
f 11623/1/4 11617/1/4 11624/1/4
f 11624/3/4 11618/3/4 11625/3/4
f 11619/1/4 11620/1/4 11626/1/4
f 11620/3/4 11621/3/4 11627/3/4
f 11626/1/4 11620/1/4 11627/1/4
f 11627/3/4 11621/3/4 11628/3/4
f 11628/1/4 11629/1/4 11630/1/4
f 11630/1/4 11629/1/4 11631/1/4
f 11632/1/4 11633/1/4 11640/1/4
f 11640/1/4 11633/1/4 11641/1/4
f 11634/3/4 11635/3/4 11642/3/4
f 11635/1/4 11636/1/4 11643/1/4
f 11642/3/4 11635/3/4 11643/3/4
f 11636/3/4 11637/3/4 11644/3/4
f 11643/1/4 11636/1/4 11644/1/4
f 11644/3/4 11637/3/4 11645/3/4
f 11638/1/4 11639/1/4 11646/1/4
f 11639/3/4 11640/3/4 11647/3/4
f 11646/1/4 11639/1/4 11647/1/4
f 11647/3/4 11640/3/4 11648/3/4
f 11645/1/4 11646/1/4 11649/1/4
f 11649/1/4 11646/1/4 11650/1/4
f 11651/1/4 11652/1/4 11654/1/4
f 11652/2/4 11653/2/4 11655/2/4
f 11654/1/4 11652/1/4 11655/1/4
f 11655/2/4 11653/2/4 11657/2/4
f 11656/1/4 11657/1/4 11658/1/4
f 11657/2/4 11653/2/4 11659/2/4
f 11658/1/4 11657/1/4 11659/1/4
f 11659/2/4 11653/2/4 11660/2/4
f 11661/1/4 11662/1/4 11666/1/4
f 11666/1/4 11662/1/4 11667/1/4
f 11663/3/4 11664/3/4 11670/3/4
f 11664/1/4 11665/1/4 11671/1/4
f 11670/3/4 11664/3/4 11671/3/4
f 11665/3/4 11666/3/4 11672/3/4
f 11671/1/4 11665/1/4 11672/1/4
f 11672/3/4 11666/3/4 11673/3/4
f 11667/1/4 11668/1/4 11674/1/4
f 11668/3/4 11669/3/4 11675/3/4
f 11674/1/4 11668/1/4 11675/1/4
f 11675/3/4 11669/3/4 11676/3/4
f 11676/1/4 11677/1/4 11678/1/4
f 11678/1/4 11677/1/4 11679/1/4
f 11680/1/4 11681/1/4 11688/1/4
f 11688/1/4 11681/1/4 11689/1/4
f 11682/3/4 11683/3/4 11690/3/4
f 11683/1/4 11684/1/4 11691/1/4
f 11690/3/4 11683/3/4 11691/3/4
f 11684/3/4 11685/3/4 11692/3/4
f 11691/1/4 11684/1/4 11692/1/4
f 11692/3/4 11685/3/4 11693/3/4
f 11686/1/4 11687/1/4 11694/1/4
f 11687/3/4 11688/3/4 11695/3/4
f 11694/1/4 11687/1/4 11695/1/4
f 11695/3/4 11688/3/4 11696/3/4
f 11693/1/4 11694/1/4 11697/1/4
f 11697/1/4 11694/1/4 11698/1/4
f 11699/1/4 11700/1/4 11702/1/4
f 11700/3/4 11701/3/4 11703/3/4
f 11702/1/4 11700/1/4 11703/1/4
f 11703/3/4 11701/3/4 11704/3/4
f 11704/1/4 11705/1/4 11706/1/4
f 11706/1/4 11705/1/4 11707/1/4
f 11708/1/4 11709/1/4 11714/1/4
f 11714/1/4 11709/1/4 11715/1/4
f 11710/3/4 11711/3/4 11716/3/4
f 11716/3/4 11711/3/4 11717/3/4
f 11712/1/4 11713/1/4 11718/1/4
f 11713/3/4 11714/3/4 11719/3/4
f 11718/1/4 11713/1/4 11719/1/4
f 11719/3/4 11714/3/4 11720/3/4
f 11721/3/4 11722/3/4 11727/3/4
f 11722/1/4 11723/1/4 11728/1/4
f 11727/3/4 11722/3/4 11728/3/4
f 11723/3/4 11724/3/4 11729/3/4
f 11728/1/4 11723/1/4 11729/1/4
f 11729/3/4 11724/3/4 11730/3/4
f 11725/3/4 11726/3/4 11733/3/4
f 11726/1/4 11727/1/4 11734/1/4
f 11733/3/4 11726/3/4 11734/3/4
f 11734/1/4 11727/1/4 11735/1/4
f 11730/1/4 11731/1/4 11736/1/4
f 11731/3/4 11732/3/4 11737/3/4
f 11736/1/4 11731/1/4 11737/1/4
f 11737/3/4 11732/3/4 11738/3/4
f 11739/3/4 11740/3/4 11745/3/4
f 11740/1/4 11741/1/4 11746/1/4
f 11745/3/4 11740/3/4 11746/3/4
f 11746/1/4 11741/1/4 11747/1/4
f 11742/1/4 11743/1/4 11750/1/4
f 11743/3/4 11744/3/4 11751/3/4
f 11750/1/4 11743/1/4 11751/1/4
f 11751/3/4 11744/3/4 11752/3/4
f 11747/3/4 11748/3/4 11753/3/4
f 11748/1/4 11749/1/4 11754/1/4
f 11753/3/4 11748/3/4 11754/3/4
f 11749/3/4 11750/3/4 11755/3/4
f 11754/1/4 11749/1/4 11755/1/4
f 11755/3/4 11750/3/4 11756/3/4
f 11757/3/4 11758/3/4 11763/3/4
f 11758/1/4 11759/1/4 11764/1/4
f 11763/3/4 11758/3/4 11764/3/4
f 11759/3/4 11760/3/4 11765/3/4
f 11764/1/4 11759/1/4 11765/1/4
f 11765/3/4 11760/3/4 11766/3/4
f 11761/3/4 11762/3/4 11769/3/4
f 11762/1/4 11763/1/4 11770/1/4
f 11769/3/4 11762/3/4 11770/3/4
f 11770/1/4 11763/1/4 11771/1/4
f 11766/1/4 11767/1/4 11772/1/4
f 11767/3/4 11768/3/4 11773/3/4
f 11772/1/4 11767/1/4 11773/1/4
f 11773/3/4 11768/3/4 11774/3/4
f 11775/3/4 11776/3/4 11781/3/4
f 11776/1/4 11777/1/4 11782/1/4
f 11781/3/4 11776/3/4 11782/3/4
f 11782/1/4 11777/1/4 11783/1/4
f 11778/1/4 11779/1/4 11786/1/4
f 11779/3/4 11780/3/4 11787/3/4
f 11786/1/4 11779/1/4 11787/1/4
f 11787/3/4 11780/3/4 11788/3/4
f 11783/3/4 11784/3/4 11789/3/4
f 11784/1/4 11785/1/4 11790/1/4
f 11789/3/4 11784/3/4 11790/3/4
f 11785/3/4 11786/3/4 11791/3/4
f 11790/1/4 11785/1/4 11791/1/4
f 11791/3/4 11786/3/4 11792/3/4
f 11793/3/4 11794/3/4 11799/3/4
f 11794/1/4 11795/1/4 11800/1/4
f 11799/3/4 11794/3/4 11800/3/4
f 11795/3/4 11796/3/4 11801/3/4
f 11800/1/4 11795/1/4 11801/1/4
f 11801/3/4 11796/3/4 11802/3/4
f 11797/3/4 11798/3/4 11805/3/4
f 11798/1/4 11799/1/4 11806/1/4
f 11805/3/4 11798/3/4 11806/3/4
f 11806/1/4 11799/1/4 11807/1/4
f 11802/1/4 11803/1/4 11808/1/4
f 11803/3/4 11804/3/4 11809/3/4
f 11808/1/4 11803/1/4 11809/1/4
f 11809/3/4 11804/3/4 11810/3/4
f 11811/3/4 11812/3/4 11817/3/4
f 11812/1/4 11813/1/4 11818/1/4
f 11817/3/4 11812/3/4 11818/3/4
f 11818/1/4 11813/1/4 11819/1/4
f 11814/1/4 11815/1/4 11822/1/4
f 11815/3/4 11816/3/4 11823/3/4
f 11822/1/4 11815/1/4 11823/1/4
f 11823/3/4 11816/3/4 11824/3/4
f 11819/3/4 11820/3/4 11825/3/4
f 11820/1/4 11821/1/4 11826/1/4
f 11825/3/4 11820/3/4 11826/3/4
f 11821/3/4 11822/3/4 11827/3/4
f 11826/1/4 11821/1/4 11827/1/4
f 11827/3/4 11822/3/4 11828/3/4
f 11829/3/4 11830/3/4 11835/3/4
f 11830/1/4 11831/1/4 11836/1/4
f 11835/3/4 11830/3/4 11836/3/4
f 11831/3/4 11832/3/4 11837/3/4
f 11836/1/4 11831/1/4 11837/1/4
f 11837/3/4 11832/3/4 11838/3/4
f 11833/3/4 11834/3/4 11841/3/4
f 11841/3/4 11834/3/4 11842/3/4
f 11834/1/4 11835/1/4 11843/1/4
f 11842/3/4 11834/3/4 11843/3/4
f 11843/1/4 11835/1/4 11844/1/4
f 11838/1/4 11839/1/4 11847/1/4
f 11839/3/4 11840/3/4 11848/3/4
f 11847/1/4 11839/1/4 11848/1/4
f 11848/3/4 11840/3/4 11849/3/4
f 11844/3/4 11845/3/4 11850/3/4
f 11845/1/4 11846/1/4 11851/1/4
f 11850/3/4 11845/3/4 11851/3/4
f 11846/3/4 11847/3/4 11852/3/4
f 11851/1/4 11846/1/4 11852/1/4
f 11852/3/4 11847/3/4 11853/3/4
f 11854/1/4 11855/1/4 11856/1/4
f 11856/1/4 11855/1/4 11857/1/4
f 11857/1/4 11855/1/4 11859/1/4
f 11858/1/4 11859/1/4 11860/1/4
f 11860/1/4 11859/1/4 11861/1/4
f 11859/1/4 11855/1/4 11862/1/4
f 11861/1/4 11859/1/4 11862/1/4
f 11863/3/4 11864/3/4 11867/3/4
f 11864/1/4 11865/1/4 11868/1/4
f 11867/3/4 11864/3/4 11868/3/4
f 11865/3/4 11866/3/4 11869/3/4
f 11868/1/4 11865/1/4 11869/1/4
f 11869/3/4 11866/3/4 11870/3/4
f 11871/29/4 11872/29/4 11883/29/4
f 11872/30/4 11873/30/4 11884/30/4
f 11883/29/4 11872/29/4 11884/29/4
f 11873/29/4 11874/29/4 11885/29/4
f 11884/30/4 11873/30/4 11885/30/4
f 11874/30/4 11875/30/4 11886/30/4
f 11885/29/4 11874/29/4 11886/29/4
f 11875/29/4 11876/29/4 11887/29/4
f 11886/30/4 11875/30/4 11887/30/4
f 11887/29/4 11876/29/4 11888/29/4
f 11877/30/4 11878/30/4 11889/30/4
f 11878/29/4 11879/29/4 11890/29/4
f 11889/30/4 11878/30/4 11890/30/4
f 11879/30/4 11880/30/4 11891/30/4
f 11890/29/4 11879/29/4 11891/29/4
f 11891/30/4 11880/30/4 11892/30/4
f 11881/30/4 11882/30/4 11893/30/4
f 11893/30/4 11882/30/4 11894/30/4
f 11895/29/4 11896/29/4 11907/29/4
f 11896/30/4 11897/30/4 11908/30/4
f 11907/29/4 11896/29/4 11908/29/4
f 11897/29/4 11898/29/4 11909/29/4
f 11908/30/4 11897/30/4 11909/30/4
f 11898/30/4 11899/30/4 11910/30/4
f 11909/29/4 11898/29/4 11910/29/4
f 11899/29/4 11900/29/4 11911/29/4
f 11910/30/4 11899/30/4 11911/30/4
f 11911/29/4 11900/29/4 11912/29/4
f 11901/30/4 11902/30/4 11913/30/4
f 11902/29/4 11903/29/4 11914/29/4
f 11913/30/4 11902/30/4 11914/30/4
f 11903/30/4 11904/30/4 11915/30/4
f 11914/29/4 11903/29/4 11915/29/4
f 11915/30/4 11904/30/4 11916/30/4
f 11905/30/4 11906/30/4 11917/30/4
f 11917/30/4 11906/30/4 11918/30/4
f 11919/30/4 11920/30/4 11926/30/4
f 11926/30/4 11920/30/4 11927/30/4
f 11921/30/4 11922/30/4 11930/30/4
f 11922/29/4 11923/29/4 11931/29/4
f 11930/30/4 11922/30/4 11931/30/4
f 11923/30/4 11924/30/4 11932/30/4
f 11931/29/4 11923/29/4 11932/29/4
f 11932/30/4 11924/30/4 11933/30/4
f 11925/30/4 11926/30/4 11938/30/4
f 11938/30/4 11926/30/4 11939/30/4
f 11927/30/4 11928/30/4 11940/30/4
f 11940/30/4 11928/30/4 11941/30/4
f 11929/30/4 11930/30/4 11943/30/4
f 11943/30/4 11930/30/4 11944/30/4
f 11933/30/4 11934/30/4 11945/30/4
f 11945/30/4 11934/30/4 11946/30/4
f 11935/29/4 11936/29/4 11947/29/4
f 11936/30/4 11937/30/4 11948/30/4
f 11947/29/4 11936/29/4 11948/29/4
f 11937/29/4 11938/29/4 11949/29/4
f 11948/30/4 11937/30/4 11949/30/4
f 11949/29/4 11938/29/4 11950/29/4
f 11941/30/4 11942/30/4 11951/30/4
f 11951/30/4 11942/30/4 11952/30/4
f 11953/30/4 11954/30/4 11955/30/4
f 11955/30/4 11954/30/4 11956/30/4
f 11957/30/4 11958/30/4 11959/30/4
f 11959/30/4 11958/30/4 11960/30/4
f 11961/30/4 11962/30/4 11971/30/4
f 11971/30/4 11962/30/4 11972/30/4
f 11963/30/4 11964/30/4 11975/30/4
f 11975/30/4 11964/30/4 11976/30/4
f 11965/29/4 11966/29/4 11977/29/4
f 11966/30/4 11967/30/4 11978/30/4
f 11977/29/4 11966/29/4 11978/29/4
f 11967/29/4 11968/29/4 11979/29/4
f 11978/30/4 11967/30/4 11979/30/4
f 11979/29/4 11968/29/4 11980/29/4
f 11969/30/4 11970/30/4 11983/30/4
f 11983/30/4 11970/30/4 11984/30/4
f 11972/30/4 11973/30/4 11985/30/4
f 11973/29/4 11974/29/4 11986/29/4
f 11985/30/4 11973/30/4 11986/30/4
f 11974/30/4 11975/30/4 11987/30/4
f 11986/29/4 11974/29/4 11987/29/4
f 11987/30/4 11975/30/4 11988/30/4
f 11980/30/4 11981/30/4 11989/30/4
f 11989/30/4 11981/30/4 11990/30/4
f 11982/30/4 11983/30/4 11991/30/4
f 11991/30/4 11983/30/4 11992/30/4
f 11990/30/4 11991/30/4 11993/30/4
f 11993/30/4 11991/30/4 11994/30/4
f 11995/30/4 11996/30/4 12002/30/4
f 12002/30/4 11996/30/4 12003/30/4
f 11997/30/4 11998/30/4 12006/30/4
f 11998/29/4 11999/29/4 12007/29/4
f 12006/30/4 11998/30/4 12007/30/4
f 11999/30/4 12000/30/4 12008/30/4
f 12007/29/4 11999/29/4 12008/29/4
f 12008/30/4 12000/30/4 12009/30/4
f 12001/30/4 12002/30/4 12014/30/4
f 12014/30/4 12002/30/4 12015/30/4
f 12003/30/4 12004/30/4 12016/30/4
f 12016/30/4 12004/30/4 12017/30/4
f 12005/30/4 12006/30/4 12024/30/4
f 12024/30/4 12006/30/4 12025/30/4
f 12009/30/4 12010/30/4 12026/30/4
f 12026/30/4 12010/30/4 12027/30/4
f 12011/29/4 12012/29/4 12028/29/4
f 12012/30/4 12013/30/4 12029/30/4
f 12028/29/4 12012/29/4 12029/29/4
f 12013/29/4 12014/29/4 12030/29/4
f 12029/30/4 12013/30/4 12030/30/4
f 12030/29/4 12014/29/4 12031/29/4
f 12017/30/4 12018/30/4 12032/30/4
f 12032/30/4 12018/30/4 12033/30/4
f 12019/29/4 12020/29/4 12034/29/4
f 12027/30/4 12028/30/4 12035/30/4
f 12035/30/4 12028/30/4 12036/30/4
f 12034/29/4 12020/29/4 12039/29/4
f 12020/30/4 12021/30/4 12040/30/4
f 12039/29/4 12020/29/4 12040/29/4
f 12021/29/4 12022/29/4 12041/29/4
f 12040/30/4 12021/30/4 12041/30/4
f 12022/30/4 12023/30/4 12042/30/4
f 12041/29/4 12022/29/4 12042/29/4
f 12023/29/4 12024/29/4 12043/29/4
f 12042/30/4 12023/30/4 12043/30/4
f 12043/29/4 12024/29/4 12044/29/4
f 12027/30/4 12035/30/4 12045/30/4
f 12035/29/4 12036/29/4 12046/29/4
f 12045/30/4 12035/30/4 12046/30/4
f 12036/30/4 12028/30/4 12047/30/4
f 12046/29/4 12036/29/4 12047/29/4
f 12047/30/4 12028/30/4 12048/30/4
f 12037/30/4 12038/30/4 12049/30/4
f 12049/30/4 12038/30/4 12050/30/4
f 12057/30/4 12058/30/4 12063/30/4
f 12058/29/4 12059/29/4 12063/29/4
f 12059/30/4 12060/30/4 12064/30/4
f 12063/29/4 12059/29/4 12064/29/4
f 12061/30/4 12062/30/4 12065/30/4
f 12065/30/4 12062/30/4 12066/30/4
f 12051/29/4 12052/29/4 12067/29/4
f 12052/30/4 12053/30/4 12068/30/4
f 12067/29/4 12052/29/4 12068/29/4
f 12053/29/4 12054/29/4 12069/29/4
f 12068/30/4 12053/30/4 12069/30/4
f 12054/30/4 12055/30/4 12070/30/4
f 12069/29/4 12054/29/4 12070/29/4
f 12055/29/4 12056/29/4 12071/29/4
f 12070/30/4 12055/30/4 12071/30/4
f 12071/29/4 12056/29/4 12072/29/4
f 12057/30/4 12063/30/4 12075/30/4
f 12063/30/4 12064/30/4 12075/30/4
f 12064/30/4 12060/30/4 12076/30/4
f 12075/30/4 12064/30/4 12076/30/4
f 12072/30/4 12073/30/4 12082/30/4
f 12082/30/4 12073/30/4 12083/30/4
f 12074/30/4 12075/30/4 12086/30/4
f 12086/30/4 12075/30/4 12087/30/4
f 12076/29/4 12077/29/4 12088/29/4
f 12077/30/4 12078/30/4 12089/30/4
f 12088/29/4 12077/29/4 12089/29/4
f 12078/29/4 12079/29/4 12090/29/4
f 12089/30/4 12078/30/4 12090/30/4
f 12090/29/4 12079/29/4 12091/29/4
f 12080/30/4 12081/30/4 12094/30/4
f 12094/30/4 12081/30/4 12095/30/4
f 12083/30/4 12084/30/4 12096/30/4
f 12084/29/4 12085/29/4 12097/29/4
f 12096/30/4 12084/30/4 12097/30/4
f 12085/30/4 12086/30/4 12098/30/4
f 12097/29/4 12085/29/4 12098/29/4
f 12098/30/4 12086/30/4 12099/30/4
f 12091/30/4 12092/30/4 12100/30/4
f 12100/30/4 12092/30/4 12101/30/4
f 12093/30/4 12094/30/4 12102/30/4
f 12102/30/4 12094/30/4 12103/30/4
f 12101/30/4 12102/30/4 12104/30/4
f 12104/30/4 12102/30/4 12105/30/4
f 12106/30/4 12107/30/4 12113/30/4
f 12113/30/4 12107/30/4 12114/30/4
f 12108/30/4 12109/30/4 12117/30/4
f 12109/29/4 12110/29/4 12118/29/4
f 12117/30/4 12109/30/4 12118/30/4
f 12110/30/4 12111/30/4 12119/30/4
f 12118/29/4 12110/29/4 12119/29/4
f 12119/30/4 12111/30/4 12120/30/4
f 12112/30/4 12113/30/4 12125/30/4
f 12125/30/4 12113/30/4 12126/30/4
f 12114/30/4 12115/30/4 12127/30/4
f 12127/30/4 12115/30/4 12128/30/4
f 12116/30/4 12117/30/4 12130/30/4
f 12130/30/4 12117/30/4 12131/30/4
f 12120/30/4 12121/30/4 12132/30/4
f 12132/30/4 12121/30/4 12133/30/4
f 12122/29/4 12123/29/4 12134/29/4
f 12123/30/4 12124/30/4 12135/30/4
f 12134/29/4 12123/29/4 12135/29/4
f 12124/29/4 12125/29/4 12136/29/4
f 12135/30/4 12124/30/4 12136/30/4
f 12136/29/4 12125/29/4 12137/29/4
f 12128/30/4 12129/30/4 12138/30/4
f 12138/30/4 12129/30/4 12139/30/4
f 12146/30/4 12147/30/4 12150/30/4
f 12150/30/4 12147/30/4 12151/30/4
f 12146/30/4 12150/30/4 12152/30/4
f 12150/29/4 12151/29/4 12152/29/4
f 12151/30/4 12147/30/4 12153/30/4
f 12152/29/4 12151/29/4 12153/29/4
f 12140/29/4 12141/29/4 12154/29/4
f 12141/30/4 12142/30/4 12155/30/4
f 12154/29/4 12141/29/4 12155/29/4
f 12142/29/4 12143/29/4 12156/29/4
f 12155/30/4 12142/30/4 12156/30/4
f 12143/30/4 12144/30/4 12157/30/4
f 12156/29/4 12143/29/4 12157/29/4
f 12144/29/4 12145/29/4 12158/29/4
f 12157/30/4 12144/30/4 12158/30/4
f 12158/29/4 12145/29/4 12159/29/4
f 12146/30/4 12152/30/4 12160/30/4
f 12152/30/4 12153/30/4 12160/30/4
f 12153/30/4 12147/30/4 12161/30/4
f 12160/30/4 12153/30/4 12161/30/4
f 12148/30/4 12149/30/4 12162/30/4
f 12162/30/4 12149/30/4 12163/30/4
f 12164/30/4 12165/30/4 12174/30/4
f 12174/30/4 12165/30/4 12175/30/4
f 12166/30/4 12167/30/4 12178/30/4
f 12178/30/4 12167/30/4 12179/30/4
f 12168/29/4 12169/29/4 12180/29/4
f 12169/30/4 12170/30/4 12181/30/4
f 12180/29/4 12169/29/4 12181/29/4
f 12170/29/4 12171/29/4 12182/29/4
f 12181/30/4 12170/30/4 12182/30/4
f 12182/29/4 12171/29/4 12183/29/4
f 12172/30/4 12173/30/4 12186/30/4
f 12186/30/4 12173/30/4 12187/30/4
f 12175/30/4 12176/30/4 12188/30/4
f 12176/29/4 12177/29/4 12189/29/4
f 12188/30/4 12176/30/4 12189/30/4
f 12177/30/4 12178/30/4 12190/30/4
f 12189/29/4 12177/29/4 12190/29/4
f 12190/30/4 12178/30/4 12191/30/4
f 12183/30/4 12184/30/4 12192/30/4
f 12192/30/4 12184/30/4 12193/30/4
f 12185/30/4 12186/30/4 12194/30/4
f 12194/30/4 12186/30/4 12195/30/4
f 12193/30/4 12194/30/4 12196/30/4
f 12196/30/4 12194/30/4 12197/30/4
f 12198/30/4 12199/30/4 12205/30/4
f 12205/30/4 12199/30/4 12206/30/4
f 12200/30/4 12201/30/4 12209/30/4
f 12201/29/4 12202/29/4 12210/29/4
f 12209/30/4 12201/30/4 12210/30/4
f 12202/30/4 12203/30/4 12211/30/4
f 12210/29/4 12202/29/4 12211/29/4
f 12211/30/4 12203/30/4 12212/30/4
f 12204/30/4 12205/30/4 12217/30/4
f 12217/30/4 12205/30/4 12218/30/4
f 12206/30/4 12207/30/4 12219/30/4
f 12219/30/4 12207/30/4 12220/30/4
f 12208/30/4 12209/30/4 12222/30/4
f 12222/30/4 12209/30/4 12223/30/4
f 12212/30/4 12213/30/4 12226/30/4
f 12226/30/4 12213/30/4 12227/30/4
f 12214/29/4 12215/29/4 12228/29/4
f 12215/30/4 12216/30/4 12229/30/4
f 12228/29/4 12215/29/4 12229/29/4
f 12216/29/4 12217/29/4 12230/29/4
f 12229/30/4 12216/30/4 12230/30/4
f 12230/29/4 12217/29/4 12231/29/4
f 12220/30/4 12221/30/4 12234/30/4
f 12234/30/4 12221/30/4 12235/30/4
f 12223/30/4 12224/30/4 12236/30/4
f 12224/29/4 12225/29/4 12237/29/4
f 12236/30/4 12224/30/4 12237/30/4
f 12225/30/4 12226/30/4 12238/30/4
f 12237/29/4 12225/29/4 12238/29/4
f 12238/30/4 12226/30/4 12239/30/4
f 12231/30/4 12232/30/4 12240/30/4
f 12240/30/4 12232/30/4 12241/30/4
f 12233/30/4 12234/30/4 12242/30/4
f 12242/30/4 12234/30/4 12243/30/4
f 12241/30/4 12242/30/4 12244/30/4
f 12244/30/4 12242/30/4 12245/30/4
f 12246/30/4 12247/30/4 12253/30/4
f 12253/30/4 12247/30/4 12254/30/4
f 12248/30/4 12249/30/4 12256/30/4
f 12249/29/4 12250/29/4 12257/29/4
f 12256/30/4 12249/30/4 12257/30/4
f 12250/30/4 12251/30/4 12258/30/4
f 12257/29/4 12250/29/4 12258/29/4
f 12258/30/4 12251/30/4 12259/30/4
f 12252/30/4 12253/30/4 12260/30/4
f 12260/30/4 12253/30/4 12261/30/4
f 12254/30/4 12255/30/4 12262/30/4
f 12262/30/4 12255/30/4 12263/30/4
f 12261/30/4 12262/30/4 12264/30/4
f 12264/30/4 12262/30/4 12265/30/4
f 12266/30/4 12267/30/4 12268/30/4
f 12268/30/4 12267/30/4 12269/30/4
f 12270/3/4 12271/3/4 12272/3/4
f 12272/3/4 12271/3/4 12273/3/4
f 12273/3/4 12271/3/4 12274/3/4
f 12275/3/4 12276/3/4 12278/3/4
f 12276/3/4 12277/3/4 12278/3/4
f 12278/3/4 12277/3/4 12279/3/4
f 12280/15/4 12281/15/4 12285/15/4
f 12285/15/4 12281/15/4 12286/15/4
f 12281/7/4 12282/7/4 12287/7/4
f 12286/15/4 12281/15/4 12287/15/4
f 12282/8/4 12283/8/4 12288/8/4
f 12285/15/4 12286/15/4 12290/15/4
f 12284/15/4 12285/15/4 12290/15/4
f 12290/15/4 12286/15/4 12291/15/4
f 12286/7/4 12287/7/4 12292/7/4
f 12291/15/4 12286/15/4 12292/15/4
f 12287/7/4 12282/7/4 12293/7/4
f 12292/7/4 12287/7/4 12293/7/4
f 12288/9/4 12289/9/4 12294/9/4
f 12282/8/4 12288/8/4 12294/8/4
f 12294/9/4 12289/9/4 12295/9/4
f 12291/15/4 12292/15/4 12296/15/4
f 12292/15/4 12293/15/4 12296/15/4
f 12293/7/4 12282/7/4 12297/7/4
f 12296/15/4 12293/15/4 12297/15/4
f 12282/8/4 12294/8/4 12298/8/4
f 12297/7/4 12282/7/4 12298/7/4
f 12298/8/4 12294/8/4 12299/8/4
f 12284/15/4 12290/15/4 12300/15/4
f 12300/15/4 12290/15/4 12301/15/4
f 12302/14/4 12303/14/4 12305/14/4
f 12304/14/4 12305/14/4 12306/14/4
f 12305/14/4 12303/14/4 12307/14/4
f 12306/14/4 12305/14/4 12307/14/4
f 12307/14/4 12303/14/4 12308/14/4
f 12308/14/4 12303/14/4 12309/14/4
f 12310/14/4 12311/14/4 12313/14/4
f 12312/14/4 12313/14/4 12314/14/4
f 12313/14/4 12311/14/4 12315/14/4
f 12314/14/4 12313/14/4 12315/14/4
f 12315/14/4 12311/14/4 12316/14/4
f 12316/14/4 12311/14/4 12317/14/4
f 12318/15/4 12319/15/4 12324/15/4
f 12320/15/4 12321/15/4 12325/15/4
f 12325/15/4 12321/15/4 12326/15/4
f 12321/7/4 12322/7/4 12327/7/4
f 12326/15/4 12321/15/4 12327/15/4
f 12322/8/4 12323/8/4 12328/8/4
f 12324/15/4 12325/15/4 12330/15/4
f 12318/15/4 12324/15/4 12330/15/4
f 12325/15/4 12326/15/4 12330/15/4
f 12330/15/4 12326/15/4 12331/15/4
f 12326/7/4 12327/7/4 12332/7/4
f 12331/15/4 12326/15/4 12332/15/4
f 12327/7/4 12322/7/4 12333/7/4
f 12332/7/4 12327/7/4 12333/7/4
f 12322/8/4 12328/8/4 12334/8/4
f 12328/9/4 12329/9/4 12334/9/4
f 12334/9/4 12329/9/4 12335/9/4
f 12332/15/4 12333/15/4 12336/15/4
f 12331/15/4 12332/15/4 12336/15/4
f 12333/7/4 12322/7/4 12337/7/4
f 12336/15/4 12333/15/4 12337/15/4
f 12322/8/4 12334/8/4 12338/8/4
f 12337/7/4 12322/7/4 12338/7/4
f 12338/8/4 12334/8/4 12339/8/4
f 12340/15/4 12341/15/4 12350/15/4
f 12341/4/4 12342/4/4 12351/4/4
f 12350/15/4 12341/15/4 12351/15/4
f 12342/5/4 12343/5/4 12352/5/4
f 12351/4/4 12342/4/4 12352/4/4
f 12343/15/4 12344/15/4 12353/15/4
f 12352/5/4 12343/5/4 12353/5/4
f 12344/5/4 12345/5/4 12354/5/4
f 12353/15/4 12344/15/4 12354/15/4
f 12345/4/4 12346/4/4 12355/4/4
f 12354/5/4 12345/5/4 12355/5/4
f 12346/15/4 12347/15/4 12356/15/4
f 12355/4/4 12346/4/4 12356/4/4
f 12347/25/4 12348/25/4 12357/25/4
f 12356/15/4 12347/15/4 12357/15/4
f 12348/15/4 12349/15/4 12358/15/4
f 12357/25/4 12348/25/4 12358/25/4
f 12358/15/4 12349/15/4 12359/15/4
f 12360/15/4 12361/15/4 12370/15/4
f 12361/4/4 12362/4/4 12371/4/4
f 12370/15/4 12361/15/4 12371/15/4
f 12362/5/4 12363/5/4 12372/5/4
f 12371/4/4 12362/4/4 12372/4/4
f 12363/15/4 12364/15/4 12373/15/4
f 12372/5/4 12363/5/4 12373/5/4
f 12364/5/4 12365/5/4 12374/5/4
f 12373/15/4 12364/15/4 12374/15/4
f 12365/4/4 12366/4/4 12375/4/4
f 12374/5/4 12365/5/4 12375/5/4
f 12366/15/4 12367/15/4 12376/15/4
f 12375/4/4 12366/4/4 12376/4/4
f 12367/25/4 12368/25/4 12377/25/4
f 12376/15/4 12367/15/4 12377/15/4
f 12368/15/4 12369/15/4 12378/15/4
f 12377/25/4 12368/25/4 12378/25/4
f 12378/15/4 12369/15/4 12379/15/4
f 12381/4/4 12382/4/4 12390/4/4
f 12382/5/4 12383/5/4 12390/5/4
f 12383/15/4 12384/15/4 12391/15/4
f 12390/5/4 12383/5/4 12391/5/4
f 12384/5/4 12385/5/4 12392/5/4
f 12391/15/4 12384/15/4 12392/15/4
f 12385/4/4 12386/4/4 12393/4/4
f 12392/5/4 12385/5/4 12393/5/4
f 12381/4/4 12390/4/4 12394/4/4
f 12390/15/4 12391/15/4 12394/15/4
f 12391/5/4 12392/5/4 12395/5/4
f 12394/15/4 12391/15/4 12395/15/4
f 12392/15/4 12393/15/4 12396/15/4
f 12395/5/4 12392/5/4 12396/5/4
f 12393/4/4 12386/4/4 12397/4/4
f 12396/15/4 12393/15/4 12397/15/4
f 12394/5/4 12395/5/4 12398/5/4
f 12381/4/4 12394/4/4 12398/4/4
f 12395/15/4 12396/15/4 12399/15/4
f 12398/5/4 12395/5/4 12399/5/4
f 12396/5/4 12397/5/4 12400/5/4
f 12399/15/4 12396/15/4 12400/15/4
f 12397/4/4 12386/4/4 12401/4/4
f 12400/5/4 12397/5/4 12401/5/4
f 12381/4/4 12398/4/4 12402/4/4
f 12399/15/4 12400/15/4 12402/15/4
f 12400/15/4 12401/15/4 12402/15/4
f 12398/15/4 12399/15/4 12402/15/4
f 12402/15/4 12401/15/4 12403/15/4
f 12403/15/4 12401/15/4 12404/15/4
f 12401/4/4 12386/4/4 12405/4/4
f 12404/15/4 12401/15/4 12405/15/4
f 12381/4/4 12402/4/4 12406/4/4
f 12402/5/4 12403/5/4 12406/5/4
f 12403/15/4 12404/15/4 12407/15/4
f 12406/5/4 12403/5/4 12407/5/4
f 12404/5/4 12405/5/4 12408/5/4
f 12407/15/4 12404/15/4 12408/15/4
f 12405/4/4 12386/4/4 12409/4/4
f 12408/5/4 12405/5/4 12409/5/4
f 12381/4/4 12406/4/4 12410/4/4
f 12406/15/4 12407/15/4 12410/15/4
f 12407/5/4 12408/5/4 12411/5/4
f 12410/15/4 12407/15/4 12411/15/4
f 12408/15/4 12409/15/4 12412/15/4
f 12411/5/4 12408/5/4 12412/5/4
f 12409/4/4 12386/4/4 12413/4/4
f 12412/15/4 12409/15/4 12413/15/4
f 12381/4/4 12410/4/4 12414/4/4
f 12410/5/4 12411/5/4 12414/5/4
f 12411/15/4 12412/15/4 12415/15/4
f 12414/5/4 12411/5/4 12415/5/4
f 12412/5/4 12413/5/4 12416/5/4
f 12415/15/4 12412/15/4 12416/15/4
f 12413/4/4 12386/4/4 12417/4/4
f 12416/5/4 12413/5/4 12417/5/4
f 12381/4/4 12414/4/4 12418/4/4
f 12415/15/4 12416/15/4 12418/15/4
f 12416/15/4 12417/15/4 12418/15/4
f 12414/15/4 12415/15/4 12418/15/4
f 12418/15/4 12417/15/4 12419/15/4
f 12419/15/4 12417/15/4 12420/15/4
f 12417/4/4 12386/4/4 12421/4/4
f 12420/15/4 12417/15/4 12421/15/4
f 12381/4/4 12418/4/4 12422/4/4
f 12418/5/4 12419/5/4 12422/5/4
f 12419/15/4 12420/15/4 12423/15/4
f 12422/5/4 12419/5/4 12423/5/4
f 12420/5/4 12421/5/4 12424/5/4
f 12423/15/4 12420/15/4 12424/15/4
f 12421/4/4 12386/4/4 12425/4/4
f 12424/5/4 12421/5/4 12425/5/4
f 12381/4/4 12422/4/4 12426/4/4
f 12422/15/4 12423/15/4 12426/15/4
f 12423/5/4 12424/5/4 12427/5/4
f 12426/15/4 12423/15/4 12427/15/4
f 12424/15/4 12425/15/4 12428/15/4
f 12427/5/4 12424/5/4 12428/5/4
f 12425/4/4 12386/4/4 12429/4/4
f 12428/15/4 12425/15/4 12429/15/4
f 12381/4/4 12426/4/4 12430/4/4
f 12426/5/4 12427/5/4 12430/5/4
f 12427/15/4 12428/15/4 12431/15/4
f 12430/5/4 12427/5/4 12431/5/4
f 12428/5/4 12429/5/4 12432/5/4
f 12431/15/4 12428/15/4 12432/15/4
f 12429/4/4 12386/4/4 12433/4/4
f 12432/5/4 12429/5/4 12433/5/4
f 12381/4/4 12430/4/4 12434/4/4
f 12431/15/4 12432/15/4 12434/15/4
f 12432/15/4 12433/15/4 12434/15/4
f 12430/15/4 12431/15/4 12434/15/4
f 12434/15/4 12433/15/4 12435/15/4
f 12435/15/4 12433/15/4 12436/15/4
f 12433/4/4 12386/4/4 12437/4/4
f 12436/15/4 12433/15/4 12437/15/4
f 12381/4/4 12434/4/4 12438/4/4
f 12434/5/4 12435/5/4 12438/5/4
f 12435/15/4 12436/15/4 12439/15/4
f 12438/5/4 12435/5/4 12439/5/4
f 12436/5/4 12437/5/4 12440/5/4
f 12439/15/4 12436/15/4 12440/15/4
f 12437/4/4 12386/4/4 12441/4/4
f 12440/5/4 12437/5/4 12441/5/4
f 12381/4/4 12438/4/4 12442/4/4
f 12438/15/4 12439/15/4 12442/15/4
f 12439/5/4 12440/5/4 12443/5/4
f 12442/15/4 12439/15/4 12443/15/4
f 12440/15/4 12441/15/4 12444/15/4
f 12443/5/4 12440/5/4 12444/5/4
f 12441/4/4 12386/4/4 12445/4/4
f 12444/15/4 12441/15/4 12445/15/4
f 12381/4/4 12442/4/4 12446/4/4
f 12442/5/4 12443/5/4 12446/5/4
f 12443/15/4 12444/15/4 12447/15/4
f 12446/5/4 12443/5/4 12447/5/4
f 12444/5/4 12445/5/4 12448/5/4
f 12447/15/4 12444/15/4 12448/15/4
f 12445/4/4 12386/4/4 12449/4/4
f 12448/5/4 12445/5/4 12449/5/4
f 12381/4/4 12446/4/4 12450/4/4
f 12447/15/4 12448/15/4 12450/15/4
f 12448/15/4 12449/15/4 12450/15/4
f 12446/15/4 12447/15/4 12450/15/4
f 12450/15/4 12449/15/4 12451/15/4
f 12451/15/4 12449/15/4 12452/15/4
f 12449/4/4 12386/4/4 12453/4/4
f 12452/15/4 12449/15/4 12453/15/4
f 12381/4/4 12450/4/4 12454/4/4
f 12450/5/4 12451/5/4 12454/5/4
f 12451/15/4 12452/15/4 12455/15/4
f 12454/5/4 12451/5/4 12455/5/4
f 12452/5/4 12453/5/4 12456/5/4
f 12455/15/4 12452/15/4 12456/15/4
f 12453/4/4 12386/4/4 12457/4/4
f 12456/5/4 12453/5/4 12457/5/4
f 12381/4/4 12454/4/4 12458/4/4
f 12454/15/4 12455/15/4 12458/15/4
f 12455/5/4 12456/5/4 12459/5/4
f 12458/15/4 12455/15/4 12459/15/4
f 12456/15/4 12457/15/4 12460/15/4
f 12459/5/4 12456/5/4 12460/5/4
f 12457/4/4 12386/4/4 12461/4/4
f 12460/15/4 12457/15/4 12461/15/4
f 12381/4/4 12458/4/4 12462/4/4
f 12458/5/4 12459/5/4 12462/5/4
f 12459/15/4 12460/15/4 12463/15/4
f 12462/5/4 12459/5/4 12463/5/4
f 12460/5/4 12461/5/4 12464/5/4
f 12463/15/4 12460/15/4 12464/15/4
f 12461/4/4 12386/4/4 12465/4/4
f 12464/5/4 12461/5/4 12465/5/4
f 12381/4/4 12462/4/4 12466/4/4
f 12463/15/4 12464/15/4 12466/15/4
f 12464/15/4 12465/15/4 12466/15/4
f 12462/15/4 12463/15/4 12466/15/4
f 12466/15/4 12465/15/4 12467/15/4
f 12467/15/4 12465/15/4 12468/15/4
f 12465/4/4 12386/4/4 12469/4/4
f 12468/15/4 12465/15/4 12469/15/4
f 12381/4/4 12466/4/4 12470/4/4
f 12466/5/4 12467/5/4 12470/5/4
f 12467/15/4 12468/15/4 12471/15/4
f 12470/5/4 12467/5/4 12471/5/4
f 12468/5/4 12469/5/4 12472/5/4
f 12471/15/4 12468/15/4 12472/15/4
f 12469/4/4 12386/4/4 12473/4/4
f 12472/5/4 12469/5/4 12473/5/4
f 12381/4/4 12470/4/4 12474/4/4
f 12470/15/4 12471/15/4 12474/15/4
f 12471/5/4 12472/5/4 12475/5/4
f 12474/15/4 12471/15/4 12475/15/4
f 12472/15/4 12473/15/4 12476/15/4
f 12475/5/4 12472/5/4 12476/5/4
f 12473/4/4 12386/4/4 12477/4/4
f 12476/15/4 12473/15/4 12477/15/4
f 12381/4/4 12474/4/4 12478/4/4
f 12474/5/4 12475/5/4 12478/5/4
f 12475/15/4 12476/15/4 12479/15/4
f 12478/5/4 12475/5/4 12479/5/4
f 12476/5/4 12477/5/4 12480/5/4
f 12479/15/4 12476/15/4 12480/15/4
f 12477/4/4 12386/4/4 12481/4/4
f 12480/5/4 12477/5/4 12481/5/4
f 12381/4/4 12478/4/4 12482/4/4
f 12479/15/4 12480/15/4 12482/15/4
f 12480/15/4 12481/15/4 12482/15/4
f 12478/15/4 12479/15/4 12482/15/4
f 12482/15/4 12481/15/4 12483/15/4
f 12483/15/4 12481/15/4 12484/15/4
f 12481/4/4 12386/4/4 12485/4/4
f 12484/15/4 12481/15/4 12485/15/4
f 12381/4/4 12482/4/4 12486/4/4
f 12482/5/4 12483/5/4 12486/5/4
f 12483/15/4 12484/15/4 12487/15/4
f 12486/5/4 12483/5/4 12487/5/4
f 12484/5/4 12485/5/4 12488/5/4
f 12487/15/4 12484/15/4 12488/15/4
f 12485/4/4 12386/4/4 12489/4/4
f 12488/5/4 12485/5/4 12489/5/4
f 12381/4/4 12486/4/4 12490/4/4
f 12486/15/4 12487/15/4 12490/15/4
f 12487/5/4 12488/5/4 12491/5/4
f 12490/15/4 12487/15/4 12491/15/4
f 12488/15/4 12489/15/4 12492/15/4
f 12491/5/4 12488/5/4 12492/5/4
f 12489/4/4 12386/4/4 12493/4/4
f 12492/15/4 12489/15/4 12493/15/4
f 12381/4/4 12490/4/4 12494/4/4
f 12490/5/4 12491/5/4 12494/5/4
f 12491/15/4 12492/15/4 12495/15/4
f 12494/5/4 12491/5/4 12495/5/4
f 12492/5/4 12493/5/4 12496/5/4
f 12495/15/4 12492/15/4 12496/15/4
f 12493/4/4 12386/4/4 12497/4/4
f 12496/5/4 12493/5/4 12497/5/4
f 12381/4/4 12494/4/4 12498/4/4
f 12495/15/4 12496/15/4 12498/15/4
f 12496/15/4 12497/15/4 12498/15/4
f 12494/15/4 12495/15/4 12498/15/4
f 12498/15/4 12497/15/4 12499/15/4
f 12499/15/4 12497/15/4 12500/15/4
f 12497/4/4 12386/4/4 12501/4/4
f 12500/15/4 12497/15/4 12501/15/4
f 12381/4/4 12498/4/4 12502/4/4
f 12498/5/4 12499/5/4 12502/5/4
f 12499/15/4 12500/15/4 12503/15/4
f 12502/5/4 12499/5/4 12503/5/4
f 12500/5/4 12501/5/4 12504/5/4
f 12503/15/4 12500/15/4 12504/15/4
f 12501/4/4 12386/4/4 12505/4/4
f 12504/5/4 12501/5/4 12505/5/4
f 12381/4/4 12502/4/4 12506/4/4
f 12502/15/4 12503/15/4 12506/15/4
f 12503/5/4 12504/5/4 12507/5/4
f 12506/15/4 12503/15/4 12507/15/4
f 12504/15/4 12505/15/4 12508/15/4
f 12507/5/4 12504/5/4 12508/5/4
f 12505/4/4 12386/4/4 12509/4/4
f 12508/15/4 12505/15/4 12509/15/4
f 12381/4/4 12506/4/4 12510/4/4
f 12506/5/4 12507/5/4 12510/5/4
f 12507/15/4 12508/15/4 12511/15/4
f 12510/5/4 12507/5/4 12511/5/4
f 12508/5/4 12509/5/4 12512/5/4
f 12511/15/4 12508/15/4 12512/15/4
f 12509/4/4 12386/4/4 12513/4/4
f 12512/5/4 12509/5/4 12513/5/4
f 12381/4/4 12510/4/4 12514/4/4
f 12511/15/4 12512/15/4 12514/15/4
f 12512/15/4 12513/15/4 12514/15/4
f 12510/15/4 12511/15/4 12514/15/4
f 12514/15/4 12513/15/4 12515/15/4
f 12515/15/4 12513/15/4 12516/15/4
f 12513/4/4 12386/4/4 12517/4/4
f 12516/15/4 12513/15/4 12517/15/4
f 12381/4/4 12514/4/4 12518/4/4
f 12514/5/4 12515/5/4 12518/5/4
f 12515/15/4 12516/15/4 12519/15/4
f 12518/5/4 12515/5/4 12519/5/4
f 12516/5/4 12517/5/4 12520/5/4
f 12519/15/4 12516/15/4 12520/15/4
f 12517/4/4 12386/4/4 12521/4/4
f 12520/5/4 12517/5/4 12521/5/4
f 12381/4/4 12518/4/4 12522/4/4
f 12518/15/4 12519/15/4 12522/15/4
f 12519/5/4 12520/5/4 12523/5/4
f 12522/15/4 12519/15/4 12523/15/4
f 12520/15/4 12521/15/4 12524/15/4
f 12523/5/4 12520/5/4 12524/5/4
f 12521/4/4 12386/4/4 12525/4/4
f 12524/15/4 12521/15/4 12525/15/4
f 12381/4/4 12522/4/4 12526/4/4
f 12522/5/4 12523/5/4 12526/5/4
f 12523/15/4 12524/15/4 12527/15/4
f 12526/5/4 12523/5/4 12527/5/4
f 12524/5/4 12525/5/4 12528/5/4
f 12527/15/4 12524/15/4 12528/15/4
f 12525/4/4 12386/4/4 12529/4/4
f 12528/5/4 12525/5/4 12529/5/4
f 12381/4/4 12526/4/4 12530/4/4
f 12527/15/4 12528/15/4 12530/15/4
f 12528/15/4 12529/15/4 12530/15/4
f 12526/15/4 12527/15/4 12530/15/4
f 12530/15/4 12529/15/4 12531/15/4
f 12531/15/4 12529/15/4 12532/15/4
f 12529/4/4 12386/4/4 12533/4/4
f 12532/15/4 12529/15/4 12533/15/4
f 12381/4/4 12530/4/4 12534/4/4
f 12530/5/4 12531/5/4 12534/5/4
f 12531/15/4 12532/15/4 12535/15/4
f 12534/5/4 12531/5/4 12535/5/4
f 12532/5/4 12533/5/4 12536/5/4
f 12535/15/4 12532/15/4 12536/15/4
f 12533/4/4 12386/4/4 12537/4/4
f 12536/5/4 12533/5/4 12537/5/4
f 12381/4/4 12534/4/4 12538/4/4
f 12534/15/4 12535/15/4 12538/15/4
f 12535/5/4 12536/5/4 12539/5/4
f 12538/15/4 12535/15/4 12539/15/4
f 12536/15/4 12537/15/4 12540/15/4
f 12539/5/4 12536/5/4 12540/5/4
f 12537/4/4 12386/4/4 12541/4/4
f 12540/15/4 12537/15/4 12541/15/4
f 12381/4/4 12538/4/4 12542/4/4
f 12538/5/4 12539/5/4 12542/5/4
f 12539/15/4 12540/15/4 12543/15/4
f 12542/5/4 12539/5/4 12543/5/4
f 12540/5/4 12541/5/4 12544/5/4
f 12543/15/4 12540/15/4 12544/15/4
f 12541/4/4 12386/4/4 12545/4/4
f 12544/5/4 12541/5/4 12545/5/4
f 12381/4/4 12542/4/4 12546/4/4
f 12543/15/4 12544/15/4 12546/15/4
f 12544/15/4 12545/15/4 12546/15/4
f 12542/15/4 12543/15/4 12546/15/4
f 12546/15/4 12545/15/4 12547/15/4
f 12547/15/4 12545/15/4 12548/15/4
f 12545/4/4 12386/4/4 12549/4/4
f 12548/15/4 12545/15/4 12549/15/4
f 12381/4/4 12546/4/4 12550/4/4
f 12546/5/4 12547/5/4 12550/5/4
f 12547/15/4 12548/15/4 12551/15/4
f 12550/5/4 12547/5/4 12551/5/4
f 12548/5/4 12549/5/4 12552/5/4
f 12551/15/4 12548/15/4 12552/15/4
f 12549/4/4 12386/4/4 12553/4/4
f 12552/5/4 12549/5/4 12553/5/4
f 12381/4/4 12550/4/4 12554/4/4
f 12550/15/4 12551/15/4 12554/15/4
f 12551/5/4 12552/5/4 12555/5/4
f 12554/15/4 12551/15/4 12555/15/4
f 12552/15/4 12553/15/4 12556/15/4
f 12555/5/4 12552/5/4 12556/5/4
f 12553/4/4 12386/4/4 12557/4/4
f 12556/15/4 12553/15/4 12557/15/4
f 12381/4/4 12554/4/4 12558/4/4
f 12554/5/4 12555/5/4 12558/5/4
f 12555/15/4 12556/15/4 12559/15/4
f 12558/5/4 12555/5/4 12559/5/4
f 12556/5/4 12557/5/4 12560/5/4
f 12559/15/4 12556/15/4 12560/15/4
f 12557/4/4 12386/4/4 12561/4/4
f 12560/5/4 12557/5/4 12561/5/4
f 12381/4/4 12558/4/4 12562/4/4
f 12559/15/4 12560/15/4 12562/15/4
f 12560/15/4 12561/15/4 12562/15/4
f 12558/15/4 12559/15/4 12562/15/4
f 12562/15/4 12561/15/4 12563/15/4
f 12563/15/4 12561/15/4 12564/15/4
f 12561/4/4 12386/4/4 12565/4/4
f 12564/15/4 12561/15/4 12565/15/4
f 12381/4/4 12562/4/4 12566/4/4
f 12562/5/4 12563/5/4 12566/5/4
f 12563/15/4 12564/15/4 12567/15/4
f 12566/5/4 12563/5/4 12567/5/4
f 12564/5/4 12565/5/4 12568/5/4
f 12567/15/4 12564/15/4 12568/15/4
f 12565/4/4 12386/4/4 12569/4/4
f 12568/5/4 12565/5/4 12569/5/4
f 12381/4/4 12566/4/4 12570/4/4
f 12566/15/4 12567/15/4 12570/15/4
f 12567/5/4 12568/5/4 12571/5/4
f 12570/15/4 12567/15/4 12571/15/4
f 12568/15/4 12569/15/4 12572/15/4
f 12571/5/4 12568/5/4 12572/5/4
f 12569/4/4 12386/4/4 12573/4/4
f 12572/15/4 12569/15/4 12573/15/4
f 12381/4/4 12570/4/4 12574/4/4
f 12570/5/4 12571/5/4 12574/5/4
f 12571/15/4 12572/15/4 12575/15/4
f 12574/5/4 12571/5/4 12575/5/4
f 12572/5/4 12573/5/4 12576/5/4
f 12575/15/4 12572/15/4 12576/15/4
f 12573/4/4 12386/4/4 12577/4/4
f 12576/5/4 12573/5/4 12577/5/4
f 12381/4/4 12574/4/4 12578/4/4
f 12575/15/4 12576/15/4 12578/15/4
f 12576/15/4 12577/15/4 12578/15/4
f 12574/15/4 12575/15/4 12578/15/4
f 12578/15/4 12577/15/4 12579/15/4
f 12579/15/4 12577/15/4 12580/15/4
f 12577/4/4 12386/4/4 12581/4/4
f 12580/15/4 12577/15/4 12581/15/4
f 12381/4/4 12578/4/4 12582/4/4
f 12578/5/4 12579/5/4 12582/5/4
f 12579/15/4 12580/15/4 12583/15/4
f 12582/5/4 12579/5/4 12583/5/4
f 12580/5/4 12581/5/4 12584/5/4
f 12583/15/4 12580/15/4 12584/15/4
f 12581/4/4 12386/4/4 12585/4/4
f 12584/5/4 12581/5/4 12585/5/4
f 12381/4/4 12582/4/4 12586/4/4
f 12582/15/4 12583/15/4 12586/15/4
f 12583/5/4 12584/5/4 12587/5/4
f 12586/15/4 12583/15/4 12587/15/4
f 12584/15/4 12585/15/4 12588/15/4
f 12587/5/4 12584/5/4 12588/5/4
f 12585/4/4 12386/4/4 12589/4/4
f 12588/15/4 12585/15/4 12589/15/4
f 12381/4/4 12586/4/4 12590/4/4
f 12586/5/4 12587/5/4 12590/5/4
f 12587/15/4 12588/15/4 12591/15/4
f 12590/5/4 12587/5/4 12591/5/4
f 12588/5/4 12589/5/4 12592/5/4
f 12591/15/4 12588/15/4 12592/15/4
f 12589/4/4 12386/4/4 12593/4/4
f 12592/5/4 12589/5/4 12593/5/4
f 12381/4/4 12590/4/4 12594/4/4
f 12591/15/4 12592/15/4 12594/15/4
f 12592/15/4 12593/15/4 12594/15/4
f 12590/15/4 12591/15/4 12594/15/4
f 12594/15/4 12593/15/4 12595/15/4
f 12595/15/4 12593/15/4 12596/15/4
f 12593/4/4 12386/4/4 12597/4/4
f 12596/15/4 12593/15/4 12597/15/4
f 12381/4/4 12594/4/4 12598/4/4
f 12594/5/4 12595/5/4 12598/5/4
f 12595/15/4 12596/15/4 12599/15/4
f 12598/5/4 12595/5/4 12599/5/4
f 12596/5/4 12597/5/4 12600/5/4
f 12599/15/4 12596/15/4 12600/15/4
f 12597/4/4 12386/4/4 12601/4/4
f 12600/5/4 12597/5/4 12601/5/4
f 12381/4/4 12598/4/4 12602/4/4
f 12598/15/4 12599/15/4 12602/15/4
f 12599/5/4 12600/5/4 12603/5/4
f 12602/15/4 12599/15/4 12603/15/4
f 12600/15/4 12601/15/4 12604/15/4
f 12603/5/4 12600/5/4 12604/5/4
f 12601/4/4 12386/4/4 12605/4/4
f 12604/15/4 12601/15/4 12605/15/4
f 12381/4/4 12602/4/4 12606/4/4
f 12602/5/4 12603/5/4 12606/5/4
f 12603/15/4 12604/15/4 12607/15/4
f 12606/5/4 12603/5/4 12607/5/4
f 12604/5/4 12605/5/4 12608/5/4
f 12607/15/4 12604/15/4 12608/15/4
f 12605/4/4 12386/4/4 12609/4/4
f 12608/5/4 12605/5/4 12609/5/4
f 12381/4/4 12606/4/4 12610/4/4
f 12607/15/4 12608/15/4 12610/15/4
f 12608/15/4 12609/15/4 12610/15/4
f 12606/15/4 12607/15/4 12610/15/4
f 12610/15/4 12609/15/4 12611/15/4
f 12611/15/4 12609/15/4 12612/15/4
f 12609/4/4 12386/4/4 12613/4/4
f 12612/15/4 12609/15/4 12613/15/4
f 12381/4/4 12610/4/4 12614/4/4
f 12610/5/4 12611/5/4 12614/5/4
f 12611/15/4 12612/15/4 12615/15/4
f 12614/5/4 12611/5/4 12615/5/4
f 12612/5/4 12613/5/4 12616/5/4
f 12615/15/4 12612/15/4 12616/15/4
f 12613/4/4 12386/4/4 12617/4/4
f 12616/5/4 12613/5/4 12617/5/4
f 12381/4/4 12614/4/4 12618/4/4
f 12614/15/4 12615/15/4 12618/15/4
f 12615/5/4 12616/5/4 12619/5/4
f 12618/15/4 12615/15/4 12619/15/4
f 12616/15/4 12617/15/4 12620/15/4
f 12619/5/4 12616/5/4 12620/5/4
f 12617/4/4 12386/4/4 12621/4/4
f 12620/15/4 12617/15/4 12621/15/4
f 12381/4/4 12618/4/4 12622/4/4
f 12618/5/4 12619/5/4 12622/5/4
f 12619/15/4 12620/15/4 12623/15/4
f 12622/5/4 12619/5/4 12623/5/4
f 12620/5/4 12621/5/4 12624/5/4
f 12623/15/4 12620/15/4 12624/15/4
f 12621/4/4 12386/4/4 12625/4/4
f 12624/5/4 12621/5/4 12625/5/4
f 12381/4/4 12622/4/4 12626/4/4
f 12623/15/4 12624/15/4 12626/15/4
f 12624/15/4 12625/15/4 12626/15/4
f 12622/15/4 12623/15/4 12626/15/4
f 12626/15/4 12625/15/4 12627/15/4
f 12627/15/4 12625/15/4 12628/15/4
f 12625/4/4 12386/4/4 12629/4/4
f 12628/15/4 12625/15/4 12629/15/4
f 12381/4/4 12626/4/4 12630/4/4
f 12626/5/4 12627/5/4 12630/5/4
f 12627/15/4 12628/15/4 12631/15/4
f 12630/5/4 12627/5/4 12631/5/4
f 12628/5/4 12629/5/4 12632/5/4
f 12631/15/4 12628/15/4 12632/15/4
f 12629/4/4 12386/4/4 12633/4/4
f 12632/5/4 12629/5/4 12633/5/4
f 12381/4/4 12630/4/4 12634/4/4
f 12630/15/4 12631/15/4 12634/15/4
f 12631/5/4 12632/5/4 12635/5/4
f 12634/15/4 12631/15/4 12635/15/4
f 12632/15/4 12633/15/4 12636/15/4
f 12635/5/4 12632/5/4 12636/5/4
f 12633/4/4 12386/4/4 12637/4/4
f 12636/15/4 12633/15/4 12637/15/4
f 12381/4/4 12634/4/4 12638/4/4
f 12634/5/4 12635/5/4 12638/5/4
f 12635/15/4 12636/15/4 12639/15/4
f 12638/5/4 12635/5/4 12639/5/4
f 12636/5/4 12637/5/4 12640/5/4
f 12639/15/4 12636/15/4 12640/15/4
f 12637/4/4 12386/4/4 12641/4/4
f 12640/5/4 12637/5/4 12641/5/4
f 12381/4/4 12638/4/4 12642/4/4
f 12639/15/4 12640/15/4 12642/15/4
f 12640/15/4 12641/15/4 12642/15/4
f 12638/15/4 12639/15/4 12642/15/4
f 12642/15/4 12641/15/4 12643/15/4
f 12643/15/4 12641/15/4 12644/15/4
f 12641/4/4 12386/4/4 12645/4/4
f 12644/15/4 12641/15/4 12645/15/4
f 12381/4/4 12642/4/4 12646/4/4
f 12642/5/4 12643/5/4 12646/5/4
f 12643/15/4 12644/15/4 12647/15/4
f 12646/5/4 12643/5/4 12647/5/4
f 12644/5/4 12645/5/4 12648/5/4
f 12647/15/4 12644/15/4 12648/15/4
f 12645/4/4 12386/4/4 12649/4/4
f 12648/5/4 12645/5/4 12649/5/4
f 12381/4/4 12646/4/4 12650/4/4
f 12646/15/4 12647/15/4 12650/15/4
f 12647/5/4 12648/5/4 12651/5/4
f 12650/15/4 12647/15/4 12651/15/4
f 12648/15/4 12649/15/4 12652/15/4
f 12651/5/4 12648/5/4 12652/5/4
f 12649/4/4 12386/4/4 12653/4/4
f 12652/15/4 12649/15/4 12653/15/4
f 12381/4/4 12650/4/4 12654/4/4
f 12650/5/4 12651/5/4 12654/5/4
f 12651/15/4 12652/15/4 12655/15/4
f 12654/5/4 12651/5/4 12655/5/4
f 12652/5/4 12653/5/4 12656/5/4
f 12655/15/4 12652/15/4 12656/15/4
f 12653/4/4 12386/4/4 12657/4/4
f 12656/5/4 12653/5/4 12657/5/4
f 12381/4/4 12654/4/4 12658/4/4
f 12655/15/4 12656/15/4 12658/15/4
f 12656/15/4 12657/15/4 12658/15/4
f 12654/15/4 12655/15/4 12658/15/4
f 12658/15/4 12657/15/4 12659/15/4
f 12659/15/4 12657/15/4 12660/15/4
f 12657/4/4 12386/4/4 12661/4/4
f 12660/15/4 12657/15/4 12661/15/4
f 12381/4/4 12658/4/4 12662/4/4
f 12658/5/4 12659/5/4 12662/5/4
f 12659/15/4 12660/15/4 12663/15/4
f 12662/5/4 12659/5/4 12663/5/4
f 12660/5/4 12661/5/4 12664/5/4
f 12663/15/4 12660/15/4 12664/15/4
f 12661/4/4 12386/4/4 12665/4/4
f 12664/5/4 12661/5/4 12665/5/4
f 12381/4/4 12662/4/4 12666/4/4
f 12662/15/4 12663/15/4 12666/15/4
f 12663/5/4 12664/5/4 12667/5/4
f 12666/15/4 12663/15/4 12667/15/4
f 12664/15/4 12665/15/4 12668/15/4
f 12667/5/4 12664/5/4 12668/5/4
f 12665/4/4 12386/4/4 12669/4/4
f 12668/15/4 12665/15/4 12669/15/4
f 12381/4/4 12666/4/4 12670/4/4
f 12666/5/4 12667/5/4 12670/5/4
f 12667/15/4 12668/15/4 12671/15/4
f 12670/5/4 12667/5/4 12671/5/4
f 12668/5/4 12669/5/4 12672/5/4
f 12671/15/4 12668/15/4 12672/15/4
f 12669/4/4 12386/4/4 12673/4/4
f 12672/5/4 12669/5/4 12673/5/4
f 12381/4/4 12670/4/4 12674/4/4
f 12671/15/4 12672/15/4 12674/15/4
f 12672/15/4 12673/15/4 12674/15/4
f 12670/15/4 12671/15/4 12674/15/4
f 12674/15/4 12673/15/4 12675/15/4
f 12675/15/4 12673/15/4 12676/15/4
f 12673/4/4 12386/4/4 12677/4/4
f 12676/15/4 12673/15/4 12677/15/4
f 12381/4/4 12674/4/4 12678/4/4
f 12674/5/4 12675/5/4 12678/5/4
f 12675/15/4 12676/15/4 12679/15/4
f 12678/5/4 12675/5/4 12679/5/4
f 12676/5/4 12677/5/4 12680/5/4
f 12679/15/4 12676/15/4 12680/15/4
f 12677/4/4 12386/4/4 12681/4/4
f 12680/5/4 12677/5/4 12681/5/4
f 12381/4/4 12678/4/4 12682/4/4
f 12678/15/4 12679/15/4 12682/15/4
f 12679/5/4 12680/5/4 12683/5/4
f 12682/15/4 12679/15/4 12683/15/4
f 12680/15/4 12681/15/4 12684/15/4
f 12683/5/4 12680/5/4 12684/5/4
f 12681/4/4 12386/4/4 12685/4/4
f 12684/15/4 12681/15/4 12685/15/4
f 12381/4/4 12682/4/4 12686/4/4
f 12682/5/4 12683/5/4 12686/5/4
f 12683/15/4 12684/15/4 12687/15/4
f 12686/5/4 12683/5/4 12687/5/4
f 12684/5/4 12685/5/4 12688/5/4
f 12687/15/4 12684/15/4 12688/15/4
f 12685/4/4 12386/4/4 12689/4/4
f 12688/5/4 12685/5/4 12689/5/4
f 12381/4/4 12686/4/4 12690/4/4
f 12687/15/4 12688/15/4 12690/15/4
f 12688/15/4 12689/15/4 12690/15/4
f 12686/15/4 12687/15/4 12690/15/4
f 12690/15/4 12689/15/4 12691/15/4
f 12691/15/4 12689/15/4 12692/15/4
f 12689/4/4 12386/4/4 12693/4/4
f 12692/15/4 12689/15/4 12693/15/4
f 12381/4/4 12690/4/4 12694/4/4
f 12690/5/4 12691/5/4 12694/5/4
f 12691/15/4 12692/15/4 12695/15/4
f 12694/5/4 12691/5/4 12695/5/4
f 12692/5/4 12693/5/4 12696/5/4
f 12695/15/4 12692/15/4 12696/15/4
f 12693/4/4 12386/4/4 12697/4/4
f 12696/5/4 12693/5/4 12697/5/4
f 12381/4/4 12694/4/4 12698/4/4
f 12694/15/4 12695/15/4 12698/15/4
f 12695/5/4 12696/5/4 12699/5/4
f 12698/15/4 12695/15/4 12699/15/4
f 12696/15/4 12697/15/4 12700/15/4
f 12699/5/4 12696/5/4 12700/5/4
f 12697/4/4 12386/4/4 12701/4/4
f 12700/15/4 12697/15/4 12701/15/4
f 12381/4/4 12698/4/4 12702/4/4
f 12698/5/4 12699/5/4 12702/5/4
f 12699/15/4 12700/15/4 12703/15/4
f 12702/5/4 12699/5/4 12703/5/4
f 12700/5/4 12701/5/4 12704/5/4
f 12703/15/4 12700/15/4 12704/15/4
f 12701/4/4 12386/4/4 12705/4/4
f 12704/5/4 12701/5/4 12705/5/4
f 12381/4/4 12702/4/4 12706/4/4
f 12703/15/4 12704/15/4 12706/15/4
f 12704/15/4 12705/15/4 12706/15/4
f 12702/15/4 12703/15/4 12706/15/4
f 12706/15/4 12705/15/4 12707/15/4
f 12707/15/4 12705/15/4 12708/15/4
f 12705/4/4 12386/4/4 12709/4/4
f 12708/15/4 12705/15/4 12709/15/4
f 12381/4/4 12706/4/4 12710/4/4
f 12706/5/4 12707/5/4 12710/5/4
f 12707/15/4 12708/15/4 12711/15/4
f 12710/5/4 12707/5/4 12711/5/4
f 12708/5/4 12709/5/4 12712/5/4
f 12711/15/4 12708/15/4 12712/15/4
f 12709/4/4 12386/4/4 12713/4/4
f 12712/5/4 12709/5/4 12713/5/4
f 12381/4/4 12710/4/4 12714/4/4
f 12710/15/4 12711/15/4 12714/15/4
f 12711/5/4 12712/5/4 12715/5/4
f 12714/15/4 12711/15/4 12715/15/4
f 12712/15/4 12713/15/4 12716/15/4
f 12715/5/4 12712/5/4 12716/5/4
f 12713/4/4 12386/4/4 12717/4/4
f 12716/15/4 12713/15/4 12717/15/4
f 12381/4/4 12714/4/4 12718/4/4
f 12714/5/4 12715/5/4 12718/5/4
f 12715/15/4 12716/15/4 12719/15/4
f 12718/5/4 12715/5/4 12719/5/4
f 12716/5/4 12717/5/4 12720/5/4
f 12719/15/4 12716/15/4 12720/15/4
f 12717/4/4 12386/4/4 12721/4/4
f 12720/5/4 12717/5/4 12721/5/4
f 12381/4/4 12718/4/4 12722/4/4
f 12719/15/4 12720/15/4 12722/15/4
f 12720/15/4 12721/15/4 12722/15/4
f 12718/15/4 12719/15/4 12722/15/4
f 12722/15/4 12721/15/4 12723/15/4
f 12723/15/4 12721/15/4 12724/15/4
f 12721/4/4 12386/4/4 12725/4/4
f 12724/15/4 12721/15/4 12725/15/4
f 12381/4/4 12722/4/4 12726/4/4
f 12722/5/4 12723/5/4 12726/5/4
f 12723/15/4 12724/15/4 12727/15/4
f 12726/5/4 12723/5/4 12727/5/4
f 12724/5/4 12725/5/4 12728/5/4
f 12727/15/4 12724/15/4 12728/15/4
f 12725/4/4 12386/4/4 12729/4/4
f 12728/5/4 12725/5/4 12729/5/4
f 12381/4/4 12726/4/4 12730/4/4
f 12726/15/4 12727/15/4 12730/15/4
f 12727/5/4 12728/5/4 12731/5/4
f 12730/15/4 12727/15/4 12731/15/4
f 12728/15/4 12729/15/4 12732/15/4
f 12731/5/4 12728/5/4 12732/5/4
f 12729/4/4 12386/4/4 12733/4/4
f 12732/15/4 12729/15/4 12733/15/4
f 12381/4/4 12730/4/4 12734/4/4
f 12730/5/4 12731/5/4 12734/5/4
f 12731/15/4 12732/15/4 12735/15/4
f 12734/5/4 12731/5/4 12735/5/4
f 12732/5/4 12733/5/4 12736/5/4
f 12735/15/4 12732/15/4 12736/15/4
f 12733/4/4 12386/4/4 12737/4/4
f 12736/5/4 12733/5/4 12737/5/4
f 12381/4/4 12734/4/4 12738/4/4
f 12735/15/4 12736/15/4 12738/15/4
f 12736/15/4 12737/15/4 12738/15/4
f 12734/15/4 12735/15/4 12738/15/4
f 12738/15/4 12737/15/4 12739/15/4
f 12739/15/4 12737/15/4 12740/15/4
f 12737/4/4 12386/4/4 12741/4/4
f 12740/15/4 12737/15/4 12741/15/4
f 12381/4/4 12738/4/4 12742/4/4
f 12738/5/4 12739/5/4 12742/5/4
f 12739/15/4 12740/15/4 12743/15/4
f 12742/5/4 12739/5/4 12743/5/4
f 12740/5/4 12741/5/4 12744/5/4
f 12743/15/4 12740/15/4 12744/15/4
f 12741/4/4 12386/4/4 12745/4/4
f 12744/5/4 12741/5/4 12745/5/4
f 12381/4/4 12742/4/4 12746/4/4
f 12742/15/4 12743/15/4 12746/15/4
f 12743/5/4 12744/5/4 12747/5/4
f 12746/15/4 12743/15/4 12747/15/4
f 12744/15/4 12745/15/4 12748/15/4
f 12747/5/4 12744/5/4 12748/5/4
f 12745/4/4 12386/4/4 12749/4/4
f 12748/15/4 12745/15/4 12749/15/4
f 12381/4/4 12746/4/4 12750/4/4
f 12746/5/4 12747/5/4 12750/5/4
f 12747/15/4 12748/15/4 12751/15/4
f 12750/5/4 12747/5/4 12751/5/4
f 12748/5/4 12749/5/4 12752/5/4
f 12751/15/4 12748/15/4 12752/15/4
f 12749/4/4 12386/4/4 12753/4/4
f 12752/5/4 12749/5/4 12753/5/4
f 12381/4/4 12750/4/4 12754/4/4
f 12751/15/4 12752/15/4 12754/15/4
f 12752/15/4 12753/15/4 12754/15/4
f 12750/15/4 12751/15/4 12754/15/4
f 12754/15/4 12753/15/4 12755/15/4
f 12755/15/4 12753/15/4 12756/15/4
f 12753/4/4 12386/4/4 12757/4/4
f 12756/15/4 12753/15/4 12757/15/4
f 12381/4/4 12754/4/4 12758/4/4
f 12754/5/4 12755/5/4 12758/5/4
f 12755/15/4 12756/15/4 12759/15/4
f 12758/5/4 12755/5/4 12759/5/4
f 12756/5/4 12757/5/4 12760/5/4
f 12759/15/4 12756/15/4 12760/15/4
f 12757/4/4 12386/4/4 12761/4/4
f 12760/5/4 12757/5/4 12761/5/4
f 12381/4/4 12758/4/4 12762/4/4
f 12758/15/4 12759/15/4 12762/15/4
f 12759/5/4 12760/5/4 12763/5/4
f 12762/15/4 12759/15/4 12763/15/4
f 12760/15/4 12761/15/4 12764/15/4
f 12763/5/4 12760/5/4 12764/5/4
f 12761/4/4 12386/4/4 12765/4/4
f 12764/15/4 12761/15/4 12765/15/4
f 12381/4/4 12762/4/4 12766/4/4
f 12762/5/4 12763/5/4 12766/5/4
f 12763/15/4 12764/15/4 12767/15/4
f 12766/5/4 12763/5/4 12767/5/4
f 12764/5/4 12765/5/4 12768/5/4
f 12767/15/4 12764/15/4 12768/15/4
f 12765/4/4 12386/4/4 12769/4/4
f 12768/5/4 12765/5/4 12769/5/4
f 12380/15/4 12381/15/4 12770/15/4
f 12381/4/4 12766/4/4 12771/4/4
f 12770/15/4 12381/15/4 12771/15/4
f 12767/15/4 12768/15/4 12772/15/4
f 12771/4/4 12766/4/4 12772/4/4
f 12766/15/4 12767/15/4 12772/15/4
f 12768/15/4 12769/15/4 12772/15/4
f 12769/4/4 12386/4/4 12773/4/4
f 12772/15/4 12769/15/4 12773/15/4
f 12386/15/4 12387/15/4 12774/15/4
f 12773/4/4 12386/4/4 12774/4/4
f 12387/25/4 12388/25/4 12775/25/4
f 12774/15/4 12387/15/4 12775/15/4
f 12388/15/4 12389/15/4 12776/15/4
f 12775/25/4 12388/25/4 12776/25/4
f 12776/15/4 12389/15/4 12777/15/4
f 12778/23/4 12779/23/4 12780/23/4
f 12780/23/4 12779/23/4 12781/23/4
f 12781/23/4 12779/23/4 12782/23/4
f 12782/23/4 12779/23/4 12783/23/4
f 12783/23/4 12779/23/4 12784/23/4
f 12784/23/4 12779/23/4 12785/23/4
f 12785/23/4 12779/23/4 12786/23/4
f 12786/23/4 12779/23/4 12787/23/4
f 12787/23/4 12779/23/4 12788/23/4
f 12788/23/4 12779/23/4 12789/23/4
f 12789/23/4 12779/23/4 12790/23/4
f 12790/23/4 12779/23/4 12791/23/4
f 12791/23/4 12779/23/4 12792/23/4
f 12792/23/4 12779/23/4 12793/23/4
f 12793/23/4 12779/23/4 12794/23/4
f 12794/23/4 12779/23/4 12795/23/4
f 12795/23/4 12779/23/4 12796/23/4
f 12796/23/4 12779/23/4 12797/23/4
f 12797/23/4 12779/23/4 12798/23/4
f 12798/23/4 12779/23/4 12799/23/4
f 12799/23/4 12779/23/4 12800/23/4
f 12800/23/4 12779/23/4 12801/23/4
f 12801/23/4 12779/23/4 12802/23/4
f 12802/23/4 12779/23/4 12803/23/4
f 12803/23/4 12779/23/4 12804/23/4
f 12804/23/4 12779/23/4 12805/23/4
f 12805/23/4 12779/23/4 12806/23/4
f 12806/23/4 12779/23/4 12807/23/4
f 12807/23/4 12779/23/4 12808/23/4
f 12808/23/4 12779/23/4 12809/23/4
f 12809/23/4 12779/23/4 12810/23/4
f 12810/23/4 12779/23/4 12811/23/4
f 12811/23/4 12779/23/4 12812/23/4
f 12812/23/4 12779/23/4 12813/23/4
f 12813/23/4 12779/23/4 12814/23/4
f 12814/23/4 12779/23/4 12815/23/4
f 12815/23/4 12779/23/4 12816/23/4
f 12816/23/4 12779/23/4 12817/23/4
f 12817/23/4 12779/23/4 12818/23/4
f 12819/26/4 12820/26/4 12821/26/4
f 12821/26/4 12820/26/4 12822/26/4
f 12821/33/4 12822/33/4 12823/33/4
f 12823/33/4 12822/33/4 12824/33/4
f 12823/26/4 12824/26/4 12825/26/4
f 12825/26/4 12824/26/4 12826/26/4
f 12825/33/4 12826/33/4 12827/33/4
f 12827/33/4 12826/33/4 12828/33/4
f 12827/26/4 12828/26/4 12829/26/4
f 12829/26/4 12828/26/4 12830/26/4
f 12829/33/4 12830/33/4 12831/33/4
f 12831/33/4 12830/33/4 12832/33/4
f 12831/26/4 12832/26/4 12833/26/4
f 12833/26/4 12832/26/4 12834/26/4
f 12833/33/4 12834/33/4 12835/33/4
f 12835/33/4 12834/33/4 12836/33/4
f 12835/26/4 12836/26/4 12837/26/4
f 12837/26/4 12836/26/4 12838/26/4
f 12837/33/4 12838/33/4 12839/33/4
f 12839/33/4 12838/33/4 12840/33/4
f 12839/26/4 12840/26/4 12841/26/4
f 12841/26/4 12840/26/4 12842/26/4
f 12841/33/4 12842/33/4 12843/33/4
f 12843/33/4 12842/33/4 12844/33/4
f 12843/26/4 12844/26/4 12845/26/4
f 12845/26/4 12844/26/4 12846/26/4
f 12845/33/4 12846/33/4 12847/33/4
f 12847/33/4 12846/33/4 12848/33/4
f 12847/26/4 12848/26/4 12849/26/4
f 12849/26/4 12848/26/4 12850/26/4
f 12849/33/4 12850/33/4 12851/33/4
f 12851/33/4 12850/33/4 12852/33/4
f 12851/26/4 12852/26/4 12853/26/4
f 12853/26/4 12852/26/4 12854/26/4
f 12853/28/4 12854/28/4 12855/28/4
f 12855/28/4 12854/28/4 12856/28/4
f 12855/27/4 12856/27/4 12857/27/4
f 12857/27/4 12856/27/4 12858/27/4
f 12857/28/4 12858/28/4 12859/28/4
f 12859/28/4 12858/28/4 12860/28/4
f 12859/26/4 12860/26/4 12861/26/4
f 12861/26/4 12860/26/4 12862/26/4
f 12861/33/4 12862/33/4 12863/33/4
f 12863/33/4 12862/33/4 12864/33/4
f 12863/26/4 12864/26/4 12865/26/4
f 12865/26/4 12864/26/4 12866/26/4
f 12865/33/4 12866/33/4 12867/33/4
f 12867/33/4 12866/33/4 12868/33/4
f 12867/26/4 12868/26/4 12869/26/4
f 12869/26/4 12868/26/4 12870/26/4
f 12869/33/4 12870/33/4 12871/33/4
f 12871/33/4 12870/33/4 12872/33/4
f 12871/26/4 12872/26/4 12873/26/4
f 12873/26/4 12872/26/4 12874/26/4
f 12873/33/4 12874/33/4 12875/33/4
f 12875/33/4 12874/33/4 12876/33/4
f 12875/26/4 12876/26/4 12877/26/4
f 12877/26/4 12876/26/4 12878/26/4
f 12877/33/4 12878/33/4 12879/33/4
f 12879/33/4 12878/33/4 12880/33/4
f 12879/26/4 12880/26/4 12881/26/4
f 12881/26/4 12880/26/4 12882/26/4
f 12881/33/4 12882/33/4 12883/33/4
f 12883/33/4 12882/33/4 12884/33/4
f 12883/26/4 12884/26/4 12885/26/4
f 12885/26/4 12884/26/4 12886/26/4
f 12885/33/4 12886/33/4 12887/33/4
f 12887/33/4 12886/33/4 12888/33/4
f 12887/26/4 12888/26/4 12889/26/4
f 12889/26/4 12888/26/4 12890/26/4
f 12889/33/4 12890/33/4 12891/33/4
f 12891/33/4 12890/33/4 12892/33/4
f 12891/26/4 12892/26/4 12893/26/4
f 12893/26/4 12892/26/4 12894/26/4
f 12893/33/4 12894/33/4 12895/33/4
f 12895/33/4 12894/33/4 12896/33/4
f 12936/26/5 12898/26/5 12897/26/5
f 12937/33/5 12899/33/5 12898/33/5
f 12937/26/5 12898/26/5 12936/26/5
f 12938/26/5 12900/26/5 12899/26/5
f 12938/33/5 12899/33/5 12937/33/5
f 12939/33/5 12901/33/5 12900/33/5
f 12939/26/5 12900/26/5 12938/26/5
f 12940/26/5 12902/26/5 12901/26/5
f 12940/33/5 12901/33/5 12939/33/5
f 12941/33/5 12903/33/5 12902/33/5
f 12941/26/5 12902/26/5 12940/26/5
f 12942/26/5 12904/26/5 12903/26/5
f 12942/33/5 12903/33/5 12941/33/5
f 12943/33/5 12905/33/5 12904/33/5
f 12943/26/5 12904/26/5 12942/26/5
f 12944/26/5 12906/26/5 12905/26/5
f 12944/33/5 12905/33/5 12943/33/5
f 12945/33/5 12907/33/5 12906/33/5
f 12945/26/5 12906/26/5 12944/26/5
f 12946/26/5 12908/26/5 12907/26/5
f 12946/33/5 12907/33/5 12945/33/5
f 12947/33/5 12909/33/5 12908/33/5
f 12947/26/5 12908/26/5 12946/26/5
f 12948/26/5 12910/26/5 12909/26/5
f 12948/33/5 12909/33/5 12947/33/5
f 12949/33/5 12911/33/5 12910/33/5
f 12949/26/5 12910/26/5 12948/26/5
f 12950/26/5 12912/26/5 12911/26/5
f 12950/33/5 12911/33/5 12949/33/5
f 12951/33/5 12913/33/5 12912/33/5
f 12951/26/5 12912/26/5 12950/26/5
f 12952/26/5 12914/26/5 12913/26/5
f 12952/33/5 12913/33/5 12951/33/5
f 12953/28/5 12915/28/5 12914/28/5
f 12953/26/5 12914/26/5 12952/26/5
f 12954/28/5 12917/28/5 12916/28/5
f 12954/26/5 12918/26/5 12917/26/5
f 12955/33/5 12919/33/5 12918/33/5
f 12955/26/5 12918/26/5 12954/26/5
f 12956/26/5 12920/26/5 12919/26/5
f 12956/33/5 12919/33/5 12955/33/5
f 12957/33/5 12921/33/5 12920/33/5
f 12957/26/5 12920/26/5 12956/26/5
f 12958/26/5 12922/26/5 12921/26/5
f 12958/33/5 12921/33/5 12957/33/5
f 12959/33/5 12923/33/5 12922/33/5
f 12959/26/5 12922/26/5 12958/26/5
f 12960/26/5 12924/26/5 12923/26/5
f 12960/33/5 12923/33/5 12959/33/5
f 12961/33/5 12925/33/5 12924/33/5
f 12961/26/5 12924/26/5 12960/26/5
f 12962/26/5 12926/26/5 12925/26/5
f 12962/33/5 12925/33/5 12961/33/5
f 12963/33/5 12927/33/5 12926/33/5
f 12963/26/5 12926/26/5 12962/26/5
f 12964/26/5 12928/26/5 12927/26/5
f 12964/33/5 12927/33/5 12963/33/5
f 12965/33/5 12929/33/5 12928/33/5
f 12965/26/5 12928/26/5 12964/26/5
f 12966/26/5 12930/26/5 12929/26/5
f 12966/33/5 12929/33/5 12965/33/5
f 12967/33/5 12931/33/5 12930/33/5
f 12967/26/5 12930/26/5 12966/26/5
f 12968/26/5 12932/26/5 12931/26/5
f 12968/33/5 12931/33/5 12967/33/5
f 12969/33/5 12933/33/5 12932/33/5
f 12969/26/5 12932/26/5 12968/26/5
f 12970/26/5 12934/26/5 12933/26/5
f 12970/33/5 12933/33/5 12969/33/5
f 12971/33/5 12935/33/5 12934/33/5
f 12971/26/5 12934/26/5 12970/26/5
f 12972/33/5 12937/33/5 12936/33/5
f 12972/33/5 12938/33/5 12937/33/5
f 12972/33/5 12939/33/5 12938/33/5
f 12972/33/5 12940/33/5 12939/33/5
f 12972/33/5 12941/33/5 12940/33/5
f 12972/33/5 12942/33/5 12941/33/5
f 12972/33/5 12943/33/5 12942/33/5
f 12972/33/5 12944/33/5 12943/33/5
f 12972/33/5 12945/33/5 12944/33/5
f 12972/33/5 12946/33/5 12945/33/5
f 12972/33/5 12947/33/5 12946/33/5
f 12972/33/5 12948/33/5 12947/33/5
f 12972/33/5 12949/33/5 12948/33/5
f 12972/33/5 12950/33/5 12949/33/5
f 12972/33/5 12951/33/5 12950/33/5
f 12972/33/5 12952/33/5 12951/33/5
f 12972/33/5 12953/33/5 12952/33/5
f 12973/33/5 12953/33/5 12972/33/5
f 12974/33/5 12953/33/5 12973/33/5
f 12975/33/5 12953/33/5 12974/33/5
f 12976/33/5 12953/33/5 12975/33/5
f 12977/33/5 12953/33/5 12976/33/5
f 12978/33/5 12953/33/5 12977/33/5
f 12979/33/5 12953/33/5 12978/33/5
f 12980/33/5 12953/33/5 12979/33/5
f 12981/33/5 12953/33/5 12980/33/5
f 12982/33/5 12953/33/5 12981/33/5
f 12983/33/5 12953/33/5 12982/33/5
f 12984/33/5 12953/33/5 12983/33/5
f 12985/33/5 12953/33/5 12984/33/5
f 12986/33/5 12953/33/5 12985/33/5
f 12987/33/5 12953/33/5 12986/33/5
f 12988/33/5 12953/33/5 12987/33/5
f 12989/28/5 12915/28/5 12953/28/5
f 12989/33/5 12953/33/5 12988/33/5
f 12990/33/5 12970/33/5 12969/33/5
f 12990/33/5 12971/33/5 12970/33/5
f 12990/33/5 12969/33/5 12968/33/5
f 12990/33/5 12968/33/5 12967/33/5
f 12990/33/5 12967/33/5 12966/33/5
f 12990/33/5 12966/33/5 12965/33/5
f 12990/33/5 12965/33/5 12964/33/5
f 12990/33/5 12964/33/5 12963/33/5
f 12990/33/5 12963/33/5 12962/33/5
f 12990/33/5 12962/33/5 12961/33/5
f 12990/33/5 12961/33/5 12960/33/5
f 12990/33/5 12960/33/5 12959/33/5
f 12990/33/5 12959/33/5 12958/33/5
f 12990/33/5 12958/33/5 12957/33/5
f 12990/33/5 12957/33/5 12956/33/5
f 12990/33/5 12956/33/5 12955/33/5
f 12990/33/5 12955/33/5 12954/33/5
f 12990/28/5 12954/28/5 12916/28/5
f 12991/33/5 12971/33/5 12990/33/5
f 12992/33/5 12971/33/5 12991/33/5
f 12993/33/5 12971/33/5 12992/33/5
f 12994/33/5 12971/33/5 12993/33/5
f 12995/33/5 12971/33/5 12994/33/5
f 12996/33/5 12971/33/5 12995/33/5
f 12997/33/5 12971/33/5 12996/33/5
f 12998/33/5 12971/33/5 12997/33/5
f 12999/33/5 12971/33/5 12998/33/5
f 13000/33/5 12971/33/5 12999/33/5
f 13001/33/5 12971/33/5 13000/33/5
f 13002/33/5 12971/33/5 13001/33/5
f 13003/33/5 12971/33/5 13002/33/5
f 13004/33/5 12971/33/5 13003/33/5
f 13005/33/5 12971/33/5 13004/33/5
f 13006/33/5 12971/33/5 13005/33/5
f 13007/33/5 12935/33/5 12971/33/5
f 13007/33/5 12971/33/5 13006/33/5
f 13008/26/5 12973/26/5 12972/26/5
f 13009/33/5 12974/33/5 12973/33/5
f 13009/26/5 12973/26/5 13008/26/5
f 13010/26/5 12975/26/5 12974/26/5
f 13010/33/5 12974/33/5 13009/33/5
f 13011/33/5 12976/33/5 12975/33/5
f 13011/26/5 12975/26/5 13010/26/5
f 13012/26/5 12977/26/5 12976/26/5
f 13012/33/5 12976/33/5 13011/33/5
f 13013/33/5 12978/33/5 12977/33/5
f 13013/26/5 12977/26/5 13012/26/5
f 13014/26/5 12979/26/5 12978/26/5
f 13014/33/5 12978/33/5 13013/33/5
f 13015/33/5 12980/33/5 12979/33/5
f 13015/26/5 12979/26/5 13014/26/5
f 13016/26/5 12981/26/5 12980/26/5
f 13016/33/5 12980/33/5 13015/33/5
f 13017/33/5 12982/33/5 12981/33/5
f 13017/26/5 12981/26/5 13016/26/5
f 13018/26/5 12983/26/5 12982/26/5
f 13018/33/5 12982/33/5 13017/33/5
f 13019/33/5 12984/33/5 12983/33/5
f 13019/26/5 12983/26/5 13018/26/5
f 13020/26/5 12985/26/5 12984/26/5
f 13020/33/5 12984/33/5 13019/33/5
f 13021/33/5 12986/33/5 12985/33/5
f 13021/26/5 12985/26/5 13020/26/5
f 13022/26/5 12987/26/5 12986/26/5
f 13022/33/5 12986/33/5 13021/33/5
f 13023/33/5 12988/33/5 12987/33/5
f 13023/26/5 12987/26/5 13022/26/5
f 13024/26/5 12989/26/5 12988/26/5
f 13024/33/5 12988/33/5 13023/33/5
f 13025/28/5 12915/28/5 12989/28/5
f 13025/26/5 12989/26/5 13024/26/5
f 13026/28/5 12990/28/5 12916/28/5
f 13026/26/5 12991/26/5 12990/26/5
f 13027/33/5 12992/33/5 12991/33/5
f 13027/26/5 12991/26/5 13026/26/5
f 13028/26/5 12993/26/5 12992/26/5
f 13028/33/5 12992/33/5 13027/33/5
f 13029/33/5 12994/33/5 12993/33/5
f 13029/26/5 12993/26/5 13028/26/5
f 13030/26/5 12995/26/5 12994/26/5
f 13030/33/5 12994/33/5 13029/33/5
f 13031/33/5 12996/33/5 12995/33/5
f 13031/26/5 12995/26/5 13030/26/5
f 13032/26/5 12997/26/5 12996/26/5
f 13032/33/5 12996/33/5 13031/33/5
f 13033/33/5 12998/33/5 12997/33/5
f 13033/26/5 12997/26/5 13032/26/5
f 13034/26/5 12999/26/5 12998/26/5
f 13034/33/5 12998/33/5 13033/33/5
f 13035/33/5 13000/33/5 12999/33/5
f 13035/26/5 12999/26/5 13034/26/5
f 13036/26/5 13001/26/5 13000/26/5
f 13036/33/5 13000/33/5 13035/33/5
f 13037/33/5 13002/33/5 13001/33/5
f 13037/26/5 13001/26/5 13036/26/5
f 13038/26/5 13003/26/5 13002/26/5
f 13038/33/5 13002/33/5 13037/33/5
f 13039/33/5 13004/33/5 13003/33/5
f 13039/26/5 13003/26/5 13038/26/5
f 13040/26/5 13005/26/5 13004/26/5
f 13040/33/5 13004/33/5 13039/33/5
f 13041/33/5 13006/33/5 13005/33/5
f 13041/26/5 13005/26/5 13040/26/5
f 13042/26/5 13007/26/5 13006/26/5
f 13042/33/5 13006/33/5 13041/33/5
f 13043/33/5 12935/33/5 13007/33/5
f 13043/26/5 13007/26/5 13042/26/5
f 13044/33/5 13024/33/5 13023/33/5
f 13044/33/5 13023/33/5 13022/33/5
f 13044/33/5 13021/33/5 13020/33/5
f 13044/33/5 13020/33/5 13019/33/5
f 13044/33/5 13019/33/5 13018/33/5
f 13044/33/5 13018/33/5 13017/33/5
f 13044/33/5 13017/33/5 13016/33/5
f 13044/33/5 13016/33/5 13015/33/5
f 13044/33/5 13015/33/5 13014/33/5
f 13044/33/5 13014/33/5 13013/33/5
f 13044/33/5 13013/33/5 13012/33/5
f 13044/33/5 13012/33/5 13011/33/5
f 13044/33/5 13011/33/5 13010/33/5
f 13044/33/5 13010/33/5 13009/33/5
f 13044/33/5 13009/33/5 13008/33/5
f 13044/33/5 13022/33/5 13021/33/5
f 13044/33/5 13025/33/5 13024/33/5
f 13045/33/5 13025/33/5 13044/33/5
f 13046/33/5 13025/33/5 13045/33/5
f 13047/33/5 13025/33/5 13046/33/5
f 13048/33/5 13025/33/5 13047/33/5
f 13049/33/5 13025/33/5 13048/33/5
f 13050/33/5 13025/33/5 13049/33/5
f 13051/33/5 13025/33/5 13050/33/5
f 13052/33/5 13025/33/5 13051/33/5
f 13053/33/5 13025/33/5 13052/33/5
f 13054/33/5 13025/33/5 13053/33/5
f 13055/33/5 13025/33/5 13054/33/5
f 13056/33/5 13025/33/5 13055/33/5
f 13057/33/5 13025/33/5 13056/33/5
f 13058/33/5 13025/33/5 13057/33/5
f 13059/33/5 13025/33/5 13058/33/5
f 13060/33/5 13025/33/5 13059/33/5
f 13061/28/5 12915/28/5 13025/28/5
f 13061/33/5 13025/33/5 13060/33/5
f 13062/33/5 13040/33/5 13039/33/5
f 13062/33/5 13043/33/5 13042/33/5
f 13062/33/5 13041/33/5 13040/33/5
f 13062/33/5 13039/33/5 13038/33/5
f 13062/33/5 13038/33/5 13037/33/5
f 13062/33/5 13037/33/5 13036/33/5
f 13062/33/5 13036/33/5 13035/33/5
f 13062/33/5 13035/33/5 13034/33/5
f 13062/33/5 13034/33/5 13033/33/5
f 13062/33/5 13033/33/5 13032/33/5
f 13062/33/5 13032/33/5 13031/33/5
f 13062/33/5 13031/33/5 13030/33/5
f 13062/33/5 13030/33/5 13029/33/5
f 13062/33/5 13029/33/5 13028/33/5
f 13062/33/5 13028/33/5 13027/33/5
f 13062/33/5 13027/33/5 13026/33/5
f 13062/33/5 13042/33/5 13041/33/5
f 13062/28/5 13026/28/5 12916/28/5
f 13063/33/5 13043/33/5 13062/33/5
f 13064/33/5 13043/33/5 13063/33/5
f 13065/33/5 13043/33/5 13064/33/5
f 13066/33/5 13043/33/5 13065/33/5
f 13067/33/5 13043/33/5 13066/33/5
f 13068/33/5 13043/33/5 13067/33/5
f 13069/33/5 13043/33/5 13068/33/5
f 13070/33/5 13043/33/5 13069/33/5
f 13071/33/5 13043/33/5 13070/33/5
f 13072/33/5 13043/33/5 13071/33/5
f 13073/33/5 13043/33/5 13072/33/5
f 13074/33/5 13043/33/5 13073/33/5
f 13075/33/5 13043/33/5 13074/33/5
f 13076/33/5 13043/33/5 13075/33/5
f 13077/33/5 13043/33/5 13076/33/5
f 13078/33/5 13043/33/5 13077/33/5
f 13079/33/5 12935/33/5 13043/33/5
f 13079/33/5 13043/33/5 13078/33/5
f 13080/26/5 13045/26/5 13044/26/5
f 13081/33/5 13046/33/5 13045/33/5
f 13081/26/5 13045/26/5 13080/26/5
f 13082/26/5 13047/26/5 13046/26/5
f 13082/33/5 13046/33/5 13081/33/5
f 13083/33/5 13048/33/5 13047/33/5
f 13083/26/5 13047/26/5 13082/26/5
f 13084/26/5 13049/26/5 13048/26/5
f 13084/33/5 13048/33/5 13083/33/5
f 13085/33/5 13050/33/5 13049/33/5
f 13085/26/5 13049/26/5 13084/26/5
f 13086/26/5 13051/26/5 13050/26/5
f 13086/33/5 13050/33/5 13085/33/5
f 13087/33/5 13052/33/5 13051/33/5
f 13087/26/5 13051/26/5 13086/26/5
f 13088/26/5 13053/26/5 13052/26/5
f 13088/33/5 13052/33/5 13087/33/5
f 13089/33/5 13054/33/5 13053/33/5
f 13089/26/5 13053/26/5 13088/26/5
f 13090/26/5 13055/26/5 13054/26/5
f 13090/33/5 13054/33/5 13089/33/5
f 13091/33/5 13056/33/5 13055/33/5
f 13091/26/5 13055/26/5 13090/26/5
f 13092/26/5 13057/26/5 13056/26/5
f 13092/33/5 13056/33/5 13091/33/5
f 13093/33/5 13058/33/5 13057/33/5
f 13093/26/5 13057/26/5 13092/26/5
f 13094/26/5 13059/26/5 13058/26/5
f 13094/33/5 13058/33/5 13093/33/5
f 13095/33/5 13060/33/5 13059/33/5
f 13095/26/5 13059/26/5 13094/26/5
f 13096/26/5 13061/26/5 13060/26/5
f 13096/33/5 13060/33/5 13095/33/5
f 13097/28/5 12915/28/5 13061/28/5
f 13097/26/5 13061/26/5 13096/26/5
f 13098/28/5 13062/28/5 12916/28/5
f 13098/26/5 13063/26/5 13062/26/5
f 13099/33/5 13064/33/5 13063/33/5
f 13099/26/5 13063/26/5 13098/26/5
f 13100/26/5 13065/26/5 13064/26/5
f 13100/33/5 13064/33/5 13099/33/5
f 13101/33/5 13066/33/5 13065/33/5
f 13101/26/5 13065/26/5 13100/26/5
f 13102/26/5 13067/26/5 13066/26/5
f 13102/33/5 13066/33/5 13101/33/5
f 13103/33/5 13068/33/5 13067/33/5
f 13103/26/5 13067/26/5 13102/26/5
f 13104/26/5 13069/26/5 13068/26/5
f 13104/33/5 13068/33/5 13103/33/5
f 13105/33/5 13070/33/5 13069/33/5
f 13105/26/5 13069/26/5 13104/26/5
f 13106/26/5 13071/26/5 13070/26/5
f 13106/33/5 13070/33/5 13105/33/5
f 13107/33/5 13072/33/5 13071/33/5
f 13107/26/5 13071/26/5 13106/26/5
f 13108/26/5 13073/26/5 13072/26/5
f 13108/33/5 13072/33/5 13107/33/5
f 13109/33/5 13074/33/5 13073/33/5
f 13109/26/5 13073/26/5 13108/26/5
f 13110/26/5 13075/26/5 13074/26/5
f 13110/33/5 13074/33/5 13109/33/5
f 13111/33/5 13076/33/5 13075/33/5
f 13111/26/5 13075/26/5 13110/26/5
f 13112/26/5 13077/26/5 13076/26/5
f 13112/33/5 13076/33/5 13111/33/5
f 13113/33/5 13078/33/5 13077/33/5
f 13113/26/5 13077/26/5 13112/26/5
f 13114/26/5 13079/26/5 13078/26/5
f 13114/33/5 13078/33/5 13113/33/5
f 13115/33/5 12935/33/5 13079/33/5
f 13115/26/5 13079/26/5 13114/26/5
f 13116/33/5 13096/33/5 13095/33/5
f 13116/33/5 13095/33/5 13094/33/5
f 13116/33/5 13093/33/5 13092/33/5
f 13116/33/5 13092/33/5 13091/33/5
f 13116/33/5 13091/33/5 13090/33/5
f 13116/33/5 13090/33/5 13089/33/5
f 13116/33/5 13089/33/5 13088/33/5
f 13116/33/5 13088/33/5 13087/33/5
f 13116/33/5 13087/33/5 13086/33/5
f 13116/33/5 13086/33/5 13085/33/5
f 13116/33/5 13085/33/5 13084/33/5
f 13116/33/5 13084/33/5 13083/33/5
f 13116/33/5 13083/33/5 13082/33/5
f 13116/33/5 13082/33/5 13081/33/5
f 13116/33/5 13081/33/5 13080/33/5
f 13116/33/5 13094/33/5 13093/33/5
f 13116/33/5 13097/33/5 13096/33/5
f 13117/33/5 13097/33/5 13116/33/5
f 13118/33/5 13097/33/5 13117/33/5
f 13119/33/5 13097/33/5 13118/33/5
f 13120/33/5 13097/33/5 13119/33/5
f 13121/33/5 13097/33/5 13120/33/5
f 13122/33/5 13097/33/5 13121/33/5
f 13123/33/5 13097/33/5 13122/33/5
f 13124/33/5 13097/33/5 13123/33/5
f 13125/33/5 13097/33/5 13124/33/5
f 13126/33/5 13097/33/5 13125/33/5
f 13127/33/5 13097/33/5 13126/33/5
f 13128/33/5 13097/33/5 13127/33/5
f 13129/33/5 13097/33/5 13128/33/5
f 13130/33/5 13097/33/5 13129/33/5
f 13131/33/5 13097/33/5 13130/33/5
f 13132/33/5 13097/33/5 13131/33/5
f 13133/28/5 12915/28/5 13097/28/5
f 13133/33/5 13097/33/5 13132/33/5
f 13134/33/5 13112/33/5 13111/33/5
f 13134/33/5 13115/33/5 13114/33/5
f 13134/33/5 13113/33/5 13112/33/5
f 13134/33/5 13111/33/5 13110/33/5
f 13134/33/5 13110/33/5 13109/33/5
f 13134/33/5 13109/33/5 13108/33/5
f 13134/33/5 13108/33/5 13107/33/5
f 13134/33/5 13107/33/5 13106/33/5
f 13134/33/5 13106/33/5 13105/33/5
f 13134/33/5 13105/33/5 13104/33/5
f 13134/33/5 13104/33/5 13103/33/5
f 13134/33/5 13103/33/5 13102/33/5
f 13134/33/5 13102/33/5 13101/33/5
f 13134/33/5 13101/33/5 13100/33/5
f 13134/33/5 13100/33/5 13099/33/5
f 13134/33/5 13114/33/5 13113/33/5
f 13134/33/5 13099/33/5 13098/33/5
f 13134/28/5 13098/28/5 12916/28/5
f 13135/33/5 13115/33/5 13134/33/5
f 13136/33/5 13115/33/5 13135/33/5
f 13137/33/5 13115/33/5 13136/33/5
f 13138/33/5 13115/33/5 13137/33/5
f 13139/33/5 13115/33/5 13138/33/5
f 13140/33/5 13115/33/5 13139/33/5
f 13141/33/5 13115/33/5 13140/33/5
f 13142/33/5 13115/33/5 13141/33/5
f 13143/33/5 13115/33/5 13142/33/5
f 13144/33/5 13115/33/5 13143/33/5
f 13145/33/5 13115/33/5 13144/33/5
f 13146/33/5 13115/33/5 13145/33/5
f 13147/33/5 13115/33/5 13146/33/5
f 13148/33/5 13115/33/5 13147/33/5
f 13149/33/5 13115/33/5 13148/33/5
f 13150/33/5 13115/33/5 13149/33/5
f 13151/33/5 12935/33/5 13115/33/5
f 13151/33/5 13115/33/5 13150/33/5
f 13152/26/5 13117/26/5 13116/26/5
f 13153/33/5 13118/33/5 13117/33/5
f 13153/26/5 13117/26/5 13152/26/5
f 13154/26/5 13119/26/5 13118/26/5
f 13154/33/5 13118/33/5 13153/33/5
f 13155/33/5 13120/33/5 13119/33/5
f 13155/26/5 13119/26/5 13154/26/5
f 13156/26/5 13121/26/5 13120/26/5
f 13156/33/5 13120/33/5 13155/33/5
f 13157/33/5 13122/33/5 13121/33/5
f 13157/26/5 13121/26/5 13156/26/5
f 13158/26/5 13123/26/5 13122/26/5
f 13158/33/5 13122/33/5 13157/33/5
f 13159/33/5 13124/33/5 13123/33/5
f 13159/26/5 13123/26/5 13158/26/5
f 13160/26/5 13125/26/5 13124/26/5
f 13160/33/5 13124/33/5 13159/33/5
f 13161/33/5 13126/33/5 13125/33/5
f 13161/26/5 13125/26/5 13160/26/5
f 13162/26/5 13127/26/5 13126/26/5
f 13162/33/5 13126/33/5 13161/33/5
f 13163/33/5 13128/33/5 13127/33/5
f 13163/26/5 13127/26/5 13162/26/5
f 13164/26/5 13129/26/5 13128/26/5
f 13164/33/5 13128/33/5 13163/33/5
f 13165/33/5 13130/33/5 13129/33/5
f 13165/26/5 13129/26/5 13164/26/5
f 13166/26/5 13131/26/5 13130/26/5
f 13166/33/5 13130/33/5 13165/33/5
f 13167/33/5 13132/33/5 13131/33/5
f 13167/26/5 13131/26/5 13166/26/5
f 13168/26/5 13133/26/5 13132/26/5
f 13168/33/5 13132/33/5 13167/33/5
f 13169/28/5 12915/28/5 13133/28/5
f 13169/26/5 13133/26/5 13168/26/5
f 13170/28/5 13134/28/5 12916/28/5
f 13170/26/5 13135/26/5 13134/26/5
f 13171/33/5 13136/33/5 13135/33/5
f 13171/26/5 13135/26/5 13170/26/5
f 13172/26/5 13137/26/5 13136/26/5
f 13172/33/5 13136/33/5 13171/33/5
f 13173/33/5 13138/33/5 13137/33/5
f 13173/26/5 13137/26/5 13172/26/5
f 13174/26/5 13139/26/5 13138/26/5
f 13174/33/5 13138/33/5 13173/33/5
f 13175/33/5 13140/33/5 13139/33/5
f 13175/26/5 13139/26/5 13174/26/5
f 13176/26/5 13141/26/5 13140/26/5
f 13176/33/5 13140/33/5 13175/33/5
f 13177/33/5 13142/33/5 13141/33/5
f 13177/26/5 13141/26/5 13176/26/5
f 13178/26/5 13143/26/5 13142/26/5
f 13178/33/5 13142/33/5 13177/33/5
f 13179/33/5 13144/33/5 13143/33/5
f 13179/26/5 13143/26/5 13178/26/5
f 13180/26/5 13145/26/5 13144/26/5
f 13180/33/5 13144/33/5 13179/33/5
f 13181/33/5 13146/33/5 13145/33/5
f 13181/26/5 13145/26/5 13180/26/5
f 13182/26/5 13147/26/5 13146/26/5
f 13182/33/5 13146/33/5 13181/33/5
f 13183/33/5 13148/33/5 13147/33/5
f 13183/26/5 13147/26/5 13182/26/5
f 13184/26/5 13149/26/5 13148/26/5
f 13184/33/5 13148/33/5 13183/33/5
f 13185/33/5 13150/33/5 13149/33/5
f 13185/26/5 13149/26/5 13184/26/5
f 13186/26/5 13151/26/5 13150/26/5
f 13186/33/5 13150/33/5 13185/33/5
f 13187/33/5 12935/33/5 13151/33/5
f 13187/26/5 13151/26/5 13186/26/5
f 13188/33/5 13168/33/5 13167/33/5
f 13188/33/5 13167/33/5 13166/33/5
f 13188/33/5 13165/33/5 13164/33/5
f 13188/33/5 13164/33/5 13163/33/5
f 13188/33/5 13163/33/5 13162/33/5
f 13188/33/5 13162/33/5 13161/33/5
f 13188/33/5 13161/33/5 13160/33/5
f 13188/33/5 13160/33/5 13159/33/5
f 13188/33/5 13159/33/5 13158/33/5
f 13188/33/5 13158/33/5 13157/33/5
f 13188/33/5 13157/33/5 13156/33/5
f 13188/33/5 13156/33/5 13155/33/5
f 13188/33/5 13155/33/5 13154/33/5
f 13188/33/5 13154/33/5 13153/33/5
f 13188/33/5 13153/33/5 13152/33/5
f 13188/33/5 13166/33/5 13165/33/5
f 13188/33/5 13169/33/5 13168/33/5
f 13189/33/5 13169/33/5 13188/33/5
f 13190/33/5 13169/33/5 13189/33/5
f 13191/33/5 13169/33/5 13190/33/5
f 13192/33/5 13169/33/5 13191/33/5
f 13193/33/5 13169/33/5 13192/33/5
f 13194/33/5 13169/33/5 13193/33/5
f 13195/33/5 13169/33/5 13194/33/5
f 13196/33/5 13169/33/5 13195/33/5
f 13197/33/5 13169/33/5 13196/33/5
f 13198/33/5 13169/33/5 13197/33/5
f 13199/33/5 13169/33/5 13198/33/5
f 13200/33/5 13169/33/5 13199/33/5
f 13201/33/5 13169/33/5 13200/33/5
f 13202/33/5 13169/33/5 13201/33/5
f 13203/33/5 13169/33/5 13202/33/5
f 13204/33/5 13169/33/5 13203/33/5
f 13205/28/5 12915/28/5 13169/28/5
f 13205/33/5 13169/33/5 13204/33/5
f 13206/33/5 13184/33/5 13183/33/5
f 13206/33/5 13187/33/5 13186/33/5
f 13206/33/5 13185/33/5 13184/33/5
f 13206/33/5 13183/33/5 13182/33/5
f 13206/33/5 13182/33/5 13181/33/5
f 13206/33/5 13181/33/5 13180/33/5
f 13206/33/5 13180/33/5 13179/33/5
f 13206/33/5 13179/33/5 13178/33/5
f 13206/33/5 13178/33/5 13177/33/5
f 13206/33/5 13177/33/5 13176/33/5
f 13206/33/5 13176/33/5 13175/33/5
f 13206/33/5 13175/33/5 13174/33/5
f 13206/33/5 13174/33/5 13173/33/5
f 13206/33/5 13173/33/5 13172/33/5
f 13206/33/5 13172/33/5 13171/33/5
f 13206/33/5 13186/33/5 13185/33/5
f 13206/33/5 13171/33/5 13170/33/5
f 13206/28/5 13170/28/5 12916/28/5
f 13207/33/5 13187/33/5 13206/33/5
f 13208/33/5 13187/33/5 13207/33/5
f 13209/33/5 13187/33/5 13208/33/5
f 13210/33/5 13187/33/5 13209/33/5
f 13211/33/5 13187/33/5 13210/33/5
f 13212/33/5 13187/33/5 13211/33/5
f 13213/33/5 13187/33/5 13212/33/5
f 13214/33/5 13187/33/5 13213/33/5
f 13215/33/5 13187/33/5 13214/33/5
f 13216/33/5 13187/33/5 13215/33/5
f 13217/33/5 13187/33/5 13216/33/5
f 13218/33/5 13187/33/5 13217/33/5
f 13219/33/5 13187/33/5 13218/33/5
f 13220/33/5 13187/33/5 13219/33/5
f 13221/33/5 13187/33/5 13220/33/5
f 13222/33/5 13187/33/5 13221/33/5
f 13223/33/5 12935/33/5 13187/33/5
f 13223/33/5 13187/33/5 13222/33/5
f 13224/26/5 13189/26/5 13188/26/5
f 13225/33/5 13190/33/5 13189/33/5
f 13225/26/5 13189/26/5 13224/26/5
f 13226/26/5 13191/26/5 13190/26/5
f 13226/33/5 13190/33/5 13225/33/5
f 13227/33/5 13192/33/5 13191/33/5
f 13227/26/5 13191/26/5 13226/26/5
f 13228/26/5 13193/26/5 13192/26/5
f 13228/33/5 13192/33/5 13227/33/5
f 13229/33/5 13194/33/5 13193/33/5
f 13229/26/5 13193/26/5 13228/26/5
f 13230/26/5 13195/26/5 13194/26/5
f 13230/33/5 13194/33/5 13229/33/5
f 13231/33/5 13196/33/5 13195/33/5
f 13231/26/5 13195/26/5 13230/26/5
f 13232/26/5 13197/26/5 13196/26/5
f 13232/33/5 13196/33/5 13231/33/5
f 13233/33/5 13198/33/5 13197/33/5
f 13233/26/5 13197/26/5 13232/26/5
f 13234/26/5 13199/26/5 13198/26/5
f 13234/33/5 13198/33/5 13233/33/5
f 13235/33/5 13200/33/5 13199/33/5
f 13235/26/5 13199/26/5 13234/26/5
f 13236/26/5 13201/26/5 13200/26/5
f 13236/33/5 13200/33/5 13235/33/5
f 13237/33/5 13202/33/5 13201/33/5
f 13237/26/5 13201/26/5 13236/26/5
f 13238/26/5 13203/26/5 13202/26/5
f 13238/33/5 13202/33/5 13237/33/5
f 13239/33/5 13204/33/5 13203/33/5
f 13239/26/5 13203/26/5 13238/26/5
f 13240/26/5 13205/26/5 13204/26/5
f 13240/33/5 13204/33/5 13239/33/5
f 13241/28/5 12915/28/5 13205/28/5
f 13241/26/5 13205/26/5 13240/26/5
f 13242/28/5 13206/28/5 12916/28/5
f 13242/26/5 13207/26/5 13206/26/5
f 13243/33/5 13208/33/5 13207/33/5
f 13243/26/5 13207/26/5 13242/26/5
f 13244/26/5 13209/26/5 13208/26/5
f 13244/33/5 13208/33/5 13243/33/5
f 13245/33/5 13210/33/5 13209/33/5
f 13245/26/5 13209/26/5 13244/26/5
f 13246/26/5 13211/26/5 13210/26/5
f 13246/33/5 13210/33/5 13245/33/5
f 13247/33/5 13212/33/5 13211/33/5
f 13247/26/5 13211/26/5 13246/26/5
f 13248/26/5 13213/26/5 13212/26/5
f 13248/33/5 13212/33/5 13247/33/5
f 13249/33/5 13214/33/5 13213/33/5
f 13249/26/5 13213/26/5 13248/26/5
f 13250/26/5 13215/26/5 13214/26/5
f 13250/33/5 13214/33/5 13249/33/5
f 13251/33/5 13216/33/5 13215/33/5
f 13251/26/5 13215/26/5 13250/26/5
f 13252/26/5 13217/26/5 13216/26/5
f 13252/33/5 13216/33/5 13251/33/5
f 13253/33/5 13218/33/5 13217/33/5
f 13253/26/5 13217/26/5 13252/26/5
f 13254/26/5 13219/26/5 13218/26/5
f 13254/33/5 13218/33/5 13253/33/5
f 13255/33/5 13220/33/5 13219/33/5
f 13255/26/5 13219/26/5 13254/26/5
f 13256/26/5 13221/26/5 13220/26/5
f 13256/33/5 13220/33/5 13255/33/5
f 13257/33/5 13222/33/5 13221/33/5
f 13257/26/5 13221/26/5 13256/26/5
f 13258/26/5 13223/26/5 13222/26/5
f 13258/33/5 13222/33/5 13257/33/5
f 13259/33/5 12935/33/5 13223/33/5
f 13259/26/5 13223/26/5 13258/26/5
f 13260/33/5 13240/33/5 13239/33/5
f 13260/33/5 13239/33/5 13238/33/5
f 13260/33/5 13237/33/5 13236/33/5
f 13260/33/5 13236/33/5 13235/33/5
f 13260/33/5 13235/33/5 13234/33/5
f 13260/33/5 13234/33/5 13233/33/5
f 13260/33/5 13233/33/5 13232/33/5
f 13260/33/5 13232/33/5 13231/33/5
f 13260/33/5 13231/33/5 13230/33/5
f 13260/33/5 13230/33/5 13229/33/5
f 13260/33/5 13229/33/5 13228/33/5
f 13260/33/5 13228/33/5 13227/33/5
f 13260/33/5 13227/33/5 13226/33/5
f 13260/33/5 13226/33/5 13225/33/5
f 13260/33/5 13225/33/5 13224/33/5
f 13260/33/5 13238/33/5 13237/33/5
f 13260/33/5 13241/33/5 13240/33/5
f 13261/33/5 13241/33/5 13260/33/5
f 13262/33/5 13241/33/5 13261/33/5
f 13263/33/5 13241/33/5 13262/33/5
f 13264/33/5 13241/33/5 13263/33/5
f 13265/33/5 13241/33/5 13264/33/5
f 13266/33/5 13241/33/5 13265/33/5
f 13267/33/5 13241/33/5 13266/33/5
f 13268/33/5 13241/33/5 13267/33/5
f 13269/33/5 13241/33/5 13268/33/5
f 13270/33/5 13241/33/5 13269/33/5
f 13271/33/5 13241/33/5 13270/33/5
f 13272/33/5 13241/33/5 13271/33/5
f 13273/33/5 13241/33/5 13272/33/5
f 13274/33/5 13241/33/5 13273/33/5
f 13275/33/5 13241/33/5 13274/33/5
f 13276/33/5 13241/33/5 13275/33/5
f 13277/28/5 12915/28/5 13241/28/5
f 13277/33/5 13241/33/5 13276/33/5
f 13278/33/5 13256/33/5 13255/33/5
f 13278/33/5 13259/33/5 13258/33/5
f 13278/33/5 13257/33/5 13256/33/5
f 13278/33/5 13255/33/5 13254/33/5
f 13278/33/5 13254/33/5 13253/33/5
f 13278/33/5 13253/33/5 13252/33/5
f 13278/33/5 13252/33/5 13251/33/5
f 13278/33/5 13251/33/5 13250/33/5
f 13278/33/5 13250/33/5 13249/33/5
f 13278/33/5 13249/33/5 13248/33/5
f 13278/33/5 13248/33/5 13247/33/5
f 13278/33/5 13247/33/5 13246/33/5
f 13278/33/5 13246/33/5 13245/33/5
f 13278/33/5 13245/33/5 13244/33/5
f 13278/33/5 13244/33/5 13243/33/5
f 13278/33/5 13258/33/5 13257/33/5
f 13278/33/5 13243/33/5 13242/33/5
f 13278/28/5 13242/28/5 12916/28/5
f 13279/33/5 13259/33/5 13278/33/5
f 13280/33/5 13259/33/5 13279/33/5
f 13281/33/5 13259/33/5 13280/33/5
f 13282/33/5 13259/33/5 13281/33/5
f 13283/33/5 13259/33/5 13282/33/5
f 13284/33/5 13259/33/5 13283/33/5
f 13285/33/5 13259/33/5 13284/33/5
f 13286/33/5 13259/33/5 13285/33/5
f 13287/33/5 13259/33/5 13286/33/5
f 13288/33/5 13259/33/5 13287/33/5
f 13289/33/5 13259/33/5 13288/33/5
f 13290/33/5 13259/33/5 13289/33/5
f 13291/33/5 13259/33/5 13290/33/5
f 13292/33/5 13259/33/5 13291/33/5
f 13293/33/5 13259/33/5 13292/33/5
f 13294/33/5 13259/33/5 13293/33/5
f 13295/33/5 12935/33/5 13259/33/5
f 13295/33/5 13259/33/5 13294/33/5
f 13296/26/5 13291/26/5 13290/26/5
f 13297/26/5 13291/26/5 13296/26/5
f 13298/26/5 13293/26/5 13292/26/5
f 13299/26/5 13293/26/5 13298/26/5
f 13300/33/5 13294/33/5 13293/33/5
f 13300/26/5 13293/26/5 13299/26/5
f 13301/26/5 13295/26/5 13294/26/5
f 13301/33/5 13294/33/5 13300/33/5
f 13302/26/5 13289/26/5 13288/26/5
f 13302/33/5 13290/33/5 13289/33/5
f 13303/26/5 13296/26/5 13290/26/5
f 13303/33/5 13290/33/5 13302/33/5
f 13304/26/5 13302/26/5 13288/26/5
f 13304/26/5 13303/26/5 13302/26/5
f 13305/26/5 13296/26/5 13303/26/5
f 13305/26/5 13303/26/5 13304/26/5
f 13305/33/5 13297/33/5 13296/33/5
f 13306/26/5 13291/26/5 13297/26/5
f 13306/33/5 13297/33/5 13305/33/5
f 13307/26/5 13291/26/5 13306/26/5
f 13308/33/5 13305/33/5 13304/33/5
f 13308/26/5 13304/26/5 13288/26/5
f 13308/33/5 13307/33/5 13306/33/5
f 13308/33/5 13306/33/5 13305/33/5
f 13309/33/5 13307/33/5 13308/33/5
f 13310/33/5 13307/33/5 13309/33/5
f 13311/26/5 13291/26/5 13307/26/5
f 13311/33/5 13307/33/5 13310/33/5
f 13312/26/5 13298/26/5 13292/26/5
f 13313/33/5 13299/33/5 13298/33/5
f 13313/26/5 13298/26/5 13312/26/5
f 13314/26/5 13301/26/5 13300/26/5
f 13314/33/5 13299/33/5 13313/33/5
f 13314/26/5 13300/26/5 13299/26/5
f 13315/26/5 13295/26/5 13301/26/5
f 13315/26/5 13301/26/5 13314/26/5
f 13316/26/5 13312/26/5 13292/26/5
f 13316/33/5 13314/33/5 13313/33/5
f 13316/33/5 13315/33/5 13314/33/5
f 13316/33/5 13313/33/5 13312/33/5
f 13317/33/5 13315/33/5 13316/33/5
f 13318/33/5 13315/33/5 13317/33/5
f 13319/26/5 13295/26/5 13315/26/5
f 13319/33/5 13315/33/5 13318/33/5
f 13320/26/5 13261/26/5 13260/26/5
f 13321/33/5 13262/33/5 13261/33/5
f 13321/26/5 13261/26/5 13320/26/5
f 13322/26/5 13263/26/5 13262/26/5
f 13322/33/5 13262/33/5 13321/33/5
f 13323/33/5 13264/33/5 13263/33/5
f 13323/26/5 13263/26/5 13322/26/5
f 13324/26/5 13265/26/5 13264/26/5
f 13324/33/5 13264/33/5 13323/33/5
f 13325/33/5 13266/33/5 13265/33/5
f 13325/26/5 13265/26/5 13324/26/5
f 13326/26/5 13267/26/5 13266/26/5
f 13326/33/5 13266/33/5 13325/33/5
f 13327/33/5 13268/33/5 13267/33/5
f 13327/26/5 13267/26/5 13326/26/5
f 13328/26/5 13269/26/5 13268/26/5
f 13328/33/5 13268/33/5 13327/33/5
f 13329/33/5 13270/33/5 13269/33/5
f 13329/26/5 13269/26/5 13328/26/5
f 13330/26/5 13271/26/5 13270/26/5
f 13330/33/5 13270/33/5 13329/33/5
f 13331/33/5 13272/33/5 13271/33/5
f 13331/26/5 13271/26/5 13330/26/5
f 13332/26/5 13273/26/5 13272/26/5
f 13332/33/5 13272/33/5 13331/33/5
f 13333/33/5 13274/33/5 13273/33/5
f 13333/26/5 13273/26/5 13332/26/5
f 13334/26/5 13275/26/5 13274/26/5
f 13334/33/5 13274/33/5 13333/33/5
f 13335/33/5 13276/33/5 13275/33/5
f 13335/26/5 13275/26/5 13334/26/5
f 13336/26/5 13277/26/5 13276/26/5
f 13336/33/5 13276/33/5 13335/33/5
f 13337/28/5 12915/28/5 13277/28/5
f 13337/26/5 13277/26/5 13336/26/5
f 13338/28/5 13278/28/5 12916/28/5
f 13338/26/5 13279/26/5 13278/26/5
f 13339/33/5 13280/33/5 13279/33/5
f 13339/26/5 13279/26/5 13338/26/5
f 13340/26/5 13281/26/5 13280/26/5
f 13340/33/5 13280/33/5 13339/33/5
f 13341/33/5 13282/33/5 13281/33/5
f 13341/26/5 13281/26/5 13340/26/5
f 13342/26/5 13283/26/5 13282/26/5
f 13342/33/5 13282/33/5 13341/33/5
f 13343/33/5 13284/33/5 13283/33/5
f 13343/26/5 13283/26/5 13342/26/5
f 13344/26/5 13285/26/5 13284/26/5
f 13344/33/5 13284/33/5 13343/33/5
f 13345/33/5 13286/33/5 13285/33/5
f 13345/26/5 13285/26/5 13344/26/5
f 13346/26/5 13287/26/5 13286/26/5
f 13346/33/5 13286/33/5 13345/33/5
f 13347/33/5 13288/33/5 13287/33/5
f 13347/26/5 13287/26/5 13346/26/5
f 13348/26/5 13309/26/5 13308/26/5
f 13348/33/5 13288/33/5 13347/33/5
f 13348/26/5 13308/26/5 13288/26/5
f 13349/26/5 13309/26/5 13348/26/5
f 13350/26/5 13311/26/5 13310/26/5
f 13351/33/5 13292/33/5 13291/33/5
f 13351/26/5 13311/26/5 13350/26/5
f 13351/26/5 13291/26/5 13311/26/5
f 13352/26/5 13316/26/5 13292/26/5
f 13352/33/5 13292/33/5 13351/33/5
f 13352/26/5 13317/26/5 13316/26/5
f 13353/26/5 13317/26/5 13352/26/5
f 13354/26/5 13319/26/5 13318/26/5
f 13355/26/5 13295/26/5 13319/26/5
f 13355/26/5 13319/26/5 13354/26/5
f 13355/33/5 12935/33/5 13295/33/5
f 13356/33/5 13336/33/5 13335/33/5
f 13356/33/5 13335/33/5 13334/33/5
f 13356/33/5 13333/33/5 13332/33/5
f 13356/33/5 13332/33/5 13331/33/5
f 13356/33/5 13331/33/5 13330/33/5
f 13356/33/5 13330/33/5 13329/33/5
f 13356/33/5 13329/33/5 13328/33/5
f 13356/33/5 13328/33/5 13327/33/5
f 13356/33/5 13327/33/5 13326/33/5
f 13356/33/5 13326/33/5 13325/33/5
f 13356/33/5 13325/33/5 13324/33/5
f 13356/33/5 13324/33/5 13323/33/5
f 13356/33/5 13323/33/5 13322/33/5
f 13356/33/5 13322/33/5 13321/33/5
f 13356/33/5 13321/33/5 13320/33/5
f 13356/33/5 13334/33/5 13333/33/5
f 13356/33/5 13337/33/5 13336/33/5
f 13357/33/5 13337/33/5 13356/33/5
f 13358/33/5 13337/33/5 13357/33/5
f 13359/33/5 13337/33/5 13358/33/5
f 13360/33/5 13337/33/5 13359/33/5
f 13361/33/5 13337/33/5 13360/33/5
f 13362/33/5 13337/33/5 13361/33/5
f 13363/33/5 13337/33/5 13362/33/5
f 13364/33/5 13337/33/5 13363/33/5
f 13365/33/5 13337/33/5 13364/33/5
f 13366/33/5 13337/33/5 13365/33/5
f 13367/33/5 13337/33/5 13366/33/5
f 13368/33/5 13337/33/5 13367/33/5
f 13369/33/5 13337/33/5 13368/33/5
f 13370/33/5 13337/33/5 13369/33/5
f 13371/33/5 13337/33/5 13370/33/5
f 13372/33/5 13337/33/5 13371/33/5
f 13373/28/5 12915/28/5 13337/28/5
f 13373/33/5 13337/33/5 13372/33/5
f 13374/33/5 13348/33/5 13347/33/5
f 13374/33/5 13349/33/5 13348/33/5
f 13374/33/5 13347/33/5 13346/33/5
f 13374/33/5 13346/33/5 13345/33/5
f 13374/33/5 13345/33/5 13344/33/5
f 13374/33/5 13344/33/5 13343/33/5
f 13374/33/5 13343/33/5 13342/33/5
f 13374/33/5 13342/33/5 13341/33/5
f 13374/28/5 13338/28/5 12916/28/5
f 13374/33/5 13339/33/5 13338/33/5
f 13374/33/5 13340/33/5 13339/33/5
f 13374/33/5 13341/33/5 13340/33/5
f 13375/33/5 13349/33/5 13374/33/5
f 13376/33/5 13349/33/5 13375/33/5
f 13377/33/5 13349/33/5 13376/33/5
f 13378/33/5 13349/33/5 13377/33/5
f 13379/33/5 13349/33/5 13378/33/5
f 13380/33/5 13349/33/5 13379/33/5
f 13381/33/5 13349/33/5 13380/33/5
f 13382/33/5 13349/33/5 13381/33/5
f 13383/33/5 13349/33/5 13382/33/5
f 13384/33/5 13349/33/5 13383/33/5
f 13385/33/5 13349/33/5 13384/33/5
f 13386/33/5 13352/33/5 13351/33/5
f 13386/33/5 13351/33/5 13350/33/5
f 13386/26/5 13350/26/5 13310/26/5
f 13386/33/5 13353/33/5 13352/33/5
f 13387/33/5 13353/33/5 13386/33/5
f 13388/33/5 13353/33/5 13387/33/5
f 13389/26/5 13317/26/5 13353/26/5
f 13389/33/5 13353/33/5 13388/33/5
f 13390/33/5 13355/33/5 13354/33/5
f 13390/26/5 13354/26/5 13318/26/5
f 13391/33/5 12935/33/5 13355/33/5
f 13391/33/5 13355/33/5 13390/33/5
f 13392/26/5 13309/26/5 13349/26/5
f 13392/33/5 13310/33/5 13309/33/5
f 13393/26/5 13386/26/5 13310/26/5
f 13393/33/5 13310/33/5 13392/33/5
f 13393/26/5 13387/26/5 13386/26/5
f 13394/33/5 13318/33/5 13317/33/5
f 13394/26/5 13317/26/5 13389/26/5
f 13394/26/5 13389/26/5 13388/26/5
f 13395/26/5 13390/26/5 13318/26/5
f 13395/33/5 13318/33/5 13394/33/5
f 13395/26/5 13391/26/5 13390/26/5
f 13396/26/5 13391/26/5 13395/26/5
f 13397/26/5 13391/26/5 13396/26/5
f 13398/26/5 13357/26/5 13356/26/5
f 13399/33/5 13358/33/5 13357/33/5
f 13399/26/5 13357/26/5 13398/26/5
f 13400/26/5 13359/26/5 13358/26/5
f 13400/33/5 13358/33/5 13399/33/5
f 13401/33/5 13360/33/5 13359/33/5
f 13401/26/5 13359/26/5 13400/26/5
f 13402/26/5 13361/26/5 13360/26/5
f 13402/33/5 13360/33/5 13401/33/5
f 13403/33/5 13362/33/5 13361/33/5
f 13403/26/5 13361/26/5 13402/26/5
f 13404/26/5 13363/26/5 13362/26/5
f 13404/33/5 13362/33/5 13403/33/5
f 13405/33/5 13364/33/5 13363/33/5
f 13405/26/5 13363/26/5 13404/26/5
f 13406/26/5 13365/26/5 13364/26/5
f 13406/33/5 13364/33/5 13405/33/5
f 13407/33/5 13366/33/5 13365/33/5
f 13407/26/5 13365/26/5 13406/26/5
f 13408/26/5 13367/26/5 13366/26/5
f 13408/33/5 13366/33/5 13407/33/5
f 13409/33/5 13368/33/5 13367/33/5
f 13409/26/5 13367/26/5 13408/26/5
f 13410/26/5 13369/26/5 13368/26/5
f 13410/33/5 13368/33/5 13409/33/5
f 13411/33/5 13370/33/5 13369/33/5
f 13411/26/5 13369/26/5 13410/26/5
f 13412/26/5 13371/26/5 13370/26/5
f 13412/33/5 13370/33/5 13411/33/5
f 13413/33/5 13372/33/5 13371/33/5
f 13413/26/5 13371/26/5 13412/26/5
f 13414/26/5 13373/26/5 13372/26/5
f 13414/33/5 13372/33/5 13413/33/5
f 13415/28/5 12915/28/5 13373/28/5
f 13415/26/5 13373/26/5 13414/26/5
f 13416/28/5 13374/28/5 12916/28/5
f 13416/26/5 13375/26/5 13374/26/5
f 13417/33/5 13376/33/5 13375/33/5
f 13417/26/5 13375/26/5 13416/26/5
f 13418/26/5 13377/26/5 13376/26/5
f 13418/33/5 13376/33/5 13417/33/5
f 13419/33/5 13378/33/5 13377/33/5
f 13419/26/5 13377/26/5 13418/26/5
f 13420/26/5 13379/26/5 13378/26/5
f 13420/33/5 13378/33/5 13419/33/5
f 13421/33/5 13380/33/5 13379/33/5
f 13421/26/5 13379/26/5 13420/26/5
f 13422/26/5 13381/26/5 13380/26/5
f 13422/33/5 13380/33/5 13421/33/5
f 13423/33/5 13382/33/5 13381/33/5
f 13423/26/5 13381/26/5 13422/26/5
f 13424/26/5 13383/26/5 13382/26/5
f 13424/33/5 13382/33/5 13423/33/5
f 13425/33/5 13384/33/5 13383/33/5
f 13425/26/5 13383/26/5 13424/26/5
f 13426/26/5 13385/26/5 13384/26/5
f 13426/33/5 13384/33/5 13425/33/5
f 13427/33/5 13349/33/5 13385/33/5
f 13427/26/5 13385/26/5 13426/26/5
f 13428/26/5 13393/26/5 13392/26/5
f 13428/33/5 13349/33/5 13427/33/5
f 13428/26/5 13392/26/5 13349/26/5
f 13429/26/5 13387/26/5 13393/26/5
f 13429/26/5 13393/26/5 13428/26/5
f 13429/33/5 13388/33/5 13387/33/5
f 13430/26/5 13394/26/5 13388/26/5
f 13430/33/5 13388/33/5 13429/33/5
f 13430/26/5 13396/26/5 13395/26/5
f 13430/26/5 13395/26/5 13394/26/5
f 13431/33/5 13397/33/5 13396/33/5
f 13431/26/5 13396/26/5 13430/26/5
f 13432/26/5 13391/26/5 13397/26/5
f 13432/33/5 13397/33/5 13431/33/5
f 13433/33/5 12935/33/5 13391/33/5
f 13433/26/5 13391/26/5 13432/26/5
f 13434/33/5 13414/33/5 13413/33/5
f 13434/33/5 13413/33/5 13412/33/5
f 13434/33/5 13411/33/5 13410/33/5
f 13434/33/5 13410/33/5 13409/33/5
f 13434/33/5 13409/33/5 13408/33/5
f 13434/33/5 13408/33/5 13407/33/5
f 13434/33/5 13407/33/5 13406/33/5
f 13434/33/5 13412/33/5 13411/33/5
f 13434/33/5 13415/33/5 13414/33/5
f 13434/33/5 13406/33/5 13405/33/5
f 13434/33/5 13401/33/5 13400/33/5
f 13434/33/5 13400/33/5 13399/33/5
f 13434/33/5 13399/33/5 13398/33/5
f 13434/33/5 13405/33/5 13404/33/5
f 13434/33/5 13404/33/5 13403/33/5
f 13434/33/5 13403/33/5 13402/33/5
f 13434/33/5 13402/33/5 13401/33/5
f 13435/33/5 13415/33/5 13434/33/5
f 13436/33/5 13415/33/5 13435/33/5
f 13437/33/5 13415/33/5 13436/33/5
f 13438/33/5 13415/33/5 13437/33/5
f 13439/33/5 13415/33/5 13438/33/5
f 13440/33/5 13415/33/5 13439/33/5
f 13441/33/5 13415/33/5 13440/33/5
f 13442/33/5 13415/33/5 13441/33/5
f 13443/33/5 13415/33/5 13442/33/5
f 13444/33/5 13415/33/5 13443/33/5
f 13445/33/5 13415/33/5 13444/33/5
f 13446/33/5 13415/33/5 13445/33/5
f 13447/33/5 13415/33/5 13446/33/5
f 13448/33/5 13415/33/5 13447/33/5
f 13449/33/5 13415/33/5 13448/33/5
f 13450/33/5 13415/33/5 13449/33/5
f 13451/28/5 12915/28/5 13415/28/5
f 13451/33/5 13415/33/5 13450/33/5
f 13452/33/5 13429/33/5 13428/33/5
f 13452/33/5 13428/33/5 13427/33/5
f 13452/33/5 13427/33/5 13426/33/5
f 13452/33/5 13426/33/5 13425/33/5
f 13452/33/5 13425/33/5 13424/33/5
f 13452/33/5 13433/33/5 13432/33/5
f 13452/33/5 13432/33/5 13431/33/5
f 13452/33/5 13422/33/5 13421/33/5
f 13452/33/5 13424/33/5 13423/33/5
f 13452/33/5 13423/33/5 13422/33/5
f 13452/33/5 13421/33/5 13420/33/5
f 13452/33/5 13420/33/5 13419/33/5
f 13452/33/5 13419/33/5 13418/33/5
f 13452/33/5 13418/33/5 13417/33/5
f 13452/33/5 13417/33/5 13416/33/5
f 13452/33/5 13430/33/5 13429/33/5
f 13452/28/5 13416/28/5 12916/28/5
f 13452/33/5 13431/33/5 13430/33/5
f 13453/33/5 13433/33/5 13452/33/5
f 13454/33/5 13433/33/5 13453/33/5
f 13455/33/5 13433/33/5 13454/33/5
f 13456/33/5 13433/33/5 13455/33/5
f 13457/33/5 13433/33/5 13456/33/5
f 13458/33/5 13433/33/5 13457/33/5
f 13459/33/5 13433/33/5 13458/33/5
f 13460/33/5 13433/33/5 13459/33/5
f 13461/33/5 13433/33/5 13460/33/5
f 13462/33/5 13433/33/5 13461/33/5
f 13463/33/5 13433/33/5 13462/33/5
f 13464/33/5 13433/33/5 13463/33/5
f 13465/33/5 13433/33/5 13464/33/5
f 13466/33/5 13433/33/5 13465/33/5
f 13467/33/5 13433/33/5 13466/33/5
f 13468/33/5 13433/33/5 13467/33/5
f 13469/33/5 12935/33/5 13433/33/5
f 13469/33/5 13433/33/5 13468/33/5
f 13470/26/5 13435/26/5 13434/26/5
f 13471/33/5 13436/33/5 13435/33/5
f 13471/26/5 13435/26/5 13470/26/5
f 13472/26/5 13437/26/5 13436/26/5
f 13472/33/5 13436/33/5 13471/33/5
f 13473/33/5 13438/33/5 13437/33/5
f 13473/26/5 13437/26/5 13472/26/5
f 13474/26/5 13439/26/5 13438/26/5
f 13474/33/5 13438/33/5 13473/33/5
f 13475/33/5 13440/33/5 13439/33/5
f 13475/26/5 13439/26/5 13474/26/5
f 13476/26/5 13441/26/5 13440/26/5
f 13476/33/5 13440/33/5 13475/33/5
f 13477/33/5 13442/33/5 13441/33/5
f 13477/26/5 13441/26/5 13476/26/5
f 13478/26/5 13443/26/5 13442/26/5
f 13478/33/5 13442/33/5 13477/33/5
f 13479/33/5 13444/33/5 13443/33/5
f 13479/26/5 13443/26/5 13478/26/5
f 13480/26/5 13445/26/5 13444/26/5
f 13480/33/5 13444/33/5 13479/33/5
f 13481/33/5 13446/33/5 13445/33/5
f 13481/26/5 13445/26/5 13480/26/5
f 13482/26/5 13447/26/5 13446/26/5
f 13482/33/5 13446/33/5 13481/33/5
f 13483/33/5 13448/33/5 13447/33/5
f 13483/26/5 13447/26/5 13482/26/5
f 13484/26/5 13449/26/5 13448/26/5
f 13484/33/5 13448/33/5 13483/33/5
f 13485/33/5 13450/33/5 13449/33/5
f 13485/26/5 13449/26/5 13484/26/5
f 13486/26/5 13451/26/5 13450/26/5
f 13486/33/5 13450/33/5 13485/33/5
f 13487/28/5 12915/28/5 13451/28/5
f 13487/26/5 13451/26/5 13486/26/5
f 13488/28/5 13452/28/5 12916/28/5
f 13488/26/5 13453/26/5 13452/26/5
f 13489/33/5 13454/33/5 13453/33/5
f 13489/26/5 13453/26/5 13488/26/5
f 13490/26/5 13455/26/5 13454/26/5
f 13490/33/5 13454/33/5 13489/33/5
f 13491/33/5 13456/33/5 13455/33/5
f 13491/26/5 13455/26/5 13490/26/5
f 13492/26/5 13457/26/5 13456/26/5
f 13492/33/5 13456/33/5 13491/33/5
f 13493/33/5 13458/33/5 13457/33/5
f 13493/26/5 13457/26/5 13492/26/5
f 13494/26/5 13459/26/5 13458/26/5
f 13494/33/5 13458/33/5 13493/33/5
f 13495/33/5 13460/33/5 13459/33/5
f 13495/26/5 13459/26/5 13494/26/5
f 13496/26/5 13461/26/5 13460/26/5
f 13496/33/5 13460/33/5 13495/33/5
f 13497/33/5 13462/33/5 13461/33/5
f 13497/26/5 13461/26/5 13496/26/5
f 13498/26/5 13463/26/5 13462/26/5
f 13498/33/5 13462/33/5 13497/33/5
f 13499/33/5 13464/33/5 13463/33/5
f 13499/26/5 13463/26/5 13498/26/5
f 13500/26/5 13465/26/5 13464/26/5
f 13500/33/5 13464/33/5 13499/33/5
f 13501/33/5 13466/33/5 13465/33/5
f 13501/26/5 13465/26/5 13500/26/5
f 13502/26/5 13467/26/5 13466/26/5
f 13502/33/5 13466/33/5 13501/33/5
f 13503/33/5 13468/33/5 13467/33/5
f 13503/26/5 13467/26/5 13502/26/5
f 13504/26/5 13469/26/5 13468/26/5
f 13504/33/5 13468/33/5 13503/33/5
f 13505/33/5 12935/33/5 13469/33/5
f 13505/26/5 13469/26/5 13504/26/5
f 13506/33/5 13486/33/5 13485/33/5
f 13506/33/5 13485/33/5 13484/33/5
f 13506/33/5 13483/33/5 13482/33/5
f 13506/33/5 13482/33/5 13481/33/5
f 13506/33/5 13481/33/5 13480/33/5
f 13506/33/5 13480/33/5 13479/33/5
f 13506/33/5 13479/33/5 13478/33/5
f 13506/33/5 13478/33/5 13477/33/5
f 13506/33/5 13477/33/5 13476/33/5
f 13506/33/5 13476/33/5 13475/33/5
f 13506/33/5 13475/33/5 13474/33/5
f 13506/33/5 13474/33/5 13473/33/5
f 13506/33/5 13473/33/5 13472/33/5
f 13506/33/5 13472/33/5 13471/33/5
f 13506/33/5 13471/33/5 13470/33/5
f 13506/33/5 13484/33/5 13483/33/5
f 13506/33/5 13487/33/5 13486/33/5
f 13507/33/5 13487/33/5 13506/33/5
f 13508/33/5 13487/33/5 13507/33/5
f 13509/33/5 13487/33/5 13508/33/5
f 13510/33/5 13487/33/5 13509/33/5
f 13511/33/5 13487/33/5 13510/33/5
f 13512/33/5 13487/33/5 13511/33/5
f 13513/33/5 13487/33/5 13512/33/5
f 13514/33/5 13487/33/5 13513/33/5
f 13515/33/5 13487/33/5 13514/33/5
f 13516/33/5 13487/33/5 13515/33/5
f 13517/33/5 13487/33/5 13516/33/5
f 13518/33/5 13487/33/5 13517/33/5
f 13519/33/5 13487/33/5 13518/33/5
f 13520/33/5 13487/33/5 13519/33/5
f 13521/33/5 13487/33/5 13520/33/5
f 13522/33/5 13487/33/5 13521/33/5
f 13523/28/5 12915/28/5 13487/28/5
f 13523/33/5 13487/33/5 13522/33/5
f 13524/33/5 13505/33/5 13504/33/5
f 13524/33/5 13503/33/5 13502/33/5
f 13524/33/5 13501/33/5 13500/33/5
f 13524/33/5 13502/33/5 13501/33/5
f 13524/33/5 13500/33/5 13499/33/5
f 13524/33/5 13499/33/5 13498/33/5
f 13524/33/5 13498/33/5 13497/33/5
f 13524/33/5 13497/33/5 13496/33/5
f 13524/33/5 13496/33/5 13495/33/5
f 13524/33/5 13495/33/5 13494/33/5
f 13524/33/5 13494/33/5 13493/33/5
f 13524/33/5 13493/33/5 13492/33/5
f 13524/33/5 13492/33/5 13491/33/5
f 13524/33/5 13491/33/5 13490/33/5
f 13524/33/5 13490/33/5 13489/33/5
f 13524/33/5 13504/33/5 13503/33/5
f 13524/33/5 13489/33/5 13488/33/5
f 13524/28/5 13488/28/5 12916/28/5
f 13525/33/5 13505/33/5 13524/33/5
f 13526/33/5 13505/33/5 13525/33/5
f 13527/33/5 13505/33/5 13526/33/5
f 13528/33/5 13505/33/5 13527/33/5
f 13529/33/5 13505/33/5 13528/33/5
f 13530/33/5 13505/33/5 13529/33/5
f 13531/33/5 13505/33/5 13530/33/5
f 13532/33/5 13505/33/5 13531/33/5
f 13533/33/5 13505/33/5 13532/33/5
f 13534/33/5 13505/33/5 13533/33/5
f 13535/33/5 13505/33/5 13534/33/5
f 13536/33/5 13505/33/5 13535/33/5
f 13537/33/5 13505/33/5 13536/33/5
f 13538/33/5 13505/33/5 13537/33/5
f 13539/33/5 13505/33/5 13538/33/5
f 13540/33/5 13505/33/5 13539/33/5
f 13541/33/5 12935/33/5 13505/33/5
f 13541/33/5 13505/33/5 13540/33/5
f 13542/26/5 13507/26/5 13506/26/5
f 13543/33/5 13508/33/5 13507/33/5
f 13543/26/5 13507/26/5 13542/26/5
f 13544/26/5 13509/26/5 13508/26/5
f 13544/33/5 13508/33/5 13543/33/5
f 13545/33/5 13510/33/5 13509/33/5
f 13545/26/5 13509/26/5 13544/26/5
f 13546/26/5 13511/26/5 13510/26/5
f 13546/33/5 13510/33/5 13545/33/5
f 13547/33/5 13512/33/5 13511/33/5
f 13547/26/5 13511/26/5 13546/26/5
f 13548/26/5 13513/26/5 13512/26/5
f 13548/33/5 13512/33/5 13547/33/5
f 13549/33/5 13514/33/5 13513/33/5
f 13549/26/5 13513/26/5 13548/26/5
f 13550/26/5 13515/26/5 13514/26/5
f 13550/33/5 13514/33/5 13549/33/5
f 13551/33/5 13516/33/5 13515/33/5
f 13551/26/5 13515/26/5 13550/26/5
f 13552/26/5 13517/26/5 13516/26/5
f 13552/33/5 13516/33/5 13551/33/5
f 13553/33/5 13518/33/5 13517/33/5
f 13553/26/5 13517/26/5 13552/26/5
f 13554/26/5 13519/26/5 13518/26/5
f 13554/33/5 13518/33/5 13553/33/5
f 13555/33/5 13520/33/5 13519/33/5
f 13555/26/5 13519/26/5 13554/26/5
f 13556/26/5 13521/26/5 13520/26/5
f 13556/33/5 13520/33/5 13555/33/5
f 13557/33/5 13522/33/5 13521/33/5
f 13557/26/5 13521/26/5 13556/26/5
f 13558/26/5 13523/26/5 13522/26/5
f 13558/33/5 13522/33/5 13557/33/5
f 13559/28/5 12915/28/5 13523/28/5
f 13559/26/5 13523/26/5 13558/26/5
f 13560/28/5 13524/28/5 12916/28/5
f 13560/26/5 13525/26/5 13524/26/5
f 13561/33/5 13526/33/5 13525/33/5
f 13561/26/5 13525/26/5 13560/26/5
f 13562/26/5 13527/26/5 13526/26/5
f 13562/33/5 13526/33/5 13561/33/5
f 13563/33/5 13528/33/5 13527/33/5
f 13563/26/5 13527/26/5 13562/26/5
f 13564/26/5 13529/26/5 13528/26/5
f 13564/33/5 13528/33/5 13563/33/5
f 13565/33/5 13530/33/5 13529/33/5
f 13565/26/5 13529/26/5 13564/26/5
f 13566/26/5 13531/26/5 13530/26/5
f 13566/33/5 13530/33/5 13565/33/5
f 13567/33/5 13532/33/5 13531/33/5
f 13567/26/5 13531/26/5 13566/26/5
f 13568/26/5 13533/26/5 13532/26/5
f 13568/33/5 13532/33/5 13567/33/5
f 13569/33/5 13534/33/5 13533/33/5
f 13569/26/5 13533/26/5 13568/26/5
f 13570/26/5 13535/26/5 13534/26/5
f 13570/33/5 13534/33/5 13569/33/5
f 13571/33/5 13536/33/5 13535/33/5
f 13571/26/5 13535/26/5 13570/26/5
f 13572/26/5 13537/26/5 13536/26/5
f 13572/33/5 13536/33/5 13571/33/5
f 13573/33/5 13538/33/5 13537/33/5
f 13573/26/5 13537/26/5 13572/26/5
f 13574/26/5 13539/26/5 13538/26/5
f 13574/33/5 13538/33/5 13573/33/5
f 13575/33/5 13540/33/5 13539/33/5
f 13575/26/5 13539/26/5 13574/26/5
f 13576/26/5 13541/26/5 13540/26/5
f 13576/33/5 13540/33/5 13575/33/5
f 13577/33/5 12935/33/5 13541/33/5
f 13577/26/5 13541/26/5 13576/26/5
f 13578/33/5 13558/33/5 13557/33/5
f 13578/33/5 13557/33/5 13556/33/5
f 13578/33/5 13555/33/5 13554/33/5
f 13578/33/5 13554/33/5 13553/33/5
f 13578/33/5 13553/33/5 13552/33/5
f 13578/33/5 13552/33/5 13551/33/5
f 13578/33/5 13551/33/5 13550/33/5
f 13578/33/5 13550/33/5 13549/33/5
f 13578/33/5 13549/33/5 13548/33/5
f 13578/33/5 13548/33/5 13547/33/5
f 13578/33/5 13547/33/5 13546/33/5
f 13578/33/5 13546/33/5 13545/33/5
f 13578/33/5 13545/33/5 13544/33/5
f 13578/33/5 13544/33/5 13543/33/5
f 13578/33/5 13543/33/5 13542/33/5
f 13578/33/5 13556/33/5 13555/33/5
f 13578/33/5 13559/33/5 13558/33/5
f 13579/33/5 13559/33/5 13578/33/5
f 13580/33/5 13559/33/5 13579/33/5
f 13581/33/5 13559/33/5 13580/33/5
f 13582/33/5 13559/33/5 13581/33/5
f 13583/33/5 13559/33/5 13582/33/5
f 13584/33/5 13559/33/5 13583/33/5
f 13585/33/5 13559/33/5 13584/33/5
f 13586/33/5 13559/33/5 13585/33/5
f 13587/33/5 13559/33/5 13586/33/5
f 13588/33/5 13559/33/5 13587/33/5
f 13589/33/5 13559/33/5 13588/33/5
f 13590/33/5 13559/33/5 13589/33/5
f 13591/33/5 13559/33/5 13590/33/5
f 13592/33/5 13559/33/5 13591/33/5
f 13593/33/5 13559/33/5 13592/33/5
f 13594/33/5 13559/33/5 13593/33/5
f 13595/28/5 12915/28/5 13559/28/5
f 13595/33/5 13559/33/5 13594/33/5
f 13596/33/5 13574/33/5 13573/33/5
f 13596/33/5 13577/33/5 13576/33/5
f 13596/33/5 13575/33/5 13574/33/5
f 13596/33/5 13573/33/5 13572/33/5
f 13596/33/5 13572/33/5 13571/33/5
f 13596/33/5 13571/33/5 13570/33/5
f 13596/33/5 13570/33/5 13569/33/5
f 13596/33/5 13569/33/5 13568/33/5
f 13596/33/5 13568/33/5 13567/33/5
f 13596/33/5 13567/33/5 13566/33/5
f 13596/33/5 13566/33/5 13565/33/5
f 13596/33/5 13565/33/5 13564/33/5
f 13596/33/5 13564/33/5 13563/33/5
f 13596/33/5 13563/33/5 13562/33/5
f 13596/33/5 13562/33/5 13561/33/5
f 13596/33/5 13576/33/5 13575/33/5
f 13596/33/5 13561/33/5 13560/33/5
f 13596/28/5 13560/28/5 12916/28/5
f 13597/33/5 13577/33/5 13596/33/5
f 13598/33/5 13577/33/5 13597/33/5
f 13599/33/5 13577/33/5 13598/33/5
f 13600/33/5 13577/33/5 13599/33/5
f 13601/33/5 13577/33/5 13600/33/5
f 13602/33/5 13577/33/5 13601/33/5
f 13603/33/5 13577/33/5 13602/33/5
f 13604/33/5 13577/33/5 13603/33/5
f 13605/33/5 13577/33/5 13604/33/5
f 13606/33/5 13577/33/5 13605/33/5
f 13607/33/5 13577/33/5 13606/33/5
f 13608/33/5 13577/33/5 13607/33/5
f 13609/33/5 13577/33/5 13608/33/5
f 13610/33/5 13577/33/5 13609/33/5
f 13611/33/5 13577/33/5 13610/33/5
f 13612/33/5 13577/33/5 13611/33/5
f 13613/33/5 12935/33/5 13577/33/5
f 13613/33/5 13577/33/5 13612/33/5
f 13614/26/5 13579/26/5 13578/26/5
f 13615/33/5 13580/33/5 13579/33/5
f 13615/26/5 13579/26/5 13614/26/5
f 13616/26/5 13581/26/5 13580/26/5
f 13616/33/5 13580/33/5 13615/33/5
f 13617/33/5 13582/33/5 13581/33/5
f 13617/26/5 13581/26/5 13616/26/5
f 13618/26/5 13583/26/5 13582/26/5
f 13618/33/5 13582/33/5 13617/33/5
f 13619/33/5 13584/33/5 13583/33/5
f 13619/26/5 13583/26/5 13618/26/5
f 13620/26/5 13585/26/5 13584/26/5
f 13620/33/5 13584/33/5 13619/33/5
f 13621/33/5 13586/33/5 13585/33/5
f 13621/26/5 13585/26/5 13620/26/5
f 13622/26/5 13587/26/5 13586/26/5
f 13622/33/5 13586/33/5 13621/33/5
f 13623/33/5 13588/33/5 13587/33/5
f 13623/26/5 13587/26/5 13622/26/5
f 13624/26/5 13589/26/5 13588/26/5
f 13624/33/5 13588/33/5 13623/33/5
f 13625/33/5 13590/33/5 13589/33/5
f 13625/26/5 13589/26/5 13624/26/5
f 13626/26/5 13591/26/5 13590/26/5
f 13626/33/5 13590/33/5 13625/33/5
f 13627/33/5 13592/33/5 13591/33/5
f 13627/26/5 13591/26/5 13626/26/5
f 13628/26/5 13593/26/5 13592/26/5
f 13628/33/5 13592/33/5 13627/33/5
f 13629/33/5 13594/33/5 13593/33/5
f 13629/26/5 13593/26/5 13628/26/5
f 13630/26/5 13595/26/5 13594/26/5
f 13630/33/5 13594/33/5 13629/33/5
f 13631/28/5 12915/28/5 13595/28/5
f 13631/26/5 13595/26/5 13630/26/5
f 13632/28/5 13596/28/5 12916/28/5
f 13632/26/5 13597/26/5 13596/26/5
f 13633/33/5 13598/33/5 13597/33/5
f 13633/26/5 13597/26/5 13632/26/5
f 13634/26/5 13599/26/5 13598/26/5
f 13634/33/5 13598/33/5 13633/33/5
f 13635/33/5 13600/33/5 13599/33/5
f 13635/26/5 13599/26/5 13634/26/5
f 13636/26/5 13601/26/5 13600/26/5
f 13636/33/5 13600/33/5 13635/33/5
f 13637/33/5 13602/33/5 13601/33/5
f 13637/26/5 13601/26/5 13636/26/5
f 13638/26/5 13603/26/5 13602/26/5
f 13638/33/5 13602/33/5 13637/33/5
f 13639/33/5 13604/33/5 13603/33/5
f 13639/26/5 13603/26/5 13638/26/5
f 13640/26/5 13605/26/5 13604/26/5
f 13640/33/5 13604/33/5 13639/33/5
f 13641/33/5 13606/33/5 13605/33/5
f 13641/26/5 13605/26/5 13640/26/5
f 13642/26/5 13607/26/5 13606/26/5
f 13642/33/5 13606/33/5 13641/33/5
f 13643/33/5 13608/33/5 13607/33/5
f 13643/26/5 13607/26/5 13642/26/5
f 13644/26/5 13609/26/5 13608/26/5
f 13644/33/5 13608/33/5 13643/33/5
f 13645/33/5 13610/33/5 13609/33/5
f 13645/26/5 13609/26/5 13644/26/5
f 13646/26/5 13611/26/5 13610/26/5
f 13646/33/5 13610/33/5 13645/33/5
f 13647/33/5 13612/33/5 13611/33/5
f 13647/26/5 13611/26/5 13646/26/5
f 13648/26/5 13613/26/5 13612/26/5
f 13648/33/5 13612/33/5 13647/33/5
f 13649/33/5 12935/33/5 13613/33/5
f 13649/26/5 13613/26/5 13648/26/5
f 13650/33/5 13630/33/5 13629/33/5
f 13650/33/5 13629/33/5 13628/33/5
f 13650/33/5 13627/33/5 13626/33/5
f 13650/33/5 13626/33/5 13625/33/5
f 13650/33/5 13625/33/5 13624/33/5
f 13650/33/5 13624/33/5 13623/33/5
f 13650/33/5 13623/33/5 13622/33/5
f 13650/33/5 13622/33/5 13621/33/5
f 13650/33/5 13621/33/5 13620/33/5
f 13650/33/5 13620/33/5 13619/33/5
f 13650/33/5 13619/33/5 13618/33/5
f 13650/33/5 13618/33/5 13617/33/5
f 13650/33/5 13617/33/5 13616/33/5
f 13650/33/5 13616/33/5 13615/33/5
f 13650/33/5 13615/33/5 13614/33/5
f 13650/33/5 13628/33/5 13627/33/5
f 13650/33/5 13631/33/5 13630/33/5
f 13651/33/5 13631/33/5 13650/33/5
f 13652/33/5 13631/33/5 13651/33/5
f 13653/33/5 13631/33/5 13652/33/5
f 13654/33/5 13631/33/5 13653/33/5
f 13655/33/5 13631/33/5 13654/33/5
f 13656/33/5 13631/33/5 13655/33/5
f 13657/33/5 13631/33/5 13656/33/5
f 13658/33/5 13631/33/5 13657/33/5
f 13659/33/5 13631/33/5 13658/33/5
f 13660/33/5 13631/33/5 13659/33/5
f 13661/33/5 13631/33/5 13660/33/5
f 13662/33/5 13631/33/5 13661/33/5
f 13663/33/5 13631/33/5 13662/33/5
f 13664/33/5 13631/33/5 13663/33/5
f 13665/33/5 13631/33/5 13664/33/5
f 13666/33/5 13631/33/5 13665/33/5
f 13667/28/5 12915/28/5 13631/28/5
f 13667/33/5 13631/33/5 13666/33/5
f 13668/33/5 13646/33/5 13645/33/5
f 13668/33/5 13649/33/5 13648/33/5
f 13668/33/5 13647/33/5 13646/33/5
f 13668/33/5 13645/33/5 13644/33/5
f 13668/33/5 13644/33/5 13643/33/5
f 13668/33/5 13643/33/5 13642/33/5
f 13668/33/5 13642/33/5 13641/33/5
f 13668/33/5 13641/33/5 13640/33/5
f 13668/33/5 13640/33/5 13639/33/5
f 13668/33/5 13639/33/5 13638/33/5
f 13668/33/5 13638/33/5 13637/33/5
f 13668/33/5 13637/33/5 13636/33/5
f 13668/33/5 13636/33/5 13635/33/5
f 13668/33/5 13635/33/5 13634/33/5
f 13668/33/5 13634/33/5 13633/33/5
f 13668/33/5 13648/33/5 13647/33/5
f 13668/33/5 13633/33/5 13632/33/5
f 13668/28/5 13632/28/5 12916/28/5
f 13669/33/5 13649/33/5 13668/33/5
f 13670/33/5 13649/33/5 13669/33/5
f 13671/33/5 13649/33/5 13670/33/5
f 13672/33/5 13649/33/5 13671/33/5
f 13673/33/5 13649/33/5 13672/33/5
f 13674/33/5 13649/33/5 13673/33/5
f 13675/33/5 13649/33/5 13674/33/5
f 13676/33/5 13649/33/5 13675/33/5
f 13677/33/5 13649/33/5 13676/33/5
f 13678/33/5 13649/33/5 13677/33/5
f 13679/33/5 13649/33/5 13678/33/5
f 13680/33/5 13649/33/5 13679/33/5
f 13681/33/5 13649/33/5 13680/33/5
f 13682/33/5 13649/33/5 13681/33/5
f 13683/33/5 13649/33/5 13682/33/5
f 13684/33/5 13649/33/5 13683/33/5
f 13685/33/5 12935/33/5 13649/33/5
f 13685/33/5 13649/33/5 13684/33/5
f 13686/26/5 13651/26/5 13650/26/5
f 13687/33/5 13652/33/5 13651/33/5
f 13687/26/5 13651/26/5 13686/26/5
f 13688/26/5 13653/26/5 13652/26/5
f 13688/33/5 13652/33/5 13687/33/5
f 13689/33/5 13654/33/5 13653/33/5
f 13689/26/5 13653/26/5 13688/26/5
f 13690/26/5 13655/26/5 13654/26/5
f 13690/33/5 13654/33/5 13689/33/5
f 13691/33/5 13656/33/5 13655/33/5
f 13691/26/5 13655/26/5 13690/26/5
f 13692/26/5 13657/26/5 13656/26/5
f 13692/33/5 13656/33/5 13691/33/5
f 13693/33/5 13658/33/5 13657/33/5
f 13693/26/5 13657/26/5 13692/26/5
f 13694/26/5 13659/26/5 13658/26/5
f 13694/33/5 13658/33/5 13693/33/5
f 13695/33/5 13660/33/5 13659/33/5
f 13695/26/5 13659/26/5 13694/26/5
f 13696/26/5 13661/26/5 13660/26/5
f 13696/33/5 13660/33/5 13695/33/5
f 13697/33/5 13662/33/5 13661/33/5
f 13697/26/5 13661/26/5 13696/26/5
f 13698/26/5 13663/26/5 13662/26/5
f 13698/33/5 13662/33/5 13697/33/5
f 13699/33/5 13664/33/5 13663/33/5
f 13699/26/5 13663/26/5 13698/26/5
f 13700/26/5 13665/26/5 13664/26/5
f 13700/33/5 13664/33/5 13699/33/5
f 13701/33/5 13666/33/5 13665/33/5
f 13701/26/5 13665/26/5 13700/26/5
f 13702/26/5 13667/26/5 13666/26/5
f 13702/33/5 13666/33/5 13701/33/5
f 13703/28/5 12915/28/5 13667/28/5
f 13703/26/5 13667/26/5 13702/26/5
f 13704/28/5 13668/28/5 12916/28/5
f 13704/26/5 13669/26/5 13668/26/5
f 13705/33/5 13670/33/5 13669/33/5
f 13705/26/5 13669/26/5 13704/26/5
f 13706/26/5 13671/26/5 13670/26/5
f 13706/33/5 13670/33/5 13705/33/5
f 13707/33/5 13672/33/5 13671/33/5
f 13707/26/5 13671/26/5 13706/26/5
f 13708/26/5 13673/26/5 13672/26/5
f 13708/33/5 13672/33/5 13707/33/5
f 13709/33/5 13674/33/5 13673/33/5
f 13709/26/5 13673/26/5 13708/26/5
f 13710/26/5 13675/26/5 13674/26/5
f 13710/33/5 13674/33/5 13709/33/5
f 13711/33/5 13676/33/5 13675/33/5
f 13711/26/5 13675/26/5 13710/26/5
f 13712/26/5 13677/26/5 13676/26/5
f 13712/33/5 13676/33/5 13711/33/5
f 13713/33/5 13678/33/5 13677/33/5
f 13713/26/5 13677/26/5 13712/26/5
f 13714/26/5 13679/26/5 13678/26/5
f 13714/33/5 13678/33/5 13713/33/5
f 13715/33/5 13680/33/5 13679/33/5
f 13715/26/5 13679/26/5 13714/26/5
f 13716/26/5 13681/26/5 13680/26/5
f 13716/33/5 13680/33/5 13715/33/5
f 13717/33/5 13682/33/5 13681/33/5
f 13717/26/5 13681/26/5 13716/26/5
f 13718/26/5 13683/26/5 13682/26/5
f 13718/33/5 13682/33/5 13717/33/5
f 13719/33/5 13684/33/5 13683/33/5
f 13719/26/5 13683/26/5 13718/26/5
f 13720/26/5 13685/26/5 13684/26/5
f 13720/33/5 13684/33/5 13719/33/5
f 13721/33/5 12935/33/5 13685/33/5
f 13721/26/5 13685/26/5 13720/26/5
f 13722/33/5 13702/33/5 13701/33/5
f 13722/33/5 13701/33/5 13700/33/5
f 13722/33/5 13699/33/5 13698/33/5
f 13722/33/5 13698/33/5 13697/33/5
f 13722/33/5 13697/33/5 13696/33/5
f 13722/33/5 13696/33/5 13695/33/5
f 13722/33/5 13695/33/5 13694/33/5
f 13722/33/5 13694/33/5 13693/33/5
f 13722/33/5 13693/33/5 13692/33/5
f 13722/33/5 13692/33/5 13691/33/5
f 13722/33/5 13691/33/5 13690/33/5
f 13722/33/5 13690/33/5 13689/33/5
f 13722/33/5 13689/33/5 13688/33/5
f 13722/33/5 13688/33/5 13687/33/5
f 13722/33/5 13687/33/5 13686/33/5
f 13722/33/5 13700/33/5 13699/33/5
f 13722/33/5 13703/33/5 13702/33/5
f 13723/33/5 13703/33/5 13722/33/5
f 13724/33/5 13703/33/5 13723/33/5
f 13725/33/5 13703/33/5 13724/33/5
f 13726/33/5 13703/33/5 13725/33/5
f 13727/33/5 13703/33/5 13726/33/5
f 13728/33/5 13703/33/5 13727/33/5
f 13729/33/5 13703/33/5 13728/33/5
f 13730/33/5 13703/33/5 13729/33/5
f 13731/33/5 13703/33/5 13730/33/5
f 13732/33/5 13703/33/5 13731/33/5
f 13733/33/5 13703/33/5 13732/33/5
f 13734/33/5 13703/33/5 13733/33/5
f 13735/33/5 13703/33/5 13734/33/5
f 13736/33/5 13703/33/5 13735/33/5
f 13737/33/5 13703/33/5 13736/33/5
f 13738/33/5 13703/33/5 13737/33/5
f 13739/28/5 12915/28/5 13703/28/5
f 13739/33/5 13703/33/5 13738/33/5
f 13740/33/5 13718/33/5 13717/33/5
f 13740/33/5 13721/33/5 13720/33/5
f 13740/33/5 13719/33/5 13718/33/5
f 13740/33/5 13717/33/5 13716/33/5
f 13740/33/5 13716/33/5 13715/33/5
f 13740/33/5 13715/33/5 13714/33/5
f 13740/33/5 13714/33/5 13713/33/5
f 13740/33/5 13713/33/5 13712/33/5
f 13740/33/5 13712/33/5 13711/33/5
f 13740/33/5 13711/33/5 13710/33/5
f 13740/33/5 13710/33/5 13709/33/5
f 13740/33/5 13709/33/5 13708/33/5
f 13740/33/5 13708/33/5 13707/33/5
f 13740/33/5 13707/33/5 13706/33/5
f 13740/33/5 13706/33/5 13705/33/5
f 13740/33/5 13720/33/5 13719/33/5
f 13740/33/5 13705/33/5 13704/33/5
f 13740/28/5 13704/28/5 12916/28/5
f 13741/33/5 13721/33/5 13740/33/5
f 13742/33/5 13721/33/5 13741/33/5
f 13743/33/5 13721/33/5 13742/33/5
f 13744/33/5 13721/33/5 13743/33/5
f 13745/33/5 13721/33/5 13744/33/5
f 13746/33/5 13721/33/5 13745/33/5
f 13747/33/5 13721/33/5 13746/33/5
f 13748/33/5 13721/33/5 13747/33/5
f 13749/33/5 13721/33/5 13748/33/5
f 13750/33/5 13721/33/5 13749/33/5
f 13751/33/5 13721/33/5 13750/33/5
f 13752/33/5 13721/33/5 13751/33/5
f 13753/33/5 13721/33/5 13752/33/5
f 13754/33/5 13721/33/5 13753/33/5
f 13755/33/5 13721/33/5 13754/33/5
f 13756/33/5 13721/33/5 13755/33/5
f 13757/33/5 12935/33/5 13721/33/5
f 13757/33/5 13721/33/5 13756/33/5
f 13758/26/5 13723/26/5 13722/26/5
f 13759/33/5 13724/33/5 13723/33/5
f 13759/26/5 13723/26/5 13758/26/5
f 13760/26/5 13725/26/5 13724/26/5
f 13760/33/5 13724/33/5 13759/33/5
f 13761/33/5 13726/33/5 13725/33/5
f 13761/26/5 13725/26/5 13760/26/5
f 13762/26/5 13727/26/5 13726/26/5
f 13762/33/5 13726/33/5 13761/33/5
f 13763/33/5 13728/33/5 13727/33/5
f 13763/26/5 13727/26/5 13762/26/5
f 13764/26/5 13729/26/5 13728/26/5
f 13764/33/5 13728/33/5 13763/33/5
f 13765/33/5 13730/33/5 13729/33/5
f 13765/26/5 13729/26/5 13764/26/5
f 13766/26/5 13731/26/5 13730/26/5
f 13766/33/5 13730/33/5 13765/33/5
f 13767/33/5 13732/33/5 13731/33/5
f 13767/26/5 13731/26/5 13766/26/5
f 13768/26/5 13733/26/5 13732/26/5
f 13768/33/5 13732/33/5 13767/33/5
f 13769/33/5 13734/33/5 13733/33/5
f 13769/26/5 13733/26/5 13768/26/5
f 13770/26/5 13735/26/5 13734/26/5
f 13770/33/5 13734/33/5 13769/33/5
f 13771/33/5 13736/33/5 13735/33/5
f 13771/26/5 13735/26/5 13770/26/5
f 13772/26/5 13737/26/5 13736/26/5
f 13772/33/5 13736/33/5 13771/33/5
f 13773/33/5 13738/33/5 13737/33/5
f 13773/26/5 13737/26/5 13772/26/5
f 13774/26/5 13739/26/5 13738/26/5
f 13774/33/5 13738/33/5 13773/33/5
f 13775/28/5 12915/28/5 13739/28/5
f 13775/26/5 13739/26/5 13774/26/5
f 13776/28/5 13740/28/5 12916/28/5
f 13776/26/5 13741/26/5 13740/26/5
f 13777/33/5 13742/33/5 13741/33/5
f 13777/26/5 13741/26/5 13776/26/5
f 13778/26/5 13743/26/5 13742/26/5
f 13778/33/5 13742/33/5 13777/33/5
f 13779/33/5 13744/33/5 13743/33/5
f 13779/26/5 13743/26/5 13778/26/5
f 13780/26/5 13745/26/5 13744/26/5
f 13780/33/5 13744/33/5 13779/33/5
f 13781/33/5 13746/33/5 13745/33/5
f 13781/26/5 13745/26/5 13780/26/5
f 13782/26/5 13747/26/5 13746/26/5
f 13782/33/5 13746/33/5 13781/33/5
f 13783/33/5 13748/33/5 13747/33/5
f 13783/26/5 13747/26/5 13782/26/5
f 13784/26/5 13749/26/5 13748/26/5
f 13784/33/5 13748/33/5 13783/33/5
f 13785/33/5 13750/33/5 13749/33/5
f 13785/26/5 13749/26/5 13784/26/5
f 13786/26/5 13751/26/5 13750/26/5
f 13786/33/5 13750/33/5 13785/33/5
f 13787/33/5 13752/33/5 13751/33/5
f 13787/26/5 13751/26/5 13786/26/5
f 13788/26/5 13753/26/5 13752/26/5
f 13788/33/5 13752/33/5 13787/33/5
f 13789/33/5 13754/33/5 13753/33/5
f 13789/26/5 13753/26/5 13788/26/5
f 13790/26/5 13755/26/5 13754/26/5
f 13790/33/5 13754/33/5 13789/33/5
f 13791/33/5 13756/33/5 13755/33/5
f 13791/26/5 13755/26/5 13790/26/5
f 13792/26/5 13757/26/5 13756/26/5
f 13792/33/5 13756/33/5 13791/33/5
f 13793/33/5 12935/33/5 13757/33/5
f 13793/26/5 13757/26/5 13792/26/5
f 13794/33/5 13774/33/5 13773/33/5
f 13794/33/5 13773/33/5 13772/33/5
f 13794/33/5 13771/33/5 13770/33/5
f 13794/33/5 13770/33/5 13769/33/5
f 13794/33/5 13769/33/5 13768/33/5
f 13794/33/5 13768/33/5 13767/33/5
f 13794/33/5 13767/33/5 13766/33/5
f 13794/33/5 13766/33/5 13765/33/5
f 13794/33/5 13765/33/5 13764/33/5
f 13794/33/5 13764/33/5 13763/33/5
f 13794/33/5 13763/33/5 13762/33/5
f 13794/33/5 13762/33/5 13761/33/5
f 13794/33/5 13761/33/5 13760/33/5
f 13794/33/5 13760/33/5 13759/33/5
f 13794/33/5 13759/33/5 13758/33/5
f 13794/33/5 13772/33/5 13771/33/5
f 13794/33/5 13775/33/5 13774/33/5
f 13795/33/5 13775/33/5 13794/33/5
f 13796/33/5 13775/33/5 13795/33/5
f 13797/33/5 13775/33/5 13796/33/5
f 13798/33/5 13775/33/5 13797/33/5
f 13799/33/5 13775/33/5 13798/33/5
f 13800/33/5 13775/33/5 13799/33/5
f 13801/33/5 13775/33/5 13800/33/5
f 13802/33/5 13775/33/5 13801/33/5
f 13803/33/5 13775/33/5 13802/33/5
f 13804/33/5 13775/33/5 13803/33/5
f 13805/33/5 13775/33/5 13804/33/5
f 13806/33/5 13775/33/5 13805/33/5
f 13807/33/5 13775/33/5 13806/33/5
f 13808/33/5 13775/33/5 13807/33/5
f 13809/33/5 13775/33/5 13808/33/5
f 13810/33/5 13775/33/5 13809/33/5
f 13811/28/5 12915/28/5 13775/28/5
f 13811/33/5 13775/33/5 13810/33/5
f 13812/33/5 13790/33/5 13789/33/5
f 13812/33/5 13793/33/5 13792/33/5
f 13812/33/5 13791/33/5 13790/33/5
f 13812/33/5 13789/33/5 13788/33/5
f 13812/33/5 13788/33/5 13787/33/5
f 13812/33/5 13787/33/5 13786/33/5
f 13812/33/5 13786/33/5 13785/33/5
f 13812/33/5 13785/33/5 13784/33/5
f 13812/33/5 13784/33/5 13783/33/5
f 13812/33/5 13783/33/5 13782/33/5
f 13812/33/5 13782/33/5 13781/33/5
f 13812/33/5 13781/33/5 13780/33/5
f 13812/33/5 13780/33/5 13779/33/5
f 13812/33/5 13779/33/5 13778/33/5
f 13812/33/5 13778/33/5 13777/33/5
f 13812/33/5 13792/33/5 13791/33/5
f 13812/33/5 13777/33/5 13776/33/5
f 13812/28/5 13776/28/5 12916/28/5
f 13813/33/5 13793/33/5 13812/33/5
f 13814/33/5 13793/33/5 13813/33/5
f 13815/33/5 13793/33/5 13814/33/5
f 13816/33/5 13793/33/5 13815/33/5
f 13817/33/5 13793/33/5 13816/33/5
f 13818/33/5 13793/33/5 13817/33/5
f 13819/33/5 13793/33/5 13818/33/5
f 13820/33/5 13793/33/5 13819/33/5
f 13821/33/5 13793/33/5 13820/33/5
f 13822/33/5 13793/33/5 13821/33/5
f 13823/33/5 13793/33/5 13822/33/5
f 13824/33/5 13793/33/5 13823/33/5
f 13825/33/5 13793/33/5 13824/33/5
f 13826/33/5 13793/33/5 13825/33/5
f 13827/33/5 13793/33/5 13826/33/5
f 13828/33/5 13793/33/5 13827/33/5
f 13829/33/5 12935/33/5 13793/33/5
f 13829/33/5 13793/33/5 13828/33/5
f 13830/26/5 13795/26/5 13794/26/5
f 13831/33/5 13796/33/5 13795/33/5
f 13831/26/5 13795/26/5 13830/26/5
f 13832/26/5 13797/26/5 13796/26/5
f 13832/33/5 13796/33/5 13831/33/5
f 13833/33/5 13798/33/5 13797/33/5
f 13833/26/5 13797/26/5 13832/26/5
f 13834/26/5 13799/26/5 13798/26/5
f 13834/33/5 13798/33/5 13833/33/5
f 13835/33/5 13800/33/5 13799/33/5
f 13835/26/5 13799/26/5 13834/26/5
f 13836/26/5 13801/26/5 13800/26/5
f 13836/33/5 13800/33/5 13835/33/5
f 13837/33/5 13802/33/5 13801/33/5
f 13837/26/5 13801/26/5 13836/26/5
f 13838/26/5 13803/26/5 13802/26/5
f 13838/33/5 13802/33/5 13837/33/5
f 13839/33/5 13804/33/5 13803/33/5
f 13839/26/5 13803/26/5 13838/26/5
f 13840/26/5 13805/26/5 13804/26/5
f 13840/33/5 13804/33/5 13839/33/5
f 13841/33/5 13806/33/5 13805/33/5
f 13841/26/5 13805/26/5 13840/26/5
f 13842/26/5 13807/26/5 13806/26/5
f 13842/33/5 13806/33/5 13841/33/5
f 13843/33/5 13808/33/5 13807/33/5
f 13843/26/5 13807/26/5 13842/26/5
f 13844/26/5 13809/26/5 13808/26/5
f 13844/33/5 13808/33/5 13843/33/5
f 13845/33/5 13810/33/5 13809/33/5
f 13845/26/5 13809/26/5 13844/26/5
f 13846/26/5 13811/26/5 13810/26/5
f 13846/33/5 13810/33/5 13845/33/5
f 13847/28/5 12915/28/5 13811/28/5
f 13847/26/5 13811/26/5 13846/26/5
f 13848/28/5 13812/28/5 12916/28/5
f 13848/26/5 13813/26/5 13812/26/5
f 13849/33/5 13814/33/5 13813/33/5
f 13849/26/5 13813/26/5 13848/26/5
f 13850/26/5 13815/26/5 13814/26/5
f 13850/33/5 13814/33/5 13849/33/5
f 13851/33/5 13816/33/5 13815/33/5
f 13851/26/5 13815/26/5 13850/26/5
f 13852/26/5 13817/26/5 13816/26/5
f 13852/33/5 13816/33/5 13851/33/5
f 13853/33/5 13818/33/5 13817/33/5
f 13853/26/5 13817/26/5 13852/26/5
f 13854/26/5 13819/26/5 13818/26/5
f 13854/33/5 13818/33/5 13853/33/5
f 13855/33/5 13820/33/5 13819/33/5
f 13855/26/5 13819/26/5 13854/26/5
f 13856/26/5 13821/26/5 13820/26/5
f 13856/33/5 13820/33/5 13855/33/5
f 13857/33/5 13822/33/5 13821/33/5
f 13857/26/5 13821/26/5 13856/26/5
f 13858/26/5 13823/26/5 13822/26/5
f 13858/33/5 13822/33/5 13857/33/5
f 13859/33/5 13824/33/5 13823/33/5
f 13859/26/5 13823/26/5 13858/26/5
f 13860/26/5 13825/26/5 13824/26/5
f 13860/33/5 13824/33/5 13859/33/5
f 13861/33/5 13826/33/5 13825/33/5
f 13861/26/5 13825/26/5 13860/26/5
f 13862/26/5 13827/26/5 13826/26/5
f 13862/33/5 13826/33/5 13861/33/5
f 13863/33/5 13828/33/5 13827/33/5
f 13863/26/5 13827/26/5 13862/26/5
f 13864/26/5 13829/26/5 13828/26/5
f 13864/33/5 13828/33/5 13863/33/5
f 13865/33/5 12935/33/5 13829/33/5
f 13865/26/5 13829/26/5 13864/26/5
f 13866/33/5 13846/33/5 13845/33/5
f 13866/33/5 13845/33/5 13844/33/5
f 13866/33/5 13843/33/5 13842/33/5
f 13866/33/5 13842/33/5 13841/33/5
f 13866/33/5 13841/33/5 13840/33/5
f 13866/33/5 13840/33/5 13839/33/5
f 13866/33/5 13839/33/5 13838/33/5
f 13866/33/5 13838/33/5 13837/33/5
f 13866/33/5 13837/33/5 13836/33/5
f 13866/33/5 13836/33/5 13835/33/5
f 13866/33/5 13835/33/5 13834/33/5
f 13866/33/5 13834/33/5 13833/33/5
f 13866/33/5 13833/33/5 13832/33/5
f 13866/33/5 13832/33/5 13831/33/5
f 13866/33/5 13831/33/5 13830/33/5
f 13866/33/5 13844/33/5 13843/33/5
f 13866/33/5 13847/33/5 13846/33/5
f 13867/33/5 13847/33/5 13866/33/5
f 13868/33/5 13847/33/5 13867/33/5
f 13869/33/5 13847/33/5 13868/33/5
f 13870/33/5 13847/33/5 13869/33/5
f 13871/33/5 13847/33/5 13870/33/5
f 13872/33/5 13847/33/5 13871/33/5
f 13873/33/5 13847/33/5 13872/33/5
f 13874/33/5 13847/33/5 13873/33/5
f 13875/33/5 13847/33/5 13874/33/5
f 13876/33/5 13847/33/5 13875/33/5
f 13877/33/5 13847/33/5 13876/33/5
f 13878/33/5 13847/33/5 13877/33/5
f 13879/33/5 13847/33/5 13878/33/5
f 13880/33/5 13847/33/5 13879/33/5
f 13881/33/5 13847/33/5 13880/33/5
f 13882/33/5 13847/33/5 13881/33/5
f 13883/28/5 12915/28/5 13847/28/5
f 13883/33/5 13847/33/5 13882/33/5
f 13884/33/5 13862/33/5 13861/33/5
f 13884/33/5 13865/33/5 13864/33/5
f 13884/33/5 13863/33/5 13862/33/5
f 13884/33/5 13861/33/5 13860/33/5
f 13884/33/5 13860/33/5 13859/33/5
f 13884/33/5 13859/33/5 13858/33/5
f 13884/33/5 13858/33/5 13857/33/5
f 13884/33/5 13857/33/5 13856/33/5
f 13884/33/5 13856/33/5 13855/33/5
f 13884/33/5 13855/33/5 13854/33/5
f 13884/33/5 13854/33/5 13853/33/5
f 13884/33/5 13853/33/5 13852/33/5
f 13884/33/5 13852/33/5 13851/33/5
f 13884/33/5 13851/33/5 13850/33/5
f 13884/33/5 13850/33/5 13849/33/5
f 13884/33/5 13864/33/5 13863/33/5
f 13884/33/5 13849/33/5 13848/33/5
f 13884/28/5 13848/28/5 12916/28/5
f 13885/33/5 13865/33/5 13884/33/5
f 13886/33/5 13865/33/5 13885/33/5
f 13887/33/5 13865/33/5 13886/33/5
f 13888/33/5 13865/33/5 13887/33/5
f 13889/33/5 13865/33/5 13888/33/5
f 13890/33/5 13865/33/5 13889/33/5
f 13891/33/5 13865/33/5 13890/33/5
f 13892/33/5 13865/33/5 13891/33/5
f 13893/33/5 13865/33/5 13892/33/5
f 13894/33/5 13865/33/5 13893/33/5
f 13895/33/5 13865/33/5 13894/33/5
f 13896/33/5 13865/33/5 13895/33/5
f 13897/33/5 13865/33/5 13896/33/5
f 13898/33/5 13865/33/5 13897/33/5
f 13899/33/5 13865/33/5 13898/33/5
f 13900/33/5 13865/33/5 13899/33/5
f 13901/33/5 12935/33/5 13865/33/5
f 13901/33/5 13865/33/5 13900/33/5
f 13902/26/5 13867/26/5 13866/26/5
f 13903/33/5 13868/33/5 13867/33/5
f 13903/26/5 13867/26/5 13902/26/5
f 13904/26/5 13869/26/5 13868/26/5
f 13904/33/5 13868/33/5 13903/33/5
f 13905/33/5 13870/33/5 13869/33/5
f 13905/26/5 13869/26/5 13904/26/5
f 13906/26/5 13871/26/5 13870/26/5
f 13906/33/5 13870/33/5 13905/33/5
f 13907/33/5 13872/33/5 13871/33/5
f 13907/26/5 13871/26/5 13906/26/5
f 13908/26/5 13873/26/5 13872/26/5
f 13908/33/5 13872/33/5 13907/33/5
f 13909/33/5 13874/33/5 13873/33/5
f 13909/26/5 13873/26/5 13908/26/5
f 13910/26/5 13875/26/5 13874/26/5
f 13910/33/5 13874/33/5 13909/33/5
f 13911/33/5 13876/33/5 13875/33/5
f 13911/26/5 13875/26/5 13910/26/5
f 13912/26/5 13877/26/5 13876/26/5
f 13912/33/5 13876/33/5 13911/33/5
f 13913/33/5 13878/33/5 13877/33/5
f 13913/26/5 13877/26/5 13912/26/5
f 13914/26/5 13879/26/5 13878/26/5
f 13914/33/5 13878/33/5 13913/33/5
f 13915/33/5 13880/33/5 13879/33/5
f 13915/26/5 13879/26/5 13914/26/5
f 13916/26/5 13881/26/5 13880/26/5
f 13916/33/5 13880/33/5 13915/33/5
f 13917/33/5 13882/33/5 13881/33/5
f 13917/26/5 13881/26/5 13916/26/5
f 13918/26/5 13883/26/5 13882/26/5
f 13918/33/5 13882/33/5 13917/33/5
f 13919/28/5 12915/28/5 13883/28/5
f 13919/26/5 13883/26/5 13918/26/5
f 13920/27/5 12916/27/5 12915/27/5
f 13920/28/5 12915/28/5 13919/28/5
f 13921/28/5 13884/28/5 12916/28/5
f 13921/27/5 12916/27/5 13920/27/5
f 13922/26/5 13885/26/5 13884/26/5
f 13922/28/5 13884/28/5 13921/28/5
f 13923/33/5 13886/33/5 13885/33/5
f 13923/26/5 13885/26/5 13922/26/5
f 13924/26/5 13887/26/5 13886/26/5
f 13924/33/5 13886/33/5 13923/33/5
f 13925/33/5 13888/33/5 13887/33/5
f 13925/26/5 13887/26/5 13924/26/5
f 13926/26/5 13889/26/5 13888/26/5
f 13926/33/5 13888/33/5 13925/33/5
f 13927/33/5 13890/33/5 13889/33/5
f 13927/26/5 13889/26/5 13926/26/5
f 13928/26/5 13891/26/5 13890/26/5
f 13928/33/5 13890/33/5 13927/33/5
f 13929/33/5 13892/33/5 13891/33/5
f 13929/26/5 13891/26/5 13928/26/5
f 13930/26/5 13893/26/5 13892/26/5
f 13930/33/5 13892/33/5 13929/33/5
f 13931/33/5 13894/33/5 13893/33/5
f 13931/26/5 13893/26/5 13930/26/5
f 13932/26/5 13895/26/5 13894/26/5
f 13932/33/5 13894/33/5 13931/33/5
f 13933/33/5 13896/33/5 13895/33/5
f 13933/26/5 13895/26/5 13932/26/5
f 13934/26/5 13897/26/5 13896/26/5
f 13934/33/5 13896/33/5 13933/33/5
f 13935/33/5 13898/33/5 13897/33/5
f 13935/26/5 13897/26/5 13934/26/5
f 13936/26/5 13899/26/5 13898/26/5
f 13936/33/5 13898/33/5 13935/33/5
f 13937/33/5 13900/33/5 13899/33/5
f 13937/26/5 13899/26/5 13936/26/5
f 13938/26/5 13901/26/5 13900/26/5
f 13938/33/5 13900/33/5 13937/33/5
f 13939/33/5 12935/33/5 13901/33/5
f 13939/26/5 13901/26/5 13938/26/5
f 13940/33/5 12935/33/5 13939/33/5
f 13944/3/5 13942/3/5 13941/3/5
f 13945/3/5 13942/3/5 13944/3/5
f 13950/3/5 13944/3/5 13943/3/5
f 13951/3/5 13944/3/5 13950/3/5
f 13952/3/5 13946/3/5 13945/3/5
f 13953/3/5 13946/3/5 13952/3/5
f 13956/3/5 13948/3/5 13947/3/5
f 13957/3/5 13948/3/5 13956/3/5
f 13960/3/5 13950/3/5 13949/3/5
f 13961/3/5 13950/3/5 13960/3/5
f 13962/3/5 13954/3/5 13953/3/5
f 13963/3/5 13954/3/5 13962/3/5
f 13966/3/5 13956/3/5 13955/3/5
f 13967/3/5 13956/3/5 13966/3/5
f 13968/3/5 13958/3/5 13957/3/5
f 13969/3/5 13958/3/5 13968/3/5
f 13972/3/5 13960/3/5 13959/3/5
f 13973/3/5 13960/3/5 13972/3/5
f 13974/3/5 13964/3/5 13963/3/5
f 13975/3/5 13964/3/5 13974/3/5
f 13978/3/5 13966/3/5 13965/3/5
f 13979/3/5 13966/3/5 13978/3/5
f 13980/3/5 13970/3/5 13969/3/5
f 13981/3/5 13970/3/5 13980/3/5
f 13984/3/5 13978/3/5 13977/3/5
f 13985/3/5 13978/3/5 13984/3/5
f 13986/3/5 13982/3/5 13981/3/5
f 13987/3/5 13982/3/5 13986/3/5
f 13989/3/5 13972/3/5 13971/3/5
f 13990/3/5 13972/3/5 13989/3/5
f 13993/3/5 13976/3/5 13975/3/5
f 13994/3/5 13976/3/5 13993/3/5
f 13995/3/5 13991/3/5 13990/3/5
f 13996/3/5 13991/3/5 13995/3/5
f 13999/3/5 13993/3/5 13992/3/5
f 14000/3/5 13993/3/5 13999/3/5
f 14001/3/5 13984/3/5 13983/3/5
f 14002/3/5 13984/3/5 14001/3/5
f 14005/3/5 13988/3/5 13987/3/5
f 14006/3/5 13988/3/5 14005/3/5
f 14007/3/5 13997/3/5 13996/3/5
f 14008/3/5 13997/3/5 14007/3/5
f 14011/3/5 13999/3/5 13998/3/5
f 14012/3/5 13999/3/5 14011/3/5
f 14013/3/5 14003/3/5 14002/3/5
f 14014/3/5 14003/3/5 14013/3/5
f 14017/3/5 14005/3/5 14004/3/5
f 14018/3/5 14005/3/5 14017/3/5
f 14019/3/5 14009/3/5 14008/3/5
f 14020/3/5 14009/3/5 14019/3/5
f 14021/3/5 14011/3/5 14010/3/5
f 14022/3/5 14011/3/5 14021/3/5
f 14023/3/5 14015/3/5 14014/3/5
f 14024/3/5 14015/3/5 14023/3/5
f 14027/3/5 14017/3/5 14016/3/5
f 14028/3/5 14017/3/5 14027/3/5
f 14029/3/5 14021/3/5 14020/3/5
f 14030/3/5 14021/3/5 14029/3/5
f 14031/3/5 14025/3/5 14024/3/5
f 14032/3/5 14025/3/5 14031/3/5
f 14033/3/5 14027/3/5 14026/3/5
f 14034/3/5 14027/3/5 14033/3/5
f 14035/3/5 14033/3/5 14032/3/5
f 14036/3/5 14033/3/5 14035/3/5
f 14040/3/5 14038/3/5 14037/3/5
f 14041/3/5 14038/3/5 14040/3/5
f 14044/3/5 14040/3/5 14039/3/5
f 14045/3/5 14040/3/5 14044/3/5
f 14046/3/5 14042/3/5 14041/3/5
f 14047/3/5 14042/3/5 14046/3/5
f 14050/3/5 14044/3/5 14043/3/5
f 14051/3/5 14044/3/5 14050/3/5
f 14052/3/5 14048/3/5 14047/3/5
f 14053/3/5 14048/3/5 14052/3/5
f 14056/3/5 14050/3/5 14049/3/5
f 14057/3/5 14050/3/5 14056/3/5
f 14058/3/5 14054/3/5 14053/3/5
f 14059/3/5 14054/3/5 14058/3/5
f 14061/3/5 14056/3/5 14055/3/5
f 14062/3/5 14056/3/5 14061/3/5
f 14065/3/5 14060/3/5 14059/3/5
f 14066/3/5 14060/3/5 14065/3/5
f 14067/3/5 14063/3/5 14062/3/5
f 14068/3/5 14063/3/5 14067/3/5
f 14071/3/5 14065/3/5 14064/3/5
f 14072/3/5 14065/3/5 14071/3/5
f 14073/3/5 14069/3/5 14068/3/5
f 14074/3/5 14069/3/5 14073/3/5
f 14077/3/5 14071/3/5 14070/3/5
f 14078/3/5 14071/3/5 14077/3/5
f 14079/3/5 14075/3/5 14074/3/5
f 14080/3/5 14075/3/5 14079/3/5
f 14081/3/5 14077/3/5 14076/3/5
f 14082/3/5 14077/3/5 14081/3/5
f 14083/3/5 14081/3/5 14080/3/5
f 14084/3/5 14081/3/5 14083/3/5
f 14088/2/5 14086/2/5 14085/2/5
f 14089/2/5 14086/2/5 14088/2/5
f 14091/2/5 14088/2/5 14087/2/5
f 14091/2/5 14090/2/5 14089/2/5
f 14091/2/5 14089/2/5 14088/2/5
f 14092/2/5 14090/2/5 14091/2/5
f 14093/2/5 14090/2/5 14092/2/5
f 14094/2/5 14090/2/5 14093/2/5
f 14095/2/5 14093/2/5 14092/2/5
f 14096/2/5 14093/2/5 14095/2/5
f 14100/2/5 14098/2/5 14097/2/5
f 14101/2/5 14098/2/5 14100/2/5
f 14103/2/5 14100/2/5 14099/2/5
f 14103/2/5 14102/2/5 14101/2/5
f 14103/2/5 14101/2/5 14100/2/5
f 14104/2/5 14102/2/5 14103/2/5
f 14105/2/5 14102/2/5 14104/2/5
f 14106/2/5 14102/2/5 14105/2/5
f 14107/2/5 14105/2/5 14104/2/5
f 14108/2/5 14105/2/5 14107/2/5
f 14113/13/5 14110/13/5 14109/13/5
f 14114/13/5 14110/13/5 14113/13/5
f 14117/13/5 14112/13/5 14111/13/5
f 14118/13/5 14112/13/5 14117/13/5
f 14119/13/5 14116/13/5 14115/13/5
f 14120/13/5 14116/13/5 14119/13/5
f 14126/1/5 14122/1/5 14121/1/5
f 14127/1/5 14122/1/5 14126/1/5
f 14128/1/5 14124/1/5 14123/1/5
f 14129/1/5 14124/1/5 14128/1/5
f 14136/1/5 14126/1/5 14125/1/5
f 14137/1/5 14126/1/5 14136/1/5
f 14138/1/5 14130/1/5 14129/1/5
f 14139/1/5 14130/1/5 14138/1/5
f 14142/1/5 14132/1/5 14131/1/5
f 14143/1/5 14132/1/5 14142/1/5
f 14144/1/5 14134/1/5 14133/1/5
f 14145/1/5 14134/1/5 14144/1/5
f 14148/1/5 14136/1/5 14135/1/5
f 14149/1/5 14136/1/5 14148/1/5
f 14150/1/5 14140/1/5 14139/1/5
f 14151/1/5 14140/1/5 14150/1/5
f 14154/1/5 14142/1/5 14141/1/5
f 14155/1/5 14142/1/5 14154/1/5
f 14156/1/5 14146/1/5 14145/1/5
f 14157/1/5 14146/1/5 14156/1/5
f 14159/1/5 14148/1/5 14147/1/5
f 14160/1/5 14148/1/5 14159/1/5
f 14161/1/5 14152/1/5 14151/1/5
f 14162/1/5 14152/1/5 14161/1/5
f 14164/1/5 14154/1/5 14153/1/5
f 14165/1/5 14154/1/5 14164/1/5
f 14166/1/5 14158/1/5 14157/1/5
f 14167/1/5 14158/1/5 14166/1/5
f 14169/1/5 14164/1/5 14163/1/5
f 14170/1/5 14164/1/5 14169/1/5
f 14171/1/5 14168/1/5 14167/1/5
f 14172/1/5 14168/1/5 14171/1/5
f 14177/1/5 14174/1/5 14173/1/5
f 14178/1/5 14174/1/5 14177/1/5
f 14181/1/5 14176/1/5 14175/1/5
f 14182/1/5 14176/1/5 14181/1/5
f 14187/1/5 14179/1/5 14178/1/5
f 14188/1/5 14179/1/5 14187/1/5
f 14191/1/5 14181/1/5 14180/1/5
f 14192/1/5 14181/1/5 14191/1/5
f 14193/1/5 14184/1/5 14183/1/5
f 14194/1/5 14184/1/5 14193/1/5
f 14197/1/5 14186/1/5 14185/1/5
f 14198/1/5 14186/1/5 14197/1/5
f 14199/1/5 14189/1/5 14188/1/5
f 14200/1/5 14189/1/5 14199/1/5
f 14203/1/5 14191/1/5 14190/1/5
f 14204/1/5 14191/1/5 14203/1/5
f 14205/1/5 14195/1/5 14194/1/5
f 14206/1/5 14195/1/5 14205/1/5
f 14209/1/5 14197/1/5 14196/1/5
f 14210/1/5 14197/1/5 14209/1/5
f 14211/1/5 14201/1/5 14200/1/5
f 14212/1/5 14201/1/5 14211/1/5
f 14213/1/5 14203/1/5 14202/1/5
f 14214/1/5 14203/1/5 14213/1/5
f 14215/1/5 14207/1/5 14206/1/5
f 14216/1/5 14207/1/5 14215/1/5
f 14219/1/5 14209/1/5 14208/1/5
f 14220/1/5 14209/1/5 14219/1/5
f 14221/1/5 14217/1/5 14216/1/5
f 14222/1/5 14217/1/5 14221/1/5
f 14223/1/5 14219/1/5 14218/1/5
f 14224/1/5 14219/1/5 14223/1/5
f 14230/1/5 14226/1/5 14225/1/5
f 14231/1/5 14226/1/5 14230/1/5
f 14232/1/5 14228/1/5 14227/1/5
f 14233/1/5 14228/1/5 14232/1/5
f 14236/1/5 14230/1/5 14229/1/5
f 14237/1/5 14230/1/5 14236/1/5
f 14238/1/5 14234/1/5 14233/1/5
f 14239/1/5 14234/1/5 14238/1/5
f 14242/1/5 14236/1/5 14235/1/5
f 14243/1/5 14236/1/5 14242/1/5
f 14244/1/5 14240/1/5 14239/1/5
f 14245/1/5 14240/1/5 14244/1/5
f 14247/1/5 14242/1/5 14241/1/5
f 14248/1/5 14242/1/5 14247/1/5
f 14249/1/5 14246/1/5 14245/1/5
f 14250/1/5 14246/1/5 14249/1/5
f 14255/1/5 14252/1/5 14251/1/5
f 14256/1/5 14252/1/5 14255/1/5
f 14259/1/5 14254/1/5 14253/1/5
f 14260/1/5 14254/1/5 14259/1/5
f 14261/1/5 14257/1/5 14256/1/5
f 14262/1/5 14257/1/5 14261/1/5
f 14265/1/5 14259/1/5 14258/1/5
f 14266/1/5 14259/1/5 14265/1/5
f 14267/1/5 14263/1/5 14262/1/5
f 14268/1/5 14263/1/5 14267/1/5
f 14271/1/5 14265/1/5 14264/1/5
f 14272/1/5 14265/1/5 14271/1/5
f 14273/1/5 14269/1/5 14268/1/5
f 14274/1/5 14269/1/5 14273/1/5
f 14275/1/5 14271/1/5 14270/1/5
f 14276/1/5 14271/1/5 14275/1/5
f 14280/1/5 14278/1/5 14277/1/5
f 14281/1/5 14278/1/5 14280/1/5
f 14283/1/5 14280/1/5 14279/1/5
f 14283/1/5 14282/1/5 14281/1/5
f 14283/1/5 14281/1/5 14280/1/5
f 14284/1/5 14282/1/5 14283/1/5
f 14285/1/5 14282/1/5 14284/1/5
f 14286/1/5 14282/1/5 14285/1/5
f 14287/1/5 14285/1/5 14284/1/5
f 14288/1/5 14285/1/5 14287/1/5
f 14292/30/5 14290/30/5 14289/30/5
f 14293/30/5 14290/30/5 14292/30/5
f 14294/30/5 14290/30/5 14293/30/5
f 14295/30/5 14290/30/5 14294/30/5
f 14298/30/5 14292/30/5 14291/30/5
f 14298/30/5 14293/30/5 14292/30/5
f 14299/30/5 14293/30/5 14298/30/5
f 14300/30/5 14295/30/5 14294/30/5
f 14300/30/5 14296/30/5 14295/30/5
f 14301/30/5 14296/30/5 14300/30/5
f 14304/30/5 14298/30/5 14297/30/5
f 14305/30/5 14302/30/5 14301/30/5
f 14307/30/5 14304/30/5 14303/30/5
f 14307/30/5 14298/30/5 14304/30/5
f 14308/30/5 14298/30/5 14307/30/5
f 14309/30/5 14306/30/5 14305/30/5
f 14309/30/5 14305/30/5 14301/30/5
f 14310/30/5 14306/30/5 14309/30/5
f 14311/30/5 14307/30/5 14303/30/5
f 14314/30/5 14306/30/5 14310/30/5
f 14315/30/5 14312/30/5 14311/30/5
f 14315/30/5 14311/30/5 14303/30/5
f 14316/30/5 14312/30/5 14315/30/5
f 14317/30/5 14314/30/5 14313/30/5
f 14317/30/5 14306/30/5 14314/30/5
f 14318/30/5 14306/30/5 14317/30/5
f 14319/30/5 14312/30/5 14316/30/5
f 14320/30/5 14312/30/5 14319/30/5
f 14323/30/5 14317/30/5 14313/30/5
f 14324/30/5 14317/30/5 14323/30/5
f 14325/30/5 14321/30/5 14320/30/5
f 14326/30/5 14321/30/5 14325/30/5
f 14327/30/5 14321/30/5 14326/30/5
f 14328/30/5 14323/30/5 14322/30/5
f 14329/30/5 14323/30/5 14328/30/5
f 14330/30/5 14323/30/5 14329/30/5
f 14331/30/5 14327/30/5 14326/30/5
f 14331/30/5 14329/30/5 14328/30/5
f 14331/30/5 14328/30/5 14327/30/5
f 14332/30/5 14329/30/5 14331/30/5
f 14337/13/5 14334/13/5 14333/13/5
f 14338/13/5 14334/13/5 14337/13/5
f 14341/13/5 14336/13/5 14335/13/5
f 14342/13/5 14336/13/5 14341/13/5
f 14343/13/5 14340/13/5 14339/13/5
f 14344/13/5 14340/13/5 14343/13/5
f 14348/30/5 14346/30/5 14345/30/5
f 14349/30/5 14346/30/5 14348/30/5
f 14352/30/5 14348/30/5 14347/30/5
f 14353/30/5 14348/30/5 14352/30/5
f 14354/30/5 14350/30/5 14349/30/5
f 14355/30/5 14350/30/5 14354/30/5
f 14358/30/5 14352/30/5 14351/30/5
f 14359/30/5 14352/30/5 14358/30/5
f 14360/30/5 14356/30/5 14355/30/5
f 14361/30/5 14356/30/5 14360/30/5
f 14364/30/5 14358/30/5 14357/30/5
f 14365/30/5 14358/30/5 14364/30/5
f 14366/30/5 14362/30/5 14361/30/5
f 14367/30/5 14362/30/5 14366/30/5
f 14369/30/5 14364/30/5 14363/30/5
f 14370/30/5 14364/30/5 14369/30/5
f 14373/30/5 14368/30/5 14367/30/5
f 14374/30/5 14368/30/5 14373/30/5
f 14375/30/5 14371/30/5 14370/30/5
f 14376/30/5 14371/30/5 14375/30/5
f 14379/30/5 14373/30/5 14372/30/5
f 14380/30/5 14373/30/5 14379/30/5
f 14381/30/5 14377/30/5 14376/30/5
f 14382/30/5 14377/30/5 14381/30/5
f 14385/30/5 14379/30/5 14378/30/5
f 14386/30/5 14379/30/5 14385/30/5
f 14387/30/5 14383/30/5 14382/30/5
f 14388/30/5 14383/30/5 14387/30/5
f 14389/30/5 14385/30/5 14384/30/5
f 14390/30/5 14385/30/5 14389/30/5
f 14391/30/5 14389/30/5 14388/30/5
f 14392/30/5 14389/30/5 14391/30/5
f 14395/16/5 14394/16/5 14393/16/5
f 14396/16/5 14394/16/5 14395/16/5
f 14397/15/5 14396/15/5 14395/15/5
f 14398/15/5 14396/15/5 14397/15/5
f 14399/15/5 14396/15/5 14398/15/5
f 14400/15/5 14396/15/5 14399/15/5
f 14401/15/5 14396/15/5 14400/15/5
f 14402/15/5 14396/15/5 14401/15/5
f 14403/15/5 14396/15/5 14402/15/5
f 14404/15/5 14396/15/5 14403/15/5
f 14405/15/5 14396/15/5 14404/15/5
f 14406/15/5 14396/15/5 14405/15/5
f 14407/15/5 14396/15/5 14406/15/5
f 14408/15/5 14396/15/5 14407/15/5
f 14413/24/5 14410/24/5 14409/24/5
f 14414/24/5 14410/24/5 14413/24/5
f 14415/24/5 14410/24/5 14414/24/5
f 14416/24/5 14410/24/5 14415/24/5
f 14417/24/5 14412/24/5 14411/24/5
f 14418/24/5 14412/24/5 14417/24/5
f 14422/1/5 14420/1/5 14419/1/5
f 14423/1/5 14420/1/5 14422/1/5
f 14428/1/5 14422/1/5 14421/1/5
f 14429/1/5 14422/1/5 14428/1/5
f 14430/1/5 14424/1/5 14423/1/5
f 14431/1/5 14424/1/5 14430/1/5
f 14434/1/5 14426/1/5 14425/1/5
f 14435/1/5 14426/1/5 14434/1/5
f 14438/1/5 14428/1/5 14427/1/5
f 14439/1/5 14428/1/5 14438/1/5
f 14440/1/5 14432/1/5 14431/1/5
f 14441/1/5 14432/1/5 14440/1/5
f 14444/1/5 14434/1/5 14433/1/5
f 14445/1/5 14434/1/5 14444/1/5
f 14446/1/5 14436/1/5 14435/1/5
f 14447/1/5 14436/1/5 14446/1/5
f 14450/1/5 14438/1/5 14437/1/5
f 14451/1/5 14438/1/5 14450/1/5
f 14452/1/5 14442/1/5 14441/1/5
f 14453/1/5 14442/1/5 14452/1/5
f 14456/1/5 14444/1/5 14443/1/5
f 14457/1/5 14444/1/5 14456/1/5
f 14458/1/5 14448/1/5 14447/1/5
f 14459/1/5 14448/1/5 14458/1/5
f 14462/1/5 14456/1/5 14455/1/5
f 14463/1/5 14456/1/5 14462/1/5
f 14464/1/5 14460/1/5 14459/1/5
f 14465/1/5 14460/1/5 14464/1/5
f 14467/1/5 14450/1/5 14449/1/5
f 14468/1/5 14450/1/5 14467/1/5
f 14471/1/5 14454/1/5 14453/1/5
f 14472/1/5 14454/1/5 14471/1/5
f 14473/1/5 14469/1/5 14468/1/5
f 14474/1/5 14469/1/5 14473/1/5
f 14477/1/5 14471/1/5 14470/1/5
f 14478/1/5 14471/1/5 14477/1/5
f 14479/1/5 14462/1/5 14461/1/5
f 14480/1/5 14462/1/5 14479/1/5
f 14483/1/5 14466/1/5 14465/1/5
f 14484/1/5 14466/1/5 14483/1/5
f 14485/1/5 14475/1/5 14474/1/5
f 14486/1/5 14475/1/5 14485/1/5
f 14488/1/5 14477/1/5 14476/1/5
f 14489/1/5 14477/1/5 14488/1/5
f 14490/1/5 14481/1/5 14480/1/5
f 14491/1/5 14481/1/5 14490/1/5
f 14494/1/5 14483/1/5 14482/1/5
f 14495/1/5 14483/1/5 14494/1/5
f 14496/1/5 14487/1/5 14486/1/5
f 14497/1/5 14487/1/5 14496/1/5
f 14499/1/5 14492/1/5 14491/1/5
f 14500/1/5 14492/1/5 14499/1/5
f 14502/1/5 14494/1/5 14493/1/5
f 14503/1/5 14494/1/5 14502/1/5
f 14504/1/5 14498/1/5 14497/1/5
f 14505/1/5 14498/1/5 14504/1/5
f 14506/1/5 14501/1/5 14500/1/5
f 14507/1/5 14501/1/5 14506/1/5
f 14509/1/5 14508/1/5 14507/1/5
f 14510/1/5 14508/1/5 14509/1/5
f 14514/1/5 14512/1/5 14511/1/5
f 14515/1/5 14512/1/5 14514/1/5
f 14518/1/5 14514/1/5 14513/1/5
f 14519/1/5 14514/1/5 14518/1/5
f 14520/1/5 14516/1/5 14515/1/5
f 14521/1/5 14516/1/5 14520/1/5
f 14524/1/5 14518/1/5 14517/1/5
f 14525/1/5 14518/1/5 14524/1/5
f 14526/1/5 14522/1/5 14521/1/5
f 14527/1/5 14522/1/5 14526/1/5
f 14530/1/5 14524/1/5 14523/1/5
f 14531/1/5 14524/1/5 14530/1/5
f 14532/1/5 14528/1/5 14527/1/5
f 14533/1/5 14528/1/5 14532/1/5
f 14535/1/5 14530/1/5 14529/1/5
f 14536/1/5 14530/1/5 14535/1/5
f 14539/1/5 14534/1/5 14533/1/5
f 14540/1/5 14534/1/5 14539/1/5
f 14541/1/5 14537/1/5 14536/1/5
f 14542/1/5 14537/1/5 14541/1/5
f 14545/1/5 14539/1/5 14538/1/5
f 14546/1/5 14539/1/5 14545/1/5
f 14547/1/5 14543/1/5 14542/1/5
f 14548/1/5 14543/1/5 14547/1/5
f 14550/1/5 14545/1/5 14544/1/5
f 14551/1/5 14545/1/5 14550/1/5
f 14552/1/5 14549/1/5 14548/1/5
f 14553/1/5 14549/1/5 14552/1/5
f 14555/1/5 14554/1/5 14553/1/5
f 14556/1/5 14554/1/5 14555/1/5
f 14559/11/5 14558/11/5 14557/11/5
f 14560/11/5 14558/11/5 14559/11/5
f 14564/1/5 14562/1/5 14561/1/5
f 14565/1/5 14562/1/5 14564/1/5
f 14570/1/5 14564/1/5 14563/1/5
f 14570/1/5 14565/1/5 14564/1/5
f 14570/1/5 14566/1/5 14565/1/5
f 14571/1/5 14566/1/5 14570/1/5
f 14574/1/5 14568/1/5 14567/1/5
f 14575/1/5 14568/1/5 14574/1/5
f 14578/1/5 14572/1/5 14571/1/5
f 14578/1/5 14570/1/5 14569/1/5
f 14578/1/5 14571/1/5 14570/1/5
f 14579/1/5 14572/1/5 14578/1/5
f 14582/1/5 14576/1/5 14575/1/5
f 14582/1/5 14575/1/5 14574/1/5
f 14582/1/5 14574/1/5 14573/1/5
f 14583/1/5 14576/1/5 14582/1/5
f 14586/1/5 14582/1/5 14581/1/5
f 14586/1/5 14584/1/5 14583/1/5
f 14586/1/5 14583/1/5 14582/1/5
f 14587/1/5 14584/1/5 14586/1/5
f 14589/1/5 14580/1/5 14579/1/5
f 14589/1/5 14579/1/5 14578/1/5
f 14589/1/5 14578/1/5 14577/1/5
f 14590/1/5 14580/1/5 14589/1/5
f 14591/1/5 14580/1/5 14590/1/5
f 14592/1/5 14580/1/5 14591/1/5
f 14593/1/5 14591/1/5 14590/1/5
f 14594/1/5 14591/1/5 14593/1/5
f 14595/1/5 14591/1/5 14594/1/5
f 14596/1/5 14591/1/5 14595/1/5
f 14597/1/5 14588/1/5 14587/1/5
f 14597/1/5 14587/1/5 14586/1/5
f 14597/1/5 14586/1/5 14585/1/5
f 14598/1/5 14588/1/5 14597/1/5
f 14599/1/5 14588/1/5 14598/1/5
f 14600/1/5 14588/1/5 14599/1/5
f 14601/1/5 14595/1/5 14594/1/5
f 14602/1/5 14595/1/5 14601/1/5
f 14603/1/5 14599/1/5 14598/1/5
f 14604/1/5 14599/1/5 14603/1/5
f 14605/1/5 14599/1/5 14604/1/5
f 14606/1/5 14599/1/5 14605/1/5
f 14607/1/5 14595/1/5 14602/1/5
f 14608/1/5 14595/1/5 14607/1/5
f 14609/1/5 14605/1/5 14604/1/5
f 14610/1/5 14605/1/5 14609/1/5
f 14611/1/5 14605/1/5 14610/1/5
f 14612/1/5 14605/1/5 14611/1/5
f 14616/1/5 14614/1/5 14613/1/5
f 14617/1/5 14614/1/5 14616/1/5
f 14620/1/5 14616/1/5 14615/1/5
f 14620/1/5 14618/1/5 14617/1/5
f 14620/1/5 14617/1/5 14616/1/5
f 14621/1/5 14618/1/5 14620/1/5
f 14624/1/5 14620/1/5 14619/1/5
f 14624/1/5 14622/1/5 14621/1/5
f 14624/1/5 14621/1/5 14620/1/5
f 14625/1/5 14622/1/5 14624/1/5
f 14627/1/5 14624/1/5 14623/1/5
f 14627/1/5 14626/1/5 14625/1/5
f 14627/1/5 14625/1/5 14624/1/5
f 14628/1/5 14626/1/5 14627/1/5
f 14629/1/5 14626/1/5 14628/1/5
f 14630/1/5 14626/1/5 14629/1/5
f 14631/1/5 14629/1/5 14628/1/5
f 14632/1/5 14629/1/5 14631/1/5
f 14633/1/5 14629/1/5 14632/1/5
f 14634/1/5 14629/1/5 14633/1/5
f 14635/1/5 14633/1/5 14632/1/5
f 14636/1/5 14633/1/5 14635/1/5
f 14637/1/5 14633/1/5 14636/1/5
f 14638/1/5 14633/1/5 14637/1/5
f 14643/13/5 14640/13/5 14639/13/5
f 14644/13/5 14640/13/5 14643/13/5
f 14647/13/5 14642/13/5 14641/13/5
f 14648/13/5 14642/13/5 14647/13/5
f 14649/13/5 14646/13/5 14645/13/5
f 14650/13/5 14646/13/5 14649/13/5
f 14655/11/5 14652/11/5 14651/11/5
f 14656/11/5 14652/11/5 14655/11/5
f 14657/11/5 14654/11/5 14653/11/5
f 14658/11/5 14654/11/5 14657/11/5
f 14663/22/5 14660/22/5 14659/22/5
f 14664/22/5 14660/22/5 14663/22/5
f 14665/22/5 14662/22/5 14661/22/5
f 14666/22/5 14662/22/5 14665/22/5
f 14673/11/5 14668/11/5 14667/11/5
f 14674/11/5 14668/11/5 14673/11/5
f 14675/15/5 14670/15/5 14669/15/5
f 14676/15/5 14670/15/5 14675/15/5
f 14677/15/5 14672/15/5 14671/15/5
f 14678/15/5 14672/15/5 14677/15/5
f 14687/15/5 14680/15/5 14679/15/5
f 14688/15/5 14680/15/5 14687/15/5
f 14689/15/5 14682/15/5 14681/15/5
f 14690/15/5 14682/15/5 14689/15/5
f 14691/15/5 14684/15/5 14683/15/5
f 14692/15/5 14684/15/5 14691/15/5
f 14693/15/5 14686/15/5 14685/15/5
f 14694/15/5 14686/15/5 14693/15/5
f 14703/15/5 14696/15/5 14695/15/5
f 14704/15/5 14696/15/5 14703/15/5
f 14705/15/5 14698/15/5 14697/15/5
f 14706/15/5 14698/15/5 14705/15/5
f 14707/15/5 14700/15/5 14699/15/5
f 14708/15/5 14700/15/5 14707/15/5
f 14709/15/5 14702/15/5 14701/15/5
f 14710/15/5 14702/15/5 14709/15/5
f 14715/19/5 14712/19/5 14711/19/5
f 14718/20/5 14714/20/5 14713/20/5
f 14719/19/5 14715/19/5 14711/19/5
f 14719/19/5 14716/19/5 14715/19/5
f 14720/18/5 14717/18/5 14716/18/5
f 14720/19/5 14716/19/5 14719/19/5
f 14721/20/5 14718/20/5 14717/20/5
f 14721/18/5 14717/18/5 14720/18/5
f 14722/20/5 14714/20/5 14718/20/5
f 14722/20/5 14718/20/5 14721/20/5
f 14727/15/5 14724/15/5 14723/15/5
f 14728/15/5 14724/15/5 14727/15/5
f 14729/15/5 14726/15/5 14725/15/5
f 14730/15/5 14726/15/5 14729/15/5
f 14735/15/5 14732/15/5 14731/15/5
f 14736/15/5 14732/15/5 14735/15/5
f 14737/15/5 14734/15/5 14733/15/5
f 14738/15/5 14734/15/5 14737/15/5
f 14739/15/5 14732/15/5 14736/15/5
f 14740/15/5 14732/15/5 14739/15/5
f 14741/15/5 14737/15/5 14733/15/5
f 14742/15/5 14737/15/5 14741/15/5
f 14751/24/5 14744/24/5 14743/24/5
f 14752/24/5 14744/24/5 14751/24/5
f 14753/24/5 14746/24/5 14745/24/5
f 14754/24/5 14746/24/5 14753/24/5
f 14755/24/5 14748/24/5 14747/24/5
f 14756/24/5 14748/24/5 14755/24/5
f 14757/24/5 14750/24/5 14749/24/5
f 14758/24/5 14750/24/5 14757/24/5
f 14759/24/5 14750/24/5 14758/24/5
f 14772/15/5 14761/15/5 14760/15/5
f 14773/15/5 14761/15/5 14772/15/5
f 14774/15/5 14763/15/5 14762/15/5
f 14775/15/5 14763/15/5 14774/15/5
f 14779/14/5 14765/14/5 14764/14/5
f 14780/14/5 14765/14/5 14779/14/5
f 14787/14/5 14767/14/5 14766/14/5
f 14788/14/5 14767/14/5 14787/14/5
f 14792/15/5 14769/15/5 14768/15/5
f 14793/15/5 14769/15/5 14792/15/5
f 14794/15/5 14771/15/5 14770/15/5
f 14795/15/5 14771/15/5 14794/15/5
f 14798/29/5 14777/29/5 14776/29/5
f 14799/14/5 14778/14/5 14777/14/5
f 14799/29/5 14777/29/5 14798/29/5
f 14800/29/5 14779/29/5 14778/29/5
f 14800/14/5 14778/14/5 14799/14/5
f 14801/29/5 14779/29/5 14800/29/5
f 14802/29/5 14781/29/5 14780/29/5
f 14803/14/5 14782/14/5 14781/14/5
f 14803/29/5 14781/29/5 14802/29/5
f 14804/29/5 14783/29/5 14782/29/5
f 14804/14/5 14782/14/5 14803/14/5
f 14805/29/5 14783/29/5 14804/29/5
f 14810/29/5 14785/29/5 14784/29/5
f 14811/14/5 14786/14/5 14785/14/5
f 14811/29/5 14785/29/5 14810/29/5
f 14812/29/5 14787/29/5 14786/29/5
f 14812/14/5 14786/14/5 14811/14/5
f 14813/29/5 14787/29/5 14812/29/5
f 14814/29/5 14789/29/5 14788/29/5
f 14815/14/5 14790/14/5 14789/14/5
f 14815/29/5 14789/29/5 14814/29/5
f 14816/29/5 14791/29/5 14790/29/5
f 14816/14/5 14790/14/5 14815/14/5
f 14817/29/5 14791/29/5 14816/29/5
f 14820/24/5 14797/24/5 14796/24/5
f 14821/24/5 14797/24/5 14820/24/5
f 14822/24/5 14807/24/5 14806/24/5
f 14823/24/5 14807/24/5 14822/24/5
f 14824/24/5 14809/24/5 14808/24/5
f 14825/24/5 14809/24/5 14824/24/5
f 14826/24/5 14819/24/5 14818/24/5
f 14827/24/5 14819/24/5 14826/24/5
f 14838/29/5 14829/29/5 14828/29/5
f 14839/29/5 14829/29/5 14838/29/5
f 14840/29/5 14831/29/5 14830/29/5
f 14841/29/5 14831/29/5 14840/29/5
f 14846/29/5 14833/29/5 14832/29/5
f 14847/29/5 14833/29/5 14846/29/5
f 14848/29/5 14835/29/5 14834/29/5
f 14849/29/5 14835/29/5 14848/29/5
f 14852/24/5 14837/24/5 14836/24/5
f 14853/24/5 14837/24/5 14852/24/5
f 14854/24/5 14843/24/5 14842/24/5
f 14855/24/5 14843/24/5 14854/24/5
f 14856/24/5 14845/24/5 14844/24/5
f 14857/24/5 14845/24/5 14856/24/5
f 14858/24/5 14851/24/5 14850/24/5
f 14859/24/5 14851/24/5 14858/24/5
f 14864/17/5 14861/17/5 14860/17/5
f 14865/17/5 14861/17/5 14864/17/5
f 14867/18/5 14863/18/5 14862/18/5
f 14868/18/5 14863/18/5 14867/18/5
f 14869/17/5 14866/17/5 14865/17/5
f 14870/18/5 14867/18/5 14866/18/5
f 14870/17/5 14866/17/5 14869/17/5
f 14871/18/5 14867/18/5 14870/18/5
f 14880/14/5 14873/14/5 14872/14/5
f 14881/14/5 14873/14/5 14880/14/5
f 14882/14/5 14875/14/5 14874/14/5
f 14883/14/5 14875/14/5 14882/14/5
f 14884/14/5 14877/14/5 14876/14/5
f 14885/14/5 14877/14/5 14884/14/5
f 14886/14/5 14879/14/5 14878/14/5
f 14887/14/5 14879/14/5 14886/14/5
f 14890/16/5 14889/16/5 14888/16/5
f 14891/16/5 14889/16/5 14890/16/5
f 14894/16/5 14893/16/5 14892/16/5
f 14895/16/5 14893/16/5 14894/16/5
f 14896/16/5 14893/16/5 14895/16/5
f 14900/3/5 14898/3/5 14897/3/5
f 14901/3/5 14898/3/5 14900/3/5
f 14903/31/5 14900/31/5 14899/31/5
f 14903/31/5 14902/31/5 14901/31/5
f 14903/31/5 14901/31/5 14900/31/5
f 14904/31/5 14902/31/5 14903/31/5
f 14909/3/5 14906/3/5 14905/3/5
f 14910/3/5 14906/3/5 14909/3/5
f 14911/3/5 14908/3/5 14907/3/5
f 14912/3/5 14908/3/5 14911/3/5
f 14916/29/5 14914/29/5 14913/29/5
f 14917/29/5 14914/29/5 14916/29/5
f 14918/29/5 14914/29/5 14917/29/5
f 14919/29/5 14914/29/5 14918/29/5
f 14922/29/5 14916/29/5 14915/29/5
f 14922/29/5 14917/29/5 14916/29/5
f 14923/29/5 14917/29/5 14922/29/5
f 14924/29/5 14919/29/5 14918/29/5
f 14924/29/5 14920/29/5 14919/29/5
f 14925/29/5 14920/29/5 14924/29/5
f 14928/29/5 14922/29/5 14921/29/5
f 14929/29/5 14926/29/5 14925/29/5
f 14931/29/5 14928/29/5 14927/29/5
f 14931/29/5 14922/29/5 14928/29/5
f 14932/29/5 14922/29/5 14931/29/5
f 14933/29/5 14930/29/5 14929/29/5
f 14933/29/5 14929/29/5 14925/29/5
f 14934/29/5 14930/29/5 14933/29/5
f 14935/29/5 14931/29/5 14927/29/5
f 14938/29/5 14930/29/5 14934/29/5
f 14939/29/5 14936/29/5 14935/29/5
f 14939/29/5 14935/29/5 14927/29/5
f 14940/29/5 14936/29/5 14939/29/5
f 14941/29/5 14938/29/5 14937/29/5
f 14941/29/5 14930/29/5 14938/29/5
f 14942/29/5 14930/29/5 14941/29/5
f 14943/29/5 14936/29/5 14940/29/5
f 14944/29/5 14936/29/5 14943/29/5
f 14947/29/5 14941/29/5 14937/29/5
f 14948/29/5 14941/29/5 14947/29/5
f 14949/29/5 14945/29/5 14944/29/5
f 14950/29/5 14945/29/5 14949/29/5
f 14951/29/5 14945/29/5 14950/29/5
f 14952/29/5 14947/29/5 14946/29/5
f 14953/29/5 14947/29/5 14952/29/5
f 14954/29/5 14947/29/5 14953/29/5
f 14955/29/5 14951/29/5 14950/29/5
f 14955/29/5 14953/29/5 14952/29/5
f 14955/29/5 14952/29/5 14951/29/5
f 14956/29/5 14953/29/5 14955/29/5
f 14961/3/5 14958/3/5 14957/3/5
f 14962/3/5 14958/3/5 14961/3/5
f 14963/3/5 14960/3/5 14959/3/5
f 14964/3/5 14960/3/5 14963/3/5
f 14969/20/5 14966/20/5 14965/20/5
f 14970/20/5 14966/20/5 14969/20/5
f 14973/3/5 14968/3/5 14967/3/5
f 14974/3/5 14968/3/5 14973/3/5
f 14975/3/5 14972/3/5 14971/3/5
f 14976/3/5 14972/3/5 14975/3/5
f 14981/3/5 14978/3/5 14977/3/5
f 14982/3/5 14978/3/5 14981/3/5
f 14983/3/5 14978/3/5 14982/3/5
f 14984/3/5 14980/3/5 14979/3/5
f 14985/3/5 14980/3/5 14984/3/5
f 14986/3/5 14980/3/5 14985/3/5
f 14990/30/5 14988/30/5 14987/30/5
f 14991/30/5 14988/30/5 14990/30/5
f 14994/30/5 14990/30/5 14989/30/5
f 14995/30/5 14990/30/5 14994/30/5
f 14996/30/5 14992/30/5 14991/30/5
f 14997/30/5 14992/30/5 14996/30/5
f 15000/30/5 14994/30/5 14993/30/5
f 15001/30/5 14994/30/5 15000/30/5
f 15002/30/5 14998/30/5 14997/30/5
f 15003/30/5 14998/30/5 15002/30/5
f 15006/30/5 15000/30/5 14999/30/5
f 15007/30/5 15000/30/5 15006/30/5
f 15008/30/5 15004/30/5 15003/30/5
f 15009/30/5 15004/30/5 15008/30/5
f 15011/30/5 15006/30/5 15005/30/5
f 15012/30/5 15006/30/5 15011/30/5
f 15015/30/5 15010/30/5 15009/30/5
f 15016/30/5 15010/30/5 15015/30/5
f 15017/30/5 15013/30/5 15012/30/5
f 15018/30/5 15013/30/5 15017/30/5
f 15021/30/5 15015/30/5 15014/30/5
f 15022/30/5 15015/30/5 15021/30/5
f 15023/30/5 15019/30/5 15018/30/5
f 15024/30/5 15019/30/5 15023/30/5
f 15027/30/5 15021/30/5 15020/30/5
f 15028/30/5 15021/30/5 15027/30/5
f 15029/30/5 15025/30/5 15024/30/5
f 15030/30/5 15025/30/5 15029/30/5
f 15031/30/5 15027/30/5 15026/30/5
f 15032/30/5 15027/30/5 15031/30/5
f 15033/30/5 15031/30/5 15030/30/5
f 15034/30/5 15031/30/5 15033/30/5
f 15039/3/5 15036/3/5 15035/3/5
f 15040/3/5 15036/3/5 15039/3/5
f 15041/3/5 15038/3/5 15037/3/5
f 15042/3/5 15038/3/5 15041/3/5
f 15046/30/5 15044/30/5 15043/30/5
f 15047/30/5 15044/30/5 15046/30/5
f 15050/30/5 15046/30/5 15045/30/5
f 15051/30/5 15046/30/5 15050/30/5
f 15052/30/5 15048/30/5 15047/30/5
f 15053/30/5 15048/30/5 15052/30/5
f 15056/30/5 15050/30/5 15049/30/5
f 15057/30/5 15050/30/5 15056/30/5
f 15058/30/5 15054/30/5 15053/30/5
f 15059/30/5 15054/30/5 15058/30/5
f 15062/30/5 15056/30/5 15055/30/5
f 15063/30/5 15056/30/5 15062/30/5
f 15064/30/5 15060/30/5 15059/30/5
f 15065/30/5 15060/30/5 15064/30/5
f 15068/30/5 15062/30/5 15061/30/5
f 15069/30/5 15062/30/5 15068/30/5
f 15070/30/5 15066/30/5 15065/30/5
f 15071/30/5 15066/30/5 15070/30/5
f 15073/30/5 15068/30/5 15067/30/5
f 15074/30/5 15068/30/5 15073/30/5
f 15077/30/5 15072/30/5 15071/30/5
f 15078/30/5 15072/30/5 15077/30/5
f 15079/30/5 15075/30/5 15074/30/5
f 15080/30/5 15075/30/5 15079/30/5
f 15083/30/5 15077/30/5 15076/30/5
f 15084/30/5 15077/30/5 15083/30/5
f 15085/30/5 15081/30/5 15080/30/5
f 15086/30/5 15081/30/5 15085/30/5
f 15089/30/5 15083/30/5 15082/30/5
f 15090/30/5 15083/30/5 15089/30/5
f 15091/30/5 15087/30/5 15086/30/5
f 15092/30/5 15087/30/5 15091/30/5
f 15095/30/5 15089/30/5 15088/30/5
f 15096/30/5 15089/30/5 15095/30/5
f 15097/30/5 15093/30/5 15092/30/5
f 15098/30/5 15093/30/5 15097/30/5
f 15099/30/5 15095/30/5 15094/30/5
f 15100/30/5 15095/30/5 15099/30/5
f 15101/30/5 15099/30/5 15098/30/5
f 15102/30/5 15099/30/5 15101/30/5
f 15107/3/5 15104/3/5 15103/3/5
f 15108/3/5 15104/3/5 15107/3/5
f 15109/3/5 15106/3/5 15105/3/5
f 15110/3/5 15106/3/5 15109/3/5
f 15115/3/5 15112/3/5 15111/3/5
f 15116/3/5 15112/3/5 15115/3/5
f 15117/3/5 15114/3/5 15113/3/5
f 15118/3/5 15114/3/5 15117/3/5
f 15123/3/5 15120/3/5 15119/3/5
f 15124/3/5 15120/3/5 15123/3/5
f 15125/3/5 15122/3/5 15121/3/5
f 15126/3/5 15122/3/5 15125/3/5
f 15131/32/5 15128/32/5 15127/32/5
f 15132/32/5 15128/32/5 15131/32/5
f 15133/32/5 15130/32/5 15129/32/5
f 15134/32/5 15130/32/5 15133/32/5
f 15139/32/5 15136/32/5 15135/32/5
f 15140/32/5 15136/32/5 15139/32/5
f 15141/32/5 15138/32/5 15137/32/5
f 15142/32/5 15138/32/5 15141/32/5
f 15149/32/5 15144/32/5 15143/32/5
f 15150/32/5 15144/32/5 15149/32/5
f 15151/32/5 15146/32/5 15145/32/5
f 15152/32/5 15146/32/5 15151/32/5
f 15155/3/5 15148/3/5 15147/3/5
f 15156/3/5 15148/3/5 15155/3/5
f 15157/3/5 15154/3/5 15153/3/5
f 15158/3/5 15154/3/5 15157/3/5
f 15159/26/6 15160/26/6 15197/26/6
f 15195/26/6 15196/26/6 15198/26/6
f 15197/26/6 15160/26/6 15199/26/6
f 15195/26/6 15198/26/6 15200/26/6
f 15199/26/6 15160/26/6 15201/26/6
f 15160/33/6 15161/33/6 15202/33/6
f 15201/26/6 15160/26/6 15202/26/6
f 15161/26/6 15162/26/6 15203/26/6
f 15202/33/6 15161/33/6 15203/33/6
f 15162/33/6 15163/33/6 15204/33/6
f 15203/26/6 15162/26/6 15204/26/6
f 15163/26/6 15164/26/6 15205/26/6
f 15204/33/6 15163/33/6 15205/33/6
f 15164/33/6 15165/33/6 15206/33/6
f 15205/26/6 15164/26/6 15206/26/6
f 15165/26/6 15166/26/6 15207/26/6
f 15206/33/6 15165/33/6 15207/33/6
f 15166/33/6 15167/33/6 15208/33/6
f 15207/26/6 15166/26/6 15208/26/6
f 15167/26/6 15168/26/6 15209/26/6
f 15208/33/6 15167/33/6 15209/33/6
f 15168/33/6 15169/33/6 15210/33/6
f 15209/26/6 15168/26/6 15210/26/6
f 15169/26/6 15170/26/6 15211/26/6
f 15210/33/6 15169/33/6 15211/33/6
f 15170/33/6 15171/33/6 15212/33/6
f 15211/26/6 15170/26/6 15212/26/6
f 15171/26/6 15172/26/6 15213/26/6
f 15212/33/6 15171/33/6 15213/33/6
f 15172/33/6 15173/33/6 15214/33/6
f 15213/26/6 15172/26/6 15214/26/6
f 15173/26/6 15174/26/6 15215/26/6
f 15214/33/6 15173/33/6 15215/33/6
f 15174/33/6 15175/33/6 15216/33/6
f 15215/26/6 15174/26/6 15216/26/6
f 15175/26/6 15176/26/6 15217/26/6
f 15216/33/6 15175/33/6 15217/33/6
f 15176/28/6 15177/28/6 15218/28/6
f 15217/26/6 15176/26/6 15218/26/6
f 15178/28/6 15179/28/6 15219/28/6
f 15179/26/6 15180/26/6 15219/26/6
f 15180/33/6 15181/33/6 15220/33/6
f 15219/26/6 15180/26/6 15220/26/6
f 15181/26/6 15182/26/6 15221/26/6
f 15220/33/6 15181/33/6 15221/33/6
f 15182/33/6 15183/33/6 15222/33/6
f 15221/26/6 15182/26/6 15222/26/6
f 15183/26/6 15184/26/6 15223/26/6
f 15222/33/6 15183/33/6 15223/33/6
f 15184/33/6 15185/33/6 15224/33/6
f 15223/26/6 15184/26/6 15224/26/6
f 15185/26/6 15186/26/6 15225/26/6
f 15224/33/6 15185/33/6 15225/33/6
f 15186/33/6 15187/33/6 15226/33/6
f 15225/26/6 15186/26/6 15226/26/6
f 15187/26/6 15188/26/6 15227/26/6
f 15226/33/6 15187/33/6 15227/33/6
f 15188/33/6 15189/33/6 15228/33/6
f 15227/26/6 15188/26/6 15228/26/6
f 15189/26/6 15190/26/6 15229/26/6
f 15228/33/6 15189/33/6 15229/33/6
f 15190/33/6 15191/33/6 15230/33/6
f 15229/26/6 15190/26/6 15230/26/6
f 15191/26/6 15192/26/6 15231/26/6
f 15230/33/6 15191/33/6 15231/33/6
f 15192/33/6 15193/33/6 15232/33/6
f 15231/26/6 15192/26/6 15232/26/6
f 15193/26/6 15194/26/6 15233/26/6
f 15232/33/6 15193/33/6 15233/33/6
f 15194/33/6 15195/33/6 15234/33/6
f 15233/26/6 15194/26/6 15234/26/6
f 15195/26/6 15200/26/6 15235/26/6
f 15234/33/6 15195/33/6 15235/33/6
f 15235/26/6 15200/26/6 15236/26/6
f 15201/33/6 15202/33/6 15237/33/6
f 15202/33/6 15203/33/6 15237/33/6
f 15203/33/6 15204/33/6 15237/33/6
f 15204/33/6 15205/33/6 15237/33/6
f 15205/33/6 15206/33/6 15237/33/6
f 15206/33/6 15207/33/6 15237/33/6
f 15207/33/6 15208/33/6 15237/33/6
f 15208/33/6 15209/33/6 15237/33/6
f 15209/33/6 15210/33/6 15237/33/6
f 15210/33/6 15211/33/6 15237/33/6
f 15211/33/6 15212/33/6 15237/33/6
f 15212/33/6 15213/33/6 15237/33/6
f 15213/33/6 15214/33/6 15237/33/6
f 15214/33/6 15215/33/6 15237/33/6
f 15215/33/6 15216/33/6 15237/33/6
f 15216/33/6 15217/33/6 15237/33/6
f 15217/33/6 15218/33/6 15237/33/6
f 15237/33/6 15218/33/6 15238/33/6
f 15238/33/6 15218/33/6 15239/33/6
f 15239/33/6 15218/33/6 15240/33/6
f 15240/33/6 15218/33/6 15241/33/6
f 15241/33/6 15218/33/6 15242/33/6
f 15242/33/6 15218/33/6 15243/33/6
f 15243/33/6 15218/33/6 15244/33/6
f 15244/33/6 15218/33/6 15245/33/6
f 15245/33/6 15218/33/6 15246/33/6
f 15246/33/6 15218/33/6 15247/33/6
f 15247/33/6 15218/33/6 15248/33/6
f 15248/33/6 15218/33/6 15249/33/6
f 15249/33/6 15218/33/6 15250/33/6
f 15250/33/6 15218/33/6 15251/33/6
f 15251/33/6 15218/33/6 15252/33/6
f 15252/33/6 15218/33/6 15253/33/6
f 15218/28/6 15177/28/6 15254/28/6
f 15253/33/6 15218/33/6 15254/33/6
f 15235/33/6 15236/33/6 15255/33/6
f 15234/33/6 15235/33/6 15255/33/6
f 15233/33/6 15234/33/6 15255/33/6
f 15232/33/6 15233/33/6 15255/33/6
f 15231/33/6 15232/33/6 15255/33/6
f 15230/33/6 15231/33/6 15255/33/6
f 15229/33/6 15230/33/6 15255/33/6
f 15228/33/6 15229/33/6 15255/33/6
f 15227/33/6 15228/33/6 15255/33/6
f 15226/33/6 15227/33/6 15255/33/6
f 15225/33/6 15226/33/6 15255/33/6
f 15224/33/6 15225/33/6 15255/33/6
f 15223/33/6 15224/33/6 15255/33/6
f 15178/28/6 15219/28/6 15255/28/6
f 15219/33/6 15220/33/6 15255/33/6
f 15220/33/6 15221/33/6 15255/33/6
f 15221/33/6 15222/33/6 15255/33/6
f 15222/33/6 15223/33/6 15255/33/6
f 15255/33/6 15236/33/6 15256/33/6
f 15256/33/6 15236/33/6 15257/33/6
f 15257/33/6 15236/33/6 15258/33/6
f 15258/33/6 15236/33/6 15259/33/6
f 15259/33/6 15236/33/6 15260/33/6
f 15260/33/6 15236/33/6 15261/33/6
f 15261/33/6 15236/33/6 15262/33/6
f 15262/33/6 15236/33/6 15263/33/6
f 15263/33/6 15236/33/6 15264/33/6
f 15264/33/6 15236/33/6 15265/33/6
f 15265/33/6 15236/33/6 15266/33/6
f 15266/33/6 15236/33/6 15267/33/6
f 15267/33/6 15236/33/6 15268/33/6
f 15268/33/6 15236/33/6 15269/33/6
f 15269/33/6 15236/33/6 15270/33/6
f 15270/33/6 15236/33/6 15271/33/6
f 15271/33/6 15236/33/6 15272/33/6
f 15237/26/6 15238/26/6 15273/26/6
f 15271/26/6 15272/26/6 15274/26/6
f 15273/26/6 15238/26/6 15275/26/6
f 15271/26/6 15274/26/6 15276/26/6
f 15275/26/6 15238/26/6 15277/26/6
f 15238/33/6 15239/33/6 15278/33/6
f 15277/26/6 15238/26/6 15278/26/6
f 15239/26/6 15240/26/6 15279/26/6
f 15278/33/6 15239/33/6 15279/33/6
f 15240/33/6 15241/33/6 15280/33/6
f 15279/26/6 15240/26/6 15280/26/6
f 15241/26/6 15242/26/6 15281/26/6
f 15280/33/6 15241/33/6 15281/33/6
f 15242/33/6 15243/33/6 15282/33/6
f 15281/26/6 15242/26/6 15282/26/6
f 15243/26/6 15244/26/6 15283/26/6
f 15282/33/6 15243/33/6 15283/33/6
f 15244/33/6 15245/33/6 15284/33/6
f 15283/26/6 15244/26/6 15284/26/6
f 15245/26/6 15246/26/6 15285/26/6
f 15284/33/6 15245/33/6 15285/33/6
f 15246/33/6 15247/33/6 15286/33/6
f 15285/26/6 15246/26/6 15286/26/6
f 15247/26/6 15248/26/6 15287/26/6
f 15286/33/6 15247/33/6 15287/33/6
f 15248/33/6 15249/33/6 15288/33/6
f 15287/26/6 15248/26/6 15288/26/6
f 15249/26/6 15250/26/6 15289/26/6
f 15288/33/6 15249/33/6 15289/33/6
f 15250/33/6 15251/33/6 15290/33/6
f 15289/26/6 15250/26/6 15290/26/6
f 15251/26/6 15252/26/6 15291/26/6
f 15290/33/6 15251/33/6 15291/33/6
f 15252/33/6 15253/33/6 15292/33/6
f 15291/26/6 15252/26/6 15292/26/6
f 15253/26/6 15254/26/6 15293/26/6
f 15292/33/6 15253/33/6 15293/33/6
f 15254/28/6 15177/28/6 15294/28/6
f 15293/26/6 15254/26/6 15294/26/6
f 15178/28/6 15255/28/6 15295/28/6
f 15255/26/6 15256/26/6 15295/26/6
f 15256/33/6 15257/33/6 15296/33/6
f 15295/26/6 15256/26/6 15296/26/6
f 15257/26/6 15258/26/6 15297/26/6
f 15296/33/6 15257/33/6 15297/33/6
f 15258/33/6 15259/33/6 15298/33/6
f 15297/26/6 15258/26/6 15298/26/6
f 15259/26/6 15260/26/6 15299/26/6
f 15298/33/6 15259/33/6 15299/33/6
f 15260/33/6 15261/33/6 15300/33/6
f 15299/26/6 15260/26/6 15300/26/6
f 15261/26/6 15262/26/6 15301/26/6
f 15300/33/6 15261/33/6 15301/33/6
f 15262/33/6 15263/33/6 15302/33/6
f 15301/26/6 15262/26/6 15302/26/6
f 15263/26/6 15264/26/6 15303/26/6
f 15302/33/6 15263/33/6 15303/33/6
f 15264/33/6 15265/33/6 15304/33/6
f 15303/26/6 15264/26/6 15304/26/6
f 15265/26/6 15266/26/6 15305/26/6
f 15304/33/6 15265/33/6 15305/33/6
f 15266/33/6 15267/33/6 15306/33/6
f 15305/26/6 15266/26/6 15306/26/6
f 15267/26/6 15268/26/6 15307/26/6
f 15306/33/6 15267/33/6 15307/33/6
f 15268/33/6 15269/33/6 15308/33/6
f 15307/26/6 15268/26/6 15308/26/6
f 15269/26/6 15270/26/6 15309/26/6
f 15308/33/6 15269/33/6 15309/33/6
f 15270/33/6 15271/33/6 15310/33/6
f 15309/26/6 15270/26/6 15310/26/6
f 15271/26/6 15276/26/6 15311/26/6
f 15310/33/6 15271/33/6 15311/33/6
f 15311/26/6 15276/26/6 15312/26/6
f 15292/33/6 15293/33/6 15313/33/6
f 15291/33/6 15292/33/6 15313/33/6
f 15289/33/6 15290/33/6 15313/33/6
f 15288/33/6 15289/33/6 15313/33/6
f 15287/33/6 15288/33/6 15313/33/6
f 15286/33/6 15287/33/6 15313/33/6
f 15285/33/6 15286/33/6 15313/33/6
f 15284/33/6 15285/33/6 15313/33/6
f 15283/33/6 15284/33/6 15313/33/6
f 15282/33/6 15283/33/6 15313/33/6
f 15281/33/6 15282/33/6 15313/33/6
f 15280/33/6 15281/33/6 15313/33/6
f 15290/33/6 15291/33/6 15313/33/6
f 15279/33/6 15280/33/6 15313/33/6
f 15278/33/6 15279/33/6 15313/33/6
f 15277/33/6 15278/33/6 15313/33/6
f 15293/33/6 15294/33/6 15313/33/6
f 15313/33/6 15294/33/6 15314/33/6
f 15314/33/6 15294/33/6 15315/33/6
f 15315/33/6 15294/33/6 15316/33/6
f 15316/33/6 15294/33/6 15317/33/6
f 15317/33/6 15294/33/6 15318/33/6
f 15318/33/6 15294/33/6 15319/33/6
f 15319/33/6 15294/33/6 15320/33/6
f 15320/33/6 15294/33/6 15321/33/6
f 15321/33/6 15294/33/6 15322/33/6
f 15322/33/6 15294/33/6 15323/33/6
f 15323/33/6 15294/33/6 15324/33/6
f 15324/33/6 15294/33/6 15325/33/6
f 15325/33/6 15294/33/6 15326/33/6
f 15326/33/6 15294/33/6 15327/33/6
f 15327/33/6 15294/33/6 15328/33/6
f 15328/33/6 15294/33/6 15329/33/6
f 15294/28/6 15177/28/6 15330/28/6
f 15329/33/6 15294/33/6 15330/33/6
f 15311/33/6 15312/33/6 15331/33/6
f 15310/33/6 15311/33/6 15331/33/6
f 15309/33/6 15310/33/6 15331/33/6
f 15308/33/6 15309/33/6 15331/33/6
f 15307/33/6 15308/33/6 15331/33/6
f 15306/33/6 15307/33/6 15331/33/6
f 15305/33/6 15306/33/6 15331/33/6
f 15304/33/6 15305/33/6 15331/33/6
f 15303/33/6 15304/33/6 15331/33/6
f 15302/33/6 15303/33/6 15331/33/6
f 15301/33/6 15302/33/6 15331/33/6
f 15300/33/6 15301/33/6 15331/33/6
f 15178/28/6 15295/28/6 15331/28/6
f 15295/33/6 15296/33/6 15331/33/6
f 15296/33/6 15297/33/6 15331/33/6
f 15297/33/6 15298/33/6 15331/33/6
f 15298/33/6 15299/33/6 15331/33/6
f 15299/33/6 15300/33/6 15331/33/6
f 15331/33/6 15312/33/6 15332/33/6
f 15332/33/6 15312/33/6 15333/33/6
f 15333/33/6 15312/33/6 15334/33/6
f 15334/33/6 15312/33/6 15335/33/6
f 15335/33/6 15312/33/6 15336/33/6
f 15336/33/6 15312/33/6 15337/33/6
f 15337/33/6 15312/33/6 15338/33/6
f 15338/33/6 15312/33/6 15339/33/6
f 15339/33/6 15312/33/6 15340/33/6
f 15340/33/6 15312/33/6 15341/33/6
f 15341/33/6 15312/33/6 15342/33/6
f 15342/33/6 15312/33/6 15343/33/6
f 15343/33/6 15312/33/6 15344/33/6
f 15344/33/6 15312/33/6 15345/33/6
f 15345/33/6 15312/33/6 15346/33/6
f 15346/33/6 15312/33/6 15347/33/6
f 15347/33/6 15312/33/6 15348/33/6
f 15313/26/6 15314/26/6 15349/26/6
f 15347/26/6 15348/26/6 15350/26/6
f 15349/26/6 15314/26/6 15351/26/6
f 15347/26/6 15350/26/6 15352/26/6
f 15351/26/6 15314/26/6 15353/26/6
f 15314/33/6 15315/33/6 15354/33/6
f 15353/26/6 15314/26/6 15354/26/6
f 15315/26/6 15316/26/6 15355/26/6
f 15354/33/6 15315/33/6 15355/33/6
f 15316/33/6 15317/33/6 15356/33/6
f 15355/26/6 15316/26/6 15356/26/6
f 15317/26/6 15318/26/6 15357/26/6
f 15356/33/6 15317/33/6 15357/33/6
f 15318/33/6 15319/33/6 15358/33/6
f 15357/26/6 15318/26/6 15358/26/6
f 15319/26/6 15320/26/6 15359/26/6
f 15358/33/6 15319/33/6 15359/33/6
f 15320/33/6 15321/33/6 15360/33/6
f 15359/26/6 15320/26/6 15360/26/6
f 15321/26/6 15322/26/6 15361/26/6
f 15360/33/6 15321/33/6 15361/33/6
f 15322/33/6 15323/33/6 15362/33/6
f 15361/26/6 15322/26/6 15362/26/6
f 15323/26/6 15324/26/6 15363/26/6
f 15362/33/6 15323/33/6 15363/33/6
f 15324/33/6 15325/33/6 15364/33/6
f 15363/26/6 15324/26/6 15364/26/6
f 15325/26/6 15326/26/6 15365/26/6
f 15364/33/6 15325/33/6 15365/33/6
f 15326/33/6 15327/33/6 15366/33/6
f 15365/26/6 15326/26/6 15366/26/6
f 15327/26/6 15328/26/6 15367/26/6
f 15366/33/6 15327/33/6 15367/33/6
f 15328/33/6 15329/33/6 15368/33/6
f 15367/26/6 15328/26/6 15368/26/6
f 15329/26/6 15330/26/6 15369/26/6
f 15368/33/6 15329/33/6 15369/33/6
f 15330/28/6 15177/28/6 15370/28/6
f 15369/26/6 15330/26/6 15370/26/6
f 15178/28/6 15331/28/6 15371/28/6
f 15331/26/6 15332/26/6 15371/26/6
f 15332/33/6 15333/33/6 15372/33/6
f 15371/26/6 15332/26/6 15372/26/6
f 15333/26/6 15334/26/6 15373/26/6
f 15372/33/6 15333/33/6 15373/33/6
f 15334/33/6 15335/33/6 15374/33/6
f 15373/26/6 15334/26/6 15374/26/6
f 15335/26/6 15336/26/6 15375/26/6
f 15374/33/6 15335/33/6 15375/33/6
f 15336/33/6 15337/33/6 15376/33/6
f 15375/26/6 15336/26/6 15376/26/6
f 15337/26/6 15338/26/6 15377/26/6
f 15376/33/6 15337/33/6 15377/33/6
f 15338/33/6 15339/33/6 15378/33/6
f 15377/26/6 15338/26/6 15378/26/6
f 15339/26/6 15340/26/6 15379/26/6
f 15378/33/6 15339/33/6 15379/33/6
f 15340/33/6 15341/33/6 15380/33/6
f 15379/26/6 15340/26/6 15380/26/6
f 15341/26/6 15342/26/6 15381/26/6
f 15380/33/6 15341/33/6 15381/33/6
f 15342/33/6 15343/33/6 15382/33/6
f 15381/26/6 15342/26/6 15382/26/6
f 15343/26/6 15344/26/6 15383/26/6
f 15382/33/6 15343/33/6 15383/33/6
f 15344/33/6 15345/33/6 15384/33/6
f 15383/26/6 15344/26/6 15384/26/6
f 15345/26/6 15346/26/6 15385/26/6
f 15384/33/6 15345/33/6 15385/33/6
f 15346/33/6 15347/33/6 15386/33/6
f 15385/26/6 15346/26/6 15386/26/6
f 15347/26/6 15352/26/6 15387/26/6
f 15386/33/6 15347/33/6 15387/33/6
f 15387/26/6 15352/26/6 15388/26/6
f 15368/33/6 15369/33/6 15389/33/6
f 15367/33/6 15368/33/6 15389/33/6
f 15365/33/6 15366/33/6 15389/33/6
f 15364/33/6 15365/33/6 15389/33/6
f 15363/33/6 15364/33/6 15389/33/6
f 15362/33/6 15363/33/6 15389/33/6
f 15361/33/6 15362/33/6 15389/33/6
f 15360/33/6 15361/33/6 15389/33/6
f 15359/33/6 15360/33/6 15389/33/6
f 15358/33/6 15359/33/6 15389/33/6
f 15357/33/6 15358/33/6 15389/33/6
f 15366/33/6 15367/33/6 15389/33/6
f 15356/33/6 15357/33/6 15389/33/6
f 15355/33/6 15356/33/6 15389/33/6
f 15354/33/6 15355/33/6 15389/33/6
f 15353/33/6 15354/33/6 15389/33/6
f 15369/33/6 15370/33/6 15389/33/6
f 15389/33/6 15370/33/6 15390/33/6
f 15390/33/6 15370/33/6 15391/33/6
f 15391/33/6 15370/33/6 15392/33/6
f 15392/33/6 15370/33/6 15393/33/6
f 15393/33/6 15370/33/6 15394/33/6
f 15394/33/6 15370/33/6 15395/33/6
f 15395/33/6 15370/33/6 15396/33/6
f 15396/33/6 15370/33/6 15397/33/6
f 15397/33/6 15370/33/6 15398/33/6
f 15398/33/6 15370/33/6 15399/33/6
f 15399/33/6 15370/33/6 15400/33/6
f 15400/33/6 15370/33/6 15401/33/6
f 15401/33/6 15370/33/6 15402/33/6
f 15402/33/6 15370/33/6 15403/33/6
f 15403/33/6 15370/33/6 15404/33/6
f 15404/33/6 15370/33/6 15405/33/6
f 15370/28/6 15177/28/6 15406/28/6
f 15405/33/6 15370/33/6 15406/33/6
f 15387/33/6 15388/33/6 15407/33/6
f 15386/33/6 15387/33/6 15407/33/6
f 15385/33/6 15386/33/6 15407/33/6
f 15384/33/6 15385/33/6 15407/33/6
f 15383/33/6 15384/33/6 15407/33/6
f 15382/33/6 15383/33/6 15407/33/6
f 15381/33/6 15382/33/6 15407/33/6
f 15380/33/6 15381/33/6 15407/33/6
f 15379/33/6 15380/33/6 15407/33/6
f 15378/33/6 15379/33/6 15407/33/6
f 15377/33/6 15378/33/6 15407/33/6
f 15376/33/6 15377/33/6 15407/33/6
f 15178/28/6 15371/28/6 15407/28/6
f 15371/33/6 15372/33/6 15407/33/6
f 15372/33/6 15373/33/6 15407/33/6
f 15373/33/6 15374/33/6 15407/33/6
f 15374/33/6 15375/33/6 15407/33/6
f 15375/33/6 15376/33/6 15407/33/6
f 15407/33/6 15388/33/6 15408/33/6
f 15408/33/6 15388/33/6 15409/33/6
f 15409/33/6 15388/33/6 15410/33/6
f 15410/33/6 15388/33/6 15411/33/6
f 15411/33/6 15388/33/6 15412/33/6
f 15412/33/6 15388/33/6 15413/33/6
f 15413/33/6 15388/33/6 15414/33/6
f 15414/33/6 15388/33/6 15415/33/6
f 15415/33/6 15388/33/6 15416/33/6
f 15416/33/6 15388/33/6 15417/33/6
f 15417/33/6 15388/33/6 15418/33/6
f 15418/33/6 15388/33/6 15419/33/6
f 15419/33/6 15388/33/6 15420/33/6
f 15420/33/6 15388/33/6 15421/33/6
f 15421/33/6 15388/33/6 15422/33/6
f 15422/33/6 15388/33/6 15423/33/6
f 15423/33/6 15388/33/6 15424/33/6
f 15389/26/6 15390/26/6 15425/26/6
f 15423/26/6 15424/26/6 15426/26/6
f 15425/26/6 15390/26/6 15427/26/6
f 15423/26/6 15426/26/6 15428/26/6
f 15427/26/6 15390/26/6 15429/26/6
f 15390/33/6 15391/33/6 15430/33/6
f 15429/26/6 15390/26/6 15430/26/6
f 15391/26/6 15392/26/6 15431/26/6
f 15430/33/6 15391/33/6 15431/33/6
f 15392/33/6 15393/33/6 15432/33/6
f 15431/26/6 15392/26/6 15432/26/6
f 15393/26/6 15394/26/6 15433/26/6
f 15432/33/6 15393/33/6 15433/33/6
f 15394/33/6 15395/33/6 15434/33/6
f 15433/26/6 15394/26/6 15434/26/6
f 15395/26/6 15396/26/6 15435/26/6
f 15434/33/6 15395/33/6 15435/33/6
f 15396/33/6 15397/33/6 15436/33/6
f 15435/26/6 15396/26/6 15436/26/6
f 15397/26/6 15398/26/6 15437/26/6
f 15436/33/6 15397/33/6 15437/33/6
f 15398/33/6 15399/33/6 15438/33/6
f 15437/26/6 15398/26/6 15438/26/6
f 15399/26/6 15400/26/6 15439/26/6
f 15438/33/6 15399/33/6 15439/33/6
f 15400/33/6 15401/33/6 15440/33/6
f 15439/26/6 15400/26/6 15440/26/6
f 15401/26/6 15402/26/6 15441/26/6
f 15440/33/6 15401/33/6 15441/33/6
f 15402/33/6 15403/33/6 15442/33/6
f 15441/26/6 15402/26/6 15442/26/6
f 15403/26/6 15404/26/6 15443/26/6
f 15442/33/6 15403/33/6 15443/33/6
f 15404/33/6 15405/33/6 15444/33/6
f 15443/26/6 15404/26/6 15444/26/6
f 15405/26/6 15406/26/6 15445/26/6
f 15444/33/6 15405/33/6 15445/33/6
f 15406/28/6 15177/28/6 15446/28/6
f 15445/26/6 15406/26/6 15446/26/6
f 15178/28/6 15407/28/6 15447/28/6
f 15407/26/6 15408/26/6 15447/26/6
f 15408/33/6 15409/33/6 15448/33/6
f 15447/26/6 15408/26/6 15448/26/6
f 15409/26/6 15410/26/6 15449/26/6
f 15448/33/6 15409/33/6 15449/33/6
f 15410/33/6 15411/33/6 15450/33/6
f 15449/26/6 15410/26/6 15450/26/6
f 15411/26/6 15412/26/6 15451/26/6
f 15450/33/6 15411/33/6 15451/33/6
f 15412/33/6 15413/33/6 15452/33/6
f 15451/26/6 15412/26/6 15452/26/6
f 15413/26/6 15414/26/6 15453/26/6
f 15452/33/6 15413/33/6 15453/33/6
f 15414/33/6 15415/33/6 15454/33/6
f 15453/26/6 15414/26/6 15454/26/6
f 15415/26/6 15416/26/6 15455/26/6
f 15454/33/6 15415/33/6 15455/33/6
f 15416/33/6 15417/33/6 15456/33/6
f 15455/26/6 15416/26/6 15456/26/6
f 15417/26/6 15418/26/6 15457/26/6
f 15456/33/6 15417/33/6 15457/33/6
f 15418/33/6 15419/33/6 15458/33/6
f 15457/26/6 15418/26/6 15458/26/6
f 15419/26/6 15420/26/6 15459/26/6
f 15458/33/6 15419/33/6 15459/33/6
f 15420/33/6 15421/33/6 15460/33/6
f 15459/26/6 15420/26/6 15460/26/6
f 15421/26/6 15422/26/6 15461/26/6
f 15460/33/6 15421/33/6 15461/33/6
f 15422/33/6 15423/33/6 15462/33/6
f 15461/26/6 15422/26/6 15462/26/6
f 15423/26/6 15428/26/6 15463/26/6
f 15462/33/6 15423/33/6 15463/33/6
f 15463/26/6 15428/26/6 15464/26/6
f 15444/33/6 15445/33/6 15465/33/6
f 15443/33/6 15444/33/6 15465/33/6
f 15441/33/6 15442/33/6 15465/33/6
f 15440/33/6 15441/33/6 15465/33/6
f 15439/33/6 15440/33/6 15465/33/6
f 15438/33/6 15439/33/6 15465/33/6
f 15437/33/6 15438/33/6 15465/33/6
f 15436/33/6 15437/33/6 15465/33/6
f 15435/33/6 15436/33/6 15465/33/6
f 15434/33/6 15435/33/6 15465/33/6
f 15433/33/6 15434/33/6 15465/33/6
f 15442/33/6 15443/33/6 15465/33/6
f 15432/33/6 15433/33/6 15465/33/6
f 15431/33/6 15432/33/6 15465/33/6
f 15430/33/6 15431/33/6 15465/33/6
f 15429/33/6 15430/33/6 15465/33/6
f 15445/33/6 15446/33/6 15465/33/6
f 15465/33/6 15446/33/6 15466/33/6
f 15466/33/6 15446/33/6 15467/33/6
f 15467/33/6 15446/33/6 15468/33/6
f 15468/33/6 15446/33/6 15469/33/6
f 15469/33/6 15446/33/6 15470/33/6
f 15470/33/6 15446/33/6 15471/33/6
f 15471/33/6 15446/33/6 15472/33/6
f 15472/33/6 15446/33/6 15473/33/6
f 15473/33/6 15446/33/6 15474/33/6
f 15474/33/6 15446/33/6 15475/33/6
f 15475/33/6 15446/33/6 15476/33/6
f 15476/33/6 15446/33/6 15477/33/6
f 15477/33/6 15446/33/6 15478/33/6
f 15478/33/6 15446/33/6 15479/33/6
f 15479/33/6 15446/33/6 15480/33/6
f 15480/33/6 15446/33/6 15481/33/6
f 15446/28/6 15177/28/6 15482/28/6
f 15481/33/6 15446/33/6 15482/33/6
f 15463/33/6 15464/33/6 15483/33/6
f 15462/33/6 15463/33/6 15483/33/6
f 15461/33/6 15462/33/6 15483/33/6
f 15460/33/6 15461/33/6 15483/33/6
f 15459/33/6 15460/33/6 15483/33/6
f 15458/33/6 15459/33/6 15483/33/6
f 15457/33/6 15458/33/6 15483/33/6
f 15456/33/6 15457/33/6 15483/33/6
f 15455/33/6 15456/33/6 15483/33/6
f 15454/33/6 15455/33/6 15483/33/6
f 15453/33/6 15454/33/6 15483/33/6
f 15452/33/6 15453/33/6 15483/33/6
f 15178/28/6 15447/28/6 15483/28/6
f 15447/33/6 15448/33/6 15483/33/6
f 15448/33/6 15449/33/6 15483/33/6
f 15449/33/6 15450/33/6 15483/33/6
f 15450/33/6 15451/33/6 15483/33/6
f 15451/33/6 15452/33/6 15483/33/6
f 15483/33/6 15464/33/6 15484/33/6
f 15484/33/6 15464/33/6 15485/33/6
f 15485/33/6 15464/33/6 15486/33/6
f 15486/33/6 15464/33/6 15487/33/6
f 15487/33/6 15464/33/6 15488/33/6
f 15488/33/6 15464/33/6 15489/33/6
f 15489/33/6 15464/33/6 15490/33/6
f 15490/33/6 15464/33/6 15491/33/6
f 15491/33/6 15464/33/6 15492/33/6
f 15492/33/6 15464/33/6 15493/33/6
f 15493/33/6 15464/33/6 15494/33/6
f 15494/33/6 15464/33/6 15495/33/6
f 15495/33/6 15464/33/6 15496/33/6
f 15496/33/6 15464/33/6 15497/33/6
f 15497/33/6 15464/33/6 15498/33/6
f 15498/33/6 15464/33/6 15499/33/6
f 15499/33/6 15464/33/6 15500/33/6
f 15465/26/6 15466/26/6 15501/26/6
f 15499/26/6 15500/26/6 15502/26/6
f 15501/26/6 15466/26/6 15503/26/6
f 15499/26/6 15502/26/6 15504/26/6
f 15467/26/6 15468/26/6 15505/26/6
f 15505/26/6 15468/26/6 15506/26/6
f 15469/26/6 15470/26/6 15507/26/6
f 15507/26/6 15470/26/6 15508/26/6
f 15503/26/6 15466/26/6 15509/26/6
f 15466/33/6 15467/33/6 15510/33/6
f 15509/26/6 15466/26/6 15510/26/6
f 15467/26/6 15505/26/6 15511/26/6
f 15510/33/6 15467/33/6 15511/33/6
f 15511/26/6 15505/26/6 15512/26/6
f 15506/26/6 15468/26/6 15513/26/6
f 15468/33/6 15469/33/6 15514/33/6
f 15513/26/6 15468/26/6 15514/26/6
f 15469/26/6 15507/26/6 15515/26/6
f 15514/33/6 15469/33/6 15515/33/6
f 15515/26/6 15507/26/6 15516/26/6
f 15508/26/6 15470/26/6 15517/26/6
f 15470/33/6 15471/33/6 15518/33/6
f 15517/26/6 15470/26/6 15518/26/6
f 15471/26/6 15472/26/6 15519/26/6
f 15518/33/6 15471/33/6 15519/33/6
f 15472/33/6 15473/33/6 15520/33/6
f 15519/26/6 15472/26/6 15520/26/6
f 15473/26/6 15474/26/6 15521/26/6
f 15520/33/6 15473/33/6 15521/33/6
f 15474/33/6 15475/33/6 15522/33/6
f 15521/26/6 15474/26/6 15522/26/6
f 15475/26/6 15476/26/6 15523/26/6
f 15522/33/6 15475/33/6 15523/33/6
f 15476/33/6 15477/33/6 15524/33/6
f 15523/26/6 15476/26/6 15524/26/6
f 15477/26/6 15478/26/6 15525/26/6
f 15524/33/6 15477/33/6 15525/33/6
f 15478/33/6 15479/33/6 15526/33/6
f 15525/26/6 15478/26/6 15526/26/6
f 15479/26/6 15480/26/6 15527/26/6
f 15526/33/6 15479/33/6 15527/33/6
f 15480/33/6 15481/33/6 15528/33/6
f 15527/26/6 15480/26/6 15528/26/6
f 15481/26/6 15482/26/6 15529/26/6
f 15528/33/6 15481/33/6 15529/33/6
f 15482/28/6 15177/28/6 15530/28/6
f 15529/26/6 15482/26/6 15530/26/6
f 15178/28/6 15483/28/6 15531/28/6
f 15483/26/6 15484/26/6 15531/26/6
f 15484/33/6 15485/33/6 15532/33/6
f 15531/26/6 15484/26/6 15532/26/6
f 15485/26/6 15486/26/6 15533/26/6
f 15532/33/6 15485/33/6 15533/33/6
f 15486/33/6 15487/33/6 15534/33/6
f 15533/26/6 15486/26/6 15534/26/6
f 15487/26/6 15488/26/6 15535/26/6
f 15534/33/6 15487/33/6 15535/33/6
f 15488/33/6 15489/33/6 15536/33/6
f 15535/26/6 15488/26/6 15536/26/6
f 15489/26/6 15490/26/6 15537/26/6
f 15536/33/6 15489/33/6 15537/33/6
f 15490/33/6 15491/33/6 15538/33/6
f 15537/26/6 15490/26/6 15538/26/6
f 15491/26/6 15492/26/6 15539/26/6
f 15538/33/6 15491/33/6 15539/33/6
f 15492/33/6 15493/33/6 15540/33/6
f 15539/26/6 15492/26/6 15540/26/6
f 15493/26/6 15494/26/6 15541/26/6
f 15540/33/6 15493/33/6 15541/33/6
f 15494/33/6 15495/33/6 15542/33/6
f 15541/26/6 15494/26/6 15542/26/6
f 15495/26/6 15496/26/6 15543/26/6
f 15542/33/6 15495/33/6 15543/33/6
f 15496/33/6 15497/33/6 15544/33/6
f 15543/26/6 15496/26/6 15544/26/6
f 15497/26/6 15498/26/6 15545/26/6
f 15544/33/6 15497/33/6 15545/33/6
f 15498/33/6 15499/33/6 15546/33/6
f 15545/26/6 15498/26/6 15546/26/6
f 15499/26/6 15504/26/6 15547/26/6
f 15546/33/6 15499/33/6 15547/33/6
f 15547/26/6 15504/26/6 15548/26/6
f 15528/33/6 15529/33/6 15549/33/6
f 15527/33/6 15528/33/6 15549/33/6
f 15525/33/6 15526/33/6 15549/33/6
f 15524/33/6 15525/33/6 15549/33/6
f 15523/33/6 15524/33/6 15549/33/6
f 15514/33/6 15515/33/6 15549/33/6
f 15522/33/6 15523/33/6 15549/33/6
f 15510/33/6 15511/33/6 15549/33/6
f 15513/33/6 15514/33/6 15549/33/6
f 15509/33/6 15510/33/6 15549/33/6
f 15521/33/6 15522/33/6 15549/33/6
f 15520/33/6 15521/33/6 15549/33/6
f 15515/33/6 15516/33/6 15549/33/6
f 15519/33/6 15520/33/6 15549/33/6
f 15518/33/6 15519/33/6 15549/33/6
f 15517/33/6 15518/33/6 15549/33/6
f 15526/33/6 15527/33/6 15549/33/6
f 15516/33/6 15517/33/6 15549/33/6
f 15511/33/6 15512/33/6 15549/33/6
f 15512/33/6 15513/33/6 15549/33/6
f 15529/33/6 15530/33/6 15549/33/6
f 15549/33/6 15530/33/6 15550/33/6
f 15550/33/6 15530/33/6 15551/33/6
f 15551/33/6 15530/33/6 15552/33/6
f 15552/33/6 15530/33/6 15553/33/6
f 15553/33/6 15530/33/6 15554/33/6
f 15554/33/6 15530/33/6 15555/33/6
f 15555/33/6 15530/33/6 15556/33/6
f 15556/33/6 15530/33/6 15557/33/6
f 15557/33/6 15530/33/6 15558/33/6
f 15558/33/6 15530/33/6 15559/33/6
f 15559/33/6 15530/33/6 15560/33/6
f 15560/33/6 15530/33/6 15561/33/6
f 15561/33/6 15530/33/6 15562/33/6
f 15562/33/6 15530/33/6 15563/33/6
f 15563/33/6 15530/33/6 15564/33/6
f 15564/33/6 15530/33/6 15565/33/6
f 15530/28/6 15177/28/6 15566/28/6
f 15565/33/6 15530/33/6 15566/33/6
f 15547/33/6 15548/33/6 15567/33/6
f 15546/33/6 15547/33/6 15567/33/6
f 15545/33/6 15546/33/6 15567/33/6
f 15544/33/6 15545/33/6 15567/33/6
f 15543/33/6 15544/33/6 15567/33/6
f 15542/33/6 15543/33/6 15567/33/6
f 15541/33/6 15542/33/6 15567/33/6
f 15540/33/6 15541/33/6 15567/33/6
f 15539/33/6 15540/33/6 15567/33/6
f 15538/33/6 15539/33/6 15567/33/6
f 15178/28/6 15531/28/6 15567/28/6
f 15531/33/6 15532/33/6 15567/33/6
f 15532/33/6 15533/33/6 15567/33/6
f 15533/33/6 15534/33/6 15567/33/6
f 15534/33/6 15535/33/6 15567/33/6
f 15535/33/6 15536/33/6 15567/33/6
f 15536/33/6 15537/33/6 15567/33/6
f 15537/33/6 15538/33/6 15567/33/6
f 15567/33/6 15548/33/6 15568/33/6
f 15568/33/6 15548/33/6 15569/33/6
f 15569/33/6 15548/33/6 15570/33/6
f 15570/33/6 15548/33/6 15571/33/6
f 15571/33/6 15548/33/6 15572/33/6
f 15572/33/6 15548/33/6 15573/33/6
f 15573/33/6 15548/33/6 15574/33/6
f 15574/33/6 15548/33/6 15575/33/6
f 15575/33/6 15548/33/6 15576/33/6
f 15576/33/6 15548/33/6 15577/33/6
f 15577/33/6 15548/33/6 15578/33/6
f 15578/33/6 15548/33/6 15579/33/6
f 15579/33/6 15548/33/6 15580/33/6
f 15580/33/6 15548/33/6 15581/33/6
f 15581/33/6 15548/33/6 15582/33/6
f 15582/33/6 15548/33/6 15583/33/6
f 15583/33/6 15548/33/6 15584/33/6
f 15549/26/6 15550/26/6 15585/26/6
f 15579/26/6 15580/26/6 15586/26/6
f 15586/26/6 15580/26/6 15587/26/6
f 15583/26/6 15584/26/6 15588/26/6
f 15578/33/6 15579/33/6 15589/33/6
f 15579/26/6 15586/26/6 15589/26/6
f 15589/26/6 15586/26/6 15590/26/6
f 15587/26/6 15580/26/6 15592/26/6
f 15592/26/6 15580/26/6 15593/26/6
f 15581/26/6 15582/26/6 15594/26/6
f 15582/33/6 15583/33/6 15595/33/6
f 15594/26/6 15582/26/6 15595/26/6
f 15583/26/6 15588/26/6 15596/26/6
f 15595/33/6 15583/33/6 15596/33/6
f 15551/26/6 15552/26/6 15597/26/6
f 15597/26/6 15552/26/6 15598/26/6
f 15553/26/6 15554/26/6 15599/26/6
f 15599/26/6 15554/26/6 15600/26/6
f 15577/26/6 15578/26/6 15601/26/6
f 15578/33/6 15589/33/6 15601/33/6
f 15601/33/6 15589/33/6 15602/33/6
f 15590/33/6 15591/33/6 15603/33/6
f 15591/26/6 15592/26/6 15604/26/6
f 15593/26/6 15580/26/6 15605/26/6
f 15605/26/6 15580/26/6 15606/26/6
f 15581/26/6 15594/26/6 15607/26/6
f 15607/26/6 15594/26/6 15608/26/6
f 15596/26/6 15588/26/6 15610/26/6
f 15610/26/6 15588/26/6 15611/26/6
f 15551/26/6 15597/26/6 15612/26/6
f 15598/26/6 15552/26/6 15613/26/6
f 15553/26/6 15599/26/6 15614/26/6
f 15600/26/6 15554/26/6 15615/26/6
f 15577/26/6 15601/26/6 15616/26/6
f 15616/26/6 15601/26/6 15617/26/6
f 15602/26/6 15603/26/6 15618/26/6
f 15604/26/6 15605/26/6 15619/26/6
f 15606/26/6 15580/26/6 15620/26/6
f 15620/26/6 15580/26/6 15621/26/6
f 15581/26/6 15607/26/6 15622/26/6
f 15622/26/6 15607/26/6 15623/26/6
f 15608/33/6 15609/33/6 15624/33/6
f 15609/26/6 15610/26/6 15625/26/6
f 15611/26/6 15588/26/6 15626/26/6
f 15626/26/6 15588/26/6 15627/26/6
f 15551/26/6 15612/26/6 15628/26/6
f 15550/33/6 15551/33/6 15628/33/6
f 15612/26/6 15613/26/6 15628/26/6
f 15628/26/6 15613/26/6 15629/26/6
f 15554/33/6 15555/33/6 15630/33/6
f 15614/26/6 15615/26/6 15630/26/6
f 15615/26/6 15554/26/6 15630/26/6
f 15555/26/6 15556/26/6 15631/26/6
f 15630/33/6 15555/33/6 15631/33/6
f 15631/26/6 15556/26/6 15632/26/6
f 15617/26/6 15618/26/6 15633/26/6
f 15603/33/6 15591/33/6 15634/33/6
f 15633/26/6 15618/26/6 15634/26/6
f 15618/26/6 15603/26/6 15634/26/6
f 15591/26/6 15604/26/6 15635/26/6
f 15634/33/6 15591/33/6 15635/33/6
f 15604/26/6 15619/26/6 15635/26/6
f 15619/26/6 15620/26/6 15635/26/6
f 15635/26/6 15620/26/6 15636/26/6
f 15581/26/6 15622/26/6 15637/26/6
f 15637/26/6 15622/26/6 15638/26/6
f 15623/26/6 15624/26/6 15639/26/6
f 15625/26/6 15626/26/6 15640/26/6
f 15627/26/6 15588/26/6 15641/26/6
f 15641/26/6 15588/26/6 15642/26/6
f 15633/33/6 15634/33/6 15643/33/6
f 15635/33/6 15636/33/6 15643/33/6
f 15634/33/6 15635/33/6 15643/33/6
f 15643/33/6 15636/33/6 15644/33/6
f 15644/33/6 15636/33/6 15645/33/6
f 15645/33/6 15636/33/6 15646/33/6
f 15638/26/6 15639/26/6 15647/26/6
f 15624/33/6 15609/33/6 15648/33/6
f 15647/26/6 15639/26/6 15648/26/6
f 15639/26/6 15624/26/6 15648/26/6
f 15625/26/6 15640/26/6 15649/26/6
f 15648/33/6 15609/33/6 15649/33/6
f 15640/26/6 15641/26/6 15649/26/6
f 15609/26/6 15625/26/6 15649/26/6
f 15649/26/6 15641/26/6 15650/26/6
f 15585/26/6 15550/26/6 15651/26/6
f 15550/33/6 15628/33/6 15652/33/6
f 15629/26/6 15613/26/6 15653/26/6
f 15614/26/6 15630/26/6 15654/26/6
f 15632/26/6 15556/26/6 15656/26/6
f 15647/33/6 15648/33/6 15657/33/6
f 15648/33/6 15649/33/6 15657/33/6
f 15649/33/6 15650/33/6 15657/33/6
f 15657/33/6 15650/33/6 15658/33/6
f 15658/33/6 15650/33/6 15659/33/6
f 15659/33/6 15650/33/6 15660/33/6
f 15642/26/6 15588/26/6 15661/26/6
f 15651/26/6 15550/26/6 15662/26/6
f 15577/26/6 15616/26/6 15663/26/6
f 15643/26/6 15644/26/6 15664/26/6
f 15664/26/6 15644/26/6 15665/26/6
f 15645/26/6 15646/26/6 15666/26/6
f 15666/26/6 15646/26/6 15667/26/6
f 15621/26/6 15580/26/6 15668/26/6
f 15642/26/6 15661/26/6 15669/26/6
f 15662/26/6 15550/26/6 15670/26/6
f 15550/33/6 15652/33/6 15671/33/6
f 15670/26/6 15550/26/6 15671/26/6
f 15652/26/6 15653/26/6 15672/26/6
f 15671/33/6 15652/33/6 15672/33/6
f 15552/33/6 15553/33/6 15673/33/6
f 15672/26/6 15653/26/6 15673/26/6
f 15613/26/6 15552/26/6 15673/26/6
f 15653/26/6 15613/26/6 15673/26/6
f 15553/26/6 15614/26/6 15674/26/6
f 15673/33/6 15553/33/6 15674/33/6
f 15614/26/6 15654/26/6 15674/26/6
f 15654/33/6 15655/33/6 15675/33/6
f 15674/26/6 15654/26/6 15675/26/6
f 15655/26/6 15656/26/6 15676/26/6
f 15675/33/6 15655/33/6 15676/33/6
f 15556/33/6 15557/33/6 15677/33/6
f 15676/26/6 15656/26/6 15677/26/6
f 15656/26/6 15556/26/6 15677/26/6
f 15557/26/6 15558/26/6 15678/26/6
f 15677/33/6 15557/33/6 15678/33/6
f 15558/33/6 15559/33/6 15679/33/6
f 15678/26/6 15558/26/6 15679/26/6
f 15559/26/6 15560/26/6 15680/26/6
f 15679/33/6 15559/33/6 15680/33/6
f 15560/33/6 15561/33/6 15681/33/6
f 15680/26/6 15560/26/6 15681/26/6
f 15561/26/6 15562/26/6 15682/26/6
f 15681/33/6 15561/33/6 15682/33/6
f 15562/33/6 15563/33/6 15683/33/6
f 15682/26/6 15562/26/6 15683/26/6
f 15563/26/6 15564/26/6 15684/26/6
f 15683/33/6 15563/33/6 15684/33/6
f 15564/33/6 15565/33/6 15685/33/6
f 15684/26/6 15564/26/6 15685/26/6
f 15565/26/6 15566/26/6 15686/26/6
f 15685/33/6 15565/33/6 15686/33/6
f 15566/28/6 15177/28/6 15687/28/6
f 15686/26/6 15566/26/6 15687/26/6
f 15178/28/6 15567/28/6 15688/28/6
f 15567/26/6 15568/26/6 15688/26/6
f 15568/33/6 15569/33/6 15689/33/6
f 15688/26/6 15568/26/6 15689/26/6
f 15569/26/6 15570/26/6 15690/26/6
f 15689/33/6 15569/33/6 15690/33/6
f 15570/33/6 15571/33/6 15691/33/6
f 15690/26/6 15570/26/6 15691/26/6
f 15571/26/6 15572/26/6 15692/26/6
f 15691/33/6 15571/33/6 15692/33/6
f 15572/33/6 15573/33/6 15693/33/6
f 15692/26/6 15572/26/6 15693/26/6
f 15573/26/6 15574/26/6 15694/26/6
f 15693/33/6 15573/33/6 15694/33/6
f 15574/33/6 15575/33/6 15695/33/6
f 15694/26/6 15574/26/6 15695/26/6
f 15575/26/6 15576/26/6 15696/26/6
f 15695/33/6 15575/33/6 15696/33/6
f 15576/33/6 15577/33/6 15697/33/6
f 15696/26/6 15576/26/6 15697/26/6
f 15577/26/6 15663/26/6 15698/26/6
f 15697/33/6 15577/33/6 15698/33/6
f 15663/26/6 15664/26/6 15698/26/6
f 15698/26/6 15664/26/6 15699/26/6
f 15665/26/6 15644/26/6 15700/26/6
f 15644/33/6 15645/33/6 15701/33/6
f 15700/26/6 15644/26/6 15701/26/6
f 15645/26/6 15666/26/6 15702/26/6
f 15702/26/6 15666/26/6 15703/26/6
f 15667/26/6 15668/26/6 15704/26/6
f 15580/33/6 15581/33/6 15705/33/6
f 15668/26/6 15580/26/6 15705/26/6
f 15704/26/6 15668/26/6 15705/26/6
f 15581/26/6 15637/26/6 15706/26/6
f 15705/33/6 15581/33/6 15706/33/6
f 15706/26/6 15637/26/6 15707/26/6
f 15657/26/6 15658/26/6 15708/26/6
f 15708/26/6 15658/26/6 15709/26/6
f 15659/26/6 15660/26/6 15710/26/6
f 15710/26/6 15660/26/6 15711/26/6
f 15642/26/6 15669/26/6 15712/26/6
f 15712/26/6 15669/26/6 15713/26/6
f 15685/33/6 15686/33/6 15714/33/6
f 15684/33/6 15685/33/6 15714/33/6
f 15682/33/6 15683/33/6 15714/33/6
f 15681/33/6 15682/33/6 15714/33/6
f 15680/33/6 15681/33/6 15714/33/6
f 15679/33/6 15680/33/6 15714/33/6
f 15678/33/6 15679/33/6 15714/33/6
f 15677/33/6 15678/33/6 15714/33/6
f 15676/33/6 15677/33/6 15714/33/6
f 15683/33/6 15684/33/6 15714/33/6
f 15675/33/6 15676/33/6 15714/33/6
f 15670/33/6 15671/33/6 15714/33/6
f 15674/33/6 15675/33/6 15714/33/6
f 15671/33/6 15672/33/6 15714/33/6
f 15686/33/6 15687/33/6 15714/33/6
f 15672/33/6 15673/33/6 15714/33/6
f 15673/33/6 15674/33/6 15714/33/6
f 15714/33/6 15687/33/6 15715/33/6
f 15715/33/6 15687/33/6 15716/33/6
f 15716/33/6 15687/33/6 15717/33/6
f 15717/33/6 15687/33/6 15718/33/6
f 15718/33/6 15687/33/6 15719/33/6
f 15719/33/6 15687/33/6 15720/33/6
f 15720/33/6 15687/33/6 15721/33/6
f 15721/33/6 15687/33/6 15722/33/6
f 15722/33/6 15687/33/6 15723/33/6
f 15723/33/6 15687/33/6 15724/33/6
f 15724/33/6 15687/33/6 15725/33/6
f 15725/33/6 15687/33/6 15726/33/6
f 15726/33/6 15687/33/6 15727/33/6
f 15727/33/6 15687/33/6 15728/33/6
f 15728/33/6 15687/33/6 15729/33/6
f 15729/33/6 15687/33/6 15730/33/6
f 15687/28/6 15177/28/6 15731/28/6
f 15730/33/6 15687/33/6 15731/33/6
f 15697/33/6 15698/33/6 15732/33/6
f 15698/33/6 15699/33/6 15732/33/6
f 15178/28/6 15688/28/6 15732/28/6
f 15688/33/6 15689/33/6 15732/33/6
f 15689/33/6 15690/33/6 15732/33/6
f 15690/33/6 15691/33/6 15732/33/6
f 15691/33/6 15692/33/6 15732/33/6
f 15692/33/6 15693/33/6 15732/33/6
f 15693/33/6 15694/33/6 15732/33/6
f 15694/33/6 15695/33/6 15732/33/6
f 15695/33/6 15696/33/6 15732/33/6
f 15696/33/6 15697/33/6 15732/33/6
f 15699/33/6 15700/33/6 15732/33/6
f 15732/33/6 15700/33/6 15733/33/6
f 15733/33/6 15700/33/6 15734/33/6
f 15734/33/6 15700/33/6 15735/33/6
f 15735/33/6 15700/33/6 15736/33/6
f 15736/33/6 15700/33/6 15737/33/6
f 15737/33/6 15700/33/6 15738/33/6
f 15738/33/6 15700/33/6 15739/33/6
f 15739/33/6 15700/33/6 15740/33/6
f 15740/33/6 15700/33/6 15741/33/6
f 15741/33/6 15700/33/6 15742/33/6
f 15742/33/6 15700/33/6 15743/33/6
f 15743/33/6 15700/33/6 15744/33/6
f 15701/33/6 15645/33/6 15745/33/6
f 15645/26/6 15702/26/6 15746/26/6
f 15745/33/6 15645/33/6 15746/33/6
f 15746/26/6 15702/26/6 15747/26/6
f 15707/33/6 15708/33/6 15748/33/6
f 15705/33/6 15706/33/6 15748/33/6
f 15706/33/6 15707/33/6 15748/33/6
f 15703/33/6 15704/33/6 15748/33/6
f 15704/33/6 15705/33/6 15748/33/6
f 15748/33/6 15708/33/6 15749/33/6
f 15749/33/6 15708/33/6 15750/33/6
f 15750/33/6 15708/33/6 15751/33/6
f 15709/26/6 15658/26/6 15752/26/6
f 15658/33/6 15659/33/6 15753/33/6
f 15752/26/6 15658/26/6 15753/26/6
f 15659/26/6 15710/26/6 15754/26/6
f 15754/26/6 15710/26/6 15755/26/6
f 15712/33/6 15713/33/6 15756/33/6
f 15711/33/6 15712/33/6 15756/33/6
f 15756/33/6 15713/33/6 15757/33/6
f 15744/26/6 15745/26/6 15758/26/6
f 15747/26/6 15748/26/6 15759/26/6
f 15748/26/6 15749/26/6 15759/26/6
f 15750/26/6 15751/26/6 15760/26/6
f 15751/26/6 15752/26/6 15760/26/6
f 15753/33/6 15659/33/6 15761/33/6
f 15659/26/6 15754/26/6 15762/26/6
f 15761/33/6 15659/33/6 15762/33/6
f 15762/26/6 15754/26/6 15763/26/6
f 15756/26/6 15757/26/6 15764/26/6
f 15755/26/6 15756/26/6 15764/26/6
f 15720/26/6 15721/26/6 15765/26/6
f 15765/26/6 15721/26/6 15766/26/6
f 15766/26/6 15721/26/6 15767/26/6
f 15767/26/6 15721/26/6 15768/26/6
f 15760/26/6 15761/26/6 15769/26/6
f 15763/26/6 15764/26/6 15771/26/6
f 15720/26/6 15765/26/6 15772/26/6
f 15766/26/6 15767/26/6 15773/26/6
f 15773/26/6 15767/26/6 15774/26/6
f 15768/26/6 15721/26/6 15775/26/6
f 15714/26/6 15715/26/6 15776/26/6
f 15764/26/6 15757/26/6 15777/26/6
f 15771/26/6 15764/26/6 15777/26/6
f 15776/26/6 15715/26/6 15778/26/6
f 15758/26/6 15759/26/6 15779/26/6
f 15759/26/6 15749/26/6 15779/26/6
f 15749/33/6 15750/33/6 15779/33/6
f 15750/26/6 15760/26/6 15780/26/6
f 15779/33/6 15750/33/6 15780/33/6
f 15769/26/6 15770/26/6 15780/26/6
f 15760/26/6 15769/26/6 15780/26/6
f 15780/26/6 15770/26/6 15781/26/6
f 15771/26/6 15777/26/6 15782/26/6
f 15758/26/6 15779/26/6 15783/26/6
f 15783/26/6 15779/26/6 15784/26/6
f 15781/26/6 15770/26/6 15786/26/6
f 15786/26/6 15770/26/6 15787/26/6
f 15773/26/6 15774/26/6 15788/26/6
f 15774/26/6 15775/26/6 15788/26/6
f 15720/26/6 15772/26/6 15788/26/6
f 15772/26/6 15773/26/6 15788/26/6
f 15788/26/6 15775/26/6 15789/26/6
f 15789/26/6 15775/26/6 15790/26/6
f 15775/26/6 15721/26/6 15791/26/6
f 15790/26/6 15775/26/6 15791/26/6
f 15758/26/6 15783/26/6 15792/26/6
f 15792/26/6 15783/26/6 15793/26/6
f 15784/33/6 15785/33/6 15794/33/6
f 15785/26/6 15786/26/6 15795/26/6
f 15787/26/6 15770/26/6 15796/26/6
f 15796/26/6 15770/26/6 15797/26/6
f 15720/26/6 15788/26/6 15798/26/6
f 15789/26/6 15790/26/6 15799/26/6
f 15799/26/6 15790/26/6 15800/26/6
f 15791/26/6 15721/26/6 15801/26/6
f 15758/26/6 15792/26/6 15802/26/6
f 15802/26/6 15792/26/6 15803/26/6
f 15793/26/6 15794/26/6 15804/26/6
f 15795/26/6 15796/26/6 15805/26/6
f 15797/26/6 15770/26/6 15806/26/6
f 15806/26/6 15770/26/6 15807/26/6
f 15778/26/6 15715/26/6 15808/26/6
f 15715/33/6 15716/33/6 15809/33/6
f 15808/26/6 15715/26/6 15809/26/6
f 15716/26/6 15717/26/6 15810/26/6
f 15809/33/6 15716/33/6 15810/33/6
f 15717/33/6 15718/33/6 15811/33/6
f 15810/26/6 15717/26/6 15811/26/6
f 15718/26/6 15719/26/6 15812/26/6
f 15811/33/6 15718/33/6 15812/33/6
f 15719/33/6 15720/33/6 15813/33/6
f 15812/26/6 15719/26/6 15813/26/6
f 15720/26/6 15798/26/6 15814/26/6
f 15813/33/6 15720/33/6 15814/33/6
f 15799/26/6 15800/26/6 15814/26/6
f 15800/26/6 15801/26/6 15814/26/6
f 15798/26/6 15799/26/6 15814/26/6
f 15721/33/6 15722/33/6 15815/33/6
f 15814/26/6 15801/26/6 15815/26/6
f 15801/26/6 15721/26/6 15815/26/6
f 15722/26/6 15723/26/6 15816/26/6
f 15815/33/6 15722/33/6 15816/33/6
f 15723/33/6 15724/33/6 15817/33/6
f 15816/26/6 15723/26/6 15817/26/6
f 15724/26/6 15725/26/6 15818/26/6
f 15817/33/6 15724/33/6 15818/33/6
f 15725/33/6 15726/33/6 15819/33/6
f 15818/26/6 15725/26/6 15819/26/6
f 15726/26/6 15727/26/6 15820/26/6
f 15819/33/6 15726/33/6 15820/33/6
f 15727/33/6 15728/33/6 15821/33/6
f 15820/26/6 15727/26/6 15821/26/6
f 15728/26/6 15729/26/6 15822/26/6
f 15821/33/6 15728/33/6 15822/33/6
f 15729/33/6 15730/33/6 15823/33/6
f 15822/26/6 15729/26/6 15823/26/6
f 15730/26/6 15731/26/6 15824/26/6
f 15823/33/6 15730/33/6 15824/33/6
f 15731/28/6 15177/28/6 15825/28/6
f 15824/26/6 15731/26/6 15825/26/6
f 15178/28/6 15732/28/6 15826/28/6
f 15732/26/6 15733/26/6 15826/26/6
f 15733/33/6 15734/33/6 15827/33/6
f 15826/26/6 15733/26/6 15827/26/6
f 15734/26/6 15735/26/6 15828/26/6
f 15827/33/6 15734/33/6 15828/33/6
f 15735/33/6 15736/33/6 15829/33/6
f 15828/26/6 15735/26/6 15829/26/6
f 15736/26/6 15737/26/6 15830/26/6
f 15829/33/6 15736/33/6 15830/33/6
f 15737/33/6 15738/33/6 15831/33/6
f 15830/26/6 15737/26/6 15831/26/6
f 15738/26/6 15739/26/6 15832/26/6
f 15831/33/6 15738/33/6 15832/33/6
f 15739/33/6 15740/33/6 15833/33/6
f 15832/26/6 15739/26/6 15833/26/6
f 15740/26/6 15741/26/6 15834/26/6
f 15833/33/6 15740/33/6 15834/33/6
f 15741/33/6 15742/33/6 15835/33/6
f 15834/26/6 15741/26/6 15835/26/6
f 15742/26/6 15743/26/6 15836/26/6
f 15835/33/6 15742/33/6 15836/33/6
f 15743/33/6 15744/33/6 15837/33/6
f 15836/26/6 15743/26/6 15837/26/6
f 15744/26/6 15758/26/6 15838/26/6
f 15837/33/6 15744/33/6 15838/33/6
f 15758/26/6 15802/26/6 15838/26/6
f 15838/26/6 15802/26/6 15839/26/6
f 15803/26/6 15804/26/6 15840/26/6
f 15794/33/6 15785/33/6 15841/33/6
f 15840/26/6 15804/26/6 15841/26/6
f 15804/26/6 15794/26/6 15841/26/6
f 15785/26/6 15795/26/6 15842/26/6
f 15841/33/6 15785/33/6 15842/33/6
f 15805/26/6 15806/26/6 15842/26/6
f 15795/26/6 15805/26/6 15842/26/6
f 15842/26/6 15806/26/6 15843/26/6
f 15807/26/6 15770/26/6 15844/26/6
f 15770/33/6 15771/33/6 15845/33/6
f 15844/26/6 15770/26/6 15845/26/6
f 15771/26/6 15782/26/6 15846/26/6
f 15845/33/6 15771/33/6 15846/33/6
f 15846/26/6 15782/26/6 15847/26/6
f 15812/33/6 15813/33/6 15848/33/6
f 15823/33/6 15824/33/6 15848/33/6
f 15822/33/6 15823/33/6 15848/33/6
f 15821/33/6 15822/33/6 15848/33/6
f 15820/33/6 15821/33/6 15848/33/6
f 15819/33/6 15820/33/6 15848/33/6
f 15818/33/6 15819/33/6 15848/33/6
f 15817/33/6 15818/33/6 15848/33/6
f 15816/33/6 15817/33/6 15848/33/6
f 15815/33/6 15816/33/6 15848/33/6
f 15814/33/6 15815/33/6 15848/33/6
f 15813/33/6 15814/33/6 15848/33/6
f 15811/33/6 15812/33/6 15848/33/6
f 15810/33/6 15811/33/6 15848/33/6
f 15808/33/6 15809/33/6 15848/33/6
f 15809/33/6 15810/33/6 15848/33/6
f 15824/33/6 15825/33/6 15848/33/6
f 15848/33/6 15825/33/6 15849/33/6
f 15849/33/6 15825/33/6 15850/33/6
f 15850/33/6 15825/33/6 15851/33/6
f 15851/33/6 15825/33/6 15852/33/6
f 15852/33/6 15825/33/6 15853/33/6
f 15853/33/6 15825/33/6 15854/33/6
f 15854/33/6 15825/33/6 15855/33/6
f 15855/33/6 15825/33/6 15856/33/6
f 15856/33/6 15825/33/6 15857/33/6
f 15857/33/6 15825/33/6 15858/33/6
f 15858/33/6 15825/33/6 15859/33/6
f 15859/33/6 15825/33/6 15860/33/6
f 15860/33/6 15825/33/6 15861/33/6
f 15861/33/6 15825/33/6 15862/33/6
f 15862/33/6 15825/33/6 15863/33/6
f 15863/33/6 15825/33/6 15864/33/6
f 15825/28/6 15177/28/6 15865/28/6
f 15864/33/6 15825/33/6 15865/33/6
f 15837/33/6 15838/33/6 15866/33/6
f 15838/33/6 15839/33/6 15866/33/6
f 15835/33/6 15836/33/6 15866/33/6
f 15834/33/6 15835/33/6 15866/33/6
f 15833/33/6 15834/33/6 15866/33/6
f 15178/28/6 15826/28/6 15866/28/6
f 15826/33/6 15827/33/6 15866/33/6
f 15827/33/6 15828/33/6 15866/33/6
f 15828/33/6 15829/33/6 15866/33/6
f 15829/33/6 15830/33/6 15866/33/6
f 15830/33/6 15831/33/6 15866/33/6
f 15831/33/6 15832/33/6 15866/33/6
f 15832/33/6 15833/33/6 15866/33/6
f 15836/33/6 15837/33/6 15866/33/6
f 15866/33/6 15839/33/6 15867/33/6
f 15867/33/6 15839/33/6 15868/33/6
f 15868/33/6 15839/33/6 15869/33/6
f 15869/33/6 15839/33/6 15870/33/6
f 15870/33/6 15839/33/6 15871/33/6
f 15871/33/6 15839/33/6 15872/33/6
f 15872/33/6 15839/33/6 15873/33/6
f 15873/33/6 15839/33/6 15874/33/6
f 15874/33/6 15839/33/6 15875/33/6
f 15875/33/6 15839/33/6 15876/33/6
f 15876/33/6 15839/33/6 15877/33/6
f 15877/33/6 15839/33/6 15878/33/6
f 15878/33/6 15839/33/6 15879/33/6
f 15840/33/6 15841/33/6 15880/33/6
f 15841/33/6 15842/33/6 15880/33/6
f 15842/33/6 15843/33/6 15880/33/6
f 15880/33/6 15843/33/6 15881/33/6
f 15881/33/6 15843/33/6 15882/33/6
f 15882/33/6 15843/33/6 15883/33/6
f 15846/33/6 15847/33/6 15884/33/6
f 15845/33/6 15846/33/6 15884/33/6
f 15844/33/6 15845/33/6 15884/33/6
f 15884/33/6 15847/33/6 15885/33/6
f 15885/33/6 15847/33/6 15886/33/6
f 15886/33/6 15847/33/6 15887/33/6
f 15848/26/6 15849/26/6 15888/26/6
f 15886/26/6 15887/26/6 15889/26/6
f 15888/26/6 15849/26/6 15890/26/6
f 15858/26/6 15859/26/6 15891/26/6
f 15857/33/6 15858/33/6 15891/33/6
f 15891/26/6 15859/26/6 15892/26/6
f 15878/26/6 15879/26/6 15893/26/6
f 15880/26/6 15881/26/6 15894/26/6
f 15894/26/6 15881/26/6 15895/26/6
f 15882/26/6 15883/26/6 15896/26/6
f 15896/26/6 15883/26/6 15897/26/6
f 15884/26/6 15885/26/6 15898/26/6
f 15886/26/6 15889/26/6 15899/26/6
f 15856/26/6 15857/26/6 15900/26/6
f 15857/33/6 15891/33/6 15901/33/6
f 15900/26/6 15857/26/6 15901/26/6
f 15901/33/6 15891/33/6 15902/33/6
f 15892/26/6 15859/26/6 15903/26/6
f 15903/26/6 15859/26/6 15904/26/6
f 15893/26/6 15894/26/6 15905/26/6
f 15895/26/6 15881/26/6 15906/26/6
f 15881/33/6 15882/33/6 15907/33/6
f 15906/26/6 15881/26/6 15907/26/6
f 15882/26/6 15896/26/6 15908/26/6
f 15908/26/6 15896/26/6 15909/26/6
f 15897/26/6 15898/26/6 15910/26/6
f 15849/33/6 15850/33/6 15911/33/6
f 15850/26/6 15851/26/6 15911/26/6
f 15911/26/6 15851/26/6 15912/26/6
f 15853/33/6 15854/33/6 15913/33/6
f 15852/26/6 15853/26/6 15913/26/6
f 15854/26/6 15855/26/6 15914/26/6
f 15913/33/6 15854/33/6 15914/33/6
f 15914/26/6 15855/26/6 15915/26/6
f 15905/26/6 15906/26/6 15916/26/6
f 15907/33/6 15882/33/6 15917/33/6
f 15882/26/6 15908/26/6 15918/26/6
f 15917/33/6 15882/33/6 15918/33/6
f 15918/26/6 15908/26/6 15919/26/6
f 15909/26/6 15910/26/6 15920/26/6
f 15856/26/6 15900/26/6 15921/26/6
f 15921/26/6 15900/26/6 15922/26/6
f 15904/26/6 15859/26/6 15923/26/6
f 15923/26/6 15859/26/6 15924/26/6
f 15916/26/6 15917/26/6 15925/26/6
f 15919/26/6 15920/26/6 15927/26/6
f 15849/33/6 15911/33/6 15928/33/6
f 15912/26/6 15851/26/6 15929/26/6
f 15852/26/6 15913/26/6 15930/26/6
f 15915/26/6 15855/26/6 15932/26/6
f 15890/26/6 15849/26/6 15933/26/6
f 15856/26/6 15921/26/6 15934/26/6
f 15924/26/6 15859/26/6 15937/26/6
f 15886/26/6 15899/26/6 15938/26/6
f 15933/26/6 15849/26/6 15939/26/6
f 15849/33/6 15928/33/6 15940/33/6
f 15939/26/6 15849/26/6 15940/26/6
f 15928/26/6 15929/26/6 15941/26/6
f 15940/33/6 15928/33/6 15941/33/6
f 15851/33/6 15852/33/6 15942/33/6
f 15941/26/6 15929/26/6 15942/26/6
f 15929/26/6 15851/26/6 15942/26/6
f 15852/26/6 15930/26/6 15943/26/6
f 15942/33/6 15852/33/6 15943/33/6
f 15930/33/6 15931/33/6 15944/33/6
f 15943/26/6 15930/26/6 15944/26/6
f 15931/26/6 15932/26/6 15945/26/6
f 15944/33/6 15931/33/6 15945/33/6
f 15855/33/6 15856/33/6 15946/33/6
f 15945/26/6 15932/26/6 15946/26/6
f 15932/26/6 15855/26/6 15946/26/6
f 15934/26/6 15935/26/6 15947/26/6
f 15946/33/6 15856/33/6 15947/33/6
f 15856/26/6 15934/26/6 15947/26/6
f 15947/26/6 15935/26/6 15948/26/6
f 15936/26/6 15937/26/6 15949/26/6
f 15859/33/6 15860/33/6 15950/33/6
f 15949/26/6 15937/26/6 15950/26/6
f 15937/26/6 15859/26/6 15950/26/6
f 15860/26/6 15861/26/6 15951/26/6
f 15950/33/6 15860/33/6 15951/33/6
f 15861/33/6 15862/33/6 15952/33/6
f 15951/26/6 15861/26/6 15952/26/6
f 15862/26/6 15863/26/6 15953/26/6
f 15952/33/6 15862/33/6 15953/33/6
f 15863/33/6 15864/33/6 15954/33/6
f 15953/26/6 15863/26/6 15954/26/6
f 15864/26/6 15865/26/6 15955/26/6
f 15954/33/6 15864/33/6 15955/33/6
f 15865/28/6 15177/28/6 15956/28/6
f 15955/26/6 15865/26/6 15956/26/6
f 15178/28/6 15866/28/6 15957/28/6
f 15866/26/6 15867/26/6 15957/26/6
f 15867/33/6 15868/33/6 15958/33/6
f 15957/26/6 15867/26/6 15958/26/6
f 15868/26/6 15869/26/6 15959/26/6
f 15958/33/6 15868/33/6 15959/33/6
f 15869/33/6 15870/33/6 15960/33/6
f 15959/26/6 15869/26/6 15960/26/6
f 15870/26/6 15871/26/6 15961/26/6
f 15960/33/6 15870/33/6 15961/33/6
f 15871/33/6 15872/33/6 15962/33/6
f 15961/26/6 15871/26/6 15962/26/6
f 15872/26/6 15873/26/6 15963/26/6
f 15962/33/6 15872/33/6 15963/33/6
f 15873/33/6 15874/33/6 15964/33/6
f 15963/26/6 15873/26/6 15964/26/6
f 15874/26/6 15875/26/6 15965/26/6
f 15964/33/6 15874/33/6 15965/33/6
f 15875/33/6 15876/33/6 15966/33/6
f 15965/26/6 15875/26/6 15966/26/6
f 15876/26/6 15877/26/6 15967/26/6
f 15966/33/6 15876/33/6 15967/33/6
f 15877/33/6 15878/33/6 15968/33/6
f 15967/26/6 15877/26/6 15968/26/6
f 15893/26/6 15905/26/6 15969/26/6
f 15968/33/6 15878/33/6 15969/33/6
f 15878/26/6 15893/26/6 15969/26/6
f 15905/26/6 15916/26/6 15969/26/6
f 15916/26/6 15925/26/6 15969/26/6
f 15925/33/6 15926/33/6 15970/33/6
f 15969/26/6 15925/26/6 15970/26/6
f 15926/26/6 15927/26/6 15971/26/6
f 15970/33/6 15926/33/6 15971/33/6
f 15920/26/6 15910/26/6 15972/26/6
f 15971/26/6 15927/26/6 15972/26/6
f 15910/26/6 15898/26/6 15972/26/6
f 15885/33/6 15886/33/6 15972/33/6
f 15898/26/6 15885/26/6 15972/26/6
f 15927/26/6 15920/26/6 15972/26/6
f 15886/26/6 15938/26/6 15973/26/6
f 15972/33/6 15886/33/6 15973/33/6
f 15973/26/6 15938/26/6 15974/26/6
f 15942/33/6 15943/33/6 15975/33/6
f 15943/33/6 15944/33/6 15975/33/6
f 15944/33/6 15945/33/6 15975/33/6
f 15939/33/6 15940/33/6 15975/33/6
f 15946/33/6 15947/33/6 15975/33/6
f 15940/33/6 15941/33/6 15975/33/6
f 15947/33/6 15948/33/6 15975/33/6
f 15941/33/6 15942/33/6 15975/33/6
f 15945/33/6 15946/33/6 15975/33/6
f 15975/33/6 15948/33/6 15976/33/6
f 15976/33/6 15948/33/6 15977/33/6
f 15977/33/6 15948/33/6 15978/33/6
f 15978/33/6 15948/33/6 15979/33/6
f 15979/33/6 15948/33/6 15980/33/6
f 15980/33/6 15948/33/6 15981/33/6
f 15981/33/6 15948/33/6 15982/33/6
f 15982/33/6 15948/33/6 15983/33/6
f 15983/33/6 15948/33/6 15984/33/6
f 15954/33/6 15955/33/6 15988/33/6
f 15953/33/6 15954/33/6 15988/33/6
f 15951/33/6 15952/33/6 15988/33/6
f 15950/33/6 15951/33/6 15988/33/6
f 15949/33/6 15950/33/6 15988/33/6
f 15952/33/6 15953/33/6 15988/33/6
f 15955/33/6 15956/33/6 15988/33/6
f 15988/33/6 15956/33/6 15989/33/6
f 15989/33/6 15956/33/6 15990/33/6
f 15990/33/6 15956/33/6 15991/33/6
f 15991/33/6 15956/33/6 15992/33/6
f 15992/33/6 15956/33/6 15993/33/6
f 15993/33/6 15956/33/6 15994/33/6
f 15956/28/6 15177/28/6 15995/28/6
f 15994/33/6 15956/33/6 15995/33/6
f 15968/33/6 15969/33/6 15996/33/6
f 15967/33/6 15968/33/6 15996/33/6
f 15966/33/6 15967/33/6 15996/33/6
f 15965/33/6 15966/33/6 15996/33/6
f 15973/33/6 15974/33/6 15996/33/6
f 15972/33/6 15973/33/6 15996/33/6
f 15970/33/6 15971/33/6 15996/33/6
f 15178/28/6 15957/28/6 15996/28/6
f 15957/33/6 15958/33/6 15996/33/6
f 15958/33/6 15959/33/6 15996/33/6
f 15959/33/6 15960/33/6 15996/33/6
f 15960/33/6 15961/33/6 15996/33/6
f 15961/33/6 15962/33/6 15996/33/6
f 15962/33/6 15963/33/6 15996/33/6
f 15963/33/6 15964/33/6 15996/33/6
f 15964/33/6 15965/33/6 15996/33/6
f 15971/33/6 15972/33/6 15996/33/6
f 15969/33/6 15970/33/6 15996/33/6
f 15996/33/6 15974/33/6 15997/33/6
f 15997/33/6 15974/33/6 15998/33/6
f 15998/33/6 15974/33/6 15999/33/6
f 15999/33/6 15974/33/6 16000/33/6
f 16000/33/6 15974/33/6 16001/33/6
f 16001/33/6 15974/33/6 16002/33/6
f 16002/33/6 15974/33/6 16003/33/6
f 16003/33/6 15974/33/6 16004/33/6
f 16004/33/6 15974/33/6 16005/33/6
f 16005/33/6 15974/33/6 16006/33/6
f 16006/33/6 15974/33/6 16007/33/6
f 16007/33/6 15974/33/6 16008/33/6
f 16008/33/6 15974/33/6 16009/33/6
f 16009/33/6 15974/33/6 16010/33/6
f 16010/33/6 15974/33/6 16011/33/6
f 16011/33/6 15974/33/6 16012/33/6
f 16012/33/6 15974/33/6 16013/33/6
f 15985/33/6 15986/33/6 16014/33/6
f 15988/26/6 15989/26/6 16015/26/6
f 15987/26/6 15988/26/6 16015/26/6
f 15177/27/6 15178/27/6 16016/27/6
f 16016/27/6 15178/27/6 16017/27/6
f 15995/28/6 15177/28/6 16018/28/6
f 15177/27/6 16016/27/6 16018/27/6
f 16018/27/6 16016/27/6 16019/27/6
f 16017/27/6 15178/27/6 16020/27/6
f 15178/28/6 15996/28/6 16021/28/6
f 16020/27/6 15178/27/6 16021/27/6
f 15975/26/6 15976/26/6 16022/26/6
f 16012/26/6 16013/26/6 16023/26/6
f 16022/26/6 15976/26/6 16024/26/6
f 16019/27/6 16016/27/6 16025/27/6
f 16025/27/6 16016/27/6 16026/27/6
f 16017/27/6 16020/27/6 16027/27/6
f 16027/27/6 16020/27/6 16028/27/6
f 16012/26/6 16023/26/6 16029/26/6
f 16024/26/6 15976/26/6 16030/26/6
f 15976/33/6 15977/33/6 16031/33/6
f 16030/26/6 15976/26/6 16031/26/6
f 15977/26/6 15978/26/6 16032/26/6
f 16031/33/6 15977/33/6 16032/33/6
f 15978/33/6 15979/33/6 16033/33/6
f 16032/26/6 15978/26/6 16033/26/6
f 15979/26/6 15980/26/6 16034/26/6
f 16033/33/6 15979/33/6 16034/33/6
f 15980/33/6 15981/33/6 16035/33/6
f 16034/26/6 15980/26/6 16035/26/6
f 15981/26/6 15982/26/6 16036/26/6
f 16035/33/6 15981/33/6 16036/33/6
f 15982/33/6 15983/33/6 16037/33/6
f 16036/26/6 15982/26/6 16037/26/6
f 15984/26/6 15985/26/6 16038/26/6
f 16037/33/6 15983/33/6 16038/33/6
f 15983/26/6 15984/26/6 16038/26/6
f 15985/33/6 16014/33/6 16039/33/6
f 16038/26/6 15985/26/6 16039/26/6
f 16014/26/6 16015/26/6 16040/26/6
f 16039/33/6 16014/33/6 16040/33/6
f 15989/33/6 15990/33/6 16041/33/6
f 16040/26/6 16015/26/6 16041/26/6
f 16015/26/6 15989/26/6 16041/26/6
f 15990/26/6 15991/26/6 16042/26/6
f 16041/33/6 15990/33/6 16042/33/6
f 15991/33/6 15992/33/6 16043/33/6
f 16042/26/6 15991/26/6 16043/26/6
f 15992/26/6 15993/26/6 16044/26/6
f 16043/33/6 15992/33/6 16044/33/6
f 15993/33/6 15994/33/6 16045/33/6
f 16044/26/6 15993/26/6 16045/26/6
f 15994/26/6 15995/26/6 16046/26/6
f 16045/33/6 15994/33/6 16046/33/6
f 15995/28/6 16018/28/6 16047/28/6
f 16046/26/6 15995/26/6 16047/26/6
f 16021/28/6 15996/28/6 16048/28/6
f 15996/26/6 15997/26/6 16048/26/6
f 15997/33/6 15998/33/6 16049/33/6
f 16048/26/6 15997/26/6 16049/26/6
f 15998/26/6 15999/26/6 16050/26/6
f 16049/33/6 15998/33/6 16050/33/6
f 15999/33/6 16000/33/6 16051/33/6
f 16050/26/6 15999/26/6 16051/26/6
f 16000/26/6 16001/26/6 16052/26/6
f 16051/33/6 16000/33/6 16052/33/6
f 16001/33/6 16002/33/6 16053/33/6
f 16052/26/6 16001/26/6 16053/26/6
f 16002/26/6 16003/26/6 16054/26/6
f 16053/33/6 16002/33/6 16054/33/6
f 16003/33/6 16004/33/6 16055/33/6
f 16054/26/6 16003/26/6 16055/26/6
f 16004/26/6 16005/26/6 16056/26/6
f 16055/33/6 16004/33/6 16056/33/6
f 16005/33/6 16006/33/6 16057/33/6
f 16056/26/6 16005/26/6 16057/26/6
f 16006/26/6 16007/26/6 16058/26/6
f 16057/33/6 16006/33/6 16058/33/6
f 16007/33/6 16008/33/6 16059/33/6
f 16058/26/6 16007/26/6 16059/26/6
f 16008/26/6 16009/26/6 16060/26/6
f 16059/33/6 16008/33/6 16060/33/6
f 16009/33/6 16010/33/6 16061/33/6
f 16060/26/6 16009/26/6 16061/26/6
f 16010/26/6 16011/26/6 16062/26/6
f 16061/33/6 16010/33/6 16062/33/6
f 16011/33/6 16012/33/6 16063/33/6
f 16062/26/6 16011/26/6 16063/26/6
f 16012/26/6 16029/26/6 16064/26/6
f 16063/33/6 16012/33/6 16064/33/6
f 16064/26/6 16029/26/6 16065/26/6
f 16038/33/6 16039/33/6 16066/33/6
f 16044/33/6 16045/33/6 16066/33/6
f 16042/33/6 16043/33/6 16066/33/6
f 16036/33/6 16037/33/6 16066/33/6
f 16041/33/6 16042/33/6 16066/33/6
f 16035/33/6 16036/33/6 16066/33/6
f 16045/33/6 16046/33/6 16066/33/6
f 16034/33/6 16035/33/6 16066/33/6
f 16033/33/6 16034/33/6 16066/33/6
f 16040/33/6 16041/33/6 16066/33/6
f 16039/33/6 16040/33/6 16066/33/6
f 16037/33/6 16038/33/6 16066/33/6
f 16043/33/6 16044/33/6 16066/33/6
f 16032/33/6 16033/33/6 16066/33/6
f 16031/33/6 16032/33/6 16066/33/6
f 16030/33/6 16031/33/6 16066/33/6
f 16046/33/6 16047/33/6 16066/33/6
f 16066/33/6 16047/33/6 16067/33/6
f 16067/33/6 16047/33/6 16068/33/6
f 16068/33/6 16047/33/6 16069/33/6
f 16069/33/6 16047/33/6 16070/33/6
f 16070/33/6 16047/33/6 16071/33/6
f 16071/33/6 16047/33/6 16072/33/6
f 16072/33/6 16047/33/6 16073/33/6
f 16073/33/6 16047/33/6 16074/33/6
f 16074/33/6 16047/33/6 16075/33/6
f 16075/33/6 16047/33/6 16076/33/6
f 16076/33/6 16047/33/6 16077/33/6
f 16077/33/6 16047/33/6 16078/33/6
f 16078/33/6 16047/33/6 16079/33/6
f 16079/33/6 16047/33/6 16080/33/6
f 16080/33/6 16047/33/6 16081/33/6
f 16081/33/6 16047/33/6 16082/33/6
f 16047/28/6 16018/28/6 16083/28/6
f 16082/33/6 16047/33/6 16083/33/6
f 16064/33/6 16065/33/6 16084/33/6
f 16063/33/6 16064/33/6 16084/33/6
f 16061/33/6 16062/33/6 16084/33/6
f 16060/33/6 16061/33/6 16084/33/6
f 16059/33/6 16060/33/6 16084/33/6
f 16058/33/6 16059/33/6 16084/33/6
f 16057/33/6 16058/33/6 16084/33/6
f 16056/33/6 16057/33/6 16084/33/6
f 16055/33/6 16056/33/6 16084/33/6
f 16054/33/6 16055/33/6 16084/33/6
f 16062/33/6 16063/33/6 16084/33/6
f 16053/33/6 16054/33/6 16084/33/6
f 16021/28/6 16048/28/6 16084/28/6
f 16048/33/6 16049/33/6 16084/33/6
f 16049/33/6 16050/33/6 16084/33/6
f 16050/33/6 16051/33/6 16084/33/6
f 16051/33/6 16052/33/6 16084/33/6
f 16052/33/6 16053/33/6 16084/33/6
f 16084/33/6 16065/33/6 16085/33/6
f 16085/33/6 16065/33/6 16086/33/6
f 16086/33/6 16065/33/6 16087/33/6
f 16087/33/6 16065/33/6 16088/33/6
f 16088/33/6 16065/33/6 16089/33/6
f 16089/33/6 16065/33/6 16090/33/6
f 16090/33/6 16065/33/6 16091/33/6
f 16091/33/6 16065/33/6 16092/33/6
f 16092/33/6 16065/33/6 16093/33/6
f 16093/33/6 16065/33/6 16094/33/6
f 16094/33/6 16065/33/6 16095/33/6
f 16095/33/6 16065/33/6 16096/33/6
f 16096/33/6 16065/33/6 16097/33/6
f 16097/33/6 16065/33/6 16098/33/6
f 16098/33/6 16065/33/6 16099/33/6
f 16099/33/6 16065/33/6 16100/33/6
f 16100/33/6 16065/33/6 16101/33/6
f 16066/26/6 16067/26/6 16102/26/6
f 16102/26/6 16067/26/6 16103/26/6
f 16103/26/6 16067/26/6 16104/26/6
f 16067/33/6 16068/33/6 16105/33/6
f 16104/26/6 16067/26/6 16105/26/6
f 16068/26/6 16069/26/6 16106/26/6
f 16105/33/6 16068/33/6 16106/33/6
f 16106/26/6 16069/26/6 16107/26/6
f 16107/26/6 16069/26/6 16108/26/6
f 16069/33/6 16070/33/6 16109/33/6
f 16108/26/6 16069/26/6 16109/26/6
f 16070/26/6 16071/26/6 16110/26/6
f 16109/33/6 16070/33/6 16110/33/6
f 16110/26/6 16071/26/6 16111/26/6
f 16111/26/6 16071/26/6 16112/26/6
f 16112/26/6 16071/26/6 16113/26/6
f 16071/33/6 16072/33/6 16114/33/6
f 16113/26/6 16071/26/6 16114/26/6
f 16072/26/6 16073/26/6 16115/26/6
f 16114/33/6 16072/33/6 16115/33/6
f 16115/26/6 16073/26/6 16116/26/6
f 16116/26/6 16073/26/6 16117/26/6
f 16073/33/6 16074/33/6 16118/33/6
f 16117/26/6 16073/26/6 16118/26/6
f 16074/26/6 16075/26/6 16119/26/6
f 16118/33/6 16074/33/6 16119/33/6
f 16119/26/6 16075/26/6 16120/26/6
f 16120/26/6 16075/26/6 16121/26/6
f 16121/26/6 16075/26/6 16122/26/6
f 16075/33/6 16076/33/6 16123/33/6
f 16122/26/6 16075/26/6 16123/26/6
f 16076/26/6 16077/26/6 16124/26/6
f 16123/33/6 16076/33/6 16124/33/6
f 16124/26/6 16077/26/6 16125/26/6
f 16125/26/6 16077/26/6 16126/26/6
f 16077/33/6 16078/33/6 16127/33/6
f 16126/26/6 16077/26/6 16127/26/6
f 16078/26/6 16079/26/6 16128/26/6
f 16127/33/6 16078/33/6 16128/33/6
f 16128/26/6 16079/26/6 16129/26/6
f 16129/26/6 16079/26/6 16130/26/6
f 16079/33/6 16080/33/6 16131/33/6
f 16130/26/6 16079/26/6 16131/26/6
f 16080/26/6 16081/26/6 16132/26/6
f 16131/33/6 16080/33/6 16132/33/6
f 16132/26/6 16081/26/6 16133/26/6
f 16133/26/6 16081/26/6 16134/26/6
f 16081/33/6 16082/33/6 16135/33/6
f 16134/26/6 16081/26/6 16135/26/6
f 16082/26/6 16083/26/6 16136/26/6
f 16135/33/6 16082/33/6 16136/33/6
f 16136/26/6 16083/26/6 16137/26/6
f 16137/26/6 16083/26/6 16138/26/6
f 16083/28/6 16018/28/6 16139/28/6
f 16138/26/6 16083/26/6 16139/26/6
f 16139/28/6 16018/28/6 16140/28/6
f 16021/28/6 16084/28/6 16141/28/6
f 16141/28/6 16084/28/6 16142/28/6
f 16084/26/6 16085/26/6 16143/26/6
f 16142/28/6 16084/28/6 16143/28/6
f 16143/26/6 16085/26/6 16144/26/6
f 16085/33/6 16086/33/6 16145/33/6
f 16144/26/6 16085/26/6 16145/26/6
f 16086/26/6 16087/26/6 16146/26/6
f 16145/33/6 16086/33/6 16146/33/6
f 16146/26/6 16087/26/6 16147/26/6
f 16147/26/6 16087/26/6 16148/26/6
f 16087/33/6 16088/33/6 16149/33/6
f 16148/26/6 16087/26/6 16149/26/6
f 16088/26/6 16089/26/6 16150/26/6
f 16149/33/6 16088/33/6 16150/33/6
f 16150/26/6 16089/26/6 16151/26/6
f 16151/26/6 16089/26/6 16152/26/6
f 16089/33/6 16090/33/6 16153/33/6
f 16152/26/6 16089/26/6 16153/26/6
f 16090/26/6 16091/26/6 16154/26/6
f 16153/33/6 16090/33/6 16154/33/6
f 16154/26/6 16091/26/6 16155/26/6
f 16155/26/6 16091/26/6 16156/26/6
f 16091/33/6 16092/33/6 16157/33/6
f 16156/26/6 16091/26/6 16157/26/6
f 16092/26/6 16093/26/6 16158/26/6
f 16157/33/6 16092/33/6 16158/33/6
f 16158/26/6 16093/26/6 16159/26/6
f 16159/26/6 16093/26/6 16160/26/6
f 16093/33/6 16094/33/6 16161/33/6
f 16160/26/6 16093/26/6 16161/26/6
f 16094/26/6 16095/26/6 16162/26/6
f 16161/33/6 16094/33/6 16162/33/6
f 16162/26/6 16095/26/6 16163/26/6
f 16163/26/6 16095/26/6 16164/26/6
f 16164/26/6 16095/26/6 16165/26/6
f 16095/33/6 16096/33/6 16166/33/6
f 16165/26/6 16095/26/6 16166/26/6
f 16096/26/6 16097/26/6 16167/26/6
f 16166/33/6 16096/33/6 16167/33/6
f 16167/26/6 16097/26/6 16168/26/6
f 16168/26/6 16097/26/6 16169/26/6
f 16097/33/6 16098/33/6 16170/33/6
f 16169/26/6 16097/26/6 16170/26/6
f 16098/26/6 16099/26/6 16171/26/6
f 16170/33/6 16098/33/6 16171/33/6
f 16171/26/6 16099/26/6 16172/26/6
f 16172/26/6 16099/26/6 16173/26/6
f 16173/26/6 16099/26/6 16174/26/6
f 16099/33/6 16100/33/6 16175/33/6
f 16174/26/6 16099/26/6 16175/26/6
f 16100/26/6 16101/26/6 16176/26/6
f 16175/33/6 16100/33/6 16176/33/6
f 16176/26/6 16101/26/6 16177/26/6
f 16177/26/6 16101/26/6 16178/26/6
f 16178/26/6 16101/26/6 16179/26/6
f 16180/26/6 16181/26/6 16219/26/6
f 16181/33/6 16182/33/6 16220/33/6
f 16219/26/6 16181/26/6 16220/26/6
f 16182/26/6 16183/26/6 16221/26/6
f 16220/33/6 16182/33/6 16221/33/6
f 16183/33/6 16184/33/6 16222/33/6
f 16221/26/6 16183/26/6 16222/26/6
f 16184/26/6 16185/26/6 16223/26/6
f 16222/33/6 16184/33/6 16223/33/6
f 16185/33/6 16186/33/6 16224/33/6
f 16223/26/6 16185/26/6 16224/26/6
f 16186/26/6 16187/26/6 16225/26/6
f 16224/33/6 16186/33/6 16225/33/6
f 16187/33/6 16188/33/6 16226/33/6
f 16225/26/6 16187/26/6 16226/26/6
f 16188/26/6 16189/26/6 16227/26/6
f 16226/33/6 16188/33/6 16227/33/6
f 16189/33/6 16190/33/6 16228/33/6
f 16227/26/6 16189/26/6 16228/26/6
f 16190/26/6 16191/26/6 16229/26/6
f 16228/33/6 16190/33/6 16229/33/6
f 16191/33/6 16192/33/6 16230/33/6
f 16229/26/6 16191/26/6 16230/26/6
f 16192/26/6 16193/26/6 16231/26/6
f 16230/33/6 16192/33/6 16231/33/6
f 16193/33/6 16194/33/6 16232/33/6
f 16231/26/6 16193/26/6 16232/26/6
f 16194/26/6 16195/26/6 16233/26/6
f 16232/33/6 16194/33/6 16233/33/6
f 16195/33/6 16196/33/6 16234/33/6
f 16233/26/6 16195/26/6 16234/26/6
f 16196/26/6 16197/26/6 16235/26/6
f 16234/33/6 16196/33/6 16235/33/6
f 16197/28/6 16198/28/6 16236/28/6
f 16235/26/6 16197/26/6 16236/26/6
f 16200/26/6 16201/26/6 16237/26/6
f 16199/28/6 16200/28/6 16237/28/6
f 16201/33/6 16202/33/6 16238/33/6
f 16237/26/6 16201/26/6 16238/26/6
f 16202/26/6 16203/26/6 16239/26/6
f 16238/33/6 16202/33/6 16239/33/6
f 16203/33/6 16204/33/6 16240/33/6
f 16239/26/6 16203/26/6 16240/26/6
f 16204/26/6 16205/26/6 16241/26/6
f 16240/33/6 16204/33/6 16241/33/6
f 16205/33/6 16206/33/6 16242/33/6
f 16241/26/6 16205/26/6 16242/26/6
f 16206/26/6 16207/26/6 16243/26/6
f 16242/33/6 16206/33/6 16243/33/6
f 16207/33/6 16208/33/6 16244/33/6
f 16243/26/6 16207/26/6 16244/26/6
f 16208/26/6 16209/26/6 16245/26/6
f 16244/33/6 16208/33/6 16245/33/6
f 16209/33/6 16210/33/6 16246/33/6
f 16245/26/6 16209/26/6 16246/26/6
f 16210/26/6 16211/26/6 16247/26/6
f 16246/33/6 16210/33/6 16247/33/6
f 16211/33/6 16212/33/6 16248/33/6
f 16247/26/6 16211/26/6 16248/26/6
f 16212/26/6 16213/26/6 16249/26/6
f 16248/33/6 16212/33/6 16249/33/6
f 16213/33/6 16214/33/6 16250/33/6
f 16249/26/6 16213/26/6 16250/26/6
f 16214/26/6 16215/26/6 16251/26/6
f 16250/33/6 16214/33/6 16251/33/6
f 16215/33/6 16216/33/6 16252/33/6
f 16251/26/6 16215/26/6 16252/26/6
f 16216/26/6 16217/26/6 16253/26/6
f 16252/33/6 16216/33/6 16253/33/6
f 16217/33/6 16218/33/6 16254/33/6
f 16253/26/6 16217/26/6 16254/26/6
f 16235/33/6 16236/33/6 16255/33/6
f 16234/33/6 16235/33/6 16255/33/6
f 16233/33/6 16234/33/6 16255/33/6
f 16232/33/6 16233/33/6 16255/33/6
f 16231/33/6 16232/33/6 16255/33/6
f 16230/33/6 16231/33/6 16255/33/6
f 16229/33/6 16230/33/6 16255/33/6
f 16228/33/6 16229/33/6 16255/33/6
f 16227/33/6 16228/33/6 16255/33/6
f 16226/33/6 16227/33/6 16255/33/6
f 16225/33/6 16226/33/6 16255/33/6
f 16224/33/6 16225/33/6 16255/33/6
f 16223/33/6 16224/33/6 16255/33/6
f 16222/33/6 16223/33/6 16255/33/6
f 16221/33/6 16222/33/6 16255/33/6
f 16220/33/6 16221/33/6 16255/33/6
f 16219/33/6 16220/33/6 16255/33/6
f 16255/33/6 16236/33/6 16256/33/6
f 16256/33/6 16236/33/6 16257/33/6
f 16257/33/6 16236/33/6 16258/33/6
f 16258/33/6 16236/33/6 16259/33/6
f 16259/33/6 16236/33/6 16260/33/6
f 16260/33/6 16236/33/6 16261/33/6
f 16261/33/6 16236/33/6 16262/33/6
f 16262/33/6 16236/33/6 16263/33/6
f 16263/33/6 16236/33/6 16264/33/6
f 16264/33/6 16236/33/6 16265/33/6
f 16265/33/6 16236/33/6 16266/33/6
f 16266/33/6 16236/33/6 16267/33/6
f 16267/33/6 16236/33/6 16268/33/6
f 16268/33/6 16236/33/6 16269/33/6
f 16269/33/6 16236/33/6 16270/33/6
f 16270/33/6 16236/33/6 16271/33/6
f 16236/28/6 16198/28/6 16272/28/6
f 16271/33/6 16236/33/6 16272/33/6
f 16251/33/6 16252/33/6 16273/33/6
f 16250/33/6 16251/33/6 16273/33/6
f 16249/33/6 16250/33/6 16273/33/6
f 16248/33/6 16249/33/6 16273/33/6
f 16247/33/6 16248/33/6 16273/33/6
f 16246/33/6 16247/33/6 16273/33/6
f 16245/33/6 16246/33/6 16273/33/6
f 16244/33/6 16245/33/6 16273/33/6
f 16243/33/6 16244/33/6 16273/33/6
f 16242/33/6 16243/33/6 16273/33/6
f 16241/33/6 16242/33/6 16273/33/6
f 16240/33/6 16241/33/6 16273/33/6
f 16239/33/6 16240/33/6 16273/33/6
f 16238/33/6 16239/33/6 16273/33/6
f 16237/33/6 16238/33/6 16273/33/6
f 16199/28/6 16237/28/6 16273/28/6
f 16253/33/6 16254/33/6 16273/33/6
f 16252/33/6 16253/33/6 16273/33/6
f 16273/33/6 16254/33/6 16274/33/6
f 16274/33/6 16254/33/6 16275/33/6
f 16275/33/6 16254/33/6 16276/33/6
f 16276/33/6 16254/33/6 16277/33/6
f 16277/33/6 16254/33/6 16278/33/6
f 16278/33/6 16254/33/6 16279/33/6
f 16279/33/6 16254/33/6 16280/33/6
f 16280/33/6 16254/33/6 16281/33/6
f 16281/33/6 16254/33/6 16282/33/6
f 16282/33/6 16254/33/6 16283/33/6
f 16283/33/6 16254/33/6 16284/33/6
f 16284/33/6 16254/33/6 16285/33/6
f 16285/33/6 16254/33/6 16286/33/6
f 16286/33/6 16254/33/6 16287/33/6
f 16287/33/6 16254/33/6 16288/33/6
f 16288/33/6 16254/33/6 16289/33/6
f 16254/33/6 16218/33/6 16290/33/6
f 16289/33/6 16254/33/6 16290/33/6
f 16255/26/6 16256/26/6 16291/26/6
f 16256/33/6 16257/33/6 16292/33/6
f 16291/26/6 16256/26/6 16292/26/6
f 16257/26/6 16258/26/6 16293/26/6
f 16292/33/6 16257/33/6 16293/33/6
f 16258/33/6 16259/33/6 16294/33/6
f 16293/26/6 16258/26/6 16294/26/6
f 16259/26/6 16260/26/6 16295/26/6
f 16294/33/6 16259/33/6 16295/33/6
f 16260/33/6 16261/33/6 16296/33/6
f 16295/26/6 16260/26/6 16296/26/6
f 16261/26/6 16262/26/6 16297/26/6
f 16296/33/6 16261/33/6 16297/33/6
f 16262/33/6 16263/33/6 16298/33/6
f 16297/26/6 16262/26/6 16298/26/6
f 16263/26/6 16264/26/6 16299/26/6
f 16298/33/6 16263/33/6 16299/33/6
f 16264/33/6 16265/33/6 16300/33/6
f 16299/26/6 16264/26/6 16300/26/6
f 16265/26/6 16266/26/6 16301/26/6
f 16300/33/6 16265/33/6 16301/33/6
f 16266/33/6 16267/33/6 16302/33/6
f 16301/26/6 16266/26/6 16302/26/6
f 16267/26/6 16268/26/6 16303/26/6
f 16302/33/6 16267/33/6 16303/33/6
f 16268/33/6 16269/33/6 16304/33/6
f 16303/26/6 16268/26/6 16304/26/6
f 16269/26/6 16270/26/6 16305/26/6
f 16304/33/6 16269/33/6 16305/33/6
f 16270/33/6 16271/33/6 16306/33/6
f 16305/26/6 16270/26/6 16306/26/6
f 16271/26/6 16272/26/6 16307/26/6
f 16306/33/6 16271/33/6 16307/33/6
f 16272/28/6 16198/28/6 16308/28/6
f 16307/26/6 16272/26/6 16308/26/6
f 16199/28/6 16273/28/6 16309/28/6
f 16273/26/6 16274/26/6 16309/26/6
f 16274/33/6 16275/33/6 16310/33/6
f 16309/26/6 16274/26/6 16310/26/6
f 16275/26/6 16276/26/6 16311/26/6
f 16310/33/6 16275/33/6 16311/33/6
f 16276/33/6 16277/33/6 16312/33/6
f 16311/26/6 16276/26/6 16312/26/6
f 16277/26/6 16278/26/6 16313/26/6
f 16312/33/6 16277/33/6 16313/33/6
f 16278/33/6 16279/33/6 16314/33/6
f 16313/26/6 16278/26/6 16314/26/6
f 16279/26/6 16280/26/6 16315/26/6
f 16314/33/6 16279/33/6 16315/33/6
f 16280/33/6 16281/33/6 16316/33/6
f 16315/26/6 16280/26/6 16316/26/6
f 16281/26/6 16282/26/6 16317/26/6
f 16316/33/6 16281/33/6 16317/33/6
f 16282/33/6 16283/33/6 16318/33/6
f 16317/26/6 16282/26/6 16318/26/6
f 16283/26/6 16284/26/6 16319/26/6
f 16318/33/6 16283/33/6 16319/33/6
f 16284/33/6 16285/33/6 16320/33/6
f 16319/26/6 16284/26/6 16320/26/6
f 16285/26/6 16286/26/6 16321/26/6
f 16320/33/6 16285/33/6 16321/33/6
f 16286/33/6 16287/33/6 16322/33/6
f 16321/26/6 16286/26/6 16322/26/6
f 16287/26/6 16288/26/6 16323/26/6
f 16322/33/6 16287/33/6 16323/33/6
f 16288/33/6 16289/33/6 16324/33/6
f 16323/26/6 16288/26/6 16324/26/6
f 16289/26/6 16290/26/6 16325/26/6
f 16324/33/6 16289/33/6 16325/33/6
f 16290/33/6 16218/33/6 16326/33/6
f 16325/26/6 16290/26/6 16326/26/6
f 16306/33/6 16307/33/6 16327/33/6
f 16305/33/6 16306/33/6 16327/33/6
f 16303/33/6 16304/33/6 16327/33/6
f 16302/33/6 16303/33/6 16327/33/6
f 16301/33/6 16302/33/6 16327/33/6
f 16300/33/6 16301/33/6 16327/33/6
f 16299/33/6 16300/33/6 16327/33/6
f 16298/33/6 16299/33/6 16327/33/6
f 16297/33/6 16298/33/6 16327/33/6
f 16296/33/6 16297/33/6 16327/33/6
f 16295/33/6 16296/33/6 16327/33/6
f 16294/33/6 16295/33/6 16327/33/6
f 16293/33/6 16294/33/6 16327/33/6
f 16292/33/6 16293/33/6 16327/33/6
f 16291/33/6 16292/33/6 16327/33/6
f 16304/33/6 16305/33/6 16327/33/6
f 16307/33/6 16308/33/6 16327/33/6
f 16327/33/6 16308/33/6 16328/33/6
f 16328/33/6 16308/33/6 16329/33/6
f 16329/33/6 16308/33/6 16330/33/6
f 16330/33/6 16308/33/6 16331/33/6
f 16331/33/6 16308/33/6 16332/33/6
f 16332/33/6 16308/33/6 16333/33/6
f 16333/33/6 16308/33/6 16334/33/6
f 16334/33/6 16308/33/6 16335/33/6
f 16335/33/6 16308/33/6 16336/33/6
f 16336/33/6 16308/33/6 16337/33/6
f 16337/33/6 16308/33/6 16338/33/6
f 16338/33/6 16308/33/6 16339/33/6
f 16339/33/6 16308/33/6 16340/33/6
f 16340/33/6 16308/33/6 16341/33/6
f 16341/33/6 16308/33/6 16342/33/6
f 16342/33/6 16308/33/6 16343/33/6
f 16308/28/6 16198/28/6 16344/28/6
f 16343/33/6 16308/33/6 16344/33/6
f 16325/33/6 16326/33/6 16345/33/6
f 16323/33/6 16324/33/6 16345/33/6
f 16321/33/6 16322/33/6 16345/33/6
f 16320/33/6 16321/33/6 16345/33/6
f 16319/33/6 16320/33/6 16345/33/6
f 16318/33/6 16319/33/6 16345/33/6
f 16317/33/6 16318/33/6 16345/33/6
f 16316/33/6 16317/33/6 16345/33/6
f 16315/33/6 16316/33/6 16345/33/6
f 16314/33/6 16315/33/6 16345/33/6
f 16313/33/6 16314/33/6 16345/33/6
f 16312/33/6 16313/33/6 16345/33/6
f 16311/33/6 16312/33/6 16345/33/6
f 16310/33/6 16311/33/6 16345/33/6
f 16309/33/6 16310/33/6 16345/33/6
f 16322/33/6 16323/33/6 16345/33/6
f 16324/33/6 16325/33/6 16345/33/6
f 16199/28/6 16309/28/6 16345/28/6
f 16345/33/6 16326/33/6 16346/33/6
f 16346/33/6 16326/33/6 16347/33/6
f 16347/33/6 16326/33/6 16348/33/6
f 16348/33/6 16326/33/6 16349/33/6
f 16349/33/6 16326/33/6 16350/33/6
f 16350/33/6 16326/33/6 16351/33/6
f 16351/33/6 16326/33/6 16352/33/6
f 16352/33/6 16326/33/6 16353/33/6
f 16353/33/6 16326/33/6 16354/33/6
f 16354/33/6 16326/33/6 16355/33/6
f 16355/33/6 16326/33/6 16356/33/6
f 16356/33/6 16326/33/6 16357/33/6
f 16357/33/6 16326/33/6 16358/33/6
f 16358/33/6 16326/33/6 16359/33/6
f 16359/33/6 16326/33/6 16360/33/6
f 16360/33/6 16326/33/6 16361/33/6
f 16326/33/6 16218/33/6 16362/33/6
f 16361/33/6 16326/33/6 16362/33/6
f 16327/26/6 16328/26/6 16363/26/6
f 16328/33/6 16329/33/6 16364/33/6
f 16363/26/6 16328/26/6 16364/26/6
f 16329/26/6 16330/26/6 16365/26/6
f 16364/33/6 16329/33/6 16365/33/6
f 16330/33/6 16331/33/6 16366/33/6
f 16365/26/6 16330/26/6 16366/26/6
f 16331/26/6 16332/26/6 16367/26/6
f 16366/33/6 16331/33/6 16367/33/6
f 16332/33/6 16333/33/6 16368/33/6
f 16367/26/6 16332/26/6 16368/26/6
f 16333/26/6 16334/26/6 16369/26/6
f 16368/33/6 16333/33/6 16369/33/6
f 16334/33/6 16335/33/6 16370/33/6
f 16369/26/6 16334/26/6 16370/26/6
f 16335/26/6 16336/26/6 16371/26/6
f 16370/33/6 16335/33/6 16371/33/6
f 16336/33/6 16337/33/6 16372/33/6
f 16371/26/6 16336/26/6 16372/26/6
f 16337/26/6 16338/26/6 16373/26/6
f 16372/33/6 16337/33/6 16373/33/6
f 16338/33/6 16339/33/6 16374/33/6
f 16373/26/6 16338/26/6 16374/26/6
f 16339/26/6 16340/26/6 16375/26/6
f 16374/33/6 16339/33/6 16375/33/6
f 16340/33/6 16341/33/6 16376/33/6
f 16375/26/6 16340/26/6 16376/26/6
f 16341/26/6 16342/26/6 16377/26/6
f 16376/33/6 16341/33/6 16377/33/6
f 16342/33/6 16343/33/6 16378/33/6
f 16377/26/6 16342/26/6 16378/26/6
f 16343/26/6 16344/26/6 16379/26/6
f 16378/33/6 16343/33/6 16379/33/6
f 16344/28/6 16198/28/6 16380/28/6
f 16379/26/6 16344/26/6 16380/26/6
f 16199/28/6 16345/28/6 16381/28/6
f 16345/26/6 16346/26/6 16381/26/6
f 16346/33/6 16347/33/6 16382/33/6
f 16381/26/6 16346/26/6 16382/26/6
f 16347/26/6 16348/26/6 16383/26/6
f 16382/33/6 16347/33/6 16383/33/6
f 16348/33/6 16349/33/6 16384/33/6
f 16383/26/6 16348/26/6 16384/26/6
f 16349/26/6 16350/26/6 16385/26/6
f 16384/33/6 16349/33/6 16385/33/6
f 16350/33/6 16351/33/6 16386/33/6
f 16385/26/6 16350/26/6 16386/26/6
f 16351/26/6 16352/26/6 16387/26/6
f 16386/33/6 16351/33/6 16387/33/6
f 16352/33/6 16353/33/6 16388/33/6
f 16387/26/6 16352/26/6 16388/26/6
f 16353/26/6 16354/26/6 16389/26/6
f 16388/33/6 16353/33/6 16389/33/6
f 16354/33/6 16355/33/6 16390/33/6
f 16389/26/6 16354/26/6 16390/26/6
f 16355/26/6 16356/26/6 16391/26/6
f 16390/33/6 16355/33/6 16391/33/6
f 16356/33/6 16357/33/6 16392/33/6
f 16391/26/6 16356/26/6 16392/26/6
f 16357/26/6 16358/26/6 16393/26/6
f 16392/33/6 16357/33/6 16393/33/6
f 16358/33/6 16359/33/6 16394/33/6
f 16393/26/6 16358/26/6 16394/26/6
f 16359/26/6 16360/26/6 16395/26/6
f 16394/33/6 16359/33/6 16395/33/6
f 16360/33/6 16361/33/6 16396/33/6
f 16395/26/6 16360/26/6 16396/26/6
f 16361/26/6 16362/26/6 16397/26/6
f 16396/33/6 16361/33/6 16397/33/6
f 16362/33/6 16218/33/6 16398/33/6
f 16397/26/6 16362/26/6 16398/26/6
f 16378/33/6 16379/33/6 16399/33/6
f 16377/33/6 16378/33/6 16399/33/6
f 16375/33/6 16376/33/6 16399/33/6
f 16374/33/6 16375/33/6 16399/33/6
f 16373/33/6 16374/33/6 16399/33/6
f 16372/33/6 16373/33/6 16399/33/6
f 16371/33/6 16372/33/6 16399/33/6
f 16370/33/6 16371/33/6 16399/33/6
f 16369/33/6 16370/33/6 16399/33/6
f 16368/33/6 16369/33/6 16399/33/6
f 16367/33/6 16368/33/6 16399/33/6
f 16366/33/6 16367/33/6 16399/33/6
f 16365/33/6 16366/33/6 16399/33/6
f 16364/33/6 16365/33/6 16399/33/6
f 16363/33/6 16364/33/6 16399/33/6
f 16376/33/6 16377/33/6 16399/33/6
f 16379/33/6 16380/33/6 16399/33/6
f 16399/33/6 16380/33/6 16400/33/6
f 16400/33/6 16380/33/6 16401/33/6
f 16401/33/6 16380/33/6 16402/33/6
f 16402/33/6 16380/33/6 16403/33/6
f 16403/33/6 16380/33/6 16404/33/6
f 16404/33/6 16380/33/6 16405/33/6
f 16405/33/6 16380/33/6 16406/33/6
f 16406/33/6 16380/33/6 16407/33/6
f 16407/33/6 16380/33/6 16408/33/6
f 16408/33/6 16380/33/6 16409/33/6
f 16409/33/6 16380/33/6 16410/33/6
f 16410/33/6 16380/33/6 16411/33/6
f 16411/33/6 16380/33/6 16412/33/6
f 16412/33/6 16380/33/6 16413/33/6
f 16413/33/6 16380/33/6 16414/33/6
f 16414/33/6 16380/33/6 16415/33/6
f 16380/28/6 16198/28/6 16416/28/6
f 16415/33/6 16380/33/6 16416/33/6
f 16394/33/6 16395/33/6 16417/33/6
f 16397/33/6 16398/33/6 16417/33/6
f 16395/33/6 16396/33/6 16417/33/6
f 16393/33/6 16394/33/6 16417/33/6
f 16392/33/6 16393/33/6 16417/33/6
f 16391/33/6 16392/33/6 16417/33/6
f 16390/33/6 16391/33/6 16417/33/6
f 16389/33/6 16390/33/6 16417/33/6
f 16388/33/6 16389/33/6 16417/33/6
f 16387/33/6 16388/33/6 16417/33/6
f 16386/33/6 16387/33/6 16417/33/6
f 16385/33/6 16386/33/6 16417/33/6
f 16384/33/6 16385/33/6 16417/33/6
f 16383/33/6 16384/33/6 16417/33/6
f 16382/33/6 16383/33/6 16417/33/6
f 16396/33/6 16397/33/6 16417/33/6
f 16381/33/6 16382/33/6 16417/33/6
f 16199/28/6 16381/28/6 16417/28/6
f 16417/33/6 16398/33/6 16418/33/6
f 16418/33/6 16398/33/6 16419/33/6
f 16419/33/6 16398/33/6 16420/33/6
f 16420/33/6 16398/33/6 16421/33/6
f 16421/33/6 16398/33/6 16422/33/6
f 16422/33/6 16398/33/6 16423/33/6
f 16423/33/6 16398/33/6 16424/33/6
f 16424/33/6 16398/33/6 16425/33/6
f 16425/33/6 16398/33/6 16426/33/6
f 16426/33/6 16398/33/6 16427/33/6
f 16427/33/6 16398/33/6 16428/33/6
f 16428/33/6 16398/33/6 16429/33/6
f 16429/33/6 16398/33/6 16430/33/6
f 16430/33/6 16398/33/6 16431/33/6
f 16431/33/6 16398/33/6 16432/33/6
f 16432/33/6 16398/33/6 16433/33/6
f 16398/33/6 16218/33/6 16434/33/6
f 16433/33/6 16398/33/6 16434/33/6
f 16399/26/6 16400/26/6 16435/26/6
f 16400/33/6 16401/33/6 16436/33/6
f 16435/26/6 16400/26/6 16436/26/6
f 16401/26/6 16402/26/6 16437/26/6
f 16436/33/6 16401/33/6 16437/33/6
f 16402/33/6 16403/33/6 16438/33/6
f 16437/26/6 16402/26/6 16438/26/6
f 16403/26/6 16404/26/6 16439/26/6
f 16438/33/6 16403/33/6 16439/33/6
f 16404/33/6 16405/33/6 16440/33/6
f 16439/26/6 16404/26/6 16440/26/6
f 16405/26/6 16406/26/6 16441/26/6
f 16440/33/6 16405/33/6 16441/33/6
f 16406/33/6 16407/33/6 16442/33/6
f 16441/26/6 16406/26/6 16442/26/6
f 16407/26/6 16408/26/6 16443/26/6
f 16442/33/6 16407/33/6 16443/33/6
f 16408/33/6 16409/33/6 16444/33/6
f 16443/26/6 16408/26/6 16444/26/6
f 16409/26/6 16410/26/6 16445/26/6
f 16444/33/6 16409/33/6 16445/33/6
f 16410/33/6 16411/33/6 16446/33/6
f 16445/26/6 16410/26/6 16446/26/6
f 16411/26/6 16412/26/6 16447/26/6
f 16446/33/6 16411/33/6 16447/33/6
f 16412/33/6 16413/33/6 16448/33/6
f 16447/26/6 16412/26/6 16448/26/6
f 16413/26/6 16414/26/6 16449/26/6
f 16448/33/6 16413/33/6 16449/33/6
f 16414/33/6 16415/33/6 16450/33/6
f 16449/26/6 16414/26/6 16450/26/6
f 16415/26/6 16416/26/6 16451/26/6
f 16450/33/6 16415/33/6 16451/33/6
f 16416/28/6 16198/28/6 16452/28/6
f 16451/26/6 16416/26/6 16452/26/6
f 16198/27/6 16199/27/6 16453/27/6
f 16452/28/6 16198/28/6 16453/28/6
f 16199/28/6 16417/28/6 16454/28/6
f 16453/27/6 16199/27/6 16454/27/6
f 16417/26/6 16418/26/6 16455/26/6
f 16454/28/6 16417/28/6 16455/28/6
f 16418/33/6 16419/33/6 16456/33/6
f 16455/26/6 16418/26/6 16456/26/6
f 16419/26/6 16420/26/6 16457/26/6
f 16456/33/6 16419/33/6 16457/33/6
f 16420/33/6 16421/33/6 16458/33/6
f 16457/26/6 16420/26/6 16458/26/6
f 16421/26/6 16422/26/6 16459/26/6
f 16458/33/6 16421/33/6 16459/33/6
f 16422/33/6 16423/33/6 16460/33/6
f 16459/26/6 16422/26/6 16460/26/6
f 16423/26/6 16424/26/6 16461/26/6
f 16460/33/6 16423/33/6 16461/33/6
f 16424/33/6 16425/33/6 16462/33/6
f 16461/26/6 16424/26/6 16462/26/6
f 16425/26/6 16426/26/6 16463/26/6
f 16462/33/6 16425/33/6 16463/33/6
f 16426/33/6 16427/33/6 16464/33/6
f 16463/26/6 16426/26/6 16464/26/6
f 16427/26/6 16428/26/6 16465/26/6
f 16464/33/6 16427/33/6 16465/33/6
f 16428/33/6 16429/33/6 16466/33/6
f 16465/26/6 16428/26/6 16466/26/6
f 16429/26/6 16430/26/6 16467/26/6
f 16466/33/6 16429/33/6 16467/33/6
f 16430/33/6 16431/33/6 16468/33/6
f 16467/26/6 16430/26/6 16468/26/6
f 16431/26/6 16432/26/6 16469/26/6
f 16468/33/6 16431/33/6 16469/33/6
f 16432/33/6 16433/33/6 16470/33/6
f 16469/26/6 16432/26/6 16470/26/6
f 16433/26/6 16434/26/6 16471/26/6
f 16470/33/6 16433/33/6 16471/33/6
f 16434/33/6 16218/33/6 16472/33/6
f 16471/26/6 16434/26/6 16472/26/6
f 16472/33/6 16218/33/6 16473/33/6
f 16474/31/6 16475/31/6 16478/31/6
f 16478/31/6 16475/31/6 16479/31/6
f 16476/31/6 16477/31/6 16482/31/6
f 16482/31/6 16477/31/6 16483/31/6
f 16480/31/6 16481/31/6 16484/31/6
f 16484/31/6 16481/31/6 16485/31/6
f 16486/1/6 16487/1/6 16488/1/6
f 16488/1/6 16487/1/6 16489/1/6
f 16490/1/6 16491/1/6 16492/1/6
f 16492/1/6 16491/1/6 16493/1/6
f 16494/1/6 16495/1/6 16498/1/6
f 16498/1/6 16495/1/6 16499/1/6
f 16496/1/6 16497/1/6 16500/1/6
f 16500/1/6 16497/1/6 16501/1/6
f 16502/1/6 16503/1/6 16504/1/6
f 16504/1/6 16503/1/6 16505/1/6
f 16506/1/6 16507/1/6 16508/1/6
f 16508/1/6 16507/1/6 16509/1/6
f 16510/1/6 16511/1/6 16512/1/6
f 16512/1/6 16511/1/6 16513/1/6
f 16514/1/6 16515/1/6 16516/1/6
f 16516/1/6 16515/1/6 16517/1/6
f 16518/1/6 16519/1/6 16520/1/6
f 16520/1/6 16519/1/6 16521/1/6
f 16522/3/6 16523/3/6 16527/3/6
f 16527/3/6 16523/3/6 16528/3/6
f 16524/3/6 16525/3/6 16529/3/6
f 16529/3/6 16525/3/6 16530/3/6
f 16526/3/6 16527/3/6 16537/3/6
f 16537/3/6 16527/3/6 16538/3/6
f 16530/3/6 16531/3/6 16539/3/6
f 16539/3/6 16531/3/6 16540/3/6
f 16532/3/6 16533/3/6 16543/3/6
f 16543/3/6 16533/3/6 16544/3/6
f 16534/3/6 16535/3/6 16545/3/6
f 16545/3/6 16535/3/6 16546/3/6
f 16536/3/6 16537/3/6 16549/3/6
f 16549/3/6 16537/3/6 16550/3/6
f 16540/3/6 16541/3/6 16551/3/6
f 16551/3/6 16541/3/6 16552/3/6
f 16542/3/6 16543/3/6 16555/3/6
f 16555/3/6 16543/3/6 16556/3/6
f 16546/3/6 16547/3/6 16557/3/6
f 16557/3/6 16547/3/6 16558/3/6
f 16552/3/6 16553/3/6 16560/3/6
f 16560/3/6 16553/3/6 16561/3/6
f 16554/3/6 16555/3/6 16563/3/6
f 16563/3/6 16555/3/6 16564/3/6
f 16558/3/6 16559/3/6 16565/3/6
f 16565/3/6 16559/3/6 16566/3/6
f 16566/3/6 16567/3/6 16568/3/6
f 16568/3/6 16567/3/6 16569/3/6
f 16548/3/6 16549/3/6 16572/3/6
f 16572/3/6 16549/3/6 16573/3/6
f 16570/3/6 16571/3/6 16576/3/6
f 16576/3/6 16571/3/6 16577/3/6
f 16573/3/6 16574/3/6 16580/3/6
f 16580/3/6 16574/3/6 16581/3/6
f 16575/3/6 16576/3/6 16584/3/6
f 16584/3/6 16576/3/6 16585/3/6
f 16562/3/6 16563/3/6 16586/3/6
f 16586/3/6 16563/3/6 16587/3/6
f 16578/3/6 16579/3/6 16590/3/6
f 16590/3/6 16579/3/6 16591/3/6
f 16581/3/6 16582/3/6 16592/3/6
f 16592/3/6 16582/3/6 16593/3/6
f 16583/3/6 16584/3/6 16596/3/6
f 16596/3/6 16584/3/6 16597/3/6
f 16587/3/6 16588/3/6 16598/3/6
f 16598/3/6 16588/3/6 16599/3/6
f 16589/3/6 16590/3/6 16602/3/6
f 16602/3/6 16590/3/6 16603/3/6
f 16593/3/6 16594/3/6 16604/3/6
f 16604/3/6 16594/3/6 16605/3/6
f 16595/3/6 16596/3/6 16606/3/6
f 16606/3/6 16596/3/6 16607/3/6
f 16599/3/6 16600/3/6 16608/3/6
f 16608/3/6 16600/3/6 16609/3/6
f 16601/3/6 16602/3/6 16612/3/6
f 16612/3/6 16602/3/6 16613/3/6
f 16609/3/6 16610/3/6 16614/3/6
f 16614/3/6 16610/3/6 16615/3/6
f 16611/3/6 16612/3/6 16616/3/6
f 16616/3/6 16612/3/6 16617/3/6
f 16618/3/6 16619/3/6 16623/3/6
f 16623/3/6 16619/3/6 16624/3/6
f 16620/3/6 16621/3/6 16625/3/6
f 16625/3/6 16621/3/6 16626/3/6
f 16622/3/6 16623/3/6 16629/3/6
f 16629/3/6 16623/3/6 16630/3/6
f 16626/3/6 16627/3/6 16631/3/6
f 16631/3/6 16627/3/6 16632/3/6
f 16628/3/6 16629/3/6 16635/3/6
f 16635/3/6 16629/3/6 16636/3/6
f 16632/3/6 16633/3/6 16637/3/6
f 16637/3/6 16633/3/6 16638/3/6
f 16638/3/6 16639/3/6 16640/3/6
f 16640/3/6 16639/3/6 16641/3/6
f 16634/3/6 16635/3/6 16644/3/6
f 16644/3/6 16635/3/6 16645/3/6
f 16642/3/6 16643/3/6 16648/3/6
f 16648/3/6 16643/3/6 16649/3/6
f 16645/3/6 16646/3/6 16650/3/6
f 16650/3/6 16646/3/6 16651/3/6
f 16647/3/6 16648/3/6 16654/3/6
f 16654/3/6 16648/3/6 16655/3/6
f 16651/3/6 16652/3/6 16656/3/6
f 16656/3/6 16652/3/6 16657/3/6
f 16653/3/6 16654/3/6 16660/3/6
f 16660/3/6 16654/3/6 16661/3/6
f 16657/3/6 16658/3/6 16662/3/6
f 16662/3/6 16658/3/6 16663/3/6
f 16659/3/6 16660/3/6 16664/3/6
f 16664/3/6 16660/3/6 16665/3/6
f 16666/2/6 16667/2/6 16668/2/6
f 16668/2/6 16667/2/6 16669/2/6
f 16670/2/6 16671/2/6 16672/2/6
f 16672/2/6 16671/2/6 16673/2/6
f 16674/13/6 16675/13/6 16678/13/6
f 16678/13/6 16675/13/6 16679/13/6
f 16676/13/6 16677/13/6 16682/13/6
f 16682/13/6 16677/13/6 16683/13/6
f 16680/13/6 16681/13/6 16684/13/6
f 16684/13/6 16681/13/6 16685/13/6
f 16686/1/6 16687/1/6 16688/1/6
f 16688/1/6 16687/1/6 16689/1/6
f 16690/13/6 16691/13/6 16694/13/6
f 16694/13/6 16691/13/6 16695/13/6
f 16692/13/6 16693/13/6 16698/13/6
f 16698/13/6 16693/13/6 16699/13/6
f 16696/13/6 16697/13/6 16700/13/6
f 16700/13/6 16697/13/6 16701/13/6
f 16702/16/6 16703/16/6 16704/16/6
f 16704/16/6 16703/16/6 16705/16/6
f 16706/3/6 16707/3/6 16709/3/6
f 16709/3/6 16707/3/6 16710/3/6
f 16708/3/6 16709/3/6 16715/3/6
f 16715/3/6 16709/3/6 16716/3/6
f 16710/3/6 16711/3/6 16717/3/6
f 16717/3/6 16711/3/6 16718/3/6
f 16712/3/6 16713/3/6 16721/3/6
f 16721/3/6 16713/3/6 16722/3/6
f 16714/3/6 16715/3/6 16725/3/6
f 16725/3/6 16715/3/6 16726/3/6
f 16718/3/6 16719/3/6 16727/3/6
f 16727/3/6 16719/3/6 16728/3/6
f 16720/3/6 16721/3/6 16731/3/6
f 16731/3/6 16721/3/6 16732/3/6
f 16722/3/6 16723/3/6 16733/3/6
f 16733/3/6 16723/3/6 16734/3/6
f 16724/3/6 16725/3/6 16737/3/6
f 16737/3/6 16725/3/6 16738/3/6
f 16728/3/6 16729/3/6 16739/3/6
f 16739/3/6 16729/3/6 16740/3/6
f 16730/3/6 16731/3/6 16743/3/6
f 16743/3/6 16731/3/6 16744/3/6
f 16734/3/6 16735/3/6 16745/3/6
f 16745/3/6 16735/3/6 16746/3/6
f 16742/3/6 16743/3/6 16749/3/6
f 16749/3/6 16743/3/6 16750/3/6
f 16746/3/6 16747/3/6 16751/3/6
f 16751/3/6 16747/3/6 16752/3/6
f 16736/3/6 16737/3/6 16754/3/6
f 16754/3/6 16737/3/6 16755/3/6
f 16740/3/6 16741/3/6 16758/3/6
f 16758/3/6 16741/3/6 16759/3/6
f 16755/3/6 16756/3/6 16760/3/6
f 16760/3/6 16756/3/6 16761/3/6
f 16757/3/6 16758/3/6 16764/3/6
f 16764/3/6 16758/3/6 16765/3/6
f 16748/3/6 16749/3/6 16766/3/6
f 16766/3/6 16749/3/6 16767/3/6
f 16752/3/6 16753/3/6 16770/3/6
f 16770/3/6 16753/3/6 16771/3/6
f 16761/3/6 16762/3/6 16772/3/6
f 16772/3/6 16762/3/6 16773/3/6
f 16763/3/6 16764/3/6 16776/3/6
f 16776/3/6 16764/3/6 16777/3/6
f 16767/3/6 16768/3/6 16778/3/6
f 16778/3/6 16768/3/6 16779/3/6
f 16769/3/6 16770/3/6 16782/3/6
f 16782/3/6 16770/3/6 16783/3/6
f 16773/3/6 16774/3/6 16784/3/6
f 16784/3/6 16774/3/6 16785/3/6
f 16775/3/6 16776/3/6 16786/3/6
f 16786/3/6 16776/3/6 16787/3/6
f 16779/3/6 16780/3/6 16788/3/6
f 16788/3/6 16780/3/6 16789/3/6
f 16781/3/6 16782/3/6 16792/3/6
f 16792/3/6 16782/3/6 16793/3/6
f 16785/3/6 16786/3/6 16794/3/6
f 16794/3/6 16786/3/6 16795/3/6
f 16789/3/6 16790/3/6 16796/3/6
f 16796/3/6 16790/3/6 16797/3/6
f 16791/3/6 16792/3/6 16798/3/6
f 16798/3/6 16792/3/6 16799/3/6
f 16797/3/6 16798/3/6 16800/3/6
f 16800/3/6 16798/3/6 16801/3/6
f 16802/3/6 16803/3/6 16805/3/6
f 16805/3/6 16803/3/6 16806/3/6
f 16804/3/6 16805/3/6 16809/3/6
f 16809/3/6 16805/3/6 16810/3/6
f 16806/3/6 16807/3/6 16811/3/6
f 16811/3/6 16807/3/6 16812/3/6
f 16808/3/6 16809/3/6 16815/3/6
f 16815/3/6 16809/3/6 16816/3/6
f 16812/3/6 16813/3/6 16817/3/6
f 16817/3/6 16813/3/6 16818/3/6
f 16814/3/6 16815/3/6 16821/3/6
f 16821/3/6 16815/3/6 16822/3/6
f 16818/3/6 16819/3/6 16823/3/6
f 16823/3/6 16819/3/6 16824/3/6
f 16820/3/6 16821/3/6 16826/3/6
f 16826/3/6 16821/3/6 16827/3/6
f 16824/3/6 16825/3/6 16830/3/6
f 16830/3/6 16825/3/6 16831/3/6
f 16827/3/6 16828/3/6 16832/3/6
f 16832/3/6 16828/3/6 16833/3/6
f 16829/3/6 16830/3/6 16836/3/6
f 16836/3/6 16830/3/6 16837/3/6
f 16833/3/6 16834/3/6 16838/3/6
f 16838/3/6 16834/3/6 16839/3/6
f 16835/3/6 16836/3/6 16842/3/6
f 16842/3/6 16836/3/6 16843/3/6
f 16839/3/6 16840/3/6 16844/3/6
f 16844/3/6 16840/3/6 16845/3/6
f 16841/3/6 16842/3/6 16846/3/6
f 16846/3/6 16842/3/6 16847/3/6
f 16845/3/6 16846/3/6 16848/3/6
f 16848/3/6 16846/3/6 16849/3/6
f 16850/30/6 16851/30/6 16853/30/6
f 16853/30/6 16851/30/6 16854/30/6
f 16852/30/6 16853/30/6 16857/30/6
f 16857/30/6 16853/30/6 16858/30/6
f 16854/30/6 16855/30/6 16859/30/6
f 16859/30/6 16855/30/6 16860/30/6
f 16856/30/6 16857/30/6 16863/30/6
f 16863/30/6 16857/30/6 16864/30/6
f 16860/30/6 16861/30/6 16865/30/6
f 16865/30/6 16861/30/6 16866/30/6
f 16862/30/6 16863/30/6 16869/30/6
f 16869/30/6 16863/30/6 16870/30/6
f 16866/30/6 16867/30/6 16871/30/6
f 16871/30/6 16867/30/6 16872/30/6
f 16868/30/6 16869/30/6 16874/30/6
f 16874/30/6 16869/30/6 16875/30/6
f 16872/30/6 16873/30/6 16878/30/6
f 16878/30/6 16873/30/6 16879/30/6
f 16875/30/6 16876/30/6 16880/30/6
f 16880/30/6 16876/30/6 16881/30/6
f 16877/30/6 16878/30/6 16884/30/6
f 16884/30/6 16878/30/6 16885/30/6
f 16881/30/6 16882/30/6 16886/30/6
f 16886/30/6 16882/30/6 16887/30/6
f 16883/30/6 16884/30/6 16890/30/6
f 16890/30/6 16884/30/6 16891/30/6
f 16887/30/6 16888/30/6 16892/30/6
f 16892/30/6 16888/30/6 16893/30/6
f 16889/30/6 16890/30/6 16894/30/6
f 16894/30/6 16890/30/6 16895/30/6
f 16893/30/6 16894/30/6 16896/30/6
f 16896/30/6 16894/30/6 16897/30/6
f 16898/3/6 16899/3/6 16901/3/6
f 16901/3/6 16899/3/6 16902/3/6
f 16902/3/6 16899/3/6 16903/3/6
f 16903/3/6 16899/3/6 16904/3/6
f 16900/3/6 16901/3/6 16909/3/6
f 16901/3/6 16902/3/6 16909/3/6
f 16909/3/6 16902/3/6 16910/3/6
f 16902/1/6 16903/1/6 16911/1/6
f 16910/3/6 16902/3/6 16911/3/6
f 16904/3/6 16905/3/6 16912/3/6
f 16911/1/6 16903/1/6 16912/1/6
f 16903/3/6 16904/3/6 16912/3/6
f 16912/3/6 16905/3/6 16913/3/6
f 16913/3/6 16905/3/6 16914/3/6
f 16906/3/6 16907/3/6 16917/3/6
f 16917/3/6 16907/3/6 16918/3/6
f 16918/3/6 16907/3/6 16919/3/6
f 16919/3/6 16907/3/6 16920/3/6
f 16909/3/6 16910/3/6 16923/3/6
f 16908/3/6 16909/3/6 16923/3/6
f 16923/3/6 16910/3/6 16924/3/6
f 16910/1/6 16911/1/6 16925/1/6
f 16924/3/6 16910/3/6 16925/3/6
f 16911/1/6 16912/1/6 16925/1/6
f 16912/1/6 16913/1/6 16925/1/6
f 16914/3/6 16915/3/6 16926/3/6
f 16925/1/6 16913/1/6 16926/1/6
f 16913/3/6 16914/3/6 16926/3/6
f 16926/3/6 16915/3/6 16927/3/6
f 16927/3/6 16915/3/6 16928/3/6
f 16916/3/6 16917/3/6 16931/3/6
f 16917/3/6 16918/3/6 16931/3/6
f 16931/3/6 16918/3/6 16932/3/6
f 16918/1/6 16919/1/6 16933/1/6
f 16932/3/6 16918/3/6 16933/3/6
f 16920/3/6 16921/3/6 16934/3/6
f 16933/1/6 16919/1/6 16934/1/6
f 16919/3/6 16920/3/6 16934/3/6
f 16934/3/6 16921/3/6 16935/3/6
f 16935/3/6 16921/3/6 16936/3/6
f 16923/3/6 16924/3/6 16938/3/6
f 16922/3/6 16923/3/6 16938/3/6
f 16924/1/6 16925/1/6 16939/1/6
f 16938/3/6 16924/3/6 16939/3/6
f 16925/1/6 16926/1/6 16939/1/6
f 16926/1/6 16927/1/6 16939/1/6
f 16928/3/6 16929/3/6 16940/3/6
f 16939/1/6 16927/1/6 16940/1/6
f 16927/3/6 16928/3/6 16940/3/6
f 16940/3/6 16929/3/6 16941/3/6
f 16930/3/6 16931/3/6 16943/3/6
f 16931/3/6 16932/3/6 16943/3/6
f 16943/3/6 16932/3/6 16944/3/6
f 16932/1/6 16933/1/6 16945/1/6
f 16944/3/6 16932/3/6 16945/3/6
f 16934/1/6 16935/1/6 16945/1/6
f 16933/1/6 16934/1/6 16945/1/6
f 16936/3/6 16937/3/6 16946/3/6
f 16945/1/6 16935/1/6 16946/1/6
f 16935/3/6 16936/3/6 16946/3/6
f 16946/3/6 16937/3/6 16947/3/6
f 16947/3/6 16937/3/6 16948/3/6
f 16943/3/6 16944/3/6 16950/3/6
f 16942/3/6 16943/3/6 16950/3/6
f 16944/1/6 16945/1/6 16951/1/6
f 16950/3/6 16944/3/6 16951/3/6
f 16945/1/6 16946/1/6 16951/1/6
f 16946/1/6 16947/1/6 16951/1/6
f 16948/3/6 16949/3/6 16952/3/6
f 16951/1/6 16947/1/6 16952/1/6
f 16947/3/6 16948/3/6 16952/3/6
f 16952/3/6 16949/3/6 16953/3/6
f 16922/3/6 16938/3/6 16954/3/6
f 16939/1/6 16940/1/6 16954/1/6
f 16940/1/6 16941/1/6 16954/1/6
f 16938/1/6 16939/1/6 16954/1/6
f 16954/1/6 16941/1/6 16955/1/6
f 16955/1/6 16941/1/6 16956/1/6
f 16941/3/6 16929/3/6 16957/3/6
f 16956/1/6 16941/1/6 16957/1/6
f 16922/3/6 16954/3/6 16958/3/6
f 16954/3/6 16955/3/6 16958/3/6
f 16958/3/6 16955/3/6 16959/3/6
f 16955/1/6 16956/1/6 16960/1/6
f 16959/3/6 16955/3/6 16960/3/6
f 16960/1/6 16956/1/6 16961/1/6
f 16961/1/6 16956/1/6 16962/1/6
f 16956/3/6 16957/3/6 16963/3/6
f 16962/1/6 16956/1/6 16963/1/6
f 16957/3/6 16929/3/6 16964/3/6
f 16963/3/6 16957/3/6 16964/3/6
f 16964/3/6 16929/3/6 16965/3/6
f 16942/3/6 16950/3/6 16966/3/6
f 16950/1/6 16951/1/6 16966/1/6
f 16952/1/6 16953/1/6 16966/1/6
f 16951/1/6 16952/1/6 16966/1/6
f 16966/1/6 16953/1/6 16967/1/6
f 16967/1/6 16953/1/6 16968/1/6
f 16953/3/6 16949/3/6 16969/3/6
f 16968/1/6 16953/1/6 16969/1/6
f 16960/3/6 16961/3/6 16970/3/6
f 16959/3/6 16960/3/6 16970/3/6
f 16970/3/6 16961/3/6 16971/3/6
f 16961/1/6 16962/1/6 16972/1/6
f 16971/3/6 16961/3/6 16972/3/6
f 16972/1/6 16962/1/6 16973/1/6
f 16963/3/6 16964/3/6 16974/3/6
f 16962/3/6 16963/3/6 16974/3/6
f 16974/3/6 16964/3/6 16975/3/6
f 16966/3/6 16967/3/6 16976/3/6
f 16942/3/6 16966/3/6 16976/3/6
f 16976/3/6 16967/3/6 16977/3/6
f 16967/1/6 16968/1/6 16978/1/6
f 16977/3/6 16967/3/6 16978/3/6
f 16978/1/6 16968/1/6 16979/1/6
f 16979/1/6 16968/1/6 16980/1/6
f 16968/3/6 16969/3/6 16981/3/6
f 16980/1/6 16968/1/6 16981/1/6
f 16969/3/6 16949/3/6 16982/3/6
f 16981/3/6 16969/3/6 16982/3/6
f 16982/3/6 16949/3/6 16983/3/6
f 16972/3/6 16973/3/6 16984/3/6
f 16971/3/6 16972/3/6 16984/3/6
f 16984/3/6 16973/3/6 16985/3/6
f 16973/1/6 16962/1/6 16986/1/6
f 16985/3/6 16973/3/6 16986/3/6
f 16962/3/6 16974/3/6 16987/3/6
f 16986/1/6 16962/1/6 16987/1/6
f 16987/3/6 16974/3/6 16988/3/6
f 16978/3/6 16979/3/6 16989/3/6
f 16977/3/6 16978/3/6 16989/3/6
f 16989/3/6 16979/3/6 16990/3/6
f 16979/1/6 16980/1/6 16991/1/6
f 16990/3/6 16979/3/6 16991/3/6
f 16991/1/6 16980/1/6 16992/1/6
f 16980/3/6 16981/3/6 16993/3/6
f 16981/3/6 16982/3/6 16993/3/6
f 16993/3/6 16982/3/6 16994/3/6
f 16985/3/6 16986/3/6 16995/3/6
f 16986/3/6 16987/3/6 16995/3/6
f 16995/3/6 16987/3/6 16996/3/6
f 16991/3/6 16992/3/6 16997/3/6
f 16990/3/6 16991/3/6 16997/3/6
f 16997/3/6 16992/3/6 16998/3/6
f 16992/1/6 16980/1/6 16999/1/6
f 16998/3/6 16992/3/6 16999/3/6
f 16980/3/6 16993/3/6 17000/3/6
f 16999/1/6 16980/1/6 17000/1/6
f 17000/3/6 16993/3/6 17001/3/6
f 16998/3/6 16999/3/6 17002/3/6
f 16999/3/6 17000/3/6 17002/3/6
f 17002/3/6 17000/3/6 17003/3/6
f 17004/3/6 17005/3/6 17007/3/6
f 17007/3/6 17005/3/6 17008/3/6
f 17008/3/6 17005/3/6 17009/3/6
f 17009/3/6 17005/3/6 17010/3/6
f 17006/3/6 17007/3/6 17013/3/6
f 17007/3/6 17008/3/6 17013/3/6
f 17013/3/6 17008/3/6 17014/3/6
f 17008/1/6 17009/1/6 17015/1/6
f 17014/3/6 17008/3/6 17015/3/6
f 17010/3/6 17011/3/6 17016/3/6
f 17015/1/6 17009/1/6 17016/1/6
f 17009/3/6 17010/3/6 17016/3/6
f 17016/3/6 17011/3/6 17017/3/6
f 17017/3/6 17011/3/6 17018/3/6
f 17012/3/6 17013/3/6 17021/3/6
f 17013/3/6 17014/3/6 17021/3/6
f 17021/3/6 17014/3/6 17022/3/6
f 17014/1/6 17015/1/6 17023/1/6
f 17022/3/6 17014/3/6 17023/3/6
f 17015/1/6 17016/1/6 17023/1/6
f 17016/1/6 17017/1/6 17023/1/6
f 17018/3/6 17019/3/6 17024/3/6
f 17023/1/6 17017/1/6 17024/1/6
f 17017/3/6 17018/3/6 17024/3/6
f 17024/3/6 17019/3/6 17025/3/6
f 17025/3/6 17019/3/6 17026/3/6
f 17021/3/6 17022/3/6 17028/3/6
f 17020/3/6 17021/3/6 17028/3/6
f 17022/1/6 17023/1/6 17029/1/6
f 17028/3/6 17022/3/6 17029/3/6
f 17023/1/6 17024/1/6 17029/1/6
f 17024/1/6 17025/1/6 17029/1/6
f 17026/3/6 17027/3/6 17030/3/6
f 17029/1/6 17025/1/6 17030/1/6
f 17025/3/6 17026/3/6 17030/3/6
f 17030/3/6 17027/3/6 17031/3/6
f 17028/1/6 17029/1/6 17034/1/6
f 17020/3/6 17028/3/6 17034/3/6
f 17029/1/6 17030/1/6 17034/1/6
f 17030/1/6 17031/1/6 17034/1/6
f 17034/1/6 17031/1/6 17035/1/6
f 17035/1/6 17031/1/6 17036/1/6
f 17031/3/6 17027/3/6 17037/3/6
f 17036/1/6 17031/1/6 17037/1/6
f 17032/30/6 17033/30/6 17039/30/6
f 17039/30/6 17033/30/6 17040/30/6
f 17040/30/6 17033/30/6 17041/30/6
f 17041/30/6 17033/30/6 17042/30/6
f 17020/3/6 17034/3/6 17044/3/6
f 17034/3/6 17035/3/6 17044/3/6
f 17044/3/6 17035/3/6 17045/3/6
f 17035/1/6 17036/1/6 17046/1/6
f 17045/3/6 17035/3/6 17046/3/6
f 17046/1/6 17036/1/6 17047/1/6
f 17047/1/6 17036/1/6 17048/1/6
f 17036/3/6 17037/3/6 17049/3/6
f 17048/1/6 17036/1/6 17049/1/6
f 17037/3/6 17027/3/6 17050/3/6
f 17049/3/6 17037/3/6 17050/3/6
f 17050/3/6 17027/3/6 17051/3/6
f 17038/30/6 17039/30/6 17053/30/6
f 17039/30/6 17040/30/6 17053/30/6
f 17053/30/6 17040/30/6 17054/30/6
f 17042/30/6 17043/30/6 17055/30/6
f 17041/30/6 17042/30/6 17055/30/6
f 17055/30/6 17043/30/6 17056/30/6
f 17046/3/6 17047/3/6 17058/3/6
f 17045/3/6 17046/3/6 17058/3/6
f 17058/3/6 17047/3/6 17059/3/6
f 17047/1/6 17048/1/6 17060/1/6
f 17059/3/6 17047/3/6 17060/3/6
f 17060/1/6 17048/1/6 17061/1/6
f 17048/3/6 17049/3/6 17062/3/6
f 17049/3/6 17050/3/6 17062/3/6
f 17062/3/6 17050/3/6 17063/3/6
f 17052/30/6 17053/30/6 17065/30/6
f 17056/30/6 17057/30/6 17066/30/6
f 17059/3/6 17060/3/6 17068/3/6
f 17060/3/6 17061/3/6 17068/3/6
f 17068/3/6 17061/3/6 17069/3/6
f 17061/1/6 17048/1/6 17070/1/6
f 17069/3/6 17061/3/6 17070/3/6
f 17048/3/6 17062/3/6 17071/3/6
f 17070/1/6 17048/1/6 17071/1/6
f 17071/3/6 17062/3/6 17072/3/6
f 17064/30/6 17065/30/6 17073/30/6
f 17065/30/6 17053/30/6 17073/30/6
f 17073/30/6 17053/30/6 17074/30/6
f 17066/30/6 17067/30/6 17075/30/6
f 17056/30/6 17066/30/6 17075/30/6
f 17075/30/6 17067/30/6 17076/30/6
f 17069/3/6 17070/3/6 17077/3/6
f 17070/3/6 17071/3/6 17077/3/6
f 17077/3/6 17071/3/6 17078/3/6
f 17064/30/6 17073/30/6 17079/30/6
f 17076/30/6 17067/30/6 17082/30/6
f 17079/30/6 17080/30/6 17083/30/6
f 17064/30/6 17079/30/6 17083/30/6
f 17083/30/6 17080/30/6 17084/30/6
f 17081/30/6 17082/30/6 17085/30/6
f 17082/30/6 17067/30/6 17085/30/6
f 17085/30/6 17067/30/6 17086/30/6
f 17084/30/6 17080/30/6 17087/30/6
f 17087/30/6 17080/30/6 17088/30/6
f 17081/30/6 17085/30/6 17091/30/6
f 17091/30/6 17085/30/6 17092/30/6
f 17088/30/6 17089/30/6 17093/30/6
f 17093/30/6 17089/30/6 17094/30/6
f 17094/30/6 17089/30/6 17095/30/6
f 17090/30/6 17091/30/6 17096/30/6
f 17096/30/6 17091/30/6 17097/30/6
f 17097/30/6 17091/30/6 17098/30/6
f 17094/30/6 17095/30/6 17099/30/6
f 17096/30/6 17097/30/6 17099/30/6
f 17095/30/6 17096/30/6 17099/30/6
f 17099/30/6 17097/30/6 17100/30/6
f 17103/13/6 17104/13/6 17107/13/6
f 17107/13/6 17104/13/6 17108/13/6
f 17101/13/6 17102/13/6 17109/13/6
f 17109/13/6 17102/13/6 17110/13/6
f 17105/13/6 17106/13/6 17111/13/6
f 17111/13/6 17106/13/6 17112/13/6
f 17113/15/6 17114/15/6 17117/15/6
f 17117/15/6 17114/15/6 17118/15/6
f 17115/15/6 17116/15/6 17119/15/6
f 17119/15/6 17116/15/6 17120/15/6
f 17121/19/6 17122/19/6 17125/19/6
f 17125/19/6 17122/19/6 17126/19/6
f 17123/20/6 17124/20/6 17129/20/6
f 17129/20/6 17124/20/6 17130/20/6
f 17126/19/6 17127/19/6 17131/19/6
f 17127/18/6 17128/18/6 17132/18/6
f 17131/19/6 17127/19/6 17132/19/6
f 17128/20/6 17129/20/6 17133/20/6
f 17132/18/6 17128/18/6 17133/18/6
f 17133/20/6 17129/20/6 17134/20/6
f 17135/11/6 17136/11/6 17139/11/6
f 17139/11/6 17136/11/6 17140/11/6
f 17137/11/6 17138/11/6 17141/11/6
f 17141/11/6 17138/11/6 17142/11/6
f 17143/15/6 17144/15/6 17147/15/6
f 17147/15/6 17144/15/6 17148/15/6
f 17145/15/6 17146/15/6 17149/15/6
f 17149/15/6 17146/15/6 17150/15/6
f 17148/15/6 17144/15/6 17153/15/6
f 17153/15/6 17144/15/6 17154/15/6
f 17145/15/6 17149/15/6 17155/15/6
f 17155/15/6 17149/15/6 17156/15/6
f 17151/11/6 17152/11/6 17157/11/6
f 17157/11/6 17152/11/6 17158/11/6
f 17159/15/6 17160/15/6 17167/15/6
f 17167/15/6 17160/15/6 17168/15/6
f 17161/15/6 17162/15/6 17169/15/6
f 17169/15/6 17162/15/6 17170/15/6
f 17163/15/6 17164/15/6 17171/15/6
f 17171/15/6 17164/15/6 17172/15/6
f 17165/15/6 17166/15/6 17173/15/6
f 17173/15/6 17166/15/6 17174/15/6
f 17175/15/6 17176/15/6 17183/15/6
f 17183/15/6 17176/15/6 17184/15/6
f 17177/15/6 17178/15/6 17185/15/6
f 17185/15/6 17178/15/6 17186/15/6
f 17179/15/6 17180/15/6 17187/15/6
f 17187/15/6 17180/15/6 17188/15/6
f 17181/15/6 17182/15/6 17189/15/6
f 17189/15/6 17182/15/6 17190/15/6
f 17191/15/6 17192/15/6 17195/15/6
f 17195/15/6 17192/15/6 17196/15/6
f 17193/15/6 17194/15/6 17197/15/6
f 17197/15/6 17194/15/6 17198/15/6
f 17199/29/6 17200/29/6 17207/29/6
f 17207/29/6 17200/29/6 17208/29/6
f 17201/29/6 17202/29/6 17209/29/6
f 17209/29/6 17202/29/6 17210/29/6
f 17203/29/6 17204/29/6 17211/29/6
f 17211/29/6 17204/29/6 17212/29/6
f 17205/29/6 17206/29/6 17213/29/6
f 17213/29/6 17206/29/6 17214/29/6
f 17215/8/6 17216/8/6 17227/8/6
f 17227/8/6 17216/8/6 17228/8/6
f 17217/8/6 17218/8/6 17229/8/6
f 17229/8/6 17218/8/6 17230/8/6
f 17219/14/6 17220/14/6 17234/14/6
f 17234/14/6 17220/14/6 17235/14/6
f 17221/14/6 17222/14/6 17242/14/6
f 17242/14/6 17222/14/6 17243/14/6
f 17223/8/6 17224/8/6 17247/8/6
f 17247/8/6 17224/8/6 17248/8/6
f 17225/8/6 17226/8/6 17249/8/6
f 17249/8/6 17226/8/6 17250/8/6
f 17231/29/6 17232/29/6 17253/29/6
f 17232/14/6 17233/14/6 17254/14/6
f 17253/29/6 17232/29/6 17254/29/6
f 17233/29/6 17234/29/6 17255/29/6
f 17254/14/6 17233/14/6 17255/14/6
f 17255/29/6 17234/29/6 17256/29/6
f 17235/29/6 17236/29/6 17257/29/6
f 17236/14/6 17237/14/6 17258/14/6
f 17257/29/6 17236/29/6 17258/29/6
f 17237/29/6 17238/29/6 17259/29/6
f 17258/14/6 17237/14/6 17259/14/6
f 17259/29/6 17238/29/6 17260/29/6
f 17239/29/6 17240/29/6 17261/29/6
f 17240/14/6 17241/14/6 17262/14/6
f 17261/29/6 17240/29/6 17262/29/6
f 17241/29/6 17242/29/6 17263/29/6
f 17262/14/6 17241/14/6 17263/14/6
f 17263/29/6 17242/29/6 17264/29/6
f 17243/29/6 17244/29/6 17265/29/6
f 17244/14/6 17245/14/6 17266/14/6
f 17265/29/6 17244/29/6 17266/29/6
f 17245/29/6 17246/29/6 17267/29/6
f 17266/14/6 17245/14/6 17267/14/6
f 17267/29/6 17246/29/6 17268/29/6
f 17251/16/6 17252/16/6 17269/16/6
f 17269/16/6 17252/16/6 17270/16/6
f 17269/15/6 17270/15/6 17271/15/6
f 17271/15/6 17270/15/6 17272/15/6
f 17273/9/6 17274/9/6 17277/9/6
f 17277/9/6 17274/9/6 17278/9/6
f 17275/9/6 17276/9/6 17279/9/6
f 17279/9/6 17276/9/6 17280/9/6
f 17281/29/6 17282/29/6 17285/29/6
f 17285/29/6 17282/29/6 17286/29/6
f 17283/29/6 17284/29/6 17287/29/6
f 17287/29/6 17284/29/6 17288/29/6
f 17289/16/6 17290/16/6 17291/16/6
f 17291/16/6 17290/16/6 17292/16/6
f 17293/31/6 17294/31/6 17295/31/6
f 17295/31/6 17294/31/6 17296/31/6
f 17297/30/6 17298/30/6 17300/30/6
f 17300/30/6 17298/30/6 17301/30/6
f 17299/30/6 17300/30/6 17304/30/6
f 17304/30/6 17300/30/6 17305/30/6
f 17301/30/6 17302/30/6 17306/30/6
f 17306/30/6 17302/30/6 17307/30/6
f 17303/30/6 17304/30/6 17310/30/6
f 17310/30/6 17304/30/6 17311/30/6
f 17307/30/6 17308/30/6 17312/30/6
f 17312/30/6 17308/30/6 17313/30/6
f 17309/30/6 17310/30/6 17316/30/6
f 17316/30/6 17310/30/6 17317/30/6
f 17313/30/6 17314/30/6 17318/30/6
f 17318/30/6 17314/30/6 17319/30/6
f 17315/30/6 17316/30/6 17322/30/6
f 17322/30/6 17316/30/6 17323/30/6
f 17319/30/6 17320/30/6 17324/30/6
f 17324/30/6 17320/30/6 17325/30/6
f 17321/30/6 17322/30/6 17327/30/6
f 17327/30/6 17322/30/6 17328/30/6
f 17325/30/6 17326/30/6 17331/30/6
f 17331/30/6 17326/30/6 17332/30/6
f 17328/30/6 17329/30/6 17333/30/6
f 17333/30/6 17329/30/6 17334/30/6
f 17330/30/6 17331/30/6 17337/30/6
f 17337/30/6 17331/30/6 17338/30/6
f 17334/30/6 17335/30/6 17339/30/6
f 17339/30/6 17335/30/6 17340/30/6
f 17336/30/6 17337/30/6 17343/30/6
f 17343/30/6 17337/30/6 17344/30/6
f 17340/30/6 17341/30/6 17345/30/6
f 17345/30/6 17341/30/6 17346/30/6
f 17342/30/6 17343/30/6 17349/30/6
f 17349/30/6 17343/30/6 17350/30/6
f 17346/30/6 17347/30/6 17351/30/6
f 17351/30/6 17347/30/6 17352/30/6
f 17348/30/6 17349/30/6 17353/30/6
f 17353/30/6 17349/30/6 17354/30/6
f 17352/30/6 17353/30/6 17355/30/6
f 17355/30/6 17353/30/6 17356/30/6
f 17357/30/6 17358/30/6 17360/30/6
f 17360/30/6 17358/30/6 17361/30/6
f 17359/30/6 17360/30/6 17364/30/6
f 17364/30/6 17360/30/6 17365/30/6
f 17361/30/6 17362/30/6 17366/30/6
f 17366/30/6 17362/30/6 17367/30/6
f 17363/30/6 17364/30/6 17370/30/6
f 17370/30/6 17364/30/6 17371/30/6
f 17367/30/6 17368/30/6 17372/30/6
f 17372/30/6 17368/30/6 17373/30/6
f 17369/30/6 17370/30/6 17376/30/6
f 17376/30/6 17370/30/6 17377/30/6
f 17373/30/6 17374/30/6 17378/30/6
f 17378/30/6 17374/30/6 17379/30/6
f 17375/30/6 17376/30/6 17381/30/6
f 17381/30/6 17376/30/6 17382/30/6
f 17379/30/6 17380/30/6 17385/30/6
f 17385/30/6 17380/30/6 17386/30/6
f 17382/30/6 17383/30/6 17387/30/6
f 17387/30/6 17383/30/6 17388/30/6
f 17384/30/6 17385/30/6 17391/30/6
f 17391/30/6 17385/30/6 17392/30/6
f 17388/30/6 17389/30/6 17393/30/6
f 17393/30/6 17389/30/6 17394/30/6
f 17390/30/6 17391/30/6 17397/30/6
f 17397/30/6 17391/30/6 17398/30/6
f 17394/30/6 17395/30/6 17399/30/6
f 17399/30/6 17395/30/6 17400/30/6
f 17396/30/6 17397/30/6 17401/30/6
f 17401/30/6 17397/30/6 17402/30/6
f 17400/30/6 17401/30/6 17403/30/6
f 17403/30/6 17401/30/6 17404/30/6
f 17405/30/6 17406/30/6 17408/30/6
f 17408/30/6 17406/30/6 17409/30/6
f 17409/30/6 17406/30/6 17410/30/6
f 17410/30/6 17406/30/6 17411/30/6
f 17407/30/6 17408/30/6 17414/30/6
f 17408/30/6 17409/30/6 17414/30/6
f 17414/30/6 17409/30/6 17415/30/6
f 17415/30/6 17409/30/6 17416/30/6
f 17410/30/6 17411/30/6 17417/30/6
f 17411/30/6 17412/30/6 17417/30/6
f 17417/30/6 17412/30/6 17418/30/6
f 17418/30/6 17412/30/6 17419/30/6
f 17414/30/6 17415/30/6 17422/30/6
f 17413/30/6 17414/30/6 17422/30/6
f 17422/30/6 17415/30/6 17423/30/6
f 17423/30/6 17415/30/6 17424/30/6
f 17419/30/6 17420/30/6 17425/30/6
f 17418/30/6 17419/30/6 17425/30/6
f 17425/30/6 17420/30/6 17426/30/6
f 17426/30/6 17420/30/6 17427/30/6
f 17422/30/6 17423/30/6 17429/30/6
f 17421/30/6 17422/30/6 17429/30/6
f 17429/30/6 17423/30/6 17430/30/6
f 17427/30/6 17428/30/6 17431/30/6
f 17426/30/6 17427/30/6 17431/30/6
f 17431/30/6 17428/30/6 17432/30/6
f 17421/30/6 17429/30/6 17433/30/6
f 17432/30/6 17428/30/6 17436/30/6
f 17433/30/6 17434/30/6 17437/30/6
f 17421/30/6 17433/30/6 17437/30/6
f 17437/30/6 17434/30/6 17438/30/6
f 17438/30/6 17434/30/6 17439/30/6
f 17435/30/6 17436/30/6 17442/30/6
f 17436/30/6 17428/30/6 17443/30/6
f 17442/30/6 17436/30/6 17443/30/6
f 17443/30/6 17428/30/6 17444/30/6
f 17439/30/6 17440/30/6 17445/30/6
f 17438/30/6 17439/30/6 17445/30/6
f 17445/30/6 17440/30/6 17446/30/6
f 17446/30/6 17440/30/6 17447/30/6
f 17441/30/6 17442/30/6 17450/30/6
f 17442/30/6 17443/30/6 17450/30/6
f 17450/30/6 17443/30/6 17451/30/6
f 17451/30/6 17443/30/6 17452/30/6
f 17447/30/6 17448/30/6 17453/30/6
f 17446/30/6 17447/30/6 17453/30/6
f 17453/30/6 17448/30/6 17454/30/6
f 17454/30/6 17448/30/6 17455/30/6
f 17450/30/6 17451/30/6 17456/30/6
f 17449/30/6 17450/30/6 17456/30/6
f 17456/30/6 17451/30/6 17457/30/6
f 17457/30/6 17451/30/6 17458/30/6
f 17454/30/6 17455/30/6 17459/30/6
f 17456/30/6 17457/30/6 17459/30/6
f 17455/30/6 17456/30/6 17459/30/6
f 17459/30/6 17457/30/6 17460/30/6
f 17461/32/6 17462/32/6 17465/32/6
f 17465/32/6 17462/32/6 17466/32/6
f 17463/32/6 17464/32/6 17467/32/6
f 17467/32/6 17464/32/6 17468/32/6
f 17469/32/6 17470/32/6 17473/32/6
f 17473/32/6 17470/32/6 17474/32/6
f 17471/32/6 17472/32/6 17475/32/6
f 17475/32/6 17472/32/6 17476/32/6
f 17477/32/6 17478/32/6 17481/32/6
f 17481/32/6 17478/32/6 17482/32/6
f 17479/32/6 17480/32/6 17483/32/6
f 17483/32/6 17480/32/6 17484/32/6
f 17485/20/6 17486/20/6 17489/20/6
f 17489/20/6 17486/20/6 17490/20/6
f 17487/3/6 17488/3/6 17493/3/6
f 17493/3/6 17488/3/6 17494/3/6
f 17494/3/6 17488/3/6 17495/3/6
f 17491/3/6 17492/3/6 17496/3/6
f 17496/3/6 17492/3/6 17497/3/6
f 17497/3/6 17492/3/6 17498/3/6
f 17499/3/6 17500/3/6 17503/3/6
f 17503/3/6 17500/3/6 17504/3/6
f 17501/3/6 17502/3/6 17505/3/6
f 17505/3/6 17502/3/6 17506/3/6
f 17507/3/6 17508/3/6 17511/3/6
f 17511/3/6 17508/3/6 17512/3/6
f 17509/3/6 17510/3/6 17513/3/6
f 17513/3/6 17510/3/6 17514/3/6
f 17515/15/6 17516/15/6 17519/15/6
f 17519/15/6 17516/15/6 17520/15/6
f 17517/6/6 17518/6/6 17521/6/6
f 17521/6/6 17518/6/6 17522/6/6
f 17519/23/6 17520/23/6 17523/23/6
f 17520/23/6 17521/23/6 17523/23/6
f 17521/23/6 17522/23/6 17523/23/6
f 17523/23/6 17522/23/6 17524/23/6
f 17525/3/6 17526/3/6 17527/3/6
f 17527/3/6 17526/3/6 17528/3/6
f 17528/3/6 17526/3/6 17529/3/6
f 17529/3/6 17526/3/6 17530/3/6
f 17535/25/6 17536/25/6 17537/25/6
f 17537/25/6 17536/25/6 17538/25/6
f 17538/25/6 17536/25/6 17539/25/6
f 17539/25/6 17536/25/6 17540/25/6
f 17540/25/6 17536/25/6 17541/25/6
f 17541/25/6 17536/25/6 17542/25/6
f 17542/25/6 17536/25/6 17543/25/6
f 17543/25/6 17536/25/6 17544/25/6
f 17531/15/6 17532/15/6 17545/15/6
f 17545/15/6 17532/15/6 17546/15/6
f 17535/25/6 17537/25/6 17547/25/6
f 17537/23/6 17538/23/6 17548/23/6
f 17547/25/6 17537/25/6 17548/25/6
f 17538/25/6 17539/25/6 17549/25/6
f 17548/23/6 17538/23/6 17549/23/6
f 17539/23/6 17540/23/6 17550/23/6
f 17549/25/6 17539/25/6 17550/25/6
f 17540/25/6 17541/25/6 17551/25/6
f 17550/23/6 17540/23/6 17551/23/6
f 17541/23/6 17542/23/6 17552/23/6
f 17551/25/6 17541/25/6 17552/25/6
f 17542/25/6 17543/25/6 17553/25/6
f 17552/23/6 17542/23/6 17553/23/6
f 17543/23/6 17544/23/6 17554/23/6
f 17553/25/6 17543/25/6 17554/25/6
f 17544/25/6 17536/25/6 17555/25/6
f 17554/23/6 17544/23/6 17555/23/6
f 17555/25/6 17536/25/6 17556/25/6
f 17533/15/6 17534/15/6 17557/15/6
f 17557/15/6 17534/15/6 17558/15/6
f 17553/15/6 17554/15/6 17559/15/6
f 17555/15/6 17556/15/6 17559/15/6
f 17556/15/6 17557/15/6 17559/15/6
f 17554/15/6 17555/15/6 17559/15/6
f 17546/15/6 17547/15/6 17559/15/6
f 17547/15/6 17548/15/6 17559/15/6
f 17552/15/6 17553/15/6 17559/15/6
f 17551/15/6 17552/15/6 17559/15/6
f 17550/15/6 17551/15/6 17559/15/6
f 17549/15/6 17550/15/6 17559/15/6
f 17548/15/6 17549/15/6 17559/15/6
f 17559/15/6 17557/15/6 17560/15/6
f 17561/30/6 17562/30/6 17564/30/6
f 17564/30/6 17562/30/6 17565/30/6
f 17563/30/6 17564/30/6 17568/30/6
f 17565/30/6 17566/30/6 17568/30/6
f 17564/30/6 17565/30/6 17568/30/6
f 17568/30/6 17566/30/6 17569/30/6
f 17567/30/6 17568/30/6 17572/30/6
f 17569/30/6 17570/30/6 17572/30/6
f 17568/30/6 17569/30/6 17572/30/6
f 17572/30/6 17570/30/6 17573/30/6
f 17571/30/6 17572/30/6 17575/30/6
f 17573/30/6 17574/30/6 17575/30/6
f 17572/30/6 17573/30/6 17575/30/6
f 17575/30/6 17574/30/6 17576/30/6
f 17576/30/6 17574/30/6 17577/30/6
f 17577/30/6 17574/30/6 17578/30/6
f 17576/30/6 17577/30/6 17579/30/6
f 17579/30/6 17577/30/6 17580/30/6
f 17580/30/6 17577/30/6 17581/30/6
f 17581/30/6 17577/30/6 17582/30/6
f 17580/30/6 17581/30/6 17583/30/6
f 17583/30/6 17581/30/6 17584/30/6
f 17584/30/6 17581/30/6 17585/30/6
f 17585/30/6 17581/30/6 17586/30/6
f 17584/30/6 17585/30/6 17587/30/6
f 17587/30/6 17585/30/6 17588/30/6
